slice_type,slice,n,n_games,n_families,n_players,n_ref,base_rate,mean_p,brier,logloss,skill_pooled_slice,skill_per_market_side,skill_vs_market,brier_model_on_ref_rows,brier_market_ref,ece,intercept,slope,citl,brier_lo,brier_hi,logloss_lo,logloss_hi,skill_pooled_slice_lo,skill_pooled_slice_hi,skill_per_market_side_lo,skill_per_market_side_hi,skill_vs_market_lo,skill_vs_market_hi,intercept_lo,intercept_hi,slope_lo,slope_hi,citl_lo,citl_hi,ece_lo,ece_hi,ece_null_mean,ece_null_p95,low_n
overall,"ALL (pooled, as published)",5066,157,2203,312,940,0.47651006711409394,0.5301824515982997,0.25398178832746693,0.7077111056540142,-0.01817437389998089,-0.06587425551924597,-0.04206946528524824,0.25828620578448525,0.24785891381414185,0.1004242512937735,-0.14556139449874747,0.4110411609323794,-0.2460883528867074,0.24612904466733654,0.26119688564587384,0.6893701574111699,0.7244905515971917,-0.04911848878918022,0.01278118078338259,-0.10213871910879639,-0.04467208812092478,-0.09959704521769384,0.003294481430972744,-0.20453802485523162,-0.0881253152521478,0.3205386334892675,0.5204718255677452,-0.3146075466304723,-0.18396971166997314,0.08315043843063993,0.1209970865614823,0.014279188536316087,0.020646391782136897,False
overall_family,ALL family-dedup,2203,157,2203,312,199,0.45710394916023606,0.5084254736034929,0.24137435430575493,0.6806461006094178,0.02734355441186076,-0.05046640221430021,-0.054257887529428395,0.25539288342996125,0.24224896626427397,0.08257664980467463,-0.19101299504601812,0.5357696912865785,-0.24465834249043422,0.2342915753913792,0.24800696256661145,0.6651281735219127,0.696052802983936,-0.0033814153950309732,0.055927450973425344,-0.0862142864094764,-0.03192612463023676,-0.13417857594909974,0.026654189329892188,-0.2745239895838772,-0.09876176734646022,0.46073809465279786,0.6189658066043466,-0.3355549463229556,-0.14715894557613218,0.0628515331233926,0.10516394666582005,0.021395411552113348,0.03047901104366574,False
market,atd,545,48,443,265,6,0.20550458715596331,0.2646990764364896,0.15917703291123325,0.4975368913106534,0.025083342946654263,0.02508334294665404,,,,0.09053691329393983,-0.6723535082087113,0.6508145818138756,-0.38122623647466847,0.14472523534888124,0.1754956038832171,0.4597741753648437,0.5405570523886035,-0.06874940286065942,0.10482869393040968,-0.06874940286065985,0.10482869393040968,,,-1.0401558093166456,-0.36239215045168166,0.3641369950081247,0.9084479356047696,-0.6197281577356086,-0.1605536613674573,0.0635343975451044,0.13184600325773474,0.03724185665662306,0.05650209263825705,False
market,h2h,191,122,122,0,16,0.4712041884816754,0.49379781270852857,0.23683329794775937,0.6644157152048119,0.04951424175663266,0.04930519415610446,0.21255068733445392,0.23189983110891516,0.2944949311390283,0.05449970624754587,-0.09928647898228771,0.8268663801580011,-0.09825893441860681,0.21370773035666543,0.25947820748046196,0.6152409633132765,0.7124758720223456,-0.04197948082547656,0.14264001624299166,-0.0662129187860032,0.13752341524502637,,,-0.24485536264351035,0.03630838345326704,0.2701723731004005,1.5367139159524712,-0.24932345872632672,0.04109671794502374,0.036971143577569344,0.1523463514438247,0.06935624907342276,0.10703584292777173,False
market,player_passing_tds,155,47,82,37,16,0.5032258064516129,0.5534736718317232,0.25927863992337286,0.7182624410706947,-0.03715772963020858,-0.05651851198204194,-0.09533091357597967,0.31010127833609524,0.28311195684571033,0.12736787297020738,-0.04785866460998709,0.26471153106471085,-0.21865286313644172,0.232529621033357,0.28885040681296215,0.6581033840896916,0.7851716563729166,-0.15737672890287174,0.06726031326292128,-0.20421934147038703,0.04766668223726383,,,-0.33039323443782465,0.1993680278804184,-0.335147004312898,1.0059690370154306,-0.4886015316984738,0.005135579072195829,0.0707269864763095,0.23996258304697904,0.07764412155181633,0.11808211594011049,False
market,player_passing_yards,334,48,83,37,83,0.4820359281437126,0.5799440989293863,0.27186970489715656,0.7483007907114787,-0.08888438586533565,-0.11247016133858989,-0.04765650917300923,0.25979581002868035,0.2479780421865139,0.13452263994275795,-0.05910250379397926,-0.038943463335267645,-0.4156556939924068,0.24544447262040306,0.2994332305272352,0.689280394119872,0.8100900072923698,-0.24455540335141987,0.008906360703724582,-0.3264914397692839,-0.01200174670041997,-0.2839697080090956,0.15861670505699965,-0.4024669434097134,0.27471990440143473,-0.6040406178860277,0.6405125219225877,-0.7955203006178162,-0.014845773064568883,0.06003332340816191,0.2396718815617286,0.047514715662173475,0.07525048363735702,False
market,player_receiving_yards,1420,48,484,223,331,0.5091549295774648,0.569135557850221,0.27331487853283937,0.7524203884417738,-0.09362615332975599,-0.09378438165791181,-0.11204262059457748,0.27871233092544156,0.25063097921230937,0.1358453328841132,0.0008540952457652716,0.11551473487892944,-0.26788552358105994,0.261980223138178,0.28357955345280217,0.7247264692213471,0.7777928248027867,-0.13479034106223536,-0.051858353866013215,-0.1377736456473637,-0.05363283295644877,-0.17057201674969633,-0.04507570579944136,-0.11778272191039534,0.12220969864504147,-0.0332859424564575,0.2616081780883713,-0.399677631438648,-0.13159065634568812,0.09777678836895184,0.17013902150218102,0.02560445277171516,0.038859464305194893,False
market,player_receptions,966,48,474,223,168,0.5507246376811594,0.5660864813991582,0.2641229478911272,0.7352252824142422,-0.0674782299742418,-0.07023568668541413,-0.03484420317967696,0.24752836544127632,0.2391938464560338,0.11184669071994222,0.14581629672539767,0.20208603797537897,-0.07141536898267872,0.24331943717639276,0.28282750323043176,0.6856916191256714,0.7804157390792773,-0.1385054925898648,0.006816536330448726,-0.1439832507817858,0.0007327457179573376,-0.11168111434310102,0.040049828115893964,0.03453332939329935,0.27309960469352623,-0.022690867485698388,0.4562265532061813,-0.2022429881813347,0.06599307771214986,0.06983740980235482,0.16808684736387966,0.03285586862956437,0.052847170764854366,False
market,player_rushing_yards,657,48,227,113,178,0.5144596651445966,0.5687723553944346,0.2515198189278662,0.7006274879473654,-0.006921391927384946,-0.03721189107136125,0.058659476435371394,0.23077626941170382,0.24515705383404718,0.0977178530893322,-0.08011978121158833,0.4537636981470907,-0.24844064330236262,0.22679190483511097,0.27548585135606424,0.6441183455667757,0.7547774380386766,-0.10581568691345572,0.08663237000377019,-0.1453260396056562,0.058893948537838775,-0.12508806171294135,0.22046985635424043,-0.2878174982492098,0.11579685011649264,0.1835303426691843,0.8046378473123366,-0.5036133434938788,-0.024934914650584037,0.05001212515056706,0.167587040531697,0.03821087496898605,0.05744897069819471,False
market,spreads,346,140,140,0,61,0.5028901734104047,0.5463781833659985,0.260074069819379,0.7175881264574264,-0.040331039244078104,-0.043144281461686695,0.06317625753292433,0.23368425675745652,0.24944314086453598,0.10858122306034575,-0.03423550604834055,0.2387478147976767,-0.18742799264632545,0.23614707372707033,0.28519418547491515,0.6642902961901602,0.772637343428389,-0.14565013957265097,0.05121051057630504,-0.1852473117920183,0.04686601658264952,-0.10232674998057412,0.2042335149469456,-0.24188046320588918,0.14990046382349811,-0.39024199881617666,0.8571860361451208,-0.4386209664675914,0.015121205534286695,0.05767830878706403,0.19751077842808304,0.05218305112983899,0.07786393595172116,False
market,totals,452,148,148,0,81,0.4557522123893805,0.5533094040215912,0.2770096943052125,0.7492875789293224,-0.11678484066090711,-0.116812295138637,-0.10769078400662746,0.27752898860694536,0.2505473482437901,0.16980729836613606,-0.002612703987148325,-0.8122532863415125,-0.4033347016698713,0.26138039523928513,0.29320838548420025,0.7168257844758554,0.7828801584080423,-0.20375224490979849,-0.04688496134925094,-0.22494397523707624,-0.05328192721511239,-0.20716132236814408,0.011256879437730532,-0.18132605537826085,0.1748851602078567,-1.6834943068079384,-0.0017513057939081012,-0.5990981455456973,-0.1998327198473835,0.09607370788203297,0.24785287814895132,0.038372124088957904,0.06348608844927314,False
market_side,atd|Yes,545,48,443,265,6,0.20550458715596331,0.2646990764364896,0.15917703291123325,0.4975368913106534,0.025083342946654263,0.02508334294665404,,,,0.09053691329393983,-0.6723535082087113,0.6508145818138756,-0.38122623647466847,0.14409268258349794,0.1747802596751954,0.4589622904749263,0.5386147195136001,-0.06539758752261744,0.09632032249987775,-0.06539758752261744,0.09632032249987775,,,-1.0125994605226412,-0.36495842452858,0.4141394572560932,0.9062746360954166,-0.6133164170132959,-0.14189113179328977,0.06423633211245597,0.13108569293897326,0.03837243957474826,0.05718653376748723,False
market_side,h2h|Away,97,97,97,0,9,0.4639175257731959,0.5092319882524267,0.23413531589182035,0.6589180150279335,0.05855590289481294,0.05855590289481305,,,,0.09209839109165777,-0.19135272046262564,0.8992609756416187,-0.19828072617107992,0.21015919560016186,0.26098640103676396,0.6073894001360997,0.7165371204165608,-0.06506858809952584,0.1547760325120637,-0.06506858809952584,0.1547760325120637,,,-0.6209320560665088,0.21807201107387822,0.24530202473431784,1.6197269985019125,-0.6205310935151465,0.23143155094858786,0.0611628254915008,0.19674877755319903,0.09952025089828011,0.14737494552298183,True
market_side,h2h|Home,94,94,94,0,7,0.4787234042553192,0.47787105709408056,0.2396173858139943,0.6700888738979741,0.03979173648414791,0.03979173648414813,,,,0.05338261420123318,-0.013749454677643491,0.7811920272646521,0.0036781057786474405,0.21579534715538154,0.26401810058457237,0.6207848183271004,0.7213840146483382,-0.06973367983980869,0.12771779850697024,-0.06973367983980891,0.12771779850697035,,,-0.41263090826140825,0.39910960729248496,0.10360288584018365,1.5666304103252808,-0.4131736784019284,0.39638936553578547,0.049789389037697494,0.17276509696500192,0.09434884758039683,0.13908122680145452,True
market_side,player_passing_tds|Over,72,34,56,32,7,0.4305555555555556,0.5534024392411233,0.2537158461287709,0.7052084371409931,-0.03482529215700114,-0.03482529215700092,,,,0.19286542769405413,-0.4314751545020491,0.62375637642739,-0.5342509484312252,0.2235573819903228,0.29026278874205785,0.6393334307177969,0.7860661568685587,-0.2599410784903873,0.09886567263466581,-0.2599410784903873,0.09886567263466581,,,-1.0725310285468603,0.04484921688667551,-0.2304824755669969,1.716963997829486,-1.0152572853148842,-0.04011847152378057,0.12052859510554219,0.30991833282511183,0.11422240237770984,0.1720305283928098,True
market_side,player_passing_tds|Under,83,41,65,37,9,0.5662650602409639,0.5535354639585085,0.26410419598616003,0.7295863962868215,-0.07530366793655818,-0.07530366793655818,,,,0.11521340902948275,0.2721791708789067,-0.023705234784546992,0.055979418619150144,0.23189851457571925,0.29531754030878743,0.6595357952076851,0.7989762883875763,-0.2206506895140731,0.028261934294169868,-0.2206506895140731,0.02826193429416965,,,-0.22899231543289447,0.8084957077802811,-0.6630797555686495,0.7867893235685309,-0.4560290158584943,0.5764539180649072,0.07862269557143409,0.25740438947861916,0.09977939713229916,0.14978071338299434,True
market_side,player_passing_yards|Over,135,35,57,34,43,0.5703703703703704,0.5651161954010611,0.25524493728420516,0.7082941079052352,-0.04161195297909526,-0.04161195297909526,-0.028568502562466902,0.2522930348179066,0.24528559273336717,0.09236962344221863,0.2406549851586642,0.1572040366392313,0.022858226942275343,0.21866643043444997,0.2989768904767581,0.6284793225285424,0.8004060129619774,-0.23435385017138868,0.05493941018399229,-0.23435385017138868,0.05493941018399229,-0.3153883403470255,0.22282654361503018,-0.39678772018703,0.8606232383931302,-0.5783087770174605,1.1053502221003746,-0.6719899572959368,0.7200303821659972,0.06955695799288669,0.2754722478335112,0.07793847203454501,0.11464920007405834,False
market_side,player_passing_yards|Under,199,41,69,36,40,0.4221105527638191,0.5900032294636772,0.2831478135793095,0.7754410026654629,-0.1607594788358424,-0.16075947883584263,-0.06771915250552207,0.26786129338026193,0.25087242534864673,0.19192222552268245,-0.2705988960172778,-0.12001796107750581,-0.707168266736425,0.24858684305789638,0.3210257749123853,0.6977090882687502,0.8635518585090086,-0.5486361009704915,-0.001723554610483844,-0.5486361009704913,-0.0017235546104838384,-0.4034948978405643,0.17467235161233627,-0.8955895966878387,0.24741836537144143,-0.7898126340252228,0.7827509107276632,-1.3550834244312404,-0.12375041290107759,0.09454486819085028,0.3369437123052756,0.058595183847298976,0.10042727670566311,False
market_side,player_receiving_yards|Over,681,48,368,212,146,0.5154185022026432,0.5421528521076444,0.26776464365819275,0.7375118023570475,-0.07207803598003215,-0.0720780359800326,-0.08781636316182095,0.27468511265746065,0.2525105541334821,0.12659602712542697,0.02592772542266051,0.19269473925036337,-0.12044467211861086,0.2518296054338728,0.2815720482816197,0.7011379206246867,0.7697817141458653,-0.12917993671470554,-0.015059310477014894,-0.12917993671470576,-0.015059310477014894,-0.19370675754164848,0.023854849224231308,-0.1965146558879964,0.2506090144282477,-0.008764295075105807,0.4056156385248582,-0.36691229224631333,0.15593911920273526,0.08312535132968386,0.1737738478163215,0.03627674490627855,0.05624885576489249,False
market_side,player_receiving_yards|Under,739,48,385,218,185,0.503382949932341,0.5940005410852611,0.278429506340193,0.7661588825198505,-0.11376901081137758,-0.11376901081137736,-0.1314197845568601,0.2818905680450373,0.24914763900424863,0.14436871207445848,-0.003099511214372392,0.039322830127414235,-0.4003536465294365,0.2655077910346546,0.28954192405406215,0.7350378458640738,0.7953290748270521,-0.16863123951854134,-0.07077082929094616,-0.16863123951854112,-0.07077082929094616,-0.20984263249852378,-0.04599638673527797,-0.25106979525990136,0.223828338639852,-0.15806494300517954,0.21970643632200168,-0.6648500310027672,-0.1728729157091214,0.10340834771919737,0.19352834646848668,0.034500074587877745,0.050732852306169134,False
market_side,player_receptions|Over,467,47,358,212,76,0.5246252676659529,0.5332311240416328,0.2685100197090422,0.7468548784402431,-0.07665162140697368,-0.0766516214069739,-0.05609683771177543,0.23835904055659307,0.22569809135404761,0.12281897300854695,0.07673950661203974,0.17521190362648392,-0.03986344538508316,0.2463930366416141,0.29024533471088415,0.6943458104334415,0.796558891092683,-0.1665288318447985,0.005172745845684721,-0.16652883184479872,0.005172745845684719,-0.15564279916419854,0.04132274698729998,-0.14173014204440532,0.30716747335857014,-0.10005770284947567,0.43954573100670213,-0.3005258011490934,0.245200266199853,0.08346465241804459,0.19376549882819658,0.046333058950475,0.06713501162102163,False
market_side,player_receptions|Under,499,48,383,217,92,0.5751503006012024,0.5968348819722332,0.2600172113400926,0.7243414721053393,-0.06410731774528955,-0.0641073177452891,-0.01901599270454679,0.2551030251286234,0.2503425137141963,0.10704969274685223,0.21472559751195586,0.20134126730818191,-0.10103296643571662,0.24045731586552366,0.28313981416962025,0.6771215762814702,0.7775319859940483,-0.1461926548161488,-0.001306237785898847,-0.1461926548161488,-0.0013062377858988417,-0.12522627890802512,0.06559588712741166,0.007434256704802352,0.43776915320485565,-0.06156424284785414,0.4512053478352694,-0.32954899066567006,0.1408924627028013,0.08340496502132527,0.16790553416025503,0.04519749250874208,0.06750792107977847,False
market_side,player_rushing_yards|Over,313,44,170,101,81,0.4249201277955272,0.5378380200999172,0.25157360756401576,0.6967654487148216,-0.029507717603970862,-0.02950771760397064,0.09281133826109567,0.22547473037242946,0.24854227117459585,0.13156005356605896,-0.40384160151873155,0.5478295309095931,-0.5214482335724296,0.22773275073852353,0.27747402334962873,0.6423808227007642,0.75604540168739,-0.18334080071093553,0.0813745503532812,-0.18334080071093534,0.08137455035328109,-0.07958733813241224,0.21130633033763438,-0.651857237108113,-0.14296036945407928,0.23927328480637525,0.9209854337901191,-0.8001170341171541,-0.23194753511630767,0.08009373512338444,0.21140912404506726,0.05554958497098474,0.08037791986077102,False
market_side,player_rushing_yards|Under,344,46,179,106,97,0.5959302325581395,0.5969190034967135,0.2514708775234627,0.7041414945746509,-0.04432559265192082,-0.0443255926519206,0.029409848223479917,0.2352033277847061,0.24233022285894987,0.08176434333432457,0.2766676734983339,0.25348195758488884,-0.004555160951765459,0.22466331853719337,0.2808747682576298,0.6424953870389849,0.7722970381013698,-0.15528093442718297,0.0341063471372462,-0.1552809344271832,0.0341063471372462,-0.19229507538245308,0.2244467572609889,-0.12323972049120949,0.6490015455962523,-0.09862488196815944,0.6605190077180594,-0.4245266120371172,0.3811768357954586,0.062199078038400336,0.18138037664776197,0.04916982473334615,0.0761813305679965,False
market_side,spreads|Away,170,109,109,0,26,0.4764705882352941,0.5928163273014408,0.2700424630022049,0.7388024989844942,-0.08256723273182454,-0.08256723273182431,-0.028926224182592497,0.2548406030578931,0.24767626392295086,0.16600149154520172,-0.17925110731636332,0.2110767096848113,-0.4962883021758093,0.24032297263318544,0.3007054252342438,0.67360891898192,0.8052945267048911,-0.2717304608128424,0.023890484983738917,-0.2717304608128424,0.02389048498373892,-0.24499534939027778,0.2227949299733878,-0.7002950121189644,0.34954579071179664,-0.5462971130401474,0.9909358932320216,-0.9668170185717989,-0.026606000291344713,0.08824905057598803,0.27504047050746716,0.06965900602868298,0.10295540298189854,False
market_side,spreads|Home,176,111,111,0,35,0.5284090909090909,0.5015231579738099,0.25044550822233125,0.6970969711755995,-0.0050265659664376905,-0.0050265659664376905,0.1307550221333762,0.2179681137914179,0.25075567802114207,0.06060000286577609,0.118948736301972,0.43707246765194996,0.11603523986773685,0.22743997651477924,0.2740457994426056,0.647387979067279,0.750589540870987,-0.1185962066177981,0.07930686621672198,-0.1185962066177981,0.07930686621672177,-0.0417617410795946,0.2804564123206302,-0.3115414105401903,0.5676876992942751,-0.19941087949272485,1.1281883114866595,-0.32654920154659145,0.5855844428820682,0.05668544248234513,0.17932648099727633,0.07050531192749611,0.11303565848959742,False
market_side,totals|Over,236,128,128,0,43,0.4533898305084746,0.5675330682579679,0.2743615790131711,0.7440785090244928,-0.10706676119087,-0.10706676119087,-0.07239062546361197,0.26755077967483254,0.2494900396571128,0.1607334402520983,-0.05077126429465077,-0.49491661765455985,-0.47155466356657966,0.25456144956373206,0.29443495063730285,0.7027385777780262,0.7858100906451633,-0.26671081330458885,-0.022823959941359977,-0.2667108133045886,-0.022823959941359977,-0.20610806450905145,0.09610667332125064,-0.5063351584874932,0.39078705272842523,-1.5923516086912903,0.4489835422005717,-0.8853585272987896,-0.08394069304147317,0.0807023138864494,0.25572036491333405,0.051937583092647906,0.08771440234743486,False
market_side,totals|Under,216,112,112,0,38,0.4583333333333333,0.5377687338374021,0.27990300545762814,0.7549789701216363,-0.1274414765286278,-0.1274414765286278,-0.14727809330014097,0.28882011976696775,0.25174377638134604,0.17972132852777034,0.011410489822145617,-1.1805447042737103,-0.3282773917146018,0.26230470966048514,0.2981369776507013,0.7189701223568448,0.7920625531112968,-0.2672871228095866,-0.05869368667423775,-0.2672871228095864,-0.05869368667423775,-0.26923723409728556,-0.012580741325975146,-0.4043643690106865,0.4659654111204488,-2.314261287528338,-0.24968876164245424,-0.7778096038558753,0.12121347667730817,0.0979893651721588,0.2793435934028491,0.05601402526995855,0.0903177093231608,False
market_family_dedup,atd,443,48,443,265,3,0.2054176072234763,0.2588842739065589,0.16029551564620637,0.5000064317756701,0.01792474244342046,0.01792474244342024,,,,0.08131156704614295,-0.6819253981002175,0.6168349785357791,-0.34673083727357396,0.14449751673847472,0.17639135011791654,0.4592998089686881,0.5434517815467554,-0.07251010427557242,0.0909448325817143,-0.0725101042755722,0.09094483258171421,,,-1.0333199523351124,-0.36714309288167296,0.3793864755709769,0.8644563069655826,-0.5893260735852611,-0.08683130284497848,0.06023158166577692,0.12258456363588634,0.04061744011854882,0.062443996704066744,False
market_family_dedup,h2h,122,122,122,0,5,0.4918032786885246,0.5008886522038536,0.22857998165031776,0.6467342413257535,0.08543428847222323,0.0815442538508907,,,,0.039759582996159976,-0.03991245535365692,1.0023220014604555,-0.039857446055924436,0.2061471648498724,0.2532854344474609,0.5977395844498552,0.6996335368490867,-0.02067892873496663,0.17151396962894888,-0.04722692502653466,0.16487957998878805,,,-0.4310594863262371,0.31948373567131927,0.4270710894661672,1.7592550107343274,-0.43598400828448375,0.30833137771634167,0.043582171909400995,0.1546734904235361,0.08872176293830204,0.13375231798175072,False
market_family_dedup,player_passing_tds,82,47,82,37,3,0.524390243902439,0.5599902540357515,0.2578077644319309,0.7165413197793182,-0.033690762099167104,-0.03493075134990731,,,,0.15086046709992706,0.04340842281066526,0.21592025459396208,-0.1542846277037558,0.22819936304832122,0.29077133160915136,0.6503827011502938,0.7926519402312594,-0.19073496451385571,0.07455178167736823,-0.2222646103905011,0.064734739821201,,,-0.5364609041118414,0.5523145998676616,-0.5129692782903569,1.2156972284939362,-0.669785698620335,0.33084250944470933,0.08951983493094481,0.26792527191847937,0.10310680533675143,0.16400663699164272,True
market_family_dedup,player_passing_yards,83,48,83,37,6,0.5060240963855421,0.58060446405896,0.29064115869480905,0.8085983357356785,-0.16273341593991852,-0.2055698429741566,,,,0.17771262216783518,0.12093175109484092,-0.2959236119962731,-0.32756806837552777,0.2551496576602071,0.32766577342535497,0.7066892495656992,0.9114414786187656,-0.3451670935106065,-0.03118360362599552,-0.4665506022506527,-0.051446003223298446,,,-0.43767585097506195,0.6836946518527395,-1.2250442482546635,0.419877257452494,-0.8542693136281946,0.18539691629737956,0.11873766827219713,0.29593407162045837,0.10008668175779947,0.15584545490808765,True
market_family_dedup,player_receiving_yards,484,48,484,223,72,0.5082644628099173,0.582995812429485,0.27080848535263147,0.7469945815949991,-0.0835299676293988,-0.08354047555212207,-0.1130705224696733,0.26977797382506874,0.24237275929874347,0.12390511260265102,-0.04619009055194122,0.20566121480518113,-0.33686883567170695,0.2566932810334524,0.28520899365186037,0.7130545552349986,0.7827182959319814,-0.14271268422689534,-0.030919780872715765,-0.1441826698732867,-0.03110429421601013,-0.23260789301497625,0.04064444999655192,-0.2517546673146469,0.1740551841097392,0.01929454072573162,0.40847821195200684,-0.551874694183023,-0.10107908109710328,0.09263097027410853,0.17323445026190334,0.04366434637942441,0.06567828869083137,False
market_family_dedup,player_receptions,474,48,474,223,70,0.5717299578059072,0.5846864815239153,0.25583541083258365,0.7162779122978742,-0.04484534135970719,-0.0480842196403275,-0.01889471347785676,0.2479617006318505,0.24336341856703467,0.10245006801773572,0.198695052068896,0.25736509399749435,-0.06011259943813355,0.23843430905019178,0.27316104596817775,0.6769582129149946,0.7574925811109854,-0.10832937269564602,0.008579021902236155,-0.11755157650557123,0.0011497409011364192,-0.14720768290506336,0.10782128912139004,-0.01778723311421745,0.4325423072836489,0.029028422015259375,0.45595661386802927,-0.2891960149897327,0.1598735686387634,0.06923575507091645,0.15978721022647113,0.04540051523981173,0.06747283192762868,False
market_family_dedup,player_rushing_yards,227,48,227,113,30,0.5022026431718062,0.5707260354754298,0.25425758279696253,0.7070982249398883,-0.017050068618590375,-0.05498763903558057,-0.027677739992430617,0.2375233925221334,0.23112633783804917,0.11546267144941451,-0.14039014482149398,0.4400300623130973,-0.3248076444218051,0.23350164694518175,0.2736811068694787,0.6566153414362894,0.7567570170603969,-0.10402952711960821,0.058431941713348964,-0.15752528582391115,0.029773873250342243,-0.25024283677870734,0.1843982240464201,-0.44273751356243,0.18742698198792268,0.2430279946999027,0.7280050480480891,-0.6285754584918096,0.00868482764992889,0.07780446457913998,0.18439445321336734,0.06590683888031816,0.10354917358664423,False
market_family_dedup,spreads,140,140,140,0,6,0.4714285714285714,0.5518269991887237,0.2679394778529687,0.7339182030886847,-0.07526899384074248,-0.08043624088711954,,,,0.1494106560131746,-0.13592637472532956,0.10483343859138147,-0.34338717706715255,0.24522953482534487,0.2885925231052831,0.6823101023538558,0.7816759718746862,-0.18644713246859368,0.015322749089807014,-0.2047732280031757,0.011714590838307953,,,-0.46921356365406175,0.23466839283555482,-0.5359158231492592,0.789770379622134,-0.688163374863313,0.02998315575244239,0.08282894424039225,0.2238199841924982,0.0734922637916386,0.11561216815708923,False
market_family_dedup,totals,148,148,148,0,4,0.5,0.5678097479300227,0.27041411248809477,0.7355941177113224,-0.08165644995237908,-0.08165644995237908,,,,0.130954690549825,0.2875132935917146,-1.0308618939827143,-0.27873108514768874,0.2551048313739398,0.2857210889244178,0.7041181596779019,0.767061872565621,-0.1629361348931948,-0.029807942949859258,-0.17529437839835846,-0.03581833100281668,,,-0.14806946380941766,0.7977137676406794,-2.221376729581775,0.017778960399004708,-0.6162134862087932,0.0398890846497348,0.06089663452917681,0.2086870472405295,0.06224077679266468,0.1050708099314064,False
group,all_projection,2352,80,1192,285,307,0.4562074829931973,0.46732128901377984,0.257936816593494,0.7206700826720419,-0.03972312614688023,-0.10662623137885396,-0.016407967951852065,0.25216494204253503,0.248094220031223,0.11052298873949691,-0.12357497713886662,0.32742287273636644,-0.053358626052170656,0.2466145526096213,0.2692219327577389,0.6935598187449771,0.7469020988229815,-0.08402631394737527,0.0053818144380917785,-0.1600231519796285,-0.07011807912401324,-0.1194056414996609,0.11980242306975153,-0.15621215637822286,-0.08735581158911787,0.2174236896953489,0.4469607606239605,-0.09066360977086915,-0.01163494337237996,0.08352423301925029,0.1385820480726591,0.020720310875365543,0.03025731890278367,False
group,best_model,3074,151,1595,282,761,0.49154196486662327,0.5837857020579552,0.24853597194129626,0.6917228458459803,0.005571553120599315,-0.031058379508058342,-0.040392115516132865,0.25711600597853174,0.24713375096174953,0.092882864009789,-0.286067198499141,0.6974554652312385,-0.4011897959821732,0.2410669909648094,0.255859723275979,0.6753010676369047,0.7080302489734904,-0.027148891392335044,0.03516106805322628,-0.07064746766281141,-0.015900140536913812,-0.09837408177831655,0.012411515421360104,-0.3951261511559031,-0.18408205104211145,0.5439055177511832,0.8651912233583225,-0.5022578199860986,-0.2987783174213355,0.07401056519999681,0.11812277645980525,0.01689713105370367,0.02530135742230065,False
group,going_picks_v1,130,5,73,26,0,0.6384615384615384,0.6414682150797452,0.24736483845328158,0.696198815146855,-0.07163952059996381,-0.3856532839383846,,,,0.07754643496365816,0.6478497367142568,-0.12576994868871444,-0.013873702350366997,0.23131754014645087,0.26751778212230476,0.6664938530917615,0.7342955822329245,-0.1423465048549526,0.004542903399621185,-2.906917441370665,-0.3610060664137642,,,-2.944498919517484,1.066442497232649,-1.0575570281454394,7.577966374591931,-0.7965987113800503,0.04484335009795365,0.07116343861872503,0.38316749843937636,0.07245604739413165,0.11035322834093282,False
group,going_picks_v2,119,4,43,13,0,0.6050420168067226,0.5879968113263491,0.25517404838773466,0.700484913722913,-0.06782497021829514,-0.4251606480393595,,,,0.1729549338628797,0.3901691422800382,0.09110171453549926,0.07478652650879514,,,,,,,,,,,,,,,,,,,0.07140552397438793,0.11960778947321989,False
group_market,all_projection|atd,315,19,295,252,2,0.18412698412698414,0.24080218987627033,0.15087743542195894,0.4765932566577418,-0.004348150392048389,-0.004348150392048389,,,,0.08967313531119485,-0.7968726778660428,0.5769845882861192,-0.3923733172203191,0.13152171623076137,0.17037016955320833,0.4243937373301778,0.5292072843588141,-0.1148388732437665,0.07332644681929451,-0.1148388732437665,0.0733264468192944,,,-1.24130655269116,-0.43901486220393876,0.31096713844032225,0.8504455320319929,-0.7328969980282296,-0.08856322904424857,0.06608371824931004,0.135575530938151,0.04783314420660071,0.07080702592002669,False
group_market,all_projection|h2h,145,80,80,0,18,0.4482758620689655,0.48005206688039403,0.23421428583297174,0.6581716619068728,0.05300858468495562,0.051619015476863095,0.17844897419353567,0.2177028900522186,0.26499010190938965,0.05365943062090082,-0.1430743405151802,0.898949321120498,-0.13818661322311676,0.2078461139681409,0.25689044175359604,0.6030040904469893,0.7057633084944303,-0.037826173445837476,0.15854615534159025,-0.06781176310656235,0.14797509798287176,-0.12228311209514676,0.36229175160968624,-0.23051151917195578,-0.07300330567174396,0.2864427977854721,1.7999075184915707,-0.21871026160188006,-0.07034235634386275,0.03502857021301493,0.1616009861335179,0.08034799680651085,0.1242270893322327,False
group_market,all_projection|player_passing_tds,82,19,37,32,10,0.524390243902439,0.5231886392845146,0.2575597514511901,0.7187598357045439,-0.03269634392236265,-0.06377872773820781,-0.08541409668996858,0.30231422703017435,0.2785243235297004,0.10931783337577536,0.07460908175154289,0.23440980979168927,0.0052980999799565566,0.21980102217122385,0.3010646866302914,0.6306324097321814,0.8249124388747859,-0.20648653635973926,0.11067098778118742,-0.3013114184578197,0.08616142774275017,,,-0.07045938173460684,0.213012752605669,-0.5104076880861196,1.28926313946748,-0.11262105499745056,0.13272089734014786,0.06476378313798388,0.26696303805810356,0.10197164734203579,0.14859327305650372,True
group_market,all_projection|player_passing_yards,89,19,37,32,16,0.47191011235955055,0.4911666703528382,0.2704892627931015,0.770328675744761,-0.08538270039724272,-0.10177169301981004,0.1793573623166923,0.19998501736441704,0.24369318407459203,0.2220112388153415,-0.1146840589324835,-0.036713708943269995,-0.08655153508326204,0.22118861523459615,0.3386484858707224,0.6381861082851203,0.9537050610215994,-0.35505108430140075,0.1113114535971385,-0.44195360688765284,0.08916271692689832,,,-0.25014875559338534,-0.01686404284384801,-0.7163636656921022,1.1872564000057844,-0.2267217548421516,0.04255451664898501,0.1287249663149545,0.35065520443417064,0.10507201168757259,0.1694149833157182,True
group_market,all_projection|player_receiving_yards,551,19,236,199,90,0.49909255898366606,0.5019726303468155,0.2966618453908107,0.8150068800558674,-0.18665129015145632,-0.18696759756322678,-0.1929255936195402,0.2996683120417825,0.25120452913793023,0.17987912031521605,-0.0029502128439869674,-0.09657625984842136,-0.013587422612120948,0.2818253309980116,0.3106309211641415,0.7748906758083711,0.8515197769777352,-0.2425297175026205,-0.12731763713295535,-0.24856250773640046,-0.13166010519044788,-0.1983466148577675,-0.18805736385522942,-0.01803684397456171,0.019157804009440574,-0.28025010460081834,0.06067118718808868,-0.04125437718292794,0.018061364662099153,0.14492148383272052,0.22065746043069567,0.045357992945870645,0.0657873579243981,False
group_market,all_projection|player_receptions,504,19,236,201,54,0.5158730158730159,0.5142248062095961,0.28531798020418486,0.7869498197053022,-0.14242326701680663,-0.14258195101636573,-0.07272288499379131,0.2511961197567669,0.2341668321527612,0.1682556416942919,0.05807787432514,0.08373916842441906,0.007914783378292206,0.25464744818138996,0.3168342921431016,0.7140973969468366,0.860637748235968,-0.2684230501794508,-0.020758447636530272,-0.2728701291066228,-0.02754420830531274,-0.0898260402914608,-0.04885308437450542,0.012127753251396619,0.10795525356047285,-0.23397743211183256,0.3753980054634363,-0.04010563370830622,0.06034559402228431,0.10121143180513364,0.24825961487494866,0.04745643089447808,0.06504749161909845,False
group_market,all_projection|player_rushing_yards,265,19,113,97,51,0.47924528301886793,0.485674725187154,0.24414995645577758,0.6832398599949271,0.021714555967877414,-0.07857591232597416,0.1969880459233907,0.20100396446143373,0.2503125432205676,0.1146826241803582,-0.050537406857074786,0.5078252245467525,-0.03153069964387794,0.20334711170764477,0.2840379898468776,0.5907727787444577,0.7756538631320429,-0.13900321159643586,0.18611179877962236,-0.3120618620082704,0.1229139036938445,-0.19095193416208933,0.5389350315116752,-0.12389949694034516,0.015832370717351853,0.14448013104813354,0.9879608619726693,-0.10717792980671599,0.04021093791753106,0.06198544956426404,0.21217875227833044,0.06388822079648893,0.09325705804178194,False
group_market,all_projection|spreads,198,78,78,0,33,0.5,0.504880438071422,0.2584861102835331,0.7160793390450653,-0.03394444113413231,-0.03775660826654037,0.1309653611925019,0.21658517954894163,0.2492250249611948,0.13056921999516383,-0.0065620016535829434,0.29421481107813835,-0.021680946050838073,0.22709250065122313,0.2963677959482947,0.6438080603536462,0.8015232463911472,-0.18550807782691126,0.091460202371775,-0.2118091633046694,0.07036547477373183,-0.1824767540192784,0.39214290336054136,-0.08938255389695128,0.0803608971998787,-0.44709427966235954,0.9808609595637657,-0.11630504377225312,0.07423713660321823,0.06823441572054567,0.24464521042687562,0.07019712022849563,0.10672496218013829,False
group_market,all_projection|totals,203,80,80,0,33,0.5123152709359606,0.5056048256429855,0.28002737875098505,0.7557780141875245,-0.12078945716291223,-0.12549875773795027,-0.09899734807133731,0.2749787317183799,0.25020873089543677,0.15416171354315453,0.07492159727414792,-1.0084041184441201,0.027973415780490056,0.25737295380632097,0.3046278732535342,0.7092340014991545,0.8071865138519818,-0.2206516617059892,-0.03012645101684676,-0.2885565654312102,-0.04248160587699214,-0.24313874807328745,0.10749540687198746,-0.01805521236859165,0.17420717344575237,-2.335875966149082,0.11016138724436068,-0.05971052913865019,0.10977301423003073,0.07302302295084863,0.2755143743714828,0.05814624091477656,0.09413912209336892,False
group_market,best_model|atd,268,47,219,143,4,0.23507462686567165,0.3007282206783685,0.16852165149507733,0.5181893049507825,0.06280301223519691,0.06280301223519691,,,,0.08326301021912381,-0.5259616367686036,0.7914369489437758,-0.38854130164076783,0.1463016471260491,0.19265191148080546,0.46216905600799596,0.5782190316753167,-0.08253935118991916,0.18029620206037883,-0.08253935118991916,0.18029620206037883,,,-0.9810588918488964,-0.10789060996011794,0.37703115293917333,1.2935361576839834,-0.7473915793506953,-0.07774453257056574,0.06269472469708544,0.15038089680321395,0.05559197683923088,0.0862578387213744,False
group_market,best_model|h2h,68,63,63,0,7,0.5294117647058824,0.5289009098459596,0.2481919042993324,0.6896488569298972,0.0037852730207351692,-0.0006155825506681811,,,,0.10403420403247159,0.05572440626836117,0.5074400536726587,0.0022467108982076093,0.21463210871767563,0.28175022421472423,0.6153325361418575,0.7606260858140567,-0.1487481422100059,0.1340666372708454,-0.20534268534234698,0.12283383228799843,,,-0.4362363194158275,0.5162884175336054,-0.23792772110844082,1.3922631297212809,-0.48308196899484296,0.47487359266174184,0.07308705587001041,0.2367854977623456,0.11876952090939756,0.17198902933237345,True
group_market,best_model|player_passing_tds,90,46,71,35,11,0.5,0.5915291249654516,0.25215054183561225,0.6995136136832575,-0.008602167342449007,-0.013140877095490167,-0.07469252661696402,0.29666534912679776,0.2760467219965452,0.1742627719117799,-0.2709159665361144,0.6895081337557567,-0.3926576602078893,0.21985757108250278,0.28018337143806615,0.6325303219964188,0.7604953305842336,-0.15355090537195865,0.10586553078673745,-0.2010524629159605,0.08960681764680481,,,-0.8792739961204278,0.3398326153196868,-0.30095463327619904,1.68410696838007,-0.8485384614583195,0.041936518214233214,0.08754089955045143,0.27745931386019673,0.09293108903531422,0.14315627467315503,True
group_market,best_model|player_passing_yards,257,46,70,33,71,0.490272373540856,0.613937829760654,0.26886827313850425,0.7331518777731661,-0.07588032064249783,-0.08767605647349708,-0.07398221202008437,0.2674923867818987,0.24906593776703664,0.1250047201461629,-0.057420290335065266,0.03890643444240927,-0.5100376695971174,0.239341301876772,0.29788940105625095,0.6713768719569924,0.7925663876506569,-0.2720222579224745,-0.0004264487821096123,-0.3497788982418027,-0.013473319249043332,-0.32275578152479295,0.10861505952637598,-0.7688836396054501,0.8093522879161266,-1.6171137007047045,1.1191049028381956,-0.9896367265446963,0.013176811791282947,0.04094309757984207,0.24219463717528186,0.03549445696815137,0.068295965472021,False
group_market,best_model|player_receiving_yards,920,48,391,197,274,0.5119565217391304,0.6123149397255689,0.2564252101266086,0.7084827146475104,-0.026287706349857665,-0.026374163128160877,-0.08596911778391347,0.27171178695179576,0.2502021305230717,0.10036802335778258,-0.2183296517510083,0.5495835156011434,-0.4255438668795253,0.24474481352829514,0.2679135302060553,0.6825431436158476,0.7337791933227098,-0.07806138372743159,0.010782423917249359,-0.0793586864069695,0.008494555316170735,-0.16138238057833998,-0.0026188152687295426,-0.48229013304745394,0.03263407679976445,0.27676499269183885,0.8955341359165913,-0.6408974328139578,-0.22747319902997187,0.05944663126081234,0.1534592855352584,0.02420632274353799,0.04184337829519966,False
group_market,best_model|player_receptions,553,48,374,195,142,0.5750452079566004,0.6242906957248763,0.2422159752313197,0.6805041236346486,0.008807370941862014,0.006137017765288411,-0.002164543189479451,0.23946221735016818,0.23894501055491146,0.07052639295311564,-0.008685855406373963,0.5869367247247073,-0.217791416046762,0.2230996479628847,0.262737206524516,0.6385618711848383,0.7246309939351494,-0.05638013711891897,0.05476518751206722,-0.05867396808010805,0.04907751291745284,-0.08920738071085639,0.07762505828582839,-0.2569661431393391,0.24258533222801548,0.23526821906473327,0.9394691685234836,-0.4672803770691755,0.03651910186048392,0.040433310350959005,0.13188620514300917,0.03816242280453817,0.057619999539068725,False
group_market,best_model|player_rushing_yards,429,48,180,96,144,0.5244755244755245,0.621856699721795,0.2565227005502311,0.7116948504645692,-0.028555432068955833,-0.04111195998919315,0.03401968600552463,0.23556170188214218,0.24385766300770534,0.09738117524627078,-0.14983137008280945,0.4607187825834128,-0.4179241757220854,0.23777698360446295,0.2779589992229467,0.6680623500107882,0.7613724672775457,-0.12316287292314387,0.017742840887968053,-0.1443874853817025,0.007114719420678089,-0.0947456486219398,0.13131899393749755,-0.5747844296729752,0.21132764570569135,0.1178022025755188,0.938255494925992,-0.7644882468329565,-0.08355850878605474,0.04564466831362723,0.17722256675371487,0.035880092145517344,0.06307024415904652,False
group_market,best_model|spreads,192,102,102,0,49,0.5208333333333334,0.5989397916774024,0.2561353433543913,0.7069549742435012,-0.026323184501769736,-0.04621660778440395,0.03341422999882093,0.24087449507185116,0.2492013668601363,0.07810645834406896,-0.012741858425230106,0.23759717508083641,-0.3200757785524055,0.23396888311976688,0.2785310970106973,0.661187377644359,0.753898798908755,-0.14418734245351064,0.018860690630113315,-0.22298975556096284,0.010013481509412085,-0.13574604517402675,0.18760561698968495,-1.003956574260531,0.8283079027605251,-1.708658452379792,2.7153233986838363,-0.7245849185421942,0.08829602319129992,0.020048508102046555,0.18406270823274432,0.04375441979236034,0.08864514457490645,False
group_market,best_model|totals,297,125,125,0,59,0.4276094276094276,0.5947532530416039,0.2730073353980356,0.7408538402814184,-0.11541009949630943,-0.11576263379551599,-0.13026382926207192,0.28386430539980856,0.2511487124073839,0.1671438254321761,-0.42033159403589915,0.33211631105160894,-0.6801787900074596,0.256727976939549,0.29023437550978337,0.7071949205966482,0.7765968413405282,-0.29050331988989636,-0.027326400242164664,-0.3013807170615883,-0.03586295144144107,-0.23966567823641083,-0.008756581268388568,-1.2382262704150477,0.2977594386887632,-1.3954019393493442,2.2831191740876435,-1.031191179138366,-0.3668388767858371,0.0934797403347289,0.24987608228207805,0.03543275647521336,0.06857365051838275,False
group_market,going_picks_v1|h2h,5,5,5,0,0,0.6,0.5973004077567339,0.22983368477266045,0.6516590515808229,0.04235964678058146,-0.1491684238633022,,,,0.29881389572965766,-3.291711409868249,9.706139184431718,0.011268201177430381,,,,,,,,,,,,,,,,,,,0.26090021615447745,0.4988138957296576,True
group_market,going_picks_v1|player_passing_tds,4,2,3,3,0,0.5,0.6973875952805734,0.27370384872969644,0.7417196033377651,-0.09481539491878577,,,,,0.3328523300690663,,,-0.8365722086373214,,,,,,,,,,,,,,,,,,,0.2647514263501446,0.4473875952805734,True
group_market,going_picks_v1|player_passing_yards,6,2,3,3,0,0.8333333333333334,0.6018360792300655,0.230377468321869,0.6532857314408727,-0.6587177719174571,-0.6587177719174568,,,,0.23149725410326782,4.3957617178919515,-4.503667586659154,1.2322719148903614,,,,,,,,,,,,,,,,,,,0.25423673163733934,0.4607686866498617,True
group_market,going_picks_v1|player_receiving_yards,46,2,21,21,0,0.6086956521739131,0.6306714459344844,0.2967528175190202,0.811635116729066,-0.2458907973616007,-0.47274774170112366,,,,0.2700610058107561,0.9543047563578877,-0.8078934140220804,-0.10311671600946451,,,,,,,,,,,,,,,,,,,0.13665458453440932,0.2020724269387033,True
group_market,going_picks_v1|player_receptions,35,2,21,21,0,0.7142857142857143,0.6574857269522549,0.22449180895349904,0.6510850099865549,-0.10000986387214539,-0.10583002188205093,,,,0.1964337900028074,1.6363386591919449,-1.019476958722276,0.2716663438948139,,,,,,,,,,,,,,,,,,,0.12266059466567664,0.20530404244892253,True
group_market,going_picks_v1|player_rushing_yards,22,2,10,10,0,0.7727272727272727,0.6867144322666129,0.17452815480751335,0.5261287982272752,0.006216153801923974,-0.3164409391195291,,,,0.08637639209804825,0.39954341552202494,1.0965648017807927,0.46422976598621757,,,,,,,,,,,,,,,,,,,0.15212320059864168,0.25341748857455715,True
group_market,going_picks_v1|spreads,7,5,5,0,0,0.2857142857142857,0.5954852787561761,0.24930048246003164,0.6881779974275,-0.22157236405415492,-0.30882753291516596,,,,0.4860208751573752,,,-1.3269327660501995,,,,,,,,,,,,,,,,,,,0.2529578654646224,0.4045147212438239,True
group_market,going_picks_v1|totals,5,5,5,0,0,0.2,0.5409595295213172,0.28772293359607765,0.7691375294263498,-0.7982683349754849,-0.9181528906405176,,,,0.34095952952131725,,,-1.5548670130450397,,,,,,,,,,,,,,,,,,,0.20249445175265507,0.45904047047868274,True
group_market,going_picks_v2|h2h,4,4,4,0,0,0.75,0.6046812450259438,0.20669940887502763,0.6048703754798693,-0.10239684733348065,-0.2401964532501657,,,,0.2315731049920986,-0.12151237840539804,2.915615670715397,0.6751099077400715,,,,,,,,,,,,,,,,,,,0.2938963500056056,0.5184268950079014,True
group_market,going_picks_v2|player_passing_tds,3,1,1,1,0,0.3333333333333333,0.6145312789819046,0.24973517506041545,0.6881427442865214,-0.12380828777186936,,,,,0.48321993594547524,,,-1.1777590019451272,,,,,,,,,,,,,,,,,,,0.3141775273383389,0.6145312789819046,True
group_market,going_picks_v2|player_passing_yards,5,1,1,1,0,1.0,0.4679198553730899,0.2832033747486293,0.759670922988483,,,,,,0.5320801446269101,,,,,,,,,,,,,,,,,,,,,,0.19571679421492363,0.4679198553730899,True
group_market,going_picks_v2|player_receiving_yards,47,1,12,12,0,0.6170212765957447,0.5687941431340525,0.28019244223967904,0.7485627887523574,-0.1857185917767259,-0.18611162866310127,,,,0.32838481283433285,0.49971147462814686,-0.06006131661006651,0.21749453639486369,,,,,,,,,,,,,,,,,,,0.11659080663309679,0.1875574319786968,True
group_market,going_picks_v2|player_receptions,23,1,12,12,0,0.6086956521739131,0.6168709879142583,0.22912361883451363,0.6489328612912401,0.038044489178907126,-0.33837288462065085,,,,0.1281643220129915,-0.18047722634408817,1.3151391533639956,-0.03534998090325856,,,,,,,,,,,,,,,,,,,0.15651364168909698,0.2631400258130955,True
group_market,going_picks_v2|player_rushing_yards,17,1,5,5,0,0.8235294117647058,0.6419975923981872,0.2101557136263138,0.6120799321044046,-0.4460714580477303,-0.7012605388796831,,,,0.20512762939110843,2.8055286265916464,-1.7426678544241043,1.0049593879797503,,,,,,,,,,,,,,,,,,,0.21065317727555397,0.3065411550844783,True
group_market,going_picks_v2|spreads,8,4,4,0,0,0.5,0.6172375930031455,0.21993203415161178,0.6288922812616862,0.12027186339355289,0.12027186339355289,,,,0.45373564224557944,,,-0.48303359126430695,,,,,,,,,,,,,,,,,,,0.20202017349792922,0.36723759300314557,True
group_market,going_picks_v2|totals,12,4,4,0,0,0.16666666666666666,0.5497070991498211,0.30022502503308063,0.7942530338647934,-1.1616201802381805,-1.401800200264645,,,,0.3830404324831544,,,-1.8131184327806857,,,,,,,,,,,,,,,,,,,0.11185676540134765,0.28443027743182747,True
cohort,current-80-20,1383,66,609,207,1081,0.4967462039045553,0.5691261296181448,0.2526802961242865,0.704470332363865,-0.010763989094818127,-0.041253456886283235,-0.04044538066413783,0.2575402295530758,0.24752883172846857,0.10681791745650766,-0.1517027637932481,0.46398061870951113,-0.3205320473624434,0.23998617411365247,0.266418054496903,0.6764709902434176,0.7343066653740619,-0.0691117653409073,0.03926583438605627,-0.13365360320178604,-0.019771400773998738,-0.08856024591007342,-0.004212951606929413,-0.32328978781233175,-0.010716215476273001,0.23739599526564112,0.6689879578977407,-0.5174926579915079,-0.15146129760080737,0.07759931871804474,0.14776542494333142,0.025077195321501017,0.03932151179809982,False
cohort,going-picks-v1,130,5,73,26,0,0.6384615384615384,0.6414682150797452,0.24736483845328158,0.696198815146855,-0.07163952059996381,-0.3856532839383846,,,,0.07754643496365816,0.6478497367142568,-0.12576994868871444,-0.013873702350366997,0.23154798297204393,0.26752912691425795,0.6665606524594864,0.7342955822329245,-0.1423465048549526,-0.004185608952898884,-4.071297923568285,-0.3610060664137642,,,-3.0692821890541118,1.066442497232649,-1.0575570281454394,8.511934198253646,-0.7969940819683515,0.04579484779490651,0.07116343861872503,0.38316749843937636,0.07468903439858084,0.122473675034804,False
cohort,going-picks-v2,119,4,43,13,0,0.6050420168067226,0.5879968113263491,0.25517404838773466,0.700484913722913,-0.06782497021829514,-0.4251606480393595,,,,0.1729549338628797,0.3901691422800382,0.09110171453549926,0.07478652650879514,,,,,,,,,,,,,,,,,,,0.07211310763682138,0.11801594865203552,False
cohort,legacy,3604,148,1761,297,0,0.46392896781354054,0.5137962414121867,0.25408765150248575,0.7085521981597434,-0.021667853315945118,-0.0807472515301606,,,,0.10110988434813556,-0.16580601012999763,0.3989818878159097,-0.23167134262231157,0.2444585673893808,0.2621469119386247,0.6865643246727737,0.7270382417182973,-0.055050748352163704,0.01875122447375548,-0.1210259896335373,-0.05233886937053049,,,-0.22455255226682674,-0.11193837012760388,0.3031379005600979,0.5315142307344005,-0.30349970792512576,-0.16820516473047364,0.07665262007691445,0.12355319479548513,0.016602480443903046,0.024518064274208683,False
cohort,role-aware-equal-weight,74,15,71,59,0,0.5135135135135135,0.5635821528741054,0.24326083179616098,0.6776563556439784,0.02624538383349595,-0.16920053012022263,,,,0.13811461800289201,-0.1173799835465101,0.6832364969998661,-0.2194025466329088,0.22098880149066383,0.2760186469658516,0.6311860259581844,0.7475264105297463,-0.19047941495093682,0.07899820560414697,-1.0743360220481513,-0.09011478255194268,,,-0.8709673438933097,0.6224004485653566,0.15472118513137997,1.3550621159715401,-0.936565816360731,0.48962592630280993,0.0955541971535994,0.22962848345145162,0.08607679242845354,0.14065170886517359,True
cohort_market,current-80-20|atd,95,17,71,70,6,0.30526315789473685,0.3318401628560507,0.19538824510319144,0.585445305850442,0.07869440331436628,0.07869440331436628,,,,0.15308080987813955,-0.36646075763690084,0.6106706320548946,-0.1499536019040752,0.1611917771636094,0.2403318515793936,0.49289841636405035,0.7142940100831658,-0.1386333381714452,0.22292439471111078,-0.13863333817144496,0.22292439471111059,,,-1.0115763050857394,0.17584303768944962,0.020225865329344665,1.3744322624027154,-0.6785993958779644,0.38425561143904374,0.11315472587860978,0.3090114247103927,0.09534651134149677,0.1407466563794486,True
cohort_market,current-80-20|h2h,42,33,33,0,30,0.5714285714285714,0.5053721649992289,0.22222707574232742,0.6340820797572352,0.09257277405216302,0.08630023562395228,0.1555719444595013,0.22827495234817619,0.27033084802240814,0.11777792185501591,0.29466887759103866,1.4051283574159044,0.2855948338450761,,,,,,,,,,,,,,,,,,,0.1423078040731378,0.21506663800672648,True
cohort_market,current-80-20|player_passing_tds,30,12,17,16,21,0.5333333333333333,0.565768365056859,0.28789955871415623,0.771139286394665,-0.15673929840509215,-0.3072196179453579,-0.053661197850488174,0.2910998180970073,0.2762745925263859,0.28145263729788644,0.1850503926906187,-0.17862445797275128,-0.14613228804285466,,,,,,,,,,,,,,,,,,,0.17177978253384496,0.26246710387532834,True
cohort_market,current-80-20|player_passing_yards,104,16,24,23,89,0.46153846153846156,0.59205164529374,0.26002573650773075,0.7165909330001724,-0.04629403499539286,-0.05642783618281322,-0.037391339340070884,0.2575132407797408,0.24823153135590667,0.13051318375527846,-0.4612739383847273,0.7949352786695731,-0.5427730489709623,0.21760279379892616,0.3215614039902622,0.6289339624116247,0.8475333363559716,-0.7943102844949668,0.10357603222885617,-0.9676075364845002,0.061985057744117555,-0.28599300939762823,0.13754657667243114,-1.6471255817658408,1.0167448485001898,-3.7073629713521337,3.0301634816703826,-1.6421473818877261,0.10521559231968246,0.0523586563848089,0.3705305774859177,0.07437161534134913,0.12194156794098321,False
cohort_market,current-80-20|player_receiving_yards,411,17,143,134,360,0.48418491484184917,0.5941879129631259,0.27526319567567803,0.758906736845494,-0.10215545360603029,-0.11407933389651004,-0.11745898780576791,0.27927993043398697,0.2499240987648043,0.15062348863749309,-0.12933121721799595,0.15433088185067953,-0.4838248683330867,0.2586763809692134,0.287317124739276,0.7193463032401942,0.7860447492534385,-0.17854338167192832,-0.04436754084490791,-0.19829884889714156,-0.0534988501307159,-0.16635820470935606,-0.0471990191568525,-0.5233022566217707,0.17250362130199753,-0.024132075466118914,0.496233679545018,-0.8298628171675508,-0.183519582227935,0.09298707371775473,0.2113396185271904,0.043775295568067384,0.0658036916798239,False
cohort_market,current-80-20|player_receptions,245,17,150,141,191,0.5591836734693878,0.5990503001170452,0.24805897036231941,0.695918092170967,-0.006335475533807866,-0.006801553227455903,-0.028449893897750655,0.24583717048060308,0.23903660444642374,0.08678205881702476,0.05795707194933441,0.417411906403893,-0.1783518289124068,0.22343117519574243,0.274215703590936,0.6389143047257593,0.7537087447989979,-0.10096217527301932,0.07320820362922527,-0.10879039351922992,0.06998595162145702,-0.09234453513937746,0.033549381254926,-0.24328810371660312,0.394775660353923,-0.1220846218821186,0.8679142955589242,-0.4719525507170989,0.08047489634690694,0.05858071193334492,0.1727547616677686,0.05964650586550249,0.09317440833578529,False
cohort_market,current-80-20|player_rushing_yards,219,17,66,63,190,0.54337899543379,0.5944826159232766,0.23179576494724036,0.6563061001330354,0.06578515271978191,0.050229597256906344,0.0621571359569727,0.2308924653715015,0.2461952574614977,0.07641570155097122,-0.1596150010781694,0.8176210839139192,-0.23049290259367325,0.19468297186531144,0.2692742280981919,0.57547794656461,0.7425396773113754,-0.08042189970447058,0.202235740862076,-0.1459349789655233,0.1882422342189963,-0.10405259282946415,0.21329571443467799,-0.9282430256858122,0.3173070557114223,0.20545728827320311,2.1831022914870246,-0.7410338042341833,0.12088060858876545,0.0536868703500371,0.20406118067890452,0.06257933394195715,0.0923411456699839,False
cohort_market,current-80-20|spreads,114,52,52,0,99,0.5350877192982456,0.5690785062669371,0.24036087752904162,0.6731664897767571,0.03379834074623422,0.027420263106289755,0.013365841311593574,0.24438023967078276,0.2476908360801662,0.11177646036362074,-0.2152381356911214,1.2566637731187615,-0.14132530953436034,0.21115695865556222,0.2761502721712327,0.6133526033765161,0.7462413834962847,-0.13625840021149588,0.12864453190189096,-0.2623191262023259,0.1112671956337087,-0.14273930809300878,0.14618858481958585,-0.8872249442629331,0.5481759423547308,-1.27667755603436,3.0999975128592903,-0.6459552487393319,0.31713740311624267,0.06971707678570639,0.25172944856215007,0.06732939037923819,0.11329147461671436,False
cohort_market,current-80-20|totals,123,53,53,0,95,0.43902439024390244,0.5671493531723409,0.2748758698573198,0.7438330523634282,-0.11610226384095301,-0.1457120498567921,-0.09606391009916138,0.27430974181224343,0.25026801748031874,0.216771829258905,-0.014531166872468497,-0.8503185022710763,-0.5246264329326216,0.24916282681791066,0.2997808190288845,0.6913113066126476,0.7949526946981108,-0.3634685775403577,-0.0016223478542054931,-0.5140239289170758,-0.03633336117438504,-0.19465351449785184,0.00889863435581222,-0.738989652142867,0.6399353582413074,-3.6997932492926684,1.370202046016311,-1.056360000159622,-0.0722400384604225,0.09906708794057617,0.35508250247260104,0.06985337490818251,0.12639061605521826,False
cohort_market,going-picks-v1|h2h,5,5,5,0,0,0.6,0.5973004077567339,0.22983368477266045,0.6516590515808229,0.04235964678058146,-0.1491684238633022,,,,0.29881389572965766,-3.291711409868249,9.706139184431718,0.011268201177430381,,,,,,,,,,,,,,,,,,,0.24638282720353538,0.40269959224326624,True
cohort_market,going-picks-v1|player_passing_tds,4,2,3,3,0,0.5,0.6973875952805734,0.27370384872969644,0.7417196033377651,-0.09481539491878577,,,,,0.3328523300690663,,,-0.8365722086373214,,,,,,,,,,,,,,,,,,,0.250820610732001,0.4171476699309337,True
cohort_market,going-picks-v1|player_passing_yards,6,2,3,3,0,0.8333333333333334,0.6018360792300655,0.230377468321869,0.6532857314408727,-0.6587177719174571,-0.6587177719174568,,,,0.23149725410326782,4.3957617178919515,-4.503667586659154,1.2322719148903614,,,,,,,,,,,,,,,,,,,0.254169231562281,0.4607686866498617,True
cohort_market,going-picks-v1|player_receiving_yards,46,2,21,21,0,0.6086956521739131,0.6306714459344844,0.2967528175190202,0.811635116729066,-0.2458907973616007,-0.47274774170112366,,,,0.2700610058107561,0.9543047563578877,-0.8078934140220804,-0.10311671600946451,,,,,,,,,,,,,,,,,,,0.1297316428410894,0.1902670041723235,True
cohort_market,going-picks-v1|player_receptions,35,2,21,21,0,0.7142857142857143,0.6574857269522549,0.22449180895349904,0.6510850099865549,-0.10000986387214539,-0.10583002188205093,,,,0.1964337900028074,1.6363386591919449,-1.019476958722276,0.2716663438948139,,,,,,,,,,,,,,,,,,,0.12738990102559275,0.20040839933619817,True
cohort_market,going-picks-v1|player_rushing_yards,22,2,10,10,0,0.7727272727272727,0.6867144322666129,0.17452815480751335,0.5261287982272752,0.006216153801923974,-0.3164409391195291,,,,0.08637639209804825,0.39954341552202494,1.0965648017807927,0.46422976598621757,,,,,,,,,,,,,,,,,,,0.14388003038535946,0.2321689777211583,True
cohort_market,going-picks-v1|spreads,7,5,5,0,0,0.2857142857142857,0.5954852787561761,0.24930048246003164,0.6881779974275,-0.22157236405415492,-0.30882753291516596,,,,0.4860208751573752,,,-1.3269327660501995,,,,,,,,,,,,,,,,,,,0.2548952548684047,0.46189882771020635,True
cohort_market,going-picks-v1|totals,5,5,5,0,0,0.2,0.5409595295213172,0.28772293359607765,0.7691375294263498,-0.7982683349754849,-0.9181528906405176,,,,0.34095952952131725,,,-1.5548670130450397,,,,,,,,,,,,,,,,,,,0.17072323763829458,0.3468635765691835,True
cohort_market,going-picks-v2|h2h,4,4,4,0,0,0.75,0.6046812450259438,0.20669940887502763,0.6048703754798693,-0.10239684733348065,-0.2401964532501657,,,,0.2315731049920986,-0.12151237840539804,2.915615670715397,0.6751099077400715,,,,,,,,,,,,,,,,,,,0.2817828220586063,0.5184268950079014,True
cohort_market,going-picks-v2|player_passing_tds,3,1,1,1,0,0.3333333333333333,0.6145312789819046,0.24973517506041545,0.6881427442865214,-0.12380828777186936,,,,,0.48321993594547524,,,-1.1777590019451272,,,,,,,,,,,,,,,,,,,0.31825056494648774,0.5167800640545247,True
cohort_market,going-picks-v2|player_passing_yards,5,1,1,1,0,1.0,0.4679198553730899,0.2832033747486293,0.759670922988483,,,,,,0.5320801446269101,,,,,,,,,,,,,,,,,,,,,,0.16979198553730904,0.4679198553730899,True
cohort_market,going-picks-v2|player_receiving_yards,47,1,12,12,0,0.6170212765957447,0.5687941431340525,0.28019244223967904,0.7485627887523574,-0.1857185917767259,-0.18611162866310127,,,,0.32838481283433285,0.49971147462814686,-0.06006131661006651,0.21749453639486369,,,,,,,,,,,,,,,,,,,0.11831187824973885,0.18762733106101087,True
cohort_market,going-picks-v2|player_receptions,23,1,12,12,0,0.6086956521739131,0.6168709879142583,0.22912361883451363,0.6489328612912401,0.038044489178907126,-0.33837288462065085,,,,0.1281643220129915,-0.18047722634408817,1.3151391533639956,-0.03534998090325856,,,,,,,,,,,,,,,,,,,0.1558286241202763,0.25375014318131683,True
cohort_market,going-picks-v2|player_rushing_yards,17,1,5,5,0,0.8235294117647058,0.6419975923981872,0.2101557136263138,0.6120799321044046,-0.4460714580477303,-0.7012605388796831,,,,0.20512762939110843,2.8055286265916464,-1.7426678544241043,1.0049593879797503,,,,,,,,,,,,,,,,,,,0.21167228318433054,0.30695046325412356,True
cohort_market,going-picks-v2|spreads,8,4,4,0,0,0.5,0.6172375930031455,0.21993203415161178,0.6288922812616862,0.12027186339355289,0.12027186339355289,,,,0.45373564224557944,,,-0.48303359126430695,,,,,,,,,,,,,,,,,,,0.20359923334333982,0.36723759300314557,True
cohort_market,going-picks-v2|totals,12,4,4,0,0,0.16666666666666666,0.5497070991498211,0.30022502503308063,0.7942530338647934,-1.1616201802381805,-1.401800200264645,,,,0.3830404324831544,,,-1.8131184327806857,,,,,,,,,,,,,,,,,,,0.12087726846086017,0.299707099149821,True
cohort_market,legacy|atd,454,45,380,257,0,0.18502202643171806,0.25475564019159175,0.15102941895150754,0.4776069768711556,-0.0015952289771212769,-0.0015952289771208328,,,,0.09228742444133779,-0.7825390476534946,0.6399341087677782,-0.4658059318809609,0.13446235813157814,0.16612262265365282,0.43463704380092133,0.5172456165396195,-0.10589429852393042,0.08983285731175801,-0.10589429852393022,0.08983285731175801,,,-1.1522642588843108,-0.42737042242157214,0.3935568911786219,0.9606085231123113,-0.7523597466602929,-0.20087442401433298,0.06571892726688328,0.13409361612710588,0.03893157532591121,0.05985450551685652,False
cohort_market,legacy|h2h,159,103,103,0,0,0.4591194968553459,0.4943183606115912,0.24033129788708688,0.671693724182664,0.032205233850996606,0.03194614538535012,,,,0.06279547461977876,-0.15285562700642766,0.72531546001381,-0.15364681714551467,0.2148803806390326,0.26593390217165075,0.6174011837470115,0.726355754727906,-0.07760237803930567,0.13161639740734732,-0.10349694751262052,0.12486045569738792,,,-0.33067238523946835,-0.001764624565843978,0.1035574210413745,1.4657437263810915,-0.3389096582531074,2.6397380950575723e-05,0.04031042692296693,0.16766537265776327,0.07621830456247668,0.11943556191415365,False
cohort_market,legacy|player_passing_tds,122,39,70,37,0,0.4918032786885246,0.543879478361434,0.25484712935792253,0.7109296572488442,-0.019662546603042674,-0.022364434479086315,,,,0.14255494791071932,-0.09739983527835273,0.3402723728760358,-0.2248927758177543,0.2243034908147889,0.29091412132712297,0.6434007962268606,0.7940491252681526,-0.16492533009397853,0.09836877093309807,-0.18607324366112382,0.08046082825579857,,,-0.40118670099641357,0.15673274076217417,-0.4345126986652459,1.3356886924420988,-0.49994703823865827,0.026678932403439735,0.07666395619896624,0.25626614758526667,0.08250868676782293,0.1241068865240775,False
cohort_market,legacy|player_passing_yards,214,39,67,37,0,0.48598130841121495,0.5740824190765965,0.2745054534083055,0.7576532925875475,-0.09888564198310834,-0.11747424324896194,,,,0.15195816549571128,-0.03276676367976086,-0.07711229998334351,-0.37784338612426394,0.24247876253213851,0.31619720824618613,0.6864048606487594,0.8534350056024126,-0.3242755844667364,0.014966741736911461,-0.4149538358052841,0.005949415790396269,,,-0.43202837612100586,0.30107365204668485,-0.7163730811421917,0.6095256546490558,-0.8504464511062786,0.04250361174342305,0.08282697780552051,0.29264991679065455,0.06228177713088668,0.09753929116965468,False
cohort_market,legacy|player_receiving_yards,947,41,370,207,0,0.515311510031679,0.557953846632876,0.27195556181544317,0.7492120428813926,-0.08884333117319265,-0.09068875645974073,,,,0.12533373399965184,0.030641445582188134,0.12028406133650707,-0.19143269217413403,0.25682659742888453,0.28535047266539015,0.7116182695360651,0.7820291262066991,-0.14209044426072237,-0.03409813143530442,-0.14913890680756275,-0.03658084499601891,,,-0.12126943811560853,0.1560496875071532,-0.07095493046882735,0.3303849323917067,-0.37009130872054646,-0.04113598730136605,0.08575893885863875,0.1730885043390071,0.03206816842196105,0.04996786778541628,False
cohort_market,legacy|player_receptions,704,42,353,204,0,0.5454545454545454,0.5525736577634263,0.26988321985024544,0.7491608849818832,-0.0885289867293233,-0.09320354487369253,,,,0.1372769494595323,0.14419839114577204,0.16875380998946132,-0.033537401619779805,0.24590941071620662,0.2974546005190821,0.6894752287048024,0.8128244456252367,-0.19370616262880344,0.0010653069477397194,-0.19685587967812912,-0.014535792431043864,,,0.020496598275550577,0.30051039623074494,-0.11907674999374049,0.4393527107604218,-0.16717491341509366,0.12182342558251817,0.08261328523996805,0.20706075734609336,0.03813058311756998,0.056987853630302954,False
cohort_market,legacy|player_rushing_yards,415,42,173,106,0,0.4819277108433735,0.5531644160638353,0.2658450613580301,0.7361489621423594,-0.06477129517178448,-0.10181232064895984,,,,0.13170535936911312,-0.1449287343616503,0.29699324504757363,-0.3299429421198857,0.23708109235415242,0.2922553900834271,0.6679795574410029,0.7984953005593793,-0.184055034622198,0.047569508388659865,-0.23866222523781888,0.011486670557205914,,,-0.3463940085970389,0.06500405816415288,0.03027397565245607,0.6081271057482237,-0.6070848868699461,-0.05455898085032436,0.07357070500523476,0.21534028583902726,0.04756457050015559,0.06904594738811694,False
cohort_market,legacy|spreads,260,119,119,0,0,0.47307692307692306,0.5407837544866532,0.27086812718349673,0.7410554932108374,-0.0866230726725048,-0.08899164869976706,,,,0.13891150471916566,-0.12362680936554425,0.09289527411830222,-0.2949839570132957,0.24162984426233103,0.3011565930916974,0.6759503506469361,0.8076225518505611,-0.2147699886582445,0.03284153632054053,-0.25533096396984134,0.024628092592411166,,,-0.3124924039240654,0.0701926758213468,-0.6203179610767213,0.7043347733775802,-0.5360981701967483,-0.07200714460070919,0.07733954927526544,0.2423364457192855,0.06008746910948599,0.0888025300703492,False
cohort_market,legacy|totals,329,126,126,0,0,0.47416413373860183,0.5492336880334395,0.2760645267197399,0.7478076430554754,-0.10721433365463784,-0.11205531707735816,,,,0.14118956549570985,0.047586000575916575,-0.7538430680835846,-0.3114718517379037,0.2547738815007312,0.29559287895078,0.704844194699166,0.788278323800121,-0.20547335447668766,-0.02252099876419737,-0.24198959785596483,-0.02863480867056864,,,-0.15000759711254424,0.24887537150067338,-1.6845505407244072,0.25976203167793693,-0.5191751500357078,-0.09181087306280364,0.07202370789088723,0.23725698843926873,0.04639863374297265,0.07389853510329011,False
cohort_market,role-aware-equal-weight|atd,9,6,9,9,0,0.2222222222222222,0.3027304045033452,0.17419050158072283,0.5181908272516984,-0.007816473431325077,-0.007816473431325077,,,,0.19742072350752862,-0.7227007089050516,0.6360896041370646,-0.5388778529367838,,,,,,,,,,,,,,,,,,,0.25875646013086884,0.38472629830279637,True
cohort_market,role-aware-equal-weight|player_passing_tds,2,2,2,2,0,1.0,0.6596713890418613,0.11604963258697193,0.4162732811084282,,,,,,0.3403286109581387,,,,,,,,,,,,,,,,,,,,,,0.2935309916987909,0.6596713890418613,True
cohort_market,role-aware-equal-weight|player_passing_yards,13,9,11,11,0,0.38461538461538464,0.6162063764251082,0.30683262156054675,0.8173285900987974,-0.29636782609331,-0.36203749082974435,,,,0.23159099180972362,0.3628819297559676,-1.8002527594502418,-0.9619439237663154,,,,,,,,,,,,,,,,,,,0.1784416652814381,0.335246166841908,True
cohort_market,role-aware-equal-weight|player_receiving_yards,23,11,23,23,0,0.4782608695652174,0.5845944097412327,0.2636919661212458,0.7184436497245175,-0.05676553089499259,-0.11035895859098788,,,,0.19724385695816615,-0.2240830894919488,0.4101949685354961,-0.4463620634323754,,,,,,,,,,,,,,,,,,,0.11596204597106569,0.24072211782773137,True
cohort_market,role-aware-equal-weight|player_receptions,14,6,14,14,0,0.5714285714285714,0.5846491816692775,0.24561203675960624,0.684490393899731,-0.0029158167683922542,-0.01883511544725547,,,,0.11520720253565948,0.13815190563728955,0.4322311122094232,-0.05519944949769657,,,,,,,,,,,,,,,,,,,0.1749748745736102,0.32558739331675135,True
cohort_market,role-aware-equal-weight|player_rushing_yards,13,7,12,12,0,0.7692307692307693,0.6169015410096402,0.20839845829270898,0.6090742446636733,-0.17397798171559398,-0.30562889532781523,,,,0.15232922822112904,2.8161096310459324,-3.220399079770283,0.7313544285467656,,,,,,,,,,,,,,,,,,,0.15623922696841316,0.30927568839369296,True
sport_season2026,ncaa,670,109,283,0,109,0.46417910447761196,0.538503635103221,0.2702952738049446,0.7361628990527063,-0.08675893569167337,-0.09279233887503335,-0.06851726539177982,0.2680413492370973,0.25085354997873427,0.1474757742393406,-0.14310041163365494,-0.0027523827618268896,-0.31600604892260575,0.2558769273787462,0.2855037334682024,0.7050019884697699,0.7691423804637069,-0.15799055602139161,-0.024953607007997865,-0.20242653810851474,-0.03803897129178152,-0.1693105662994897,0.03801331294938719,-0.28266754481232775,-0.00330914294708916,-0.5195583326204619,0.4319775656266687,-0.4784125037059431,-0.16998120171095463,0.08874268984600163,0.21113546503106675,0.035257279383581634,0.05396820897896043,False
sport_season2026,nfl,4396,48,1920,312,831,0.4783894449499545,0.5289142093443651,0.251495429075895,0.7033747313189087,-0.007864472001707368,-0.06318030551342502,-0.038552893089133455,0.25700665026543024,0.24746611556872602,0.09498250603274633,-0.13886920797460015,0.4353621952844824,-0.23448530961149738,0.2434333860730894,0.26009107225748823,0.6851749993064328,0.7232307565903346,-0.04253522581047045,0.02475516975567735,-0.1052218179793027,-0.041385382692281654,-0.10036584891764384,0.006002198693039214,-0.20203752774256845,-0.07867877660741997,0.3295479567837417,0.5436713370604419,-0.3079765593588169,-0.16681708468445006,0.07887518950029869,0.1171703249743606,0.01494143682093401,0.022248016482983187,False
sport_market,ncaa|h2h,132,82,82,0,12,0.4621212121212121,0.4895632246368792,0.2358167784911115,0.6618727195554577,0.051288028531718544,0.05047606408018346,0.13467930504521286,0.2140332246950104,0.24734555170461237,0.03426199429103455,-0.12160159219217466,0.8593433341611777,-0.11926638425120989,0.20976855615573778,0.2646343402878115,0.6064422366756367,0.7226349013807445,-0.06355720691883232,0.15396865187269596,-0.10288293938621333,0.14497496304170676,,,-0.28288467976160936,0.025888131603044425,0.17296555863150426,1.712502102588224,-0.27623341575249405,0.028098507450198318,0.037175512833970144,0.15436450640800248,0.07835792827757017,0.12213450509792752,False
sport_market,ncaa|spreads,224,98,98,0,38,0.48660714285714285,0.5454785784075057,0.27894989034158263,0.757330698759774,-0.11660069387947747,-0.12562947675800262,-0.058311862261956504,0.26543911365789497,0.25081369974495543,0.18072597186004793,-0.0413898731722909,-0.065294655766688,-0.2564286091859735,0.25001881758511824,0.31062693189793833,0.6911341398549371,0.8305997300862746,-0.25719988974263985,-0.0008097832461082511,-0.3142452031464959,-0.005627466637619083,-0.22247004976669252,0.12834785377971591,-0.26602226801731077,0.20708686672504986,-0.9833060694007132,0.5229297994969102,-0.5159253597652569,-0.015954974488674774,0.10008466044579332,0.28204406832010376,0.06362416279195694,0.09681293566453264,False
sport_market,ncaa|totals,314,103,103,0,59,0.44904458598726116,0.5541015551076711,0.2786154243693365,0.7522925696235778,-0.12615776579834792,-0.12990977217502064,-0.11570033791659018,0.28070206866955044,0.2515927074053963,0.18095054520458004,-0.016392944398666284,-0.8642789777910354,-0.43439247805359826,0.2607875428456083,0.29590938590358384,0.7158574587073885,0.7880180392447647,-0.22387256205104786,-0.04412341976752959,-0.2665153648466026,-0.05065064687456437,-0.2151968318356744,0.01403548103434756,-0.20919893959224586,0.20108611099707582,-1.8772042947279926,0.07646630495418864,-0.6567707793801227,-0.2157130857451509,0.0956845026897878,0.26697722500258325,0.0465767823931219,0.07651992080304372,False
sport_market,nfl|atd,545,48,443,265,6,0.20550458715596331,0.2646990764364896,0.15917703291123325,0.4975368913106534,0.025083342946654263,0.02508334294665404,,,,0.09053691329393983,-0.6723535082087113,0.6508145818138756,-0.38122623647466847,0.14422836870892855,0.17403100621583573,0.4582126432548317,0.5361638104666863,-0.06642223326820271,0.10604793573141141,-0.06642223326820272,0.10604793573141141,,,-1.0115812499828702,-0.3572532125264637,0.40195172161203646,0.9338256690490209,-0.6377481273773111,-0.1575413643573607,0.06771411642644694,0.13098188782092657,0.03671614021244051,0.05565498844001176,False
sport_market,nfl|h2h,59,40,40,0,4,0.4915254237288136,0.5032718063603543,0.23910754486771738,0.6701051291999776,0.04329498427066181,0.04301050463470302,,,,0.13214649996035893,-0.046647624667431976,0.7544481125988121,-0.051193305799195656,,,,,,,,,,,,,,,,,,,0.12905765326085095,0.185977749175001,True
sport_market,nfl|player_passing_tds,155,47,82,37,16,0.5032258064516129,0.5534736718317232,0.25927863992337286,0.7182624410706947,-0.03715772963020858,-0.05651851198204194,-0.09533091357597967,0.31010127833609524,0.28311195684571033,0.12736787297020738,-0.04785866460998709,0.26471153106471085,-0.21865286313644172,0.2322106299632546,0.28974773549659283,0.6570394691876394,0.7872864060270892,-0.1624217094120594,0.06848535229563442,-0.20988060201492095,0.05117165066511607,,,-0.33125357695155583,0.1925829736334092,-0.38919781428457734,1.0236329695477806,-0.4736639115391652,0.01784944525021654,0.06925241731313604,0.2390653089952516,0.07732242980861108,0.11782610714355368,False
sport_market,nfl|player_passing_yards,334,48,83,37,83,0.4820359281437126,0.5799440989293863,0.27186970489715656,0.7483007907114787,-0.08888438586533565,-0.11247016133858989,-0.04765650917300923,0.25979581002868035,0.2479780421865139,0.13452263994275795,-0.05910250379397926,-0.038943463335267645,-0.4156556939924068,0.24391958804877298,0.30276543916257687,0.6869010356328558,0.8223520236829828,-0.26227100468518094,0.008529915205715746,-0.34854304413591314,-0.010278851282468957,-0.2924228979462277,0.1384424261042933,-0.4056775837633875,0.26323966517104747,-0.6325951354795614,0.6282835353806663,-0.8305370070254989,-0.040499347424980854,0.06601137613260301,0.24716507207328275,0.04628998985287323,0.07256794834111036,False
sport_market,nfl|player_receiving_yards,1420,48,484,223,331,0.5091549295774648,0.569135557850221,0.27331487853283937,0.7524203884417738,-0.09362615332975599,-0.09378438165791181,-0.11204262059457748,0.27871233092544156,0.25063097921230937,0.1358453328841132,0.0008540952457652716,0.11551473487892944,-0.26788552358105994,0.2619566113640096,0.2840453456643815,0.7237568620865907,0.7782392503056595,-0.13713676314330575,-0.04971821586333559,-0.14045373780536555,-0.05137023138618919,-0.17002977230957833,-0.04467796310789897,-0.13215589302098812,0.11486552213795898,-0.0249185307234571,0.26758885080739037,-0.40692961023880153,-0.1400164140541482,0.09733812660253216,0.17215245317156247,0.02578347484549005,0.03810174597867672,False
sport_market,nfl|player_receptions,966,48,474,223,168,0.5507246376811594,0.5660864813991582,0.2641229478911272,0.7352252824142422,-0.0674782299742418,-0.07023568668541413,-0.03484420317967696,0.24752836544127632,0.2391938464560338,0.11184669071994222,0.14581629672539767,0.20208603797537897,-0.07141536898267872,0.24585185285455624,0.28499644817013314,0.6913985413891997,0.7858521490106685,-0.14852349920333566,9.11411022925285e-05,-0.15284380155821728,-0.007443194156912802,-0.11935000151116629,0.033164061022641377,0.03219041531222727,0.27618268706873383,-0.045557299470907676,0.43493320814471553,-0.19699083033751752,0.052319181612125745,0.0694365229546864,0.16677943674741638,0.03270212311415317,0.04776192938150757,False
sport_market,nfl|player_rushing_yards,657,48,227,113,178,0.5144596651445966,0.5687723553944346,0.2515198189278662,0.7006274879473654,-0.006921391927384946,-0.03721189107136125,0.058659476435371394,0.23077626941170382,0.24515705383404718,0.0977178530893322,-0.08011978121158833,0.4537636981470907,-0.24844064330236262,0.22826050385548946,0.2737894287245594,0.6470588768619245,0.7521700988594697,-0.09934556785678701,0.08060996686403457,-0.1402369052609575,0.04922084810824014,-0.12163235905169062,0.21550256895207606,-0.29271220871971326,0.10271224465612983,0.18807081680993148,0.7837118290284796,-0.5056818038383887,-0.02869284831527289,0.05456786373429261,0.1677586592745985,0.03794023546562392,0.05479174629684121,False
sport_market,nfl|spreads,122,42,42,0,23,0.5327868852459017,0.5480299170602803,0.22541682558189036,0.6446181576400014,0.09443885777034922,0.09412568401905186,0.26684750017643255,0.18121971057412345,0.24717873923601683,0.098755210809165,-0.16608624858853077,1.5123765035381505,-0.06454238724597491,0.18865452985403863,0.27009887588721254,0.5668498783187852,0.7419964017395391,-0.08974375920204396,0.22482419433312772,-0.18542296960614288,0.19243657578530504,0.034115787968530584,0.43958353730737876,-0.6986160345220358,0.2616953530967958,-0.1954509027821705,4.503621350874571,-0.477883062143534,0.34399154185834274,0.06049079336141577,0.22751451082860044,0.0808496271333647,0.12911757489289238,False
sport_market,nfl|totals,138,45,45,0,22,0.47101449275362317,0.5515069732894967,0.2733560766230753,0.7424501363351474,-0.09711130099259146,-0.1233695095346301,-0.0858769118026359,0.26901936480268634,0.24774388503766448,0.14445237440040118,0.029299850331683717,-0.6930003768746472,-0.3327985302453155,0.24065705558806233,0.30849385103226434,0.6743661964870878,0.8162300407352624,-0.2947067903685474,0.028718801499147812,-0.5199850971079611,0.013923556515440838,-0.3033477498858732,0.19947542824364095,-0.33097344287618985,0.4088284966757808,-2.683969154194428,1.1739192494450454,-0.7365672268291356,0.07340473421775513,0.06203522262136841,0.3013143494542026,0.06703739367635854,0.11586155013443297,False
obs_week,2026-W38,1442,15,752,251,0,0.43619972260748957,0.46813868579709633,0.25077811801768707,0.7012139039977285,-0.019715377488095598,-0.11574966249339469,,,,0.10463483050979785,-0.19788627969665418,0.40677837981673104,-0.15576194050525033,0.23626937280977206,0.2639973373210686,0.67011503925447,0.7311206282573821,-0.07279836863593883,0.040102643810026886,-0.20047750634205838,-0.0743822672237535,,,-0.2553006423315263,-0.14171698650476341,0.28710994407304496,0.5535557909486437,-0.22701016988737402,-0.08905849721339397,0.06840568824589756,0.1448907447870231,0.027371253302966494,0.039231648164347266,False
obs_week,2026-W39,1770,72,787,236,0,0.480225988700565,0.545275638981182,0.25992937510439024,0.7215505432012129,-0.04134621389327897,-0.08779947312156078,,,,0.1055739693894226,-0.1407304944382272,0.3250873735941202,-0.2908079389318399,0.24730334072796561,0.27087350632439827,0.6906269407334343,0.7474338519559056,-0.0888131871892058,0.010196867176307262,-0.16024984459269231,-0.058606484607127175,,,-0.24320622923307436,-0.05609776530568048,0.1843902889540865,0.5551582842398824,-0.4015284832470155,-0.18820440818479905,0.07722693511626189,0.1379980482939477,0.024090422191999795,0.036225022855669364,False
obs_week,2026-W40,1476,69,690,223,741,0.497289972899729,0.5664422362254568,0.25244893982729044,0.7030258503663878,-0.00982542493808447,-0.04485140050283398,-0.05155495881792582,0.26255469519904107,0.24968233281328836,0.09247925807478584,-0.14314761034918175,0.4695843991653774,-0.30589679932589586,0.2425485752736618,0.261686151943957,0.6798499715972954,0.7249020811748765,-0.048094795241166916,0.029129645576650914,-0.11777217707133183,-0.03524447394195538,-0.1007467484311984,-0.009745681650245126,-0.30909439842570874,-0.026637382215542564,0.3111101155591633,0.7430373747734944,-0.44753546612513906,-0.17430028967284808,0.06702396846469896,0.1231853274128752,0.024362207884551523,0.03984953593393563,False
obs_week,2026-W41,378,5,92,28,199,0.5317460317460317,0.5546076540002842,0.24433879461796598,0.6859878176496723,0.018688918959061995,-0.11937387965012825,-0.005487152862889255,0.24239198138154122,0.24106919784244565,0.1513654946712573,0.008800503791697844,0.5021892467216595,-0.10648379119919853,0.2205629250791341,0.2846204746189878,0.6395567485189133,0.7625568702780839,-0.17545947953283503,0.11774504941931563,-1.8034849751401238,-0.11092521564151303,-0.23162761552791156,0.047576224811325285,-0.30054193313412225,0.2964799668427408,-3.203753230941221,0.6824659471630111,-0.46404872515944573,-0.04424362856793713,0.10816686667662961,0.42922299886788656,0.05081216278600637,0.07441205632772002,False
odds_band,1.67–2.00,3536,157,1391,263,759,0.5025452488687783,0.5594707765314123,0.26959415869401704,0.7399667227600037,-0.07840457965426739,-0.0886631789351695,-0.047208440795571294,0.26214613450636237,0.25032851559829694,0.1263082410601452,-0.004647256552903528,0.06056755214060417,-0.2467357766854202,0.26169366738626687,0.27792590621780916,0.7232217445346326,0.758364113820551,-0.11221871658692736,-0.04730687139196882,-0.13530293711120528,-0.06755913627590579,-0.11109737252679376,0.000517236447364041,-0.061531115678969066,0.05382192108454188,-0.10070515168439126,0.21891926226535674,-0.32720167763228986,-0.1746367418571369,0.10088605819071662,0.1524706412208337,0.016577596856978218,0.026100767098687035,False
odds_band,2.01–3.00,539,88,470,208,82,0.42857142857142855,0.45509307108596914,0.26390294617612464,0.7333072730936993,-0.07760369688584245,-0.11572016748531344,0.04384358206903083,0.2572072940523928,0.2690012734621023,0.08847135350752476,-0.2872829538284181,0.001947280684896341,-0.11619381309124692,0.24865362984699185,0.278349766481399,0.6983179475873778,0.7657168635994285,-0.13983881671971896,-0.019846382653261947,-0.21807889491858426,-0.07425412292352107,-0.06663301457185512,0.16997938162718065,-0.5014194307469512,-0.047888062377976444,-0.3154204420831443,0.2959267444232114,-0.3427638845180501,0.10731351093323677,0.06275034928552542,0.14854267698761603,0.040497166973089145,0.06023458099783987,False
odds_band,<1.67,506,87,415,199,89,0.6620553359683794,0.7072528648319953,0.24597961525711323,0.7063436715617836,-0.09940886396037785,-0.14214308458239278,-0.10658795478821115,0.23186625801808927,0.2095326060751004,0.1356752579712614,0.5491626390057485,0.1207413520259674,-0.2370025378261892,0.22118724462348205,0.27283520424700314,0.6454788382741442,0.7739442574342907,-0.16855029736347849,-0.03065104685364424,-0.26776156567832216,-0.08869313228486028,-0.30524078721471154,0.03716270263143676,0.2795097573359488,0.8375657481525384,-0.06885566581978404,0.3292341518773773,-0.4938572176155778,0.023772584875380625,0.09501046416964105,0.18424555345969945,0.039274536191268694,0.05898713145717126,False
odds_band,>3.00,485,83,412,220,10,0.1463917525773196,0.21536189497234196,0.13747921900179888,0.4455249722806112,-0.10017518165945916,-0.12831104859522813,0.08262309493382725,0.20930222711809118,0.22815292816096527,0.08571754944994461,-1.3252850702223982,0.3147324679338017,-0.5094062224373179,0.12043672695962412,0.15717870325692146,0.40152313986813665,0.49465775605861745,-0.23441610413846878,-0.013096664754281692,-0.2806483126837694,-0.05121185127750242,,,-1.9302159057683046,-0.7816217843065405,-0.03474328746421835,0.7077053647774171,-0.8546495686764335,-0.24587080665379266,0.053984743410266905,0.1264218683508317,0.03371382710770582,0.052405294235087906,False
alt_line_proxy,line_far_from_family_median,150,41,114,85,32,0.4666666666666667,0.614655626039815,0.2454307987718729,0.7119810606652406,0.013894112077296294,-0.03094281798186871,-0.005268793560732954,0.2506632185605412,0.2493494477956233,0.1691543648870695,-0.5084022872185091,0.5489720272252411,-0.8129992140040583,0.20648804149925656,0.28059208841380734,0.6098736880664813,0.8131117582457411,-0.1526638117507012,0.16905802892967187,-0.3041407020216083,0.07817108986376016,-0.19306932240857827,0.19633200789134964,-0.9496874543892724,-0.1812551960613999,0.31843211034452196,0.8482106954597618,-1.203493481678761,-0.4813791486477845,0.12745021587180272,0.24991496610963884,0.07872185680073787,0.11809953473591966,False
alt_line_proxy,near_median,4916,157,2189,312,908,0.47681041497152155,0.52760495441233,0.25424270135296306,0.7075808181740134,-0.019163053079557013,-0.06819305008121868,-0.043374481164228484,0.25855485731660666,0.24780638398219537,0.10001526022044967,-0.13730512056034838,0.4068872451135841,-0.2316654655614623,0.24661491496653085,0.26130924406069717,0.6898594508338537,0.7241064363805626,-0.048859589881571394,0.01201149244874595,-0.10499995562423337,-0.046831367409414106,-0.10274699955093113,0.001154381854154083,-0.20067489862946233,-0.08114083700806887,0.3104071932600593,0.5171870144507709,-0.3057479696322355,-0.17260178144348354,0.08224828219078623,0.12261499093697201,0.013662929031118654,0.019725419920874364,False
quote_age,quote1-6h_old,44,23,44,22,7,0.45454545454545453,0.5724063067788601,0.27054558566196674,0.7539713264538214,-0.09120052883659935,-0.42848069229518426,,,,0.22428442156888018,-2.1572903950821205,1.3896525815620686,-0.5194616249455841,,,,,,,,,,,,,,,,,,,0.12219147664035238,0.18903471182884138,True
quote_age,quote<1h_old,3454,157,1503,269,873,0.493341053850608,0.5577088206700827,0.2541935572575648,0.7072403008068535,-0.016954602459889445,-0.05123897043514414,-0.0422536627524881,0.2574443984790247,0.2470074298411576,0.09600412909367198,-0.1313061726560519,0.4261505836446509,-0.28636930882525463,0.24623625959453416,0.2628808520759366,0.6896749612004296,0.7254774019390574,-0.05297997038464995,0.014907964965307465,-0.09559627425236203,-0.03307398387985965,-0.10454922746681829,0.008557659650071034,-0.2125211910911069,-0.06710865127448604,0.2956951060801215,0.563915129502647,-0.37367031332706063,-0.21186299895298166,0.07757778295605665,0.12113058567834153,0.016982220645868216,0.0257358599844318,False
quote_age,quote>6h_old,1568,18,861,271,60,0.44005102040816324,0.46836234419914013,0.2530505019962958,0.7074500790130075,-0.02696516691449724,-0.11785337633209325,-0.03659535615679199,0.2696313226239322,0.26011241611538594,0.11014034984566413,-0.18473465612892348,0.3835376097573063,-0.1384939109995818,0.23940283410377677,0.2648326876161724,0.6774474794770956,0.7343030052308409,-0.0751115934022142,0.02797488641998176,-0.18824261124440686,-0.07972025884950676,,,-0.24574612393751016,-0.12936036894854283,0.2761110361723097,0.5160976106150721,-0.21474775448286637,-0.07156771604397258,0.07997676464467908,0.14438346250020848,0.026104124372682586,0.038102736525211595,False
time_to_kickoff,2-24h_to_ko,2295,88,1170,272,173,0.45359477124183006,0.48056818433869275,0.2551217907943125,0.7146818918733359,-0.029353791332415557,-0.10101385219925074,0.042973664983555926,0.22824226826632252,0.23849110511927632,0.10604744925272436,-0.1543220183039118,0.3609942159963716,-0.13031747229046137,0.24178690077627238,0.26652018898946495,0.684076947120568,0.7416280937795878,-0.07682510774126246,0.026661344958126183,-0.15929028325810463,-0.06413789969761986,-0.0874582208389517,0.10163183496930354,-0.2116861917544155,-0.09882021924528678,0.2502212903459456,0.4969248834625761,-0.18997803143867575,-0.06658953788257815,0.0765146110469115,0.13808861123541824,0.02134931050303041,0.03250480136455216,False
time_to_kickoff,<2h_to_ko,263,20,138,34,118,0.467680608365019,0.4667226853645677,0.2780757264057474,0.7622960762116505,-0.1169697978954205,-0.2327117115971824,-0.07168223897131543,0.2732313244824574,0.2549555405011902,0.16388942399844547,-0.10906448109382604,0.11531791449261342,0.0044798997571908975,0.23833158625130213,0.30231481897432455,0.6632376392940608,0.8116026303379924,-0.22101057826277756,0.022590411170863477,-0.4698671894829048,-0.04986231799627206,,,-0.32363709146049685,0.014565863708408747,-0.19401388228915994,0.6631370963405641,-0.2590677942089986,0.12522766921267434,0.13264746294241084,0.2435260215370574,0.06215846387849224,0.0910814606152762,False
time_to_kickoff,>24h_to_ko,2508,136,1220,257,649,0.4984051036682616,0.5822377394293483,0.2504120070770688,0.6956083139355127,-0.001658219957529683,-0.04319529366076691,-0.05826495442901347,0.26357754196981875,0.24906573809016658,0.09505569973313152,-0.2219223264487941,0.6153578687732569,-0.36354116865020136,0.2434989604723728,0.2583476548251036,0.6797052377130388,0.7131680171998033,-0.0357698878899091,0.02544439219257223,-0.09614737307827527,-0.030412515587500938,-0.11581110234213045,-0.005021440965047327,-0.37217341983595525,-0.0997863807153252,0.44167082922663775,0.8394126595697727,-0.483293249110387,-0.26987069061958235,0.07642244921112332,0.12133951182570371,0.018515507461317512,0.029601893056405554,False
prob_range_pooled,.3-.5,980,116,809,222,131,0.4642857142857143,0.41327553989642407,0.24790541746675607,0.6891469724489052,0.003293090800324361,-0.053407579013770023,0.058784198142423416,0.23652378517380107,0.25129602021874203,0.05101017438929043,,,,0.23919479050233455,0.256709715498781,0.6713124225297121,0.7071852749555605,-0.027179139776614257,0.02498675509376694,-0.1298729126255035,-0.04029252370327621,-0.06381316887421849,0.11679993077542532,,,,,,,0.021346692585279742,0.09907385141123398,0.01700369758038464,0.03525837391052434,False
prob_range_pooled,.5-.7,2828,157,1394,254,655,0.5056577086280056,0.5989442649104367,0.25884215501194,0.7115580345334133,-0.03550120424232994,-0.04764008310036427,-0.03691311610413339,0.2601812622079346,0.2509190578912549,0.09328655628243031,,,,0.2539909720579657,0.2642357440593842,0.7016535046261669,0.7226386213876606,-0.058206417789280145,-0.018690090569979338,-0.09290045224860086,-0.03852366139755269,-0.09947759473309503,0.01628574146803551,,,,,,,0.07291349148883193,0.11797908397750172,0.010557646288363552,0.02048662559981044,False
prob_range_pooled,.7-.9,502,75,395,186,90,0.5517928286852589,0.7694147861506034,0.29815800435189155,0.8203721050339764,-0.20556774534607425,-0.29307058576791123,-0.16847656102491704,0.2691640348560963,0.2303546719157138,0.21762195746534468,,,,0.26764532744870506,0.33612995409354884,0.7509759328598293,0.9043817894113025,-0.34651228064524886,-0.12317555839552408,-0.49995079325881014,-0.2486284026877436,-0.35229750928843107,-0.04240578173246784,,,,,,,0.16084006105759333,0.28613003646302254,0.01982752026871253,0.042335181012822284,False
prob_range_pooled,<.3,677,71,581,256,48,0.2880354505169867,0.18695345978267147,0.2111023039422627,0.6265370216061746,-0.02941065925687103,-0.20949054688333812,-0.12821811775535474,0.2828564354087848,0.2507107721080934,0.10108199073431516,,,,0.18499057618348586,0.2336006186487944,0.5619769570640205,0.681731554470374,-0.07148406937301884,0.011334029704197203,-0.34901811207097666,-0.16285179938797628,-0.3828484816833555,0.07268090761846357,,,,,,,0.05680600084660626,0.1377916331249307,0.019302254513382803,0.03618818209496722,False
prob_range_pooled,>=.9,79,35,75,57,16,0.7215189873417721,0.9400781596367677,0.24211693952149982,0.780024635802275,-0.2049855020364275,-0.42259552760190955,-0.21502686396155024,0.223988674798795,0.18434874276646707,0.21855917229499539,,,,0.15752267279700052,0.32396680313058923,0.5260794991988822,1.0280854119455018,-0.3819239281240689,-0.06947617740576044,-1.0260326577973788,-0.26899968655616147,,,,,,,,,0.12049507713223517,0.31616798516003486,0.022737898340561658,0.05992184036323247,True
prob_range_market,atd|.3-.5,110,37,87,62,1,0.20909090909090908,0.3939692363523257,0.192475274574874,0.5751064929459909,-0.16389346444576502,-0.16389346444576458,,,,0.1848783272614168,,,,0.17578692313689676,0.20966963059489002,0.5406853849187658,0.6106056745656407,-0.5616533062290239,0.006579898507813982,-0.5616533062290235,0.006579898507814317,,,,,,,,,0.11273462686048895,0.2616364305100397,0.05006978920699634,0.1032086763534569,False
prob_range_market,atd|.5-.7,54,32,43,29,3,0.42592592592592593,0.5857565325477913,0.24913145025397887,0.690204098558305,-0.018888231333243244,-0.018888231333243244,,,,0.21375827985821316,,,,,,,,,,,,,,,,,,,,,,0.07686429925187842,0.15661209051215721,True
prob_range_market,atd|.7-.9,6,4,4,3,1,1.0,0.7501078851405705,0.06417800061631797,0.28900430639859886,,,,,,0.2498921148594296,,,,,,,,,,,,,,,,,,,,,,0.18761510639215678,0.36267008370043397,True
prob_range_market,atd|<.3,375,46,310,201,1,0.16,0.17278101490855163,0.13797609710926192,0.45037558501255215,-0.026607865396294228,-0.02660786539629445,,,,0.042569871853176705,,,,0.11714351880812018,0.1624248980865601,0.39398102727554146,0.5137016862643246,-0.09150030954319492,0.027233127967227773,-0.09150030954319492,0.02723312796722777,,,,,,,,,0.01371213468743012,0.09057799912947014,0.02672396310139712,0.046439712958461034,False
prob_range_market,h2h|.3-.5,88,88,88,0,11,0.4318181818181818,0.40287339739902833,0.24172991854650316,0.6760966840109266,0.014759742513620666,0.013271592258644938,0.1687388885292358,0.2617987254924377,0.3149416252965724,0.040305916330304496,,,,0.2216949774073192,0.26395585034124486,0.6349740368003262,0.721691902591,-0.06076013272889762,0.05368929498613947,-0.10249755931448211,0.04693611364602208,,,,,,,,,0.012072229070073801,0.14523597035544547,0.060529542545954225,0.11878261353074343,True
prob_range_market,h2h|.5-.7,84,82,82,0,3,0.5476190476190477,0.5996925040800202,0.24998029731469404,0.6932156001012385,-0.009073785956797087,-0.016199752617054974,,,,0.05207345646097263,,,,0.2267742897037648,0.2741723390342527,0.6450809147871013,0.7433544083757335,-0.11407675919677258,0.043549952444773096,-0.15695703553121623,0.03457733155123685,,,,,,,,,0.014604130401491404,0.15976117697727898,0.060921907095303623,0.12660393377382614,True
prob_range_market,h2h|.7-.9,8,8,8,0,1,0.625,0.7743114898523185,0.24943051498129137,0.6998522276140838,-0.06423686392017647,-0.36053008171613476,,,,0.1493114898523185,,,,,,,,,,,,,,,,,,,,,,0.17459665020625206,0.2763511417376992,True
prob_range_market,h2h|<.3,11,11,11,0,1,0.09090909090909091,0.20853281769765591,0.08810345287682948,0.32526956197644113,-0.06605177980963672,-0.162965577974149,,,,0.117623726788565,,,,,,,,,,,,,,,,,,,,,,0.14770905333668172,0.26066581947076817,True
prob_range_market,player_passing_tds|.3-.5,47,31,39,27,4,0.3617021276595745,0.42673158032572295,0.246118340887924,0.685632723683331,-0.06603022553220406,-0.11300230712851622,,,,0.08724667492500715,,,,,,,,,,,,,,,,,,,,,,0.08271226421794024,0.16807247401116307,True
prob_range_market,player_passing_tds|.5-.7,77,44,58,33,6,0.5714285714285714,0.5972872806273855,0.2583117705892281,0.7109091981690935,-0.05477306323934816,-0.06662444597237438,,,,0.1348635803333011,,,,0.2321447339238813,0.28534530316291573,0.6568335841036324,0.766944980587624,-0.16412140061910044,0.003415493573092447,-0.2787269056120286,-0.009352067740632533,,,,,,,,,0.03362343827637924,0.27515705769220034,0.06180711630044169,0.13022935332973976,True
prob_range_market,player_passing_tds|.7-.9,24,18,20,16,3,0.5833333333333334,0.7499551073654596,0.27694030096162886,0.7698975569836671,-0.13941152395641598,-0.14034241572435402,,,,0.16662177403212627,,,,,,,,,,,,,,,,,,,,,,0.09502259508152779,0.2081545596258572,True
prob_range_market,player_passing_tds|<.3,7,6,6,6,3,0.42857142857142855,0.24885595336120075,0.297721943991528,0.8411986751732733,-0.21569793796540626,-0.47109666442872666,,,,0.17971547521022782,,,,,,,,,,,,,,,,,,,,,,0.17178790339534383,0.3584432812095554,True
prob_range_market,player_passing_yards|.3-.5,44,19,31,26,8,0.4318181818181818,0.4109339146533167,0.24918967719369584,0.6925464303651613,-0.015644663256831892,-0.14541076404595077,,,,0.08900365542968411,,,,,,,,,,,,,,,,,,,,,,0.08399788782999178,0.1609963445703159,True
prob_range_market,player_passing_yards|.5-.7,265,45,72,32,73,0.49056603773584906,0.6077116595592365,0.2672751688815699,0.7291507561371176,-0.06948140938508507,-0.08417616440856324,-0.06706924348488474,0.2637654928372765,0.24718685731758025,0.11714562182338745,,,,0.2392244740365543,0.293067821721374,0.6719891870847476,0.7814212704732684,-0.2450251855699559,0.0016683214586008124,-0.31367361954671324,-0.011819565054794116,-0.27786548044564646,0.12831033548207613,,,,,,,0.02557408549260143,0.23009842028236735,0.03464447036513049,0.06517703985202114,False
prob_range_market,player_passing_yards|.7-.9,14,11,12,11,1,0.42857142857142855,0.7830916485130415,0.39507858118142913,1.0642873338002705,-0.6132375398241692,-0.7284687926687523,,,,0.35452021994161287,,,,,,,,,,,,,,,,,,,,,,0.12310038683478776,0.22995109897292312,True
prob_range_market,player_passing_yards|<.3,9,6,8,8,1,0.4444444444444444,0.19838437220296606,0.3851252997227576,1.239487418857783,-0.5597574638771683,-0.5755125897749174,,,,0.5372702916729915,,,,,,,,,,,,,,,,,,,,,,0.15835331921694693,0.2502222850749394,True
prob_range_market,player_passing_yards|>=.9,2,2,2,2,0,1.0,0.9139522927310595,0.007494025733415114,0.09003067115339669,,,,,,0.08604770726894051,,,,,,,,,,,,,,,,,,,,,,0.13117530337901598,0.4139522927310595,True
prob_range_market,player_receiving_yards|.3-.5,222,29,175,146,24,0.5180180180180181,0.41052967789277867,0.25633240848841937,0.7062534707984351,-0.026662854119728685,-0.02754287342536821,0.032932282076721164,0.25006187312558187,0.2585774175799964,0.10748834012523939,,,,0.24017117025032336,0.2719334379493505,0.6726905479606413,0.738624676620837,-0.12183132935214436,0.02855572677706701,-0.15014416790813156,0.024709528469073528,,,,,,,,,0.036592780458175676,0.1832017049772242,0.0357331915752025,0.06694779958469885,False
prob_range_market,player_receiving_yards|.5-.7,933,48,388,197,247,0.5069667738478028,0.6030584497427985,0.26060681245943446,0.7152644288567621,-0.042629669873152976,-0.04264438941719395,-0.06477746828415665,0.26675305418354905,0.25052469847376674,0.09609167589499565,,,,0.25070489878641805,0.27104147210215895,0.6948867028243373,0.7368017204683543,-0.09148116075220623,-0.012661185963703383,-0.09927599398585008,-0.014673842552022004,-0.14442918484785833,0.028348326135926805,,,,,,,0.055228432782358006,0.14521572228888446,0.016412703351398022,0.03428932016351117,False
prob_range_market,player_receiving_yards|.7-.9,129,32,92,81,28,0.4573643410852713,0.7785732220182557,0.3530624795012286,0.9487069984085768,-0.4225938792687518,-0.44109110278568653,-0.35164629791737867,0.34737353970335444,0.25700032637132125,0.32120888093298433,,,,0.3065794841444598,0.41157781807151206,0.8408050111931803,1.0810816374582175,-0.8192230236261994,-0.23391067538454888,-0.8544444952773746,-0.2591837913971822,-0.530256076812373,-0.153354681728318,,,,,,,0.24420921219617578,0.4316281985914556,0.03983138165194142,0.07632046238146938,False
prob_range_market,player_receiving_yards|<.3,100,24,87,79,21,0.5,0.19998471233739637,0.3376177689998912,0.9361533266028883,-0.35047107599956484,-0.3510649507031707,-0.3903393545500171,0.3366146226902266,0.2421096846526162,0.30001528766260377,,,,0.28279959532743404,0.39727848854274034,0.7993223627039825,1.0943977426318157,-0.656347836663176,-0.17349759016801078,-0.7021264566318052,-0.1837565295217662,,,,,,,,,0.21209792654942963,0.40010561800690586,0.04976623149038559,0.09001528766260375,False
prob_range_market,player_receiving_yards|>=.9,36,20,34,32,11,0.7222222222222222,0.9429709214164254,0.24300944588618853,0.7863453747697782,-0.21130862257115512,-0.3085124009256306,-0.3763253739411698,0.3244478190710813,0.2357348234756512,0.22074869919420317,,,,,,,,,,,,,,,,,,,,,,0.028600759075922612,0.05702907858357461,True
prob_range_market,player_receptions|.3-.5,220,42,195,144,37,0.5181818181818182,0.4228114742935177,0.2587147878989116,0.7117064671360398,-0.036229372253171466,-0.04162141869484648,-0.011281734157299494,0.22806186110762572,0.22551763114526094,0.09537034388830043,,,,0.24134586386103102,0.2752971417301572,0.675955865604968,0.7455469190576499,-0.14450941044739787,0.017897909795907375,-0.16358087168188595,0.013396644651834093,-0.10249925775261404,0.07846861434162478,,,,,,,0.0266955906174906,0.18843047518653416,0.035509290552222385,0.0817339802519368,False
prob_range_market,player_receptions|.5-.7,435,48,324,179,85,0.5471264367816092,0.5996847708549631,0.2487137469396469,0.690913256398549,-0.0037721017927458966,-0.014979849262226175,-0.011002266423566276,0.25452159315961875,0.2517517532972426,0.052558334073353696,,,,0.23501672961178238,0.2621223523200178,0.6626418590203528,0.7187906583031122,-0.04916397260741689,0.02296921304276553,-0.07493278381246338,0.01670145801326919,-0.1199626390902241,0.08333681536471982,,,,,,,0.00996146192742336,0.1099007975607927,0.027896787647153233,0.05715603522277899,False
prob_range_market,player_receptions|.7-.9,209,46,173,127,37,0.6124401913875598,0.7680923911639871,0.26494702514300233,0.744142332351152,-0.11623755837880823,-0.14010718484963558,-0.11444736289599011,0.2420053394562502,0.21715277680533776,0.15565219977642714,,,,0.2199594533496625,0.3131191508756989,0.6417761799114209,0.8513126217459477,-0.2545815788873564,-0.03346590615291261,-0.2998335454507039,-0.0494652851407778,-0.2872267265340411,0.10682096154719505,,,,,,,0.07059976342883198,0.2451711411671379,0.03230742919146893,0.060182673578688645,False
prob_range_market,player_receptions|<.3,86,20,81,78,8,0.5,0.20208482038938821,0.33318590446670415,0.9169814928477181,-0.3327436178668166,-0.3360343428492041,,,,0.2979151796106118,,,,0.2578991323194459,0.39950389320850954,0.7311032380191895,1.0845804950439135,-0.6947610916910345,-0.09750617237294273,-0.7117320247495658,-0.1120808674609602,,,,,,,,,0.18521113614188442,0.40999104870378833,0.054334319107653836,0.09540448493673181,True
prob_range_market,player_receptions|>=.9,16,10,16,16,1,0.5625,0.9404710661464586,0.37544489795611913,1.1699236039103642,-0.5256173631232777,-1.0145823792767366,,,,0.3779710661464586,,,,,,,,,,,,,,,,,,,,,,0.043123923890756304,0.1279710661464586,True
prob_range_market,player_rushing_yards|.3-.5,84,20,66,55,14,0.4523809523809524,0.4042391194066676,0.24248086339601438,0.6777032760732109,0.02119852853416626,0.009434683107662378,0.22453939838019865,0.1933387285909886,0.24932114950409842,0.07650694895512912,,,,0.21713144397787779,0.27588073565210336,0.6255500476368356,0.7465237564285213,-0.13615526936612893,0.0765955971162715,-0.18408595890669313,0.0584474016109635,,,,,,,,,0.026040321576908193,0.19440969109552672,0.05752099224922233,0.10789342210666006,True
prob_range_market,player_rushing_yards|.5-.7,415,48,163,82,132,0.5253012048192771,0.6010508353565174,0.25590089036197083,0.7054520812426733,-0.026231333362604747,-0.035415130553756,0.012147024172874943,0.24899240168038353,0.2520541090357128,0.07574963053724056,,,,0.2399430997357231,0.27287445978741304,0.672716373798079,0.7402024346639868,-0.10495418563052855,0.007300274664146535,-0.12069756742579138,-0.0041414813021408165,-0.11477179272820326,0.11910064878958808,,,,,,,0.020074331621697476,0.15466749944015407,0.029173673865333653,0.05433919903600358,False
prob_range_market,player_rushing_yards|.7-.9,74,26,54,47,15,0.581081081081081,0.7786611631422925,0.2839791947649742,0.7904604226006532,-0.1665942014501114,-0.2760114974737564,0.152275739491593,0.19040573010124673,0.22460809365896217,0.19758008206121122,,,,0.205597063655052,0.3748371174965299,0.6031622361624968,1.0058498494780717,-0.5468755437138727,-0.005936994038725833,-0.8561946832047143,-0.04653135642871363,,,,,,,,,0.07045253604581363,0.3596320159733521,0.05507106925687334,0.10881446783165379,True
prob_range_market,player_rushing_yards|<.3,62,20,53,49,13,0.3387096774193548,0.19317182013325077,0.2279787906640378,0.6482330311738873,-0.01782865425384572,-0.34981852298443483,0.17654357471893956,0.20260504444093405,0.24604221695371595,0.14553785728610408,,,,0.15740412388946315,0.3029170449066164,0.4775336955364456,0.8214677585571166,-0.21782762659777996,0.08677316012347333,-1.0900734204341098,-0.04911979388282073,,,,,,,,,0.061440440435596565,0.27296210410029625,0.06170936031622085,0.1162866906899817,True
prob_range_market,player_rushing_yards|>=.9,22,19,21,19,4,0.8181818181818182,0.940621630465341,0.16055061710666116,0.5426387031968419,-0.07925692610588908,-0.1353222209685323,,,,0.12243981228352284,,,,,,,,,,,,,,,,,,,,,,0.04106899050649998,0.07698526682897738,True
prob_range_market,spreads|.3-.5,69,54,54,0,15,0.5072463768115942,0.4228127227321202,0.24588751767696285,0.6848616451908526,0.01624330112603356,0.003176837537326227,0.11603380773833205,0.22057928861060622,0.24953362531461076,0.084433654079474,,,,0.21862556283020346,0.27354151325290005,0.6291471854406151,0.741835279717645,-0.23760513568878158,0.08736276675077566,-0.2857613328156064,0.06487579242513374,,,,,,,,,0.02066474200551593,0.25094480570033234,0.06993942624619268,0.12816420171500478,True
prob_range_market,spreads|.5-.7,223,118,118,0,46,0.5067264573991032,0.5888926113370722,0.25316734882778447,0.6997978303948803,-0.012852702321552112,-0.026018783567425485,0.0459318077249794,0.23795761593577727,0.24941363506559852,0.08216615393796878,,,,0.23317550359648287,0.27318322606395296,0.6590343025022075,0.741057120755359,-0.12212199397981979,0.03413895371898389,-0.16833970665819628,0.023659735784637988,-0.10822484823098191,0.19322032088641292,,,,,,,0.016891703779384513,0.17387228521102377,0.03649006538475214,0.07295520174062378,False
prob_range_market,spreads|.7-.9,27,22,22,0,0,0.48148148148148145,0.7435337517795392,0.322601665376514,0.8627284107873123,-0.29217919812900384,-0.29248796257300125,,,,0.2620522702980578,,,,,,,,,,,,,,,,,,,,,,0.09618486563807403,0.1881106783443514,True
prob_range_market,spreads|<.3,24,22,22,0,0,0.4583333333333333,0.23850858431809194,0.29283947953535233,0.8002013627216843,-0.1795492322542862,-0.19025078778885152,,,,0.23310889562129103,,,,,,,,,,,,,,,,,,,,,,0.09286614325864502,0.17435601869612194,True
prob_range_market,spreads|>=.9,3,2,2,0,0,0.6666666666666666,0.9167013087567817,0.27489272506147316,0.8255407538215197,-0.23701726277662916,-0.23701726277662916,,,,0.250034642090115,,,,,,,,,,,,,,,,,,,,,,0.12664795993800454,0.250034642090115,True
prob_range_market,totals|.3-.5,96,74,74,0,17,0.5833333333333334,0.4249666757616999,0.2793042603820019,0.7537792462314887,-0.1491375284288079,-0.15033510111938897,-0.11995015717447433,0.2807995449112708,0.25072503728174905,0.15836665757163346,,,,0.25683700721100117,0.30136185727757137,0.7079414524179203,0.7990569625911657,-0.4272245958735103,-0.033860529156193545,-0.48287012284997277,-0.046527677925308444,,,,,,,,,0.06428425655093291,0.282023342127126,0.05293785995719944,0.10274089129642686,True
prob_range_market,totals|.5-.7,342,146,146,0,60,0.4239766081871345,0.5862546483679667,0.2714749145158422,0.7371740431110769,-0.11159782606094759,-0.11206063009434897,-0.09745570498175771,0.27458854000490285,0.2502046677222997,0.16227804018083195,,,,0.25629374979221886,0.2861785330456566,0.7059152232081988,0.7673221603708031,-0.25465694518248316,-0.025710636913869423,-0.26267308952125684,-0.03617697032971082,-0.19754926574355694,0.020042512392154432,,,,,,,0.08418018097559006,0.2394247741796755,0.03002389853930974,0.06207405509926777,False
prob_range_market,totals|.7-.9,11,10,10,0,4,0.2727272727272727,0.7204804543438016,0.40667683756020734,1.038154582467017,-1.0503290560327123,-1.3858374470198833,,,,0.4477531816165289,,,,,,,,,,,,,,,,,,,,,,0.11358417277970251,0.2795195456561984,True
prob_range_market,totals|<.3,3,3,3,0,0,0.6666666666666666,0.2915583350032176,0.3591022839011795,0.9273182955684399,-0.6159602775553075,-1.154613703407077,,,,0.3751083316634491,,,,,,,,,,,,,,,,,,,,,,0.20710174971611967,0.3751083316634491,True
prob_range_group,all_projection|.3-.5,780,80,674,206,105,0.4653846153846154,0.40844677443101346,0.2506867294609103,0.6950062076815855,-0.007576128875529831,-0.060987762238030374,0.0580852679914724,0.23333750856878338,0.24772678528046513,0.05693784095360211,,,,0.24096723151066585,0.26033964600512527,0.6749228577136778,0.7149276952082821,-0.041519380546248354,0.017369959378925638,-0.15532109555057988,-0.0437749887552261,-0.11075843766807168,0.12993733270431093,,,,,,,0.02857506988950798,0.0937568536909424,0.019507727365135362,0.03922822379305207,False
prob_range_group,all_projection|.5-.7,760,79,641,198,114,0.5131578947368421,0.5917377967382285,0.25476125573242253,0.7032891925931626,-0.019751221836779465,-0.03765672584706392,0.05232832873326365,0.23426232194002314,0.2471977680063906,0.07857990200138654,,,,0.2460646172739877,0.26388599373937793,0.6854424081543419,0.7219834409285928,-0.05879832875484753,0.006109415584593813,-0.12654468270673222,-0.025266946446356887,-0.06649851858901734,0.12125727796813747,,,,,,,0.04455226651745252,0.11979677408385427,0.018933184114620954,0.03859115063019239,False
prob_range_group,all_projection|.7-.9,266,40,238,132,41,0.49624060150375937,0.7693160041191951,0.32587724438513893,0.8822611631270002,-0.3035826720779562,-0.41849547290261024,-0.22971969971954365,0.3037065790052141,0.24697219949755947,0.2730754026154356,,,,0.29320798087610256,0.35817814155922134,0.8046001056500192,0.9560381714994198,-0.45672528179966004,-0.18443689854983839,-0.7237235802824674,-0.3366605491113387,-0.26711948787105877,-0.19022893705115473,,,,,,,0.21863343080956651,0.33373789346659505,0.027960031853453412,0.05456527655563906,False
prob_range_group,all_projection|<.3,513,44,472,242,45,0.32748538011695905,0.18617215802410603,0.23327684418146588,0.6798961493233447,-0.059200031166187106,-0.28280974577567797,-0.14125745445543902,0.2857535240909716,0.2503848040382101,0.1413132220928531,,,,0.2062255866017751,0.2564560351600927,0.6121431567152551,0.738438882970945,-0.11143406648936467,-0.008758736092152854,-0.4543400729058082,-0.23377674230258505,-0.3875706897624316,0.07293374125557106,,,,,,,0.09671305747233859,0.1803217640934764,0.020647319878078236,0.03961031909390902,False
prob_range_group,all_projection|>=.9,33,16,32,22,2,0.6060606060606061,0.9298814551846613,0.33814609758205816,1.058885214774079,-0.41631192410331286,-0.6595980568297892,,,,0.32382084912405495,,,,,,,,,,,,,,,,,,,,,,0.035119626577177765,0.08139660669981251,True
prob_range_group,best_model|.3-.5,198,59,175,106,33,0.3787878787878788,0.4268186282038096,0.22698872512344237,0.6459063602676028,0.03535328132905857,-0.052146034383273365,0.06248302967098218,0.24599329528580904,0.2623880986383411,0.0511301378827788,,,,0.21369391071075097,0.24014881828792203,0.6185827419051262,0.6729418538194079,-0.05168732397663315,0.07015889179911386,-0.2356250187731254,-0.026983539992904062,-0.04206174063150209,0.14367586783134817,,,,,,,0.026940194942684736,0.14179244585842005,0.03860379077129743,0.0782369719903088,False
prob_range_group,best_model|.5-.7,2395,149,1156,241,645,0.5077244258872652,0.6018535563623458,0.2586324024436511,0.7110883860212699,-0.034776576817750815,-0.0454091705142996,-0.03933308543950753,0.2606688818180667,0.2508039871624374,0.09412913047508002,,,,0.25259561378780326,0.2644329069923474,0.6986111850272823,0.7228181374382535,-0.059683323090105135,-0.014290173120480207,-0.09008316103804165,-0.036318615052268924,-0.09900083376467389,0.013142435402471566,,,,,,,0.06783744985647909,0.12211582508646275,0.011336375495851349,0.021959113392071055,False
prob_range_group,best_model|.7-.9,247,55,210,141,66,0.6153846153846154,0.7677708868387295,0.26561343512504854,0.7463438286790444,-0.12221676340333021,-0.24756344169298705,-0.10386504729536661,0.2425980258050781,0.21977145340318485,0.15238627145411354,,,,0.22539031195447998,0.3092436103071546,0.6540570494637309,0.8470696065660227,-0.24302805010343906,-0.051115071296292364,-0.5141768369056564,-0.18797049434477614,-0.35998232469872793,0.10849575758897723,,,,,,,0.07668620169207849,0.23489980800156043,0.02832493836970389,0.05414790225000224,False
prob_range_group,best_model|<.3,188,47,158,106,3,0.16489361702127658,0.188818115541602,0.1385412786720347,0.4482407367941738,-0.006082382039119594,-0.06309226083030706,,,,0.031110652368743007,,,,0.10452018610130921,0.17134891757664403,0.3606739574132135,0.5327846108409963,-0.11733646550599247,0.0679445626561961,-0.235320643813449,0.01566306241784442,,,,,,,,,0.011867215877492726,0.09733223113862081,0.036734622111488736,0.0722895870636864,False
prob_range_group,best_model|>=.9,46,26,45,40,14,0.8043478260869565,0.9450147278911907,0.17345494465933067,0.5824717407736556,-0.10219418288031168,-0.5896713702111838,-0.1336522854425981,0.1918859295653463,0.1692634787839118,0.14066690180423388,,,,,,,,,,,,,,,,,,,,,,0.025492152750662425,0.05498527210880959,True
prob_range_group,going_picks_v1|.3-.5,11,2,6,6,0,0.7272727272727273,0.4140862823911797,0.27401441117937675,0.7409638006512683,-0.3814893230293579,-0.507079261486572,,,,0.3131864448815475,,,,,,,,,,,,,,,,,,,,,,0.17433780523155284,0.32317719148208884,True
prob_range_group,going_picks_v1|.5-.7,76,5,51,21,0,0.6052631578947368,0.6023991913374088,0.2445942216958066,0.6829554391362106,-0.023750887329694992,-0.3438077471559109,,,,0.015960641713233976,,,,0.22420992417871113,0.26359000068581495,0.6415571471950491,0.7217579083702073,-0.09327882883829197,0.047056412787468416,-3.1102795130171663,-0.320293004824483,,,,,,,,,0.0033985448682970322,0.38127103481628793,0.05970091668877095,0.12128501918890705,True
prob_range_group,going_picks_v1|.7-.9,43,2,25,18,0,0.6744186046511628,0.7686879142423448,0.24544440993191058,0.7081542043622143,-0.11779978808892277,-0.8575232943646993,,,,0.12611574142727341,,,,,,,,,,,,,,,,,,,,,,0.0735089248992958,0.14121046839228865,True
prob_range_group,going_picks_v2|.3-.5,29,1,9,7,0,0.8275862068965517,0.44514015655718153,0.2848889743198634,0.7637269933119742,-0.9965968950250426,-1.1687173170099605,,,,0.3824460503393702,,,,,,,,,,,,,,,,,,,,,,0.09296463043483463,0.18563230296527447,True
prob_range_group,going_picks_v2|.5-.7,72,4,33,13,0,0.4722222222222222,0.6010642894272099,0.2655380954046059,0.725175114703996,-0.06544077908473445,-0.6188253840558691,,,,0.12884206720498767,,,,,,,,,,,,,,,,,,,,,,0.06551667948592672,0.12915230492893323,True
prob_range_group,going_picks_v2|.7-.9,16,1,8,8,0,0.75,0.7391204480573853,0.18652428960829773,0.5597880158535422,0.005203788755745453,-4.968777267465527,,,,0.010879551942614696,,,,,,,,,,,,,,,,,,,,,,0.08062729694680136,0.1983795519426147,True
prob_range_group,going_picks_v2|>=.9,2,1,1,1,0,1.0,0.9800000000000002,0.00039999999999999183,0.02020270731751924,,,,,,0.019999999999999796,,,,,,,,,,,,,,,,,,,,,,0.04299999999999981,0.042999999999991975,True
