id,sport,market,player,side,line,tracker_status,tracker_actual,game_id,regraded_actual_results_json,regraded_status_results_json,nflverse_actual,nflverse_status,nflverse_st_tds,nflverse_no_row,match_results_json,match_nflverse
324b3cc5cd8587e480f44054ce5c6d045631ad374920c9d981bca007297facd7,nfl,player_receiving_yards,Brian Thomas Jr.,Over,14.5,win,40.0,2026_02_JAX_DEN,40.0,win,40.0,win,,False,True,True
4d8c0b5c435058d5ef7e92d26b98d082d74399132c77299dc7d0a8e35666c3b5,nfl,player_rushing_yards,Justin Jefferson,Under,0.5,win,0.0,2026_02_MIN_CHI,0.0,win,0.0,win,,False,True,True
39ae47e1a9293af0371cd05d53dc8e7956a98d750dfbf7a8ef6cacc4453c46a9,nfl,player_rushing_yards,Chuba Hubbard,Under,52.5,loss,53.0,2026_02_CAR_ATL,53.0,loss,53.0,loss,,False,True,True
571e14ff4e6a7d8627818f66036eeab23e6e6992e442ada52e2833e7d955b301,nfl,player_receptions,Mason Taylor,Over,1.5,loss,0.0,2026_02_GB_NYJ,0.0,loss,,,,True,True,
49b269246c11bec20b7979bb55f6639c3e176a818fe3300897995d0b3beb8d91,nfl,player_receptions,Brian Thomas Jr.,Over,1.5,win,3.0,2026_02_JAX_DEN,3.0,win,3.0,win,,False,True,True
7fd873e8880c79d04ea2f7d029b4a7ccfc363de6165a7a38ed576373668944ff,nfl,player_receiving_yards,Rome Odunze,Over,24.5,win,43.0,2026_02_MIN_CHI,43.0,win,43.0,win,,False,True,True
22237fbf47be7f6a71f27282e905aabd2df137d9847428a0e29ed785523deb8c,nfl,player_receiving_yards,Darnell Washington (PIT),Over,9.5,loss,7.0,2026_02_PIT_NE,7.0,loss,7.0,loss,,False,True,True
da6cc4cf49bfd589300a7744654c2527714efda1da846e2165321afac462b1f8,nfl,player_receiving_yards,Tank Bigsby,Under,0.5,loss,5.0,2026_02_PHI_TEN,5.0,loss,5.0,loss,,False,True,True
ba9ae649a0f6c50d096a4cca26d69fc5a3fe1d02d1273b9113caa9f1aff36635,nfl,spreads,,Away,-18.5,loss,3.5,2026_02_MIA_SF,3.5,loss,3.5,loss,,False,True,True
11cfb241d2a6bd6529e2203e480878c8b21f8b95e17523c0aeb6570012aa47e6,nfl,player_rushing_yards,Jordan Addison,Under,0.5,win,0.0,2026_02_MIN_CHI,0.0,win,0.0,win,,False,True,True
b64d8156a2da11615e477ab6aa195c08e32276814041392dcd2cb743c6359ff8,nfl,player_receptions,Brevyn Spann-Ford,Under,1.5,win,0.0,2026_02_WAS_DAL,0.0,win,0.0,win,,False,True,True
e533fc537f057cfbe84973f8915f01c2afb213555771555bd8648e0ad3519d15,nfl,player_receptions,David Montgomery,Under,2.5,win,2.0,2026_02_CIN_HOU,2.0,win,2.0,win,,False,True,True
8a977a21321ef82754068ed5b1cdf3eabae79a9e15a9608c5fd3d6856dfbc19c,nfl,player_receptions,Tyquan Thornton,Under,1.5,loss,4.0,2026_02_IND_KC,4.0,loss,4.0,loss,,False,True,True
fdb0813dc68cbbaae381651d7356c77847994e8243d5ec3d6884d191b0fdc89c,nfl,player_receptions,Dyami Brown,Under,1.5,loss,4.0,2026_02_WAS_DAL,4.0,loss,4.0,loss,,False,True,True
b3184e9c85b5de36c2808a6b444abc19de211a253ee9122400420c376a486280,nfl,h2h,,Away,0.0,win,-24.0,2026_02_SEA_ARI,-24.0,win,-24.0,win,,False,True,True
5f2f1f697dc30c1c6d0c13a075c6f5432249cf0c7bdda7dc07b673e5d4af9e27,nfl,player_passing_tds,Dak Prescott,Under,2.5,loss,4.0,2026_02_WAS_DAL,4.0,loss,4.0,loss,,False,True,True
f7ca4e44dfc0c08a37457d109c79f21a9db14b3c028184d3dbf47756ff10f57c,nfl,player_receiving_yards,DK Metcalf (PIT),Under,69.5,win,27.0,2026_02_PIT_NE,27.0,win,27.0,win,,False,True,True
c2146012097a661af903a87c9c9db25a13655dd6b0768d26eaf1f99999d0b29a,nfl,player_passing_tds,Matthew Stafford,Over,1.5,win,4.0,2026_02_NYG_LA,4.0,win,4.0,win,,False,True,True
c376e035decf040497f4084e9b38c970dadfa0a816f733a59537acc548de7a85,nfl,player_receptions,Quentin Johnston,Under,4.5,win,1.0,2026_02_LV_LAC,1.0,win,1.0,win,,False,True,True
5e187f01a1c2b350c1f2f82c63fc1850c7fb5b633efde570cc9838ebd061a4e5,nfl,player_receptions,Derrick Henry,Under,1.5,loss,3.0,2026_02_NO_BAL,3.0,loss,3.0,loss,,False,True,True
bdf08d5e72feaa01cda4d28cbd1423115d556b845544f6d1a16ef9a0c0fd9177,nfl,player_receptions,Chuba Hubbard,Under,2.5,win,2.0,2026_02_CAR_ATL,2.0,win,2.0,win,,False,True,True
e6952c514864b0e971d4ada770377db9d9236dbb7ff0bc06eab1f9f67d49d87f,nfl,player_receptions,Quinshon Judkins,Under,2.5,loss,5.0,2026_02_CLE_TB,5.0,loss,5.0,loss,,False,True,True
07c23ff9370d392912512b62c3de2f4142d378d428bd50aeee1362e6ac5f6b8b,nfl,player_rushing_yards,Rico Dowdle (PIT),Over,29.5,loss,22.0,2026_02_PIT_NE,22.0,loss,22.0,loss,,False,True,True
5ecb4517d4799f3cb61478f726fc708111ccbd88a9474f411330f862fbe14333,nfl,player_receptions,Deebo Samuel Sr.,Over,2.5,win,3.0,2026_02_MIA_SF,3.0,win,3.0,win,,False,True,True
30ca72a982a2503f6887a74821eb88e5a26fc0e60e53a0af0a659344989f2271,nfl,player_receptions,Josh Downs,Under,4.5,loss,7.0,2026_02_IND_KC,7.0,loss,7.0,loss,,False,True,True
7c10d8b98823f5c4e3101c355964d8c44542aa2d9d03f51cf0c80a88dab29873,nfl,player_rushing_yards,Bhayshul Tuten,Under,29.5,loss,65.0,2026_02_JAX_DEN,65.0,loss,65.0,loss,,False,True,True
fc03eb0463b167d020866734851c1a608d76253ffb93b16b09c3e718f4ef6d95,nfl,player_rushing_yards,Carson Wentz,Under,10.5,win,6.0,2026_02_MIN_CHI,6.0,win,6.0,win,,False,True,True
28518300781560c5fc5de3c0e4499bf3d485d245cfce1f0dd1e8828dc3f91268,nfl,player_receptions,Cam Skattebo,Over,1.5,win,4.0,2026_02_NYG_LA,4.0,win,4.0,win,,False,True,True
f78b249b70c8ebaf8f0c961f51ebd3a18717b815030a6012ea6ce9c7af10b130,nfl,player_receptions,Kyren Williams,Under,2.5,win,2.0,2026_02_NYG_LA,2.0,win,2.0,win,,False,True,True
211de9fb2a7ad5eca3e20b534a762530090c4608f8e422841f272c0e6bdd0052,nfl,player_receptions,Saquon Barkley,Under,2.5,win,1.0,2026_02_PHI_TEN,1.0,win,1.0,win,,False,True,True
56bd254fa8630140ee12691cdd34ed74dabc57acc07dc295a360154c504ad6fb,nfl,player_receptions,Christian Watson,Under,4.5,win,4.0,2026_02_GB_NYJ,4.0,win,4.0,win,,False,True,True
adf9fe6fba1b27e19196525ed10820611efff908ec0785a04d61dca94aa6c611,nfl,player_receiving_yards,D'Andre Swift,Over,9.5,win,54.0,2026_02_MIN_CHI,54.0,win,54.0,win,,False,True,True
f5b54d3270a206a25d2a9acae5d6dd95ee421d4b297e8fcc9f7a2f9fca3adddf,nfl,player_passing_tds,Carson Wentz,Under,1.5,win,0.0,2026_02_MIN_CHI,0.0,win,0.0,win,,False,True,True
abba7bf82476df6f2a3a77271ca2575d389049f49ca15ad0aab6d34a3581cbc4,nfl,player_receptions,Darren Waller,Over,1.5,win,3.0,2026_02_CAR_ATL,3.0,win,3.0,win,,False,True,True
e34162dce1aaad22e2b4afddb41a3d5d06e2eb5b62f9a3ee94b3ae52c47d03c9,nfl,player_receptions,Justice Hill,Under,2.5,win,2.0,2026_02_NO_BAL,2.0,win,2.0,win,,False,True,True
ca12b71bd485b042864c2093f2106be6dd534527fe56ccefc7f21ce531af5054,nfl,player_passing_yards,Drew Lock,Under,149.5,loss,235.0,2026_02_SEA_ARI,235.0,loss,235.0,loss,,False,True,True
df2a1b461e4524bd0ecdc2d35861b6177eef5d246d20a3a1a185675afffb023d,nfl,player_receptions,Rashee Rice,Over,4.5,loss,4.0,2026_02_IND_KC,4.0,loss,4.0,loss,,False,True,True
5ab8b6f6e1a42557d3087587c600b1e627e530ef05bb8bdda12e1357cf1cc3e5,nfl,player_receptions,Travis Etienne Jr.,Over,1.5,win,2.0,2026_02_NO_BAL,2.0,win,2.0,win,,False,True,True
f8d160aa84227b323e42c848a4d7daac041873189e69f35fb65196a1d3a9a2e9,nfl,player_receptions,Rashid Shaheed,Over,1.5,win,3.0,2026_02_SEA_ARI,3.0,win,3.0,win,,False,True,True
b5563c35c4da3d205ed53a853c52657790eee096331bae7e14371277e070eacd,nfl,player_receptions,Drew Sample,Under,1.5,win,0.0,2026_02_CIN_HOU,0.0,win,,,,True,True,
930f57ad3f68d6ef21e8957531ab6d74b31c122aff6aba0860aa55399fb6f58a,nfl,player_passing_tds,Tyler Shough,Under,1.5,win,1.0,2026_02_NO_BAL,1.0,win,1.0,win,,False,True,True
dffe1e8d61b5ad22ad77980135f6a4e244e59684635ec5b4795e1a0f27596f23,nfl,player_passing_tds,Geno Smith,Under,1.5,win,1.0,2026_02_GB_NYJ,1.0,win,1.0,win,,False,True,True
3d533a6bfb7383243b1cf1eab19a928f053138c313c7b01835fb6941fa44d1f1,nfl,player_receptions,Jayden Reed,Under,3.5,win,1.0,2026_02_GB_NYJ,1.0,win,1.0,win,,False,True,True
4af2f778c284f853fbcc427a69b694b5ce31e50e411c1861312a2518df89b72c,nfl,player_receptions,Pat Freiermuth,Under,3.5,loss,4.0,2026_02_PIT_NE,4.0,loss,4.0,loss,,False,True,True
6ef398bd3bd8586c475a74106f66f41b53ef34f6205e1958247804db0b1b749a,nfl,player_receptions,Pat Bryant,Under,3.5,win,0.0,2026_02_JAX_DEN,0.0,win,0.0,win,,False,True,True
6126f276f4d84bf5fac859b549e75e5744b0aa4c4eaaf9a42f4cffb56f42232b,nfl,player_receptions,Tyjae Spears,Over,2.5,loss,2.0,2026_02_PHI_TEN,2.0,loss,2.0,loss,,False,True,True
61debfe1d6b4e7de52fb1b29f6e52ecbc5d0514aeb521bee6bb59ba2408609d9,nfl,player_receptions,Cade Stover,Over,0.5,loss,0.0,2026_02_CIN_HOU,0.0,loss,,,,True,True,
e9dcaf7eba32650e7b3644a169cc63adf23126a08be2f4e571a902d2e2dcab2b,nfl,player_receptions,J.K. Dobbins,Over,0.5,loss,0.0,2026_02_JAX_DEN,0.0,loss,0.0,loss,,False,True,True
137dbafa53d6d141d15ea259fbdcfd40e70bf2765e255274fc76130c68a4079b,nfl,player_receptions,Xavier Worthy,Under,3.5,loss,5.0,2026_02_IND_KC,5.0,loss,5.0,loss,,False,True,True
bb49636b6aace59fe52c25326f0aa726e5865faaf3b9d21650aa72279b276e90,nfl,player_receptions,Luther Burden,Under,4.5,win,3.0,2026_02_MIN_CHI,3.0,win,3.0,win,,False,True,True
3d09b5d0a40f94de39726993738494e6858ed3e033c73a28d5113cc071ec592d,nfl,player_passing_tds,Brock Purdy,Over,1.5,win,2.0,2026_02_MIA_SF,2.0,win,2.0,win,,False,True,True
5c3126036552c18d9adfb93591527879bfb35569bd46b98adc477546fa10dbfb,nfl,player_receptions,Kyle Monangai,Under,1.5,loss,2.0,2026_02_MIN_CHI,2.0,loss,2.0,loss,,False,True,True
d73d6a5530c707161ca5214be1fe165eacbdb34e28bc05397e4ffacb3fcefee3,nfl,player_receptions,Chris Godwin,Over,3.5,loss,3.0,2026_02_CLE_TB,3.0,loss,3.0,loss,,False,True,True
c21b78c9285285938071d604edd62b062b93b3c60eb99ecf981d21607a1b5763,nfl,player_receiving_yards,Bo Melton,Under,0.5,win,0.0,2026_02_GB_NYJ,0.0,win,0.0,win,,False,True,True
c8b0ff5ad96391ad886a75e7b6a010a6b94234a1382a2e4736e0d983961e27df,nfl,player_receiving_yards,Jaylen Warren,Under,17.5,loss,34.0,2026_02_PIT_NE,34.0,loss,34.0,loss,,False,True,True
ccf2b4060155da4cabedc2475f491a71750f333245135edfc0ab8a81cace6792,nfl,player_receptions,Tre Tucker,Under,3.5,loss,5.0,2026_02_LV_LAC,5.0,loss,5.0,loss,,False,True,True
2beedb0fe02381f59952dab1dc2f5faf7cd8dd1a78f5f1c7de85c9e427b95679,nfl,player_receiving_yards,DeMario Douglas,Under,33.5,win,9.0,2026_02_PIT_NE,9.0,win,9.0,win,,False,True,True
ea133944d9fc282029a689c260dd7715f6d330b7d36b2c3e6cba390bc2a2cd16,nfl,player_receiving_yards,Brenton Strange,Over,30.5,loss,17.0,2026_02_JAX_DEN,17.0,loss,17.0,loss,,False,True,True
7e084e561bd3ec3371eec153759b0509106840fc28a105c328d618b2ef5ad178,nfl,player_passing_yards,Jordan Love,Under,251.5,win,145.0,2026_02_GB_NYJ,145.0,win,145.0,win,,False,True,True
368ee02bae7d6cf0e120aec5113b6ef300dc3a2d524df9430442fc221475f93b,nfl,player_receptions,Daniel Bellinger,Over,0.5,loss,0.0,2026_02_PHI_TEN,0.0,loss,0.0,loss,,False,True,True
ac6a96b5c5d10effa322c07325d7dc922cf68d8d5693076bb8095cfa83cbe955,nfl,player_passing_tds,Cam Ward,Over,0.5,loss,0.0,2026_02_PHI_TEN,0.0,loss,0.0,loss,,False,True,True
e61e9809bb0aa85f5b6302bce498f48c75868b649774c8ce10f88a0b64a0de3b,nfl,player_passing_yards,Geno Smith,Under,207.5,loss,247.0,2026_02_GB_NYJ,247.0,loss,247.0,loss,,False,True,True
85ef9dabd098a30aa8981db92fab38b1271f7e388d3cd60e7a035f236a7614a9,nfl,player_receptions,Bijan Robinson,Under,5.5,win,3.0,2026_02_CAR_ATL,3.0,win,3.0,win,,False,True,True
e7ae39e58c8181bf5fff36ca63b5418a6ee5e6b4737be31cd9ad6f20c8015a54,nfl,player_receiving_yards,Davante Adams,Under,54.5,loss,195.0,2026_02_NYG_LA,195.0,loss,195.0,loss,,False,True,True
d5a662fe8f7535335e5af9846cfde8bd68c80b76e5a79da6920d965e8d841f00,nfl,player_receptions,Bo Melton,Under,0.5,win,0.0,2026_02_GB_NYJ,0.0,win,0.0,win,,False,True,True
a5c172c07be23cec5db2b09cf6c3e6b78af860dd57f2c90c7b27912efff34a68,nfl,player_receiving_yards,Adonai Mitchell,Under,34.5,loss,63.0,2026_02_GB_NYJ,63.0,loss,63.0,loss,,False,True,True
32d1de05a8f93a3d09a5008951bac767b4ee28401205a93f007965a12e48a8f1,nfl,player_receptions,Juwan Johnson,Over,3.5,win,4.0,2026_02_NO_BAL,4.0,win,4.0,win,,False,True,True
494796df89d6e4ee879cc1a3a671446f99ae12f367bf13941aeb53e5f9764404,nfl,player_receptions,Keenan Allen,Over,3.5,loss,1.0,2026_02_IND_KC,1.0,loss,1.0,loss,,False,True,True
a669030bc491f9cdbe7353eb9a69bafd046f93f07a5598f9ca30ab0e6a5fe463,nfl,player_receptions,Isaiah Williams,Over,1.5,win,6.0,2026_02_GB_NYJ,6.0,win,6.0,win,,False,True,True
d401c389f34bc52d7c70cae04b2944aa5ce0c681a8b0af189353126c7a5f1e35,nfl,player_receptions,Xavier Legette,Over,1.5,win,2.0,2026_02_CAR_ATL,2.0,win,2.0,win,,False,True,True
5f9f7caa4418756f7c81d075872d871ddb05f1076b56bde2080fac486f1d92f9,nfl,player_receptions,Darnell Washington,Over,1.5,loss,1.0,2026_02_PIT_NE,1.0,loss,1.0,loss,,False,True,True
931dcd8a4f702a3f3f549dfaf4e4c6d647a6856d9026174e57a7b49aa98e76c5,nfl,player_receiving_yards,Breece Hall,Under,18.5,loss,63.0,2026_02_GB_NYJ,63.0,loss,63.0,loss,,False,True,True
07da9e28200a5bdb574564862a1b6ca400cd24e0b42cd6d8e560e39773fcb1e3,nfl,player_receiving_yards,Jalen Nailor,Under,28.5,win,9.0,2026_02_LV_LAC,9.0,win,9.0,win,,False,True,True
9a1b4ade9593bdf32eed26b324cf1e4d41bdd76e00231e5e26364427ea4d2302,nfl,player_receiving_yards,Dyami Brown,Under,9.5,loss,21.0,2026_02_WAS_DAL,21.0,loss,21.0,loss,,False,True,True
0b64c5be418dc5d614596171c5ab5e16a5716a2af61d344ea643048651822a40,nfl,player_receiving_yards,Harold Fannin,Over,34.5,win,54.0,2026_02_CLE_TB,54.0,win,54.0,win,,False,True,True
d67f386d14302a58d97aac399adbe7b4aa5be6af34280ea0bb0ffce10f61f734,nfl,player_receiving_yards,Tommy Tremble,Under,12.5,win,4.0,2026_02_CAR_ATL,4.0,win,4.0,win,,False,True,True
34b2035c1703eb4280f4334dc6a30476fe8711ec168a16f348dbd29757be8674,nfl,player_rushing_yards,Omarion Hampton,Under,63.5,loss,94.0,2026_02_LV_LAC,94.0,loss,94.0,loss,,False,True,True
d15a497e67b6a92b94d49f8fc724b2c32b25488ac075b4396ab8e798e1d416fe,nfl,player_receiving_yards,Jahan Dotson,Under,17.5,win,11.0,2026_02_CAR_ATL,11.0,win,11.0,win,,False,True,True
94d61f39b74d1e25c927e9b9a3756be84c0b470c9efcfb0dba8c1101c540cc6f,nfl,player_receiving_yards,Chris Olave,Over,69.5,win,86.0,2026_02_NO_BAL,86.0,win,86.0,win,,False,True,True
4547dcb8edb0e982f1cdfbfa4047c003bafcc89e0d181c2cc82b72fee31ab25a,nfl,player_passing_yards,Bryce Young,Under,216.5,loss,287.0,2026_02_CAR_ATL,287.0,loss,287.0,loss,,False,True,True
58e4cb6123f6c7648903716554c66b0d2cfce76a811b0e47172056c488686aac,nfl,player_passing_yards,Drake Maye,Over,224.5,loss,208.0,2026_02_PIT_NE,208.0,loss,208.0,loss,,False,True,True
97a86141852faaadd85a53a01d11becdee286933c06c7cb471b39f26c431bb38,nfl,player_receiving_yards,Ryan Flournoy,Under,29.5,win,23.0,2026_02_WAS_DAL,23.0,win,23.0,win,,False,True,True
695b7ee5392c91506bac193a2413678e12ba057dae7c943831a59abe7b4110e9,nfl,player_receiving_yards,Jalen Coker,Under,47.5,loss,66.0,2026_02_CAR_ATL,66.0,loss,66.0,loss,,False,True,True
1b6065e34352cd3dd331b481adbc57376571f65b37860017bc10928525f59c4e,nfl,player_rushing_yards,Jacoby Brissett,Over,9.5,loss,7.0,2026_02_SEA_ARI,7.0,loss,7.0,loss,,False,True,True
16d737bd04e5e16f479c5cb58882a5e8007e336059fd2dc72c768ba870a2002c,nfl,player_receiving_yards,Jayden Reed,Under,38.5,win,4.0,2026_02_GB_NYJ,4.0,win,4.0,win,,False,True,True
52a94a5b2656d1a80bb7a2e9fe726cf281f86083f3baac1262e57f0b62855305,nfl,player_receiving_yards,Garrett Wilson,Under,66.5,win,57.0,2026_02_GB_NYJ,57.0,win,57.0,win,,False,True,True
80b14f80f1d54fdb844def8722ed56a9574d8956c770a80720d51c571a224d9f,nfl,player_rushing_yards,Bucky Irving,Under,64.5,loss,89.0,2026_02_CLE_TB,89.0,loss,89.0,loss,,False,True,True
6072d86bd092581c35767e69b44bbb74f299cea266e507946d1d6766054f70e0,nfl,player_receptions,Rome Odunze,Over,2.5,win,3.0,2026_02_MIN_CHI,3.0,win,3.0,win,,False,True,True
b8db44495dfb0d6ad4d2737fdd84038a7d9370f7cec0ae0ab714233a153b6177,nfl,player_receptions,Alec Pierce,Over,2.5,loss,1.0,2026_02_IND_KC,1.0,loss,1.0,loss,,False,True,True
bf1a863fa44828aba292c9b1643071ff611e50bbec44e44cb3f3a9412b21f717,nfl,player_receiving_yards,Jake Ferguson,Under,26.5,loss,43.0,2026_02_WAS_DAL,43.0,loss,43.0,loss,,False,True,True
ad3236ca76222108ce75c25b522ec2a65e9a8f7ac96f4843e65aaf6813770f9c,nfl,player_receiving_yards,Woody Marks,Under,9.5,loss,27.0,2026_02_CIN_HOU,27.0,loss,27.0,loss,,False,True,True
bb38f06b1fd6d22fe01d822bce8ee104302a1de2101343f73ac548d1cb31ccff,nfl,player_passing_yards,Drake Maye,Over,225.5,loss,208.0,2026_02_PIT_NE,208.0,loss,208.0,loss,,False,True,True
abd4a398be6b168739bd1b51b9d7469212bde634eec55569ad09d6e0a9c814a5,nfl,player_receiving_yards,Rome Odunze,Over,39.5,win,43.0,2026_02_MIN_CHI,43.0,win,43.0,win,,False,True,True
1e5f014757ae661b92dc2b8154096db404c0f0270c63884dea0807edfe2f81f6,nfl,player_passing_yards,Trevor Lawrence,Over,220.5,loss,189.0,2026_02_JAX_DEN,189.0,loss,189.0,loss,,False,True,True
219e6c89ec1e5afcc0e2c80e791f8d31a21b44b5a63d0d1a66424134edd2a013,nfl,player_receptions,Ashton Jeanty,Under,4.5,win,4.0,2026_02_LV_LAC,4.0,win,4.0,win,,False,True,True
d7efdf55ef39414be0940105af754d972b72a200bd0c730bf6b429c7df873d88,nfl,player_passing_yards,Geno Smith,Under,204.5,loss,247.0,2026_02_GB_NYJ,247.0,loss,247.0,loss,,False,True,True
0892abe29a7177744f261aed71806fe28c5b2f1e8d3bd56b9ad25469c5ca3959,nfl,player_receptions,Josh Oliver,Under,1.5,win,1.0,2026_02_MIN_CHI,1.0,win,1.0,win,,False,True,True
4a70a2db0022070e707d5b7af66823f84396fb34f6087c06e1b8bf8e00b17dac,nfl,player_receptions,Harold Fannin,Over,3.5,win,5.0,2026_02_CLE_TB,5.0,win,5.0,win,,False,True,True
6a992b40600176acd0360ac8729b7595764899d53b4bec491a254b4805dabea2,nfl,player_passing_yards,Jaxson Dart,Under,212.5,win,20.0,2026_02_NYG_LA,20.0,win,20.0,win,,False,True,True
0e0a50e9985f8eeaa3dfefaea1d7111bc8aef50caa684494e223cf92fa386c78,nfl,player_rushing_yards,Tony Pollard,Over,41.5,win,64.0,2026_02_PHI_TEN,64.0,win,64.0,win,,False,True,True
f12aeb8d7286476322438fdc4cb13b45205422dacfd137bc6e4a6d60766e7db6,nfl,player_rushing_yards,Rhamondre Stevenson,Under,48.5,win,43.0,2026_02_PIT_NE,43.0,win,43.0,win,,False,True,True
a728bca9a420ba57a38dd059718964c337539036dc82015ab71246b921bcb5ed,nfl,player_receiving_yards,Omarion Hampton,Over,10.5,win,21.0,2026_02_LV_LAC,21.0,win,21.0,win,,False,True,True
3fe816135bf63f13fec461dde043e38f40adc1c5ddc0742c783d434bae93c1ac,nfl,player_rushing_yards,Chris Rodriguez,Over,22.5,loss,13.0,2026_02_JAX_DEN,13.0,loss,13.0,loss,,False,True,True
1c27acf5d5b1e9c6c0bd0e6cb2d1bd434e516866d9488d55c1a354162fae702b,nfl,h2h,,Away,0.0,win,-3.0,2026_02_GB_NYJ,-3.0,win,-3.0,win,,False,True,True
b8103e8c4549148682a0b06f4fd0da90a91b486431ec85d3bc327527b838042a,nfl,player_receiving_yards,Pat Freiermuth,Under,31.5,loss,32.0,2026_02_PIT_NE,32.0,loss,32.0,loss,,False,True,True
9d6b1686ef32da5e7283f8b1186636db24cfef0d5e2078a7d91370b9dccf891b,nfl,player_receiving_yards,Mason Taylor,Over,18.5,loss,0.0,2026_02_GB_NYJ,0.0,loss,,,,True,True,
95fb70b59986ff5e22a0a3b0a058f0f93acc8745a1da25a28ff01428f1318788,nfl,player_receiving_yards,Brenton Strange,Over,31.5,loss,17.0,2026_02_JAX_DEN,17.0,loss,17.0,loss,,False,True,True
f35cc8b7520bde6fc19a4d7eed66262643021e6d4d1c61d84cef212f521d0e03,nfl,player_rushing_yards,Brock Purdy,Over,13.5,win,30.0,2026_02_MIA_SF,30.0,win,30.0,win,,False,True,True
436bae04cb8081ab76527cc620d1817a4676097aeef01e0cbf468248df6cc574,nfl,player_rushing_yards,Baker Mayfield,Over,15.5,win,29.0,2026_02_CLE_TB,29.0,win,29.0,win,,False,True,True
7b4bab50f305d36e1b3c0dfa0f608010126ec2f4d1ed74f4ead290adb79485be,nfl,totals,,Over,46.0,loss,26.0,2026_02_CIN_HOU,26.0,loss,26.0,loss,,False,True,True
203a9b91c57bde6d1d1f05fb23c8c1ac5ae22d714c83e0e5ec1c2f73dc5b18b0,nfl,player_receiving_yards,Ashton Jeanty,Under,26.5,win,15.0,2026_02_LV_LAC,15.0,win,15.0,win,,False,True,True
67ce4e9098d7723eb11d9a94251cc9e704e882cb9d7b9992a31a3b4a992132e2,nfl,player_receiving_yards,Travis Etienne,Over,12.5,loss,6.0,2026_02_NO_BAL,6.0,loss,6.0,loss,,False,True,True
414b52acb406d3ea79530b1044f48ead0a79c0a6c42a9b9c0a84f12fffc77187,nfl,player_receiving_yards,Jonnu Smith,Under,13.5,win,0.0,2026_02_GB_NYJ,0.0,win,,,,True,True,
6ae6cd05df85a2117d1d30dc97ec48eb5740da4de50049e75e184bd62e8c449f,nfl,player_rushing_yards,Patrick Mahomes,Over,17.5,loss,17.0,2026_02_IND_KC,17.0,loss,17.0,loss,,False,True,True
d3bb0c6f14ba82446c8bbe6cf876618234efe114119cab8b4f563ff8a0c9a482,nfl,player_rushing_yards,Drew Lock,Under,6.5,win,0.0,2026_02_SEA_ARI,0.0,win,0.0,win,,False,True,True
9e62e3db4d6a86d46fa3d4bdcc7453a5ccb2b0d76e3ba6b8e5c2e8bc4880d60f,nfl,player_receiving_yards,Tre Tucker,Under,34.5,loss,119.0,2026_02_LV_LAC,119.0,loss,119.0,loss,,False,True,True
f63d81bd138005abaf06593a1590398c54c85e3d24a09d503c9cddd9486ef787,nfl,player_rushing_yards,Dak Prescott,Over,7.5,win,26.0,2026_02_WAS_DAL,26.0,win,26.0,win,,False,True,True
4820f23c262d01c8ac2433f8f4de4d9443b8a600d93a714e168d7366bf91bbe7,nfl,player_passing_yards,Baker Mayfield,Under,206.5,win,182.0,2026_02_CLE_TB,182.0,win,182.0,win,,False,True,True
e685b05f239bd5588c0905e2c46f96743ed5c756f91bc5c8ccfe7d0499130aed,nfl,player_receiving_yards,Jahan Dotson,Under,16.5,win,11.0,2026_02_CAR_ATL,11.0,win,11.0,win,,False,True,True
732cd01b9218c155170fb8e6a162c6fc03136cb739f3c98116d622d00c7dbeee,nfl,totals,,Over,47.5,loss,34.0,2026_02_NYG_LA,34.0,loss,34.0,loss,,False,True,True
ad7d956c25331c53e62d038ab9d69cd836789ac9867632b141ea8480c00640f9,nfl,player_receiving_yards,T.J. Hockenson,Under,30.5,win,29.0,2026_02_MIN_CHI,29.0,win,29.0,win,,False,True,True
c5971d9489977ec0fb144759c1c9e38d22a964aa24972cabff269ce397aa4bec,nfl,player_receiving_yards,Marvin Harrison,Over,35.5,loss,0.0,2026_02_SEA_ARI,0.0,loss,0.0,loss,,False,True,True
34966586f7ccad0836aa50f6541ca9ecd89eaa94d4c1fdc588a30788d6ce37f6,nfl,player_receiving_yards,D'Andre Swift,Over,11.5,win,54.0,2026_02_MIN_CHI,54.0,win,54.0,win,,False,True,True
ff031d846b36feefb143afd94c265dbffab46c814cd079d45951d88e8ea7bc32,nfl,player_receptions,Kalif Raymond,Under,2.5,loss,5.0,2026_02_MIN_CHI,5.0,loss,5.0,loss,,False,True,True
52f0fc5528504cb92f2778cb60cf8da8259b7fa1cb10eeb14fbc7c1028add898,nfl,player_receiving_yards,Adonai Mitchell,Under,32.5,loss,63.0,2026_02_GB_NYJ,63.0,loss,63.0,loss,,False,True,True
714c2fc2c1548c83491c8c99fee855ca854c5fee0b3b1bbc797c1409c18bc240,nfl,player_receiving_yards,Jayden Reed,Under,37.5,win,4.0,2026_02_GB_NYJ,4.0,win,4.0,win,,False,True,True
094a62a87b88bbc531040218251117c278b9013675c92e2d979f52bf4ee9024f,nfl,player_receiving_yards,Kenneth Walker,Under,20.5,loss,61.0,2026_02_IND_KC,61.0,loss,61.0,loss,,False,True,True
d2a14ca7fb01e2a7893450e4fda32ff9b447a7113e9d13811015ccd15025bddf,nfl,player_rushing_yards,Rhamondre Stevenson,Under,47.5,win,43.0,2026_02_PIT_NE,43.0,win,43.0,win,,False,True,True
dded07cda82757b1fe83437745f28f0fcc2ef36743473dbf32292e4d76754410,nfl,player_receiving_yards,Brevyn Spann-Ford,Under,8.5,win,0.0,2026_02_WAS_DAL,0.0,win,0.0,win,,False,True,True
7b295c762d54c133014a26e70eaf10a37ef5e57cfec111a7c801791c4a30018e,nfl,player_receptions,Tetairoa McMillan,Under,4.5,loss,5.0,2026_02_CAR_ATL,5.0,loss,5.0,loss,,False,True,True
c4d47b9c33f9d01cf0149b210ac86b1a3aeed6b79bd7e0beb25deca4dec4123c,nfl,player_receptions,DK Metcalf,Under,4.5,win,4.0,2026_02_PIT_NE,4.0,win,4.0,win,,False,True,True
bffbf6641697a5d97a9c583826aeb9cce55e8429d84af6af6e6f8f34cec709ee,nfl,player_receptions,Terry McLaurin,Under,4.5,win,2.0,2026_02_WAS_DAL,2.0,win,2.0,win,,False,True,True
ee5e467a1fd41231b77b19ceee8d5206a51dab9b9db7b8e3ff979519f645b148,nfl,player_receptions,Jakobi Meyers,Over,3.5,loss,1.0,2026_02_JAX_DEN,1.0,loss,1.0,loss,,False,True,True
72168a873a555a7927e3ab35779c97a50de2d99c942ac5c8d8faf30c9cc7923a,nfl,player_receptions,Tee Higgins,Over,3.5,win,5.0,2026_02_CIN_HOU,5.0,win,5.0,win,,False,True,True
42696795d14a7020806d55aca465ad3d445b633f7467aa994bcf60bef65e3f3b,nfl,player_rushing_yards,Bucky Irving,Under,63.5,loss,89.0,2026_02_CLE_TB,89.0,loss,89.0,loss,,False,True,True
e3e1aa7a160dc25af9fcdba1a7650ce9dc89013d675bf8d687c6d2c2ddb6cde5,nfl,player_receptions,Romeo Doubs,Under,3.5,win,3.0,2026_02_PIT_NE,3.0,win,3.0,win,,False,True,True
547f3e9492fdba94cb0b16090a1f0f2398724869b79c570a8490ac9d7b4f05ab,nfl,player_receiving_yards,Bijan Robinson,Under,43.5,win,9.0,2026_02_CAR_ATL,9.0,win,9.0,win,,False,True,True
30630684d5222b033696c01cfe5c107a953d02f0e017e101e139b4a7e0129199,nfl,player_passing_yards,Lamar Jackson,Under,213.5,loss,235.0,2026_02_NO_BAL,235.0,loss,235.0,loss,,False,True,True
6c2f34da17286b2f155f7276834b211d7d8065738171795b8c05813de44c3957,nfl,player_rushing_yards,Cam Ward,Under,11.5,win,7.0,2026_02_PHI_TEN,7.0,win,7.0,win,,False,True,True
031de4b9270cc8f23147729abc38e4b88a8ff5bced6c162ee9695f010842636e,nfl,player_receiving_yards,Cade Otton,Over,27.5,win,38.0,2026_02_CLE_TB,38.0,win,38.0,win,,False,True,True
a06b474888f84c807101e008a8dc5147cac686a8ade37da25f7f3dd896c4ea25,nfl,player_rushing_yards,Tyler Shough,Under,16.5,loss,23.0,2026_02_NO_BAL,23.0,loss,23.0,loss,,False,True,True
149611d11a42818396f766a67a658ab08c679184e29b2cb0fcd43944ebc666ad,nfl,player_receiving_yards,Jaylen Waddle,Under,54.5,loss,138.0,2026_02_JAX_DEN,138.0,loss,138.0,loss,,False,True,True
aad9de04f00a85839774f2c0b9644da6ddab8e62fd444878d989edda9d1f30bb,nfl,player_receiving_yards,David Montgomery,Over,11.5,win,14.0,2026_02_CIN_HOU,14.0,win,14.0,win,,False,True,True
b730d8200ade71fcac5387ab79d861dd102f77aa2c36b9fda47a00e73e83b74b,nfl,player_receiving_yards,Rachaad White,Under,11.5,loss,40.0,2026_02_WAS_DAL,40.0,loss,40.0,loss,,False,True,True
d4ca76f2cd35adb754cbe2cbbf327c522f9a9dabfe3e06e75e0786cd8d58010e,nfl,player_receptions,Chris Olave,Over,5.5,win,8.0,2026_02_NO_BAL,8.0,win,8.0,win,,False,True,True
1a18d3e8c787db9abd2baf74fa7b3e5a2b3c7c50083144e251a88f12bdb46102,nfl,player_rushing_yards,Jayden Daniels,Over,36.5,win,69.0,2026_02_WAS_DAL,69.0,win,69.0,win,,False,True,True
1a92367cc7a46df51875b6a8d84853354837bc1f42781c738d6b358b66b40cd8,nfl,player_passing_yards,Deshaun Watson,Under,175.5,loss,238.0,2026_02_CLE_TB,238.0,loss,238.0,loss,,False,True,True
ea27e0dfd67815a159d47123366ab06e3f836fad503a2d8ea764da7f1bca984f,nfl,player_receiving_yards,Odell Beckham Jr.,Under,6.5,win,0.0,2026_02_NYG_LA,0.0,win,,,,True,True,
dd066e52a923d184b4246566a6ee9d4a4ff98ebeca42882212303bd342336353,nfl,player_rushing_yards,Trevor Lawrence,Over,16.5,loss,6.0,2026_02_JAX_DEN,6.0,loss,6.0,loss,,False,True,True
57b4ac4fe76a54b1b8d0064f8be9af422bbcf8ecd3a797e3fea7e539469b0fb8,nfl,player_receiving_yards,Xavier Hutchinson,Under,30.5,loss,37.0,2026_02_CIN_HOU,37.0,loss,37.0,loss,,False,True,True
3a28ee441bcb0cbf2ab949fd26662ff9ed23ba48a33d8da5e3a1795bccb577fe,nfl,player_rushing_yards,Kyren Williams,Over,64.5,win,85.0,2026_02_NYG_LA,85.0,win,85.0,win,,False,True,True
fef2a03efc4565c4dbd7bb3a5b618d83d887f2ae87847aec79e8ffe08c2fe516,nfl,player_receiving_yards,Ashton Jeanty,Under,25.5,win,15.0,2026_02_LV_LAC,15.0,win,15.0,win,,False,True,True
9ee04f6f01a5c157c79ef1abbbc98087553df0f4b42d6dc66f2686f9991b9bd8,nfl,player_passing_tds,Joe Burrow,Over,1.5,win,2.0,2026_02_CIN_HOU,2.0,win,2.0,win,,False,True,True
0ce2fd38feb432da96555834a1c0ce7c815bf51ab47260a7f5093f9a390405e9,nfl,player_receptions,George Pickens,Over,4.5,win,6.0,2026_02_WAS_DAL,6.0,win,6.0,win,,False,True,True
033fee27be042fc09ac3a7561052b7a14805f7d3406d865773826903348c38c8,nfl,player_receiving_yards,DeVonta Smith,Under,60.5,loss,117.0,2026_02_PHI_TEN,117.0,loss,117.0,loss,,False,True,True
24312ed52f113106db9effadfee9306fa1c3eb19b0ef3991f30f101e2a61ba2e,nfl,player_receiving_yards,George Kittle,Over,40.5,win,80.0,2026_02_MIA_SF,80.0,win,80.0,win,,False,True,True
a1e314d604f4ed2bf067c4e9a8f2d7d7e505419ed0063ccb306247b71ecdea91,nfl,player_receiving_yards,Chris Godwin,Under,47.5,win,46.0,2026_02_CLE_TB,46.0,win,46.0,win,,False,True,True
fb4d3c637433d4ac70bd9dd45c62026517fb442e34af7981436e86c97097e3dc,nfl,spreads,,Home,3.0,loss,-28.0,2026_02_CAR_ATL,-28.0,loss,-28.0,loss,,False,True,True
4cc4faa0f5db2f40a15936fb628b0493b5f8a2a8c8b94aced0950da6c6f2cd5e,nfl,player_passing_tds,Lamar Jackson,Under,1.5,win,1.0,2026_02_NO_BAL,1.0,win,1.0,win,,False,True,True
ba4d57fd1be24d2998aa83e940e3954a2dda4097638e4aa1bd4155dc5de399fd,nfl,player_receiving_yards,Bijan Robinson,Under,42.5,win,9.0,2026_02_CAR_ATL,9.0,win,9.0,win,,False,True,True
97545baf0d884e21ac4036e73674ccc229c868598cc0c33d92a905da830fd1eb,nfl,player_rushing_yards,Kyle Monangai,Over,37.5,win,47.0,2026_02_MIN_CHI,47.0,win,47.0,win,,False,True,True
ff0012ec84f82b68287743558a477ce2da69eb169f8439b7b4605eff16cc1601,nfl,player_receptions,Travis Kelce,Over,3.5,win,9.0,2026_02_IND_KC,9.0,win,9.0,win,,False,True,True
4ebbf632dc54278d5dfbfd3ccb0493072d489a2550abbb4d80fc55413ef5b6bd,nfl,player_receiving_yards,Tetairoa McMillan,Under,59.5,loss,101.0,2026_02_CAR_ATL,101.0,loss,101.0,loss,,False,True,True
f82ee4969674ff99befd1bfd4ebf26bca1ba94e553de0f3db137176a778df67b,nfl,spreads,,Away,-6.5,win,-3.5,2026_02_IND_KC,-3.5,win,-3.5,win,,False,True,True
7e637f962b749a44f10c64c9b7bc72db25ee9b6f123b2d0f6e43530477eb1aca,nfl,player_rushing_yards,D'Andre Swift,Over,60.5,loss,45.0,2026_02_MIN_CHI,45.0,loss,45.0,loss,,False,True,True
a902adf47e55ccfa71e61259a7b9767c1f82ec0956da4b62ab9f92ca7a072348,nfl,player_receiving_yards,Breece Hall,Under,16.5,loss,63.0,2026_02_GB_NYJ,63.0,loss,63.0,loss,,False,True,True
37ab77fde6b060a351cd6f4ab82b35e077bfb2bcd5643f46a2c05368e64f70d3,nfl,player_passing_yards,Aaron Rodgers,Under,213.5,win,187.0,2026_02_PIT_NE,187.0,win,187.0,win,,False,True,True
b54feb288294c6cc3974069a440bce7850be703fe422383d9b769b8d78fe003a,nfl,player_rushing_yards,Jaylen Warren,Over,43.5,loss,43.0,2026_02_PIT_NE,43.0,loss,43.0,loss,,False,True,True
d5772f11e8fd1e80b0c4caed1051df6c758e81285747bca2b05ed2d08009d8a9,nfl,player_receiving_yards,Aaron Jones,Under,15.5,win,0.0,2026_02_MIN_CHI,0.0,win,0.0,win,,False,True,True
159299a4f6ca1fd2153aeec688effb3cf6df374bfb367d89515d66d0b6c12e00,nfl,player_receiving_yards,Tee Higgins,Over,52.5,win,95.0,2026_02_CIN_HOU,95.0,win,95.0,win,,False,True,True
2e48971f1a143de5b6f6a634ea62abe08fe21b1e8d9202722f10dc75a4c920a2,nfl,player_rushing_yards,Caleb Williams,Under,27.5,loss,42.0,2026_02_MIN_CHI,42.0,loss,42.0,loss,,False,True,True
6ded73247d40d5e2f1767d4b29011b092d736c5449255aaf67e66ddb7033576c,nfl,player_receiving_yards,Courtland Sutton,Over,39.5,loss,25.0,2026_02_JAX_DEN,25.0,loss,25.0,loss,,False,True,True
838cde2c3684067e4b6292d1a23ffb1098424d5eabd54a984f1ee7b9a312a3d5,nfl,player_receiving_yards,Quinshon Judkins,Under,12.5,loss,27.0,2026_02_CLE_TB,27.0,loss,27.0,loss,,False,True,True
a9358ebe3b474de39c98b991bbd3d1ac34aa0a8497fbea66bd49c82f61bea776,nfl,player_receiving_yards,Saquon Barkley,Under,11.5,win,11.0,2026_02_PHI_TEN,11.0,win,11.0,win,,False,True,True
17b45ab99c22a7b972d97ac90aca76b68b8cfb7b9efb978859ce3ff64e2ad1ac,nfl,player_passing_yards,Lamar Jackson,Under,210.5,loss,235.0,2026_02_NO_BAL,235.0,loss,235.0,loss,,False,True,True
61d470553d115e97e6e4e58c7bc70ae953f55526de24dd9bbf7385c71602d6cb,nfl,totals,,Under,43.5,win,40.0,2026_02_LV_LAC,40.0,win,40.0,win,,False,True,True
565bebc9534502d0275b9ce89ac881abee0fed1b910f55b75f342750c4063668,nfl,player_receiving_yards,Bucky Irving,Over,15.5,loss,1.0,2026_02_CLE_TB,1.0,loss,1.0,loss,,False,True,True
b16e16db0e2668342b082c8ddf460108410754704bbbc86953a42e8338bda7bc,nfl,player_rushing_yards,Quinshon Judkins,Under,51.5,win,21.0,2026_02_CLE_TB,21.0,win,21.0,win,,False,True,True
647982f61c1193667d1b3c25948fb8068e3dc1c5d6df3ff2c430deeca8fa147c,nfl,player_receiving_yards,Noah Fant,Over,14.5,loss,0.0,2026_02_NO_BAL,0.0,loss,0.0,loss,,False,True,True
419033ac18eaa3992c06076a4c20ebb54b4c8b133d103d0d4c0c1136c5404ac0,nfl,player_receiving_yards,Kendrick Bourne,Under,23.5,win,11.0,2026_02_SEA_ARI,11.0,win,11.0,win,,False,True,True
224e2c4fc44616e55293a0f95eac21aa66d2251d1c407c9f0bf769da4dc8fc5f,nfl,spreads,,Away,-8.5,win,-15.5,2026_02_NO_BAL,-15.5,win,-15.5,win,,False,True,True
465d534b2385a13a6668d2f3116c10df89740df3f59788d2eda724d938093f75,nfl,player_receiving_yards,Kayshon Boutte,Under,35.5,loss,37.0,2026_02_CIN_HOU,37.0,loss,37.0,loss,,False,True,True
117855c43a6a85521eecfee6cbfd5cfc69bbfa976f9fec96fc43e6711af472f4,nfl,player_receiving_yards,Mack Hollins,Over,35.5,loss,18.0,2026_02_PIT_NE,18.0,loss,18.0,loss,,False,True,True
7a9fe6203071c79b5e0881ff8c404f91ce5a1609556e52a85e4493b6923d0df4,nfl,player_receiving_yards,Xavier Hutchinson,Under,29.5,loss,37.0,2026_02_CIN_HOU,37.0,loss,37.0,loss,,False,True,True
1cf2ab0117d6635a97bd8cd357217cf3b93115e5e3c4ab424d702e34b5e0cc42,nfl,player_rushing_yards,Jaxson Dart,Over,31.5,loss,0.0,2026_02_NYG_LA,0.0,loss,0.0,loss,,False,True,True
4ed65cf4c86d9999f2cbdb1c59a909224f95d5f26444a5538259b949202dc68d,nfl,atd,Chase Brown,Yes,0.5,loss,0.0,2026_02_CIN_HOU,0.0,loss,0.0,loss,0.0,False,True,True
2d7859e7132b958e94199846b21649ca498aeb7a8dadad21e99c5352fd5713e6,nfl,player_receiving_yards,Cade Otton,Over,28.5,win,38.0,2026_02_CLE_TB,38.0,win,38.0,win,,False,True,True
615347dc0334ee2f5d4462e670740345e013785818b911f0f774b7d546e666f9,nfl,player_passing_yards,Cooper Rush,Under,183.5,win,86.0,2026_02_CAR_ATL,86.0,win,86.0,win,,False,True,True
27128e7fb6fd5fe74907a3bdaee0602da2c72f284dd85414df617a8e19542a98,nfl,player_receptions,Davante Adams,Over,3.5,win,8.0,2026_02_NYG_LA,8.0,win,8.0,win,,False,True,True
7880dea066afce4173c6c12908dc41d2f9db85c5810bedf8dcae5ce22e988b38,nfl,player_passing_yards,Cam Ward,Under,188.5,win,183.0,2026_02_PHI_TEN,183.0,win,183.0,win,,False,True,True
9d044251c092717ec3a23a64c40fd0a50b136786def68566633001ae83aada86,nfl,player_rushing_yards,Chris Rodriguez Jr.,Over,24.5,loss,13.0,2026_02_JAX_DEN,13.0,loss,13.0,loss,,False,True,True
ba56bb44c26d882ac6bff8adc95a188fbd9adc262fd48cf00f587db3f8f40c21,nfl,player_receptions,Tyler Warren,Under,4.5,loss,6.0,2026_02_IND_KC,6.0,loss,6.0,loss,,False,True,True
fe2fa5dae4af3f0922d91decceb107ae0667238b9efca50b581f3936dca6b696,nfl,player_receptions,Colston Loveland,Under,4.5,win,1.0,2026_02_MIN_CHI,1.0,win,1.0,win,,False,True,True
e05a6aaa1e41956bc86a2292d4611387dc0168dd7646154f27bfeb5a47303188,nfl,player_receptions,Davante Adams,Under,4.5,loss,8.0,2026_02_NYG_LA,8.0,loss,8.0,loss,,False,True,True
1e1b3b2cb9cd32e69710d78bc93709cc6ca0bea30c54db26809d1ea79f276a14,nfl,player_receiving_yards,Luther Burden,Under,52.5,win,32.0,2026_02_MIN_CHI,32.0,win,32.0,win,,False,True,True
bdf8b9375c3909f4762f155550765314c1d70a6956a926e4eea0860dbc0f35eb,nfl,player_rushing_yards,Christian McCaffrey,Over,61.5,loss,23.0,2026_02_MIA_SF,23.0,loss,23.0,loss,,False,True,True
65c63e918ded6de9f6876be2b4a0e7354e485a6c15eea13aea4d7e80112bd4f6,nfl,player_receptions,AJ Barner,Over,2.5,loss,1.0,2026_02_SEA_ARI,1.0,loss,1.0,loss,,False,True,True
c8b5bcc23ca616441b85091cfd64000ddb15b100e54a4ab03bee2ab8d66ab851,nfl,player_receiving_yards,CeeDee Lamb,Under,75.5,loss,153.0,2026_02_WAS_DAL,153.0,loss,153.0,loss,,False,True,True
5a1a8d2302c86e3adb500ba6780b361fbfb89aecaa5efaba0e12100c312d45f6,nfl,player_passing_yards,Cooper Rush,Under,182.5,win,86.0,2026_02_CAR_ATL,86.0,win,86.0,win,,False,True,True
707c0bfb8c135401495e56089c789c4bb24fd8cb63776f6037878ac59f4b5e42,nfl,player_receiving_yards,Rashid Shaheed,Under,24.5,loss,35.0,2026_02_SEA_ARI,35.0,loss,35.0,loss,,False,True,True
95a4850814a0152b941ebf8aba7790a4884271e68e2f7c1dbc5232061b395c1d,nfl,player_receiving_yards,Pat Freiermuth,Under,29.5,loss,32.0,2026_02_PIT_NE,32.0,loss,32.0,loss,,False,True,True
9ce7f2e9aee1e8ffe80b81816a9379fdd4b98478cdc0b9cb09878bed2f004d04,nfl,player_receptions,Olamide Zaccheaus,Over,1.5,loss,1.0,2026_02_CAR_ATL,1.0,loss,1.0,loss,,False,True,True
774a2f851d908587841fe2b5e43a92b6a345bcc7c7854432bfcaf123e9922015,nfl,player_receptions,Cole Kmet,Over,1.5,loss,0.0,2026_02_MIN_CHI,0.0,loss,0.0,loss,,False,True,True
7b85d75c7b631528ff602380f55411f02f6fb0421ad736c6d8cd28c6022d6341,nfl,player_receiving_yards,Braelon Allen,Under,3.5,loss,8.0,2026_02_GB_NYJ,8.0,loss,8.0,loss,,False,True,True
b476e20dc235d7ba192a7b52ef483165a9e1506664876cf39337de457cb4a4aa,nfl,player_rushing_yards,Tyler Shough,Under,15.5,loss,23.0,2026_02_NO_BAL,23.0,loss,23.0,loss,,False,True,True
0806065824d21c6a57d06f407a1ddf0f010dc45d540cca40e8c97f1b5931f1ed,nfl,player_passing_yards,Deshaun Watson,Under,173.5,loss,238.0,2026_02_CLE_TB,238.0,loss,238.0,loss,,False,True,True
0e8f295af7f6f3258161568b779a9c3c85d76ef03fc2d98328a9d3da075e85e2,nfl,player_rushing_yards,Jordan Love,Over,7.5,loss,0.0,2026_02_GB_NYJ,0.0,loss,0.0,loss,,False,True,True
ec7fad77be099308424704ca0cbd30298d7aa982c42ca0f5b5fc2e58728db83c,nfl,player_receiving_yards,Kyren Williams,Under,12.5,win,12.0,2026_02_NYG_LA,12.0,win,12.0,win,,False,True,True
c36b640d216c130c399042f853d4165839d3e559dcf980720c7d472ecf77b676,nfl,player_rushing_yards,Quinshon Judkins,Under,50.5,win,21.0,2026_02_CLE_TB,21.0,win,21.0,win,,False,True,True
9514485793e561eee236eb6caebab694b816f77ad6dc1b0e5c3ad7e6f1f19764,nfl,player_receiving_yards,Courtland Sutton,Over,40.5,loss,25.0,2026_02_JAX_DEN,25.0,loss,25.0,loss,,False,True,True
987175fa3a67642b1103ddb7c75d55bb7ea294513ae2df9204f69b68422c1b27,nfl,player_receiving_yards,Tetairoa McMillan,Under,57.5,loss,101.0,2026_02_CAR_ATL,101.0,loss,101.0,loss,,False,True,True
9c2367b3aa546ad398eb91652a5295cb60a5948b4d6aafd74e00b2873676c966,nfl,atd,Cam Skattebo,Yes,0.5,loss,0.0,2026_02_NYG_LA,0.0,loss,0.0,loss,0.0,False,True,True
8cd54f1cbe0ed6483ebe6818e5873cb6d0140d83fb62dddf82a17f529cde44c5,nfl,player_receiving_yards,Tyjae Spears,Over,16.5,win,29.0,2026_02_PHI_TEN,29.0,win,29.0,win,,False,True,True
c2315bb536c4484c0fa09791ab405d31433891f00c7df8fe64e13a3dd1057d42,nfl,player_receptions,Drake London,Over,4.5,loss,4.0,2026_02_CAR_ATL,4.0,loss,4.0,loss,,False,True,True
4a5d1d10d52c37e624b6090b7d5051d3b8303e76fdc65b041913357e840ddecf,nfl,player_receiving_yards,Quinshon Judkins,Under,11.5,loss,27.0,2026_02_CLE_TB,27.0,loss,27.0,loss,,False,True,True
de5b803d6af019b6489abfc0d7528d6b0148326ccc81ca1fca19a685995cf6bc,nfl,player_receiving_yards,Xavier Worthy,Under,37.5,win,25.0,2026_02_IND_KC,25.0,win,25.0,win,,False,True,True
e3bc35fea490b991df69e0a50c1d6adde3636335f6f26bf4f72dddf815db716e,nfl,player_receiving_yards,Saquon Barkley,Under,10.5,loss,11.0,2026_02_PHI_TEN,11.0,loss,11.0,loss,,False,True,True
d44656797696f9c481a157414aa810d8711fa18b4ecdff75f113d96531ca3aa8,nfl,player_rushing_yards,Saquon Barkley,Under,79.5,win,9.0,2026_02_PHI_TEN,9.0,win,9.0,win,,False,True,True
709e55e1eff268497927a3512f353b861c5ab03e6df9ed8d87c70a6a685c7f0b,nfl,player_receptions,Garrett Wilson,Under,5.5,win,5.0,2026_02_GB_NYJ,5.0,win,5.0,win,,False,True,True
793e7f6cde7ce64d138be652f019f0e11b85aee4fd7c8b774623615d719085c2,nfl,player_passing_yards,Cam Ward,Under,186.5,win,183.0,2026_02_PHI_TEN,183.0,win,183.0,win,,False,True,True
7c75ed9f83b86d55d2409ddbc777fe997e033be0d6cd647c3ca1234fdc075e3f,nfl,player_passing_tds,Jordan Love,Under,1.5,loss,2.0,2026_02_GB_NYJ,2.0,loss,2.0,loss,,False,True,True
bba75796936c33914f8806f23df56b2c6a994ea60d5fdd46ba76a189f2bed738,nfl,player_passing_tds,Bo Nix,Under,1.5,win,1.0,2026_02_JAX_DEN,1.0,win,1.0,win,,False,True,True
6c626789eb3673ee65eff979fa42e34d3f39c8e8e8ddf29f5682b90493131c6f,nfl,player_receiving_yards,David Njoku,Under,24.5,win,9.0,2026_02_LV_LAC,9.0,win,9.0,win,,False,True,True
91e16ca72447bddfa499eebe4a99d06e98fda51da6efabc3d78bd918fcd369c3,nfl,totals,,Over,42.0,loss,23.0,2026_02_PIT_NE,23.0,loss,23.0,loss,,False,True,True
c58d29266d9575c54c75eb0e6fc3edeb760c7fe8bb7e5f55dcad3a375fddb996,nfl,player_receiving_yards,Luther Burden III,Under,51.5,win,32.0,2026_02_MIN_CHI,32.0,win,32.0,win,,False,True,True
8fbb9e1d0f5934c9bcaf5fd66ec57df42c552ce90202ca0862c9b3658b03f56a,nfl,player_receiving_yards,Chris Moore,Under,7.5,win,6.0,2026_02_NO_BAL,6.0,win,6.0,win,,False,True,True
06413ce3cc943e829505eda1577166a2b73ffae9409ec9c59d5b4fb18d4496f4,nfl,player_rushing_yards,Aaron Rodgers,Under,0.5,loss,5.0,2026_02_PIT_NE,5.0,loss,5.0,loss,,False,True,True
4344ced5c136f0e603d87f07ce1f83672d1d6e13e3b4004c93d7c4a6529a48a1,nfl,player_receptions,Courtland Sutton,Over,3.5,loss,3.0,2026_02_JAX_DEN,3.0,loss,3.0,loss,,False,True,True
e1a840c7ec0d367d56e017571d4daee17c74e3633c189eff3282eeb4c2953104,nfl,player_receptions,Dallas Goedert,Over,3.5,loss,1.0,2026_02_PHI_TEN,1.0,loss,1.0,loss,,False,True,True
99d91dd764bf61853f36eac0cfa20ae50861395993ab94aa6905a171d0aaff4d,nfl,totals,,Over,39.0,win,44.0,2026_02_PHI_TEN,44.0,win,44.0,win,,False,True,True
7ad157b9b06ffa13e67ede357dbb3ff528307ecb26c032c9da5cb41ac92936d1,nfl,player_receiving_yards,Rashee Rice,Over,52.5,win,83.0,2026_02_IND_KC,83.0,win,83.0,win,,False,True,True
a89c363d1eac4a18d968bcdebb668014d50ed18f185a4535a433d431d01fc2b9,nfl,player_receiving_yards,Evan Engram,Over,23.5,loss,17.0,2026_02_JAX_DEN,17.0,loss,17.0,loss,,False,True,True
00480c09fce53f63489c41ad6cc267f00ea71ede1c7f81432542298367881f01,nfl,spreads,,Away,-4.5,win,-10.5,2026_02_MIN_CHI,-10.5,win,-10.5,win,,False,True,True
c6ca6fea091ccf76ed337ba3aff8156563f97985782bfb5adb58c71b4508c2ad,nfl,player_receiving_yards,Bucky Irving,Over,16.5,loss,1.0,2026_02_CLE_TB,1.0,loss,1.0,loss,,False,True,True
5b6a6f1691df86647ac38b0b76f36e2f9e519c592c2200f685c2a87b12292cba,nfl,player_rushing_yards,Cam Skattebo,Over,48.5,loss,36.0,2026_02_NYG_LA,36.0,loss,36.0,loss,,False,True,True
0199cd0f231cf4a1f0417e6a15fa9faa1d72bc9f6f6189863a58076a3b3b2ed2,nfl,player_receiving_yards,J.K. Dobbins,Over,2.5,loss,0.0,2026_02_JAX_DEN,0.0,loss,0.0,loss,,False,True,True
f93b197224a515d2ff3fdd25582a64594df8aa42554b3d6b5c60f2e028aaf6ed,nfl,player_passing_yards,Joe Burrow,Under,249.5,win,207.0,2026_02_CIN_HOU,207.0,win,207.0,win,,False,True,True
def7dbdad16d4f3a507a48aadb3ed573bfdc47c730ca17e98c114821e18cbdd6,nfl,player_receiving_yards,Chuba Hubbard,Under,12.5,win,11.0,2026_02_CAR_ATL,11.0,win,11.0,win,,False,True,True
9cc5cd6bf4de5f395365e084e394322c1c79ac57a30bd495b9e7e0594df57beb,nfl,player_receptions,DeVonta Smith (PHI),Under,4.5,loss,10.0,2026_02_PHI_TEN,10.0,loss,10.0,loss,,False,True,True
14145cf09fc9e98ddbdef7e8a542b73c1d5d6c909ab443d2e4d07982c07daae2,nfl,player_receiving_yards,Keenan Allen,Over,30.5,loss,5.0,2026_02_IND_KC,5.0,loss,5.0,loss,,False,True,True
1ce528474f68bcdc0c6b109911dff147d9f8ca16fd427db66cf2b2dd9c742da6,nfl,player_receiving_yards,Tony Pollard,Under,9.5,win,1.0,2026_02_PHI_TEN,1.0,win,1.0,win,,False,True,True
ede572dffee2dd8e19bd963f10b26306de0f67e9c7b918b8938c0fff99b51e58,nfl,player_receiving_yards,Gunnar Helm,Under,22.5,win,13.0,2026_02_PHI_TEN,13.0,win,13.0,win,,False,True,True
40638d576600b98e12ba451c110ed012ff682ca238158dc029f4771845b1ed25,nfl,player_receiving_yards,Colston Loveland,Under,53.5,win,3.0,2026_02_MIN_CHI,3.0,win,3.0,win,,False,True,True
6b91f99ec69b5b92bb85aac8690125b26301d85d4b24ce6c51b015b77f2153ac,nfl,player_receiving_yards,Xavier Legette,Over,14.5,win,64.0,2026_02_CAR_ATL,64.0,win,64.0,win,,False,True,True
df6d74719bccff3ab1db2073c5f454b29d9cc0cd1ff7b7410b131ac5bc078ef0,nfl,player_receiving_yards,Daniel Bellinger,Over,3.5,loss,0.0,2026_02_PHI_TEN,0.0,loss,0.0,loss,,False,True,True
5e2ed0a747d856b063cd2abbdb500c5c61d7a3d9ed9092d611279e23b4043f2b,nfl,player_passing_yards,Joe Burrow,Under,248.5,win,207.0,2026_02_CIN_HOU,207.0,win,207.0,win,,False,True,True
50eed5be371166bc32ff8b9de6ab9eca15b26d78818df1efd960d4196963e7bc,nfl,player_rushing_yards,Joe Burrow,Under,8.5,win,-1.0,2026_02_CIN_HOU,-1.0,win,-1.0,win,,False,True,True
0faa9d50993445090fec9da49b51b4a2e879622ee72ebb6a223cb5e65183ca7e,nfl,player_receptions,Christian McCaffrey,Over,4.5,loss,4.0,2026_02_MIA_SF,4.0,loss,4.0,loss,,False,True,True
8f8ea73caf591b5529c3b0d3774fc966f8c3d5d43ba52be0b400255d89122117,nfl,player_receiving_yards,Drake London,Over,56.5,loss,51.0,2026_02_CAR_ATL,51.0,loss,51.0,loss,,False,True,True
cf729009b25df99e515ad943992b783d7c7611e9f24d2f5e611df4aecce39779,nfl,player_receiving_yards,Kyle Monangai,Under,10.5,loss,11.0,2026_02_MIN_CHI,11.0,loss,11.0,loss,,False,True,True
35090db5025b2a1668c25c20c288183b4037c3303d13a9891f52f0e5c3517bdc,nfl,player_rushing_yards,Bryce Young,Under,13.5,win,6.0,2026_02_CAR_ATL,6.0,win,6.0,win,,False,True,True
88cb3ed9622d18e422aa0513475afb59089e1b2ec9967a1d7da1487313bce32d,nfl,player_receiving_yards,Jonathan Taylor,Over,17.5,win,40.0,2026_02_IND_KC,40.0,win,40.0,win,,False,True,True
765347696a6f418f7c14df97b9cdf53c88537183d747773c84500b13bdca9630,nfl,player_rushing_yards,Breece Hall,Under,66.5,win,29.0,2026_02_GB_NYJ,29.0,win,29.0,win,,False,True,True
b17a817178b2ee453f17d319fed717cee43d1090e82c39715048c5ba5a8245c8,nfl,player_receiving_yards,Jonnu Smith,Under,11.5,win,0.0,2026_02_GB_NYJ,0.0,win,,,,True,True,
ffcadb99604b730b72b7a55e5c6f406e63addc263dfbaf6cc93a679cd5b36a97,nfl,player_receptions,Tony Pollard,Over,1.5,loss,1.0,2026_02_PHI_TEN,1.0,loss,1.0,loss,,False,True,True
94f2d38d66a87bd748eb136e5d9e98e9684a32f19d16a1d9102996069fc9dce7,nfl,player_rushing_yards,D'Andre Swift,Over,63.5,loss,45.0,2026_02_MIN_CHI,45.0,loss,45.0,loss,,False,True,True
588451fb9829f0283c42c2dc9d293aecfa760af377fac373e6cbdd97d6ecc5ef,nfl,player_receiving_yards,Hunter Henry,Under,39.5,loss,40.0,2026_02_PIT_NE,40.0,loss,40.0,loss,,False,True,True
6ef0882b0216f1edaeabb833ae009c314d619034f1c3621e165f1825f2cf1591,nfl,player_passing_yards,Dak Prescott,Under,260.5,loss,279.0,2026_02_WAS_DAL,279.0,loss,279.0,loss,,False,True,True
3cf495a3db328bed455a2b499ba6b0bc25e1e09b773be9f34bf618624958138d,nfl,player_receiving_yards,Noah Gray,Over,10.5,loss,0.0,2026_02_IND_KC,0.0,loss,0.0,loss,,False,True,True
2214c71e2fa02686c1bc70b2b783870309d264a45463495ece8b6026baa25086,nfl,player_receiving_yards,Cade Stover,Under,5.5,win,0.0,2026_02_CIN_HOU,0.0,win,,,,True,True,
848119abe6c36fab493a1890393e69e5a889919d3356fa4990444384c897b1a9,nfl,player_receiving_yards,Mike Gesicki,Under,25.5,win,0.0,2026_02_CIN_HOU,0.0,win,,,,True,True,
54dccbedf11b7b8af859d87723a6ad09dcefc945651e0c3c6cf7c4958861f580,nfl,player_receiving_yards,Isaiah Williams,Over,11.5,win,34.0,2026_02_GB_NYJ,34.0,win,34.0,win,,False,True,True
6408b5998d0a502796f02a73410865ff0dd6415ba4fa31c3bd79e5da7bc07e85,nfl,player_receiving_yards,Rico Dowdle,Under,14.5,loss,22.0,2026_02_PIT_NE,22.0,loss,22.0,loss,,False,True,True
ddf3a39d3d54bc4dc4e34192815ddbdabc0e29fb6785da22a6ab0a5f09dc6184,nfl,player_receptions,Jonathan Taylor,Under,2.5,loss,4.0,2026_02_IND_KC,4.0,loss,4.0,loss,,False,True,True
697a3d3d279a66cdbfb0dcabe94ce2f6c9a9c3a776effcaa55aec73e8341a12c,nfl,player_receptions,Adonai Mitchell,Under,2.5,loss,6.0,2026_02_GB_NYJ,6.0,loss,6.0,loss,,False,True,True
434599549a3bd75e29c36c351e690dc0ca8377cb2a900746948915f553efd86d,nfl,player_receptions,Rico Dowdle,Under,2.5,win,2.0,2026_02_PIT_NE,2.0,win,2.0,win,,False,True,True
be1afa9c12b2fc1d0da4a73d8f3d72a2f099cc32a3df06ea5070cca74942c347,nfl,player_receptions,Mike Gesicki,Under,2.5,win,0.0,2026_02_CIN_HOU,0.0,win,,,,True,True,
11fb98f78e9cabc98e3241842b3093f3200b7a1593640110c8f42af5eba2b3ca,nfl,player_receptions,Parker Washington,Under,4.5,loss,7.0,2026_02_JAX_DEN,7.0,loss,7.0,loss,,False,True,True
819018bac9749bb1fe19720388a62c4294a035968e9d7da046c72d2558f7a2f0,nfl,player_rushing_yards,Derrick Henry,Over,94.5,loss,68.0,2026_02_NO_BAL,68.0,loss,68.0,loss,,False,True,True
2063133c49a4c20427212387d8a3ff66012359e68256f4debda206a90470eace,nfl,player_receiving_yards,Christian McCaffrey,Under,40.5,loss,43.0,2026_02_MIA_SF,43.0,loss,43.0,loss,,False,True,True
53fa4443b95675f28e5a45f899130962180c5457d10fa6514e30d08d04b4785c,nfl,player_receiving_yards,Colston Loveland,Under,52.5,win,3.0,2026_02_MIN_CHI,3.0,win,3.0,win,,False,True,True
8b928bd0de1ae2ffc0f06ee49c225286adf638026c676a156cb3ec8acb9ffa9a,nfl,player_receptions,Jaxon Smith-Njigba,Over,6.5,win,9.0,2026_02_SEA_ARI,9.0,win,9.0,win,,False,True,True
24d22cb9194da348b3e98b8a3fb98a6852dbab685eab2aafbd550dfba7275b4f,nfl,player_receiving_yards,Drake London,Over,57.5,loss,51.0,2026_02_CAR_ATL,51.0,loss,51.0,loss,,False,True,True
513982b73050f0b0deda38ec96c19d3a4dbb6e5d57985266838bc28e83ad6de0,nfl,player_rushing_yards,Daniel Jones,Under,8.5,loss,10.0,2026_02_IND_KC,10.0,loss,10.0,loss,,False,True,True
39b6a82dd3bd5af2ccd770776eb3307f460c218a81cde31f6f131c6cdfc95624,nfl,player_rushing_yards,Jonathan Taylor,Under,82.5,loss,92.0,2026_02_IND_KC,92.0,loss,92.0,loss,,False,True,True
a2a293dcaa811fc8dc0ff73617d02ed20115a5ad1671ad0b49805e0674e06b15,nfl,player_receiving_yards,AJ Barner,Over,21.5,loss,8.0,2026_02_SEA_ARI,8.0,loss,8.0,loss,,False,True,True
ecf0f8664451142aaf808de37c1fab4c8eabf6da774b0844396fef884485f244,nfl,player_rushing_yards,Breece Hall,Under,65.5,win,29.0,2026_02_GB_NYJ,29.0,win,29.0,win,,False,True,True
f55e7abb74b39cc6537433110b6414dbd3cd09204322f51b70d8e4af45035b59,nfl,player_receptions,David Montgomery,Under,1.5,loss,2.0,2026_02_CIN_HOU,2.0,loss,2.0,loss,,False,True,True
c840eb856c0c6ad1b37c5749a9f58a76811498eb64d5190238dce261104bff13,nfl,player_receptions,CeeDee Lamb,Under,5.5,loss,8.0,2026_02_WAS_DAL,8.0,loss,8.0,loss,,False,True,True
a63b37ee39f75adc2fdb1a724021e191768f4c8c90d0115ba9bf8cf1c1f0f8de,nfl,player_passing_yards,Aaron Rodgers,Under,205.5,win,187.0,2026_02_PIT_NE,187.0,win,187.0,win,,False,True,True
83e79695ef4360cd73860938bfeb95c2eaff000ecd2231a912e18eb2efb5d800,nfl,player_receiving_yards,Evan Engram,Over,24.5,loss,17.0,2026_02_JAX_DEN,17.0,loss,17.0,loss,,False,True,True
297e4864b196a4652fbfdac7588ab25f43a8df61874473474a612e9b7a7dc1ec,nfl,player_receiving_yards,Tee Higgins,Over,55.5,win,95.0,2026_02_CIN_HOU,95.0,win,95.0,win,,False,True,True
d33a33cb52fe63edc5dec4308a6392acd9e2a18940536ab9c8c2c2fbf4e3e396,nfl,player_receptions,Emeka Egbuka,Under,3.5,win,3.0,2026_02_CLE_TB,3.0,win,3.0,win,,False,True,True
fbf78ccc67ae79a5f6b39e44d9aec74e637eb5ed61f74ed7cf424cce7b1552e2,nfl,player_receiving_yards,Josh Oliver,Under,14.5,loss,24.0,2026_02_MIN_CHI,24.0,loss,24.0,loss,,False,True,True
c6da62506b6f8c5835a08ec2cce39a4f6b70581c3bb0781e61b25b88aa4569c9,nfl,player_rushing_yards,Bijan Robinson,Under,81.5,win,72.0,2026_02_CAR_ATL,72.0,win,72.0,win,,False,True,True
b34a61dd40f0677a9238387a015136347f7d24442d53117cdf4609a713606968,nfl,player_receptions,Malik Nabers,Over,5.5,loss,1.0,2026_02_NYG_LA,1.0,loss,1.0,loss,,False,True,True
b28391fb8b540840ee0177beb529b4dddeda37c7ff8c798cce9755223a65e729,nfl,player_receiving_yards,Dalton Schultz,Under,41.5,loss,140.0,2026_02_CIN_HOU,140.0,loss,140.0,loss,,False,True,True
d8884966d162f6aca8f7a8dbc0eacca1c7d954edb85573f3798c8f4ac680cdaf,nfl,player_rushing_yards,Derrick Henry,Over,95.5,loss,68.0,2026_02_NO_BAL,68.0,loss,68.0,loss,,False,True,True
495e5a8c6813504a19f3745a432bb3c2227a02a7a2967219976c6fd8bb3e2f5f,nfl,player_receiving_yards,Olamide Zaccheaus,Over,8.5,loss,3.0,2026_02_CAR_ATL,3.0,loss,3.0,loss,,False,True,True
4239979e0e4e4d73b0e7d50184a83227ce1b998c622c462fc3e4f011af7e4712,nfl,player_rushing_yards,Drake Maye,Under,27.5,win,17.0,2026_02_PIT_NE,17.0,win,17.0,win,,False,True,True
27fcb79cc9f2ee88d45e9980fa120283141e5ee002ee1d52cadffa21212718cd,nfl,player_passing_yards,Daniel Jones,Under,218.5,win,210.0,2026_02_IND_KC,210.0,win,210.0,win,,False,True,True
fa9ead15f9ce423b4bf3e567d0f2501b120d2a8923fa4abb84aa091b82c0672d,nfl,player_receiving_yards,Tucker Kraft,Over,45.5,loss,15.0,2026_02_GB_NYJ,15.0,loss,15.0,loss,,False,True,True
28def24c1de35ca9eca48d11e5599bf016ebbfff8f83b220d25253f23a415678,nfl,player_receiving_yards,Justice Hill,Under,13.5,win,12.0,2026_02_NO_BAL,12.0,win,12.0,win,,False,True,True
2d186627807625707f46d54d31b82005af645ccf07822791eaeb4bddc846e100,nfl,spreads,,Away,3.0,refund,0.0,2026_02_GB_NYJ,0.0,refund,0.0,refund,,False,True,True
41337f79ec2bc859b94331ae86251ceb4d36d63edd26f55f8bfd112129fe5a88,nfl,totals,,Under,45.0,win,41.0,2026_02_NO_BAL,41.0,win,41.0,win,,False,True,True
b5b04c2ac3f994893729043080dd2afbda460d10f695c2b5d05088742989a32e,nfl,player_receiving_yards,Terry McLaurin,Under,53.5,win,50.0,2026_02_WAS_DAL,50.0,win,50.0,win,,False,True,True
8b7559dca5f613b7a866d23858c071418824818b47327dd5ef35c4f4b68a1bc4,nfl,player_passing_yards,Justin Herbert,Under,220.5,win,192.0,2026_02_LV_LAC,192.0,win,192.0,win,,False,True,True
7ec0ecfa3808b7e99de6be7c5c34f9c29c1bc5de354e96dde2184704d6e9a92e,nfl,player_passing_tds,Drake Maye,Over,1.5,loss,0.0,2026_02_PIT_NE,0.0,loss,0.0,loss,,False,True,True
182d081c3aacc8fa99a1867e80bae327a571446c26c8d80007749654bc90dbe1,nfl,player_rushing_yards,Bo Nix,Under,17.5,win,6.0,2026_02_JAX_DEN,6.0,win,6.0,win,,False,True,True
46f25450f5f92d8b8d4f2c002786b72b036dc189855a991fcd1073e6a0909a57,nfl,player_rushing_yards,Jordan Love,Over,8.5,loss,0.0,2026_02_GB_NYJ,0.0,loss,0.0,loss,,False,True,True
89ffddf1bfc7cff78d2a2a59ca9f6ab395cb6103cf955c4683d6cd00b591c8fb,nfl,player_receiving_yards,Christian Watson,Under,60.5,win,41.0,2026_02_GB_NYJ,41.0,win,41.0,win,,False,True,True
1eba261d255f67df44861691ae289f8fe06394bbb629eba276f318ab47bc5e45,nfl,player_receiving_yards,Chuba Hubbard,Under,11.5,win,11.0,2026_02_CAR_ATL,11.0,win,11.0,win,,False,True,True
ced10971c54aab26f5cc5112c4e68ccdfe3326c02bc89646833798bd3143d2df,nfl,totals,,Over,45.0,loss,33.0,2026_02_JAX_DEN,33.0,loss,33.0,loss,,False,True,True
c5237c7c5de92d8430c8d9f590076821bf5129fc3541e5830a60b39cd6c81a92,nfl,player_receptions,T.J. Hockenson,Under,3.5,win,3.0,2026_02_MIN_CHI,3.0,win,3.0,win,,False,True,True
5096f13b72fb30a123033b8d643fb0ac62241e7d8b5c8b3918507596f05db3f2,nfl,totals,,Under,48.0,win,12.0,2026_02_MIN_CHI,12.0,win,12.0,win,,False,True,True
cf3924cbc643f0e6bfcf54163ff33fcfd8295beb2efb67661841eff94eca10f8,nfl,player_passing_tds,Justin Herbert,Under,1.5,win,1.0,2026_02_LV_LAC,1.0,win,1.0,win,,False,True,True
7128b71af867da0926424e827de390369d41aa43c8c7be7c0a732099bdbfefc6,nfl,atd,Rhamondre Stevenson,Yes,0.5,loss,0.0,2026_02_PIT_NE,0.0,loss,0.0,loss,0.0,False,True,True
b305efb59ddb4f2aa40d3852a4e3a49066352cf28e0eb4b338b3ae9f9ae95f17,nfl,player_passing_tds,Jalen Hurts,Over,1.5,win,2.0,2026_02_PHI_TEN,2.0,win,2.0,win,,False,True,True
c6c2d420d3740f7d1182270df34fd972f2e7f56d3268d4851c0565877b07084a,nfl,player_receptions,Quinshon Judkins,Under,1.5,loss,5.0,2026_02_CLE_TB,5.0,loss,5.0,loss,,False,True,True
acb75deb2a21e79d9586cb37207a95df25a49c47c4a076aa088fea5a5bd672b8,nfl,player_receptions,D'Andre Swift,Under,1.5,loss,5.0,2026_02_MIN_CHI,5.0,loss,5.0,loss,,False,True,True
e868a5df2967a5db79e23d49b67d53f943804f8e5e45e441f8a4f9a84f105cac,nfl,player_passing_tds,Caleb Williams,Under,1.5,win,0.0,2026_02_MIN_CHI,0.0,win,0.0,win,,False,True,True
1ed71dd58c572e177bd5082e2a16426e463280755b2aacc852ebfadfc08adb14,nfl,player_receptions,Ryan Flournoy,Under,2.5,loss,5.0,2026_02_WAS_DAL,5.0,loss,5.0,loss,,False,True,True
6fda3feaa38a9d861c1c95a7db5d8b309a94a6c40f3d8937db5213a4ad8cd52d,nfl,player_receptions,Dalton Schultz,Under,4.5,loss,12.0,2026_02_CIN_HOU,12.0,loss,12.0,loss,,False,True,True
0107c486d96b3bbebb9bfac759171313f69147a3072bee5f183231650eeab419,nfl,player_receptions,Brenton Strange,Over,3.5,loss,2.0,2026_02_JAX_DEN,2.0,loss,2.0,loss,,False,True,True
70cb9dcb4e6894695a1a222605b0811abd530deebfc0957ad253d770ec7881fa,nfl,player_passing_tds,Jayden Daniels,Over,1.5,loss,1.0,2026_02_WAS_DAL,1.0,loss,1.0,loss,,False,True,True
7f53139e1ee6b7b184be3765e983aaba3f46c12576ce14b4d7ce16ba59262e71,nfl,player_receptions,Jonnu Smith,Over,1.5,loss,0.0,2026_02_GB_NYJ,0.0,loss,,,,True,True,
f14329d15f0b60112e23fe0aff5959a7ae6db9813cd0e73ac0282ea99428dcf5,nfl,atd,De'Von Achane,Yes,0.5,loss,0.0,2026_02_MIA_SF,0.0,loss,0.0,loss,0.0,False,True,True
8424b756e9d3c893a9fda288ba720e366871960d350002142d93556379a5d084,nfl,atd,Jaxon Smith-Njigba,Yes,0.5,win,3.0,2026_02_SEA_ARI,3.0,win,1.0,win,0.0,False,True,True
764bb8b18ce7ab5dd95cb7bd4a93eabe6d42c38f585b5f67c60f036b6b872b11,nfl,player_receptions,Bijan Robinson,Under,4.5,win,3.0,2026_02_CAR_ATL,3.0,win,3.0,win,,False,True,True
cc814e4df153edf63d38485b8ef64b53f18ce8db66169348ce548aecd4a8565a,nfl,player_receptions,Darren Waller,Over,2.5,win,3.0,2026_02_CAR_ATL,3.0,win,3.0,win,,False,True,True
5fc651b45f38c3fd268cefabbe6c1573144ca486b372bf7e0fecaa592d36d899,nfl,player_receptions,Pat Freiermuth,Under,2.5,loss,4.0,2026_02_PIT_NE,4.0,loss,4.0,loss,,False,True,True
211ceee4b550239bf010fc39a3e1aefcafb239a007365e5234147435f3647316,nfl,player_receptions,Mack Hollins,Over,3.5,loss,2.0,2026_02_PIT_NE,2.0,loss,2.0,loss,,False,True,True
8dd151ab94097d90815e3ebe62224a234645ff69beba1aac36febb16cd6fa72f,nfl,player_receptions,Saquon Barkley,Under,1.5,win,1.0,2026_02_PHI_TEN,1.0,win,1.0,win,,False,True,True
fafeaa82f51fc517df048cdc24c61b86988c48d11876fa60df086f4e3c4f6d3b,nfl,player_passing_tds,Deshaun Watson,Under,0.5,loss,2.0,2026_02_CLE_TB,2.0,loss,2.0,loss,,False,True,True
e0eef6ea4dee76390b7627b6db5a10e25fc95a46bb5a063d160c03f573862ff4,nfl,player_receptions,Foster Moreau,Under,0.5,loss,2.0,2026_02_CIN_HOU,2.0,loss,2.0,loss,,False,True,True
ad4cd2f9b687598d8ed6e10f3dc195557580966bdc7c2de9fba7f6e5ec48ceff,nfl,player_receptions,Chris Moore,Under,0.5,loss,1.0,2026_02_NO_BAL,1.0,loss,1.0,loss,,False,True,True
0e3f30cb8e4cf97ff474aca6708b023d52e87685f5ee6319090601d890a1272b,nfl,player_passing_tds,Jaxson Dart,Over,1.5,loss,0.0,2026_02_NYG_LA,0.0,loss,0.0,loss,,False,True,True
244b352614b1f1bd40b9a11a8062f4c6a1afb31b62917298a37a240ac68402da,nfl,player_receptions,Derrick Henry,Under,0.5,loss,3.0,2026_02_NO_BAL,3.0,loss,3.0,loss,,False,True,True
c8bba5e337921af114f6468e847c2eabee746d7faa2fd2b16f9bbc396310ab4d,nfl,player_receptions,Braelon Allen,Under,0.5,loss,1.0,2026_02_GB_NYJ,1.0,loss,1.0,loss,,False,True,True
ebb01ece1f1a823eee68c790ff58ceea19342b6dec02c729549a95d33631e170,nfl,atd,Parker Washington,Yes,0.5,loss,0.0,2026_02_JAX_DEN,0.0,loss,0.0,loss,0.0,False,True,True
dd7ba81106af6dd5eeabb5bcc45881740e590066952a6d9f79e54ff2f199c7eb,nfl,atd,Malik Nabers,Yes,0.5,loss,0.0,2026_02_NYG_LA,0.0,loss,0.0,loss,0.0,False,True,True
e657e6c438c2bbbd1799577314febb70f39c2a8b502e1f0084148aa38d0e5916,nfl,atd,Garrett Wilson,Yes,0.5,win,1.0,2026_02_GB_NYJ,1.0,win,1.0,win,0.0,False,True,True
9f32c2abe8d14914b245eb31bb2e54f098e00b409ffd0a7b25b1b2918644ae83,nfl,atd,Tucker Kraft,Yes,0.5,loss,0.0,2026_02_GB_NYJ,0.0,loss,0.0,loss,0.0,False,True,True
ebabe7168b63de29915e9135e21d713edcdfd60c54a5106c4c7f73b99b91509e,nfl,atd,Ladd McConkey,Yes,0.5,loss,0.0,2026_02_LV_LAC,0.0,loss,0.0,loss,0.0,False,True,True
b85e6f2f203c6735d189042ac1b6d1870efefd523795c51e0e4944c7b774c107,nfl,atd,Colston Loveland,Yes,0.5,loss,0.0,2026_02_MIN_CHI,0.0,loss,0.0,loss,0.0,False,True,True
8741e84f38d3dee7a8a8e079365daa0a4b6374be0521070286623756063101f8,nfl,h2h,,Away,0.0,loss,17.0,2026_02_WAS_DAL,17.0,loss,17.0,loss,,False,True,True
ae8b21bcd70a7cdaf59515ce95fda66fa81a58569ae11bc1fd73aae1515cc186,nfl,player_passing_tds,Cooper Rush,Under,0.5,win,0.0,2026_02_CAR_ATL,0.0,win,0.0,win,,False,True,True
07a22dc59e518a0ba618e2513a485dc99c033566945fec7cf39924fdb7a97144,nfl,atd,Stefon Diggs,Yes,0.5,win,2.0,2026_02_WAS_DAL,2.0,win,1.0,win,0.0,False,True,True
f966072d4723b3546c638a8503d0ba48a78b4d40185c23cbfaf5c5d2fbfe84b2,nfl,atd,Kayshon Boutte,Yes,0.5,loss,0.0,2026_02_CIN_HOU,0.0,loss,0.0,loss,0.0,False,True,True
68605c2755b560d75945329ea911c6f8bc9f490bfc4b11080f0f60400a8ae797,nfl,atd,Jalen Coker,Yes,0.5,loss,0.0,2026_02_CAR_ATL,0.0,loss,0.0,loss,0.0,False,True,True
7674080ebdfcbfb6102cc629ec31b937b2727a586151682e747c7d2a2f278763,nfl,atd,Rome Odunze,Yes,0.5,loss,0.0,2026_02_MIN_CHI,0.0,loss,0.0,loss,0.0,False,True,True
bc7f50716186938d704ff1056d8b71cc38fcf6b9b99700f86343c731da8eccf5,nfl,atd,Tyler Allgeier,Yes,0.5,loss,0.0,2026_02_SEA_ARI,0.0,loss,0.0,loss,0.0,False,True,True
1246b8837e4aabee538620c226bc2c35e2d9cd175bc61337d8ca1021317baf2c,nfl,atd,Blake Corum,Yes,0.5,loss,0.0,2026_02_NYG_LA,0.0,loss,0.0,loss,0.0,False,True,True
25129e258756ec6109e1bfaf3b3eb77b6cae55d34325e989d4f05e3665e9703e,nfl,player_rushing_yards,Raheim Sanders (CLE),Over,19.5,loss,4.0,2026_02_CLE_TB,4.0,loss,4.0,loss,,False,True,True
e0176a69a74a7119b1345b1adb6dc959e0ad5765717fd6fe1550cbf97daa68b7,nfl,h2h,,Away,0.0,loss,17.0,2026_02_PIT_NE,17.0,loss,17.0,loss,,False,True,True
45f3a2f0141d41fd525b90a170e47febc8e78d784f7f59948fbc9bd58996d11d,nfl,player_receiving_yards,Cole Kmet,Over,24.5,loss,0.0,2026_02_MIN_CHI,0.0,loss,0.0,loss,,False,True,True
eee8ae7f225d80fd11e716855ff4be4be039d3d39bb2f69bd0f9931dcae6e13e,nfl,h2h,,Away,0.0,win,-12.0,2026_02_LV_LAC,-12.0,win,-12.0,win,,False,True,True
b212edec3fa358b2e933efdb17e17506b4fee160c694dc7694c047472ef969a6,nfl,h2h,,Away,0.0,loss,22.0,2026_02_NYG_LA,22.0,loss,22.0,loss,,False,True,True
d9c762eb81088ce32f4ac40253094356e811d11b79289a3559e207e254dcbb26,nfl,atd,Bo Nix,Yes,0.5,loss,0.0,2026_02_JAX_DEN,0.0,loss,0.0,loss,0.0,False,True,True
92c7a06ae96d9a76fd8895f3a50f32c5d260bf0d2c0d3a7d2cb8b9ba352e22c3,nfl,atd,David Njoku,Yes,0.5,loss,0.0,2026_02_LV_LAC,0.0,loss,0.0,loss,0.0,False,True,True
7ab54d7c04323c9e29e25ec39f672a16a94d90576e79e4ec9e27d0e40e50f04d,nfl,atd,Tyler Higbee,Yes,0.5,loss,0.0,2026_02_NYG_LA,0.0,loss,,,,True,True,
6cf0ff8e91c5b8fff587d611781921c32c94c752e7f0fcef63e8cb1e3c9a48e6,nfl,atd,Caleb Williams,Yes,0.5,loss,0.0,2026_02_MIN_CHI,0.0,loss,0.0,loss,0.0,False,True,True
a9383a357c67600cfd1a62c8bb2b08034dd1202604894b138cf06954772c8ba8,nfl,atd,Brenton Strange,Yes,0.5,loss,0.0,2026_02_JAX_DEN,0.0,loss,0.0,loss,0.0,False,True,True
65c24d762e461dd398cb374947526ae2aa7e415fc90ddc8292ee380e5b6811c2,nfl,atd,Brock Purdy,Yes,0.5,win,1.0,2026_02_MIA_SF,1.0,win,1.0,win,0.0,False,True,True
e119e1ee9fdb873061fb42d048d997d682dd9831df51aef47b5e0d3288844ae3,nfl,atd,Malik Willis,Yes,0.5,loss,0.0,2026_02_MIA_SF,0.0,loss,0.0,loss,0.0,False,True,True
b5698ce2c7d6574fae8519ff78a0c8b494e2a66cec1c0f3ea29df93a81b76d97,nfl,atd,Jakobi Meyers,Yes,0.5,loss,0.0,2026_02_JAX_DEN,0.0,loss,0.0,loss,0.0,False,True,True
57bf5c31c086e7e3f74eecfce700965e4ce91440b9181f8bc969d5bc84360fb0,nfl,atd,Jake Ferguson,Yes,0.5,win,2.0,2026_02_WAS_DAL,2.0,win,1.0,win,0.0,False,True,True
a0e2949b052cef400619506ac0a6934183c0c5594d0d2ee439fc8244e833bf74,nfl,atd,DK Metcalf,Yes,0.5,loss,0.0,2026_02_PIT_NE,0.0,loss,0.0,loss,0.0,False,True,True
ac8a400c5b525d7ba78231641996b1a7205f542eb145c5e5e0e988ce85aeed5e,nfl,player_rushing_yards,Xavier Worthy,Over,5.5,loss,0.0,2026_02_IND_KC,0.0,loss,0.0,loss,,False,True,True
758f4881751f1136529576d6f94b5a99215e8320c0546ce80d86bbef2514a011,nfl,h2h,,Home,0.0,loss,-4.0,2026_02_PHI_TEN,-4.0,loss,-4.0,loss,,False,True,True
989ff042ee9c17156fa01248bfa79fefa81ee0ad55c30724d4f76017d9dd3b83,nfl,atd,Tyler Shough,Yes,0.5,win,1.0,2026_02_NO_BAL,1.0,win,1.0,win,0.0,False,True,True
a0ea3b50b236e085af4e2624038d2b948f35cadd0eb46a0cd0636f158c921430,nfl,atd,Wan'Dale Robinson,Yes,0.5,loss,0.0,2026_02_PHI_TEN,0.0,loss,0.0,loss,0.0,False,True,True
721cd6792aadc0ff64e1e16e728c846795a0a289765d3c2941a28607e01e80bf,nfl,atd,Justice Hill,Yes,0.5,loss,0.0,2026_02_NO_BAL,0.0,loss,0.0,loss,0.0,False,True,True
020ad72f124b231fec9f23e4559cd2be3b7913a3a60f19c11c1186f949035f15,nfl,atd,Marvin Harrison,Yes,0.5,loss,0.0,2026_02_SEA_ARI,0.0,loss,0.0,loss,0.0,False,True,True
fef8f7400f10561b151fe61099b50daa9b9b215855b9f906415cfcae7979fd6f,nfl,atd,Juwan Johnson,Yes,0.5,loss,0.0,2026_02_NO_BAL,0.0,loss,0.0,loss,0.0,False,True,True
8eec91f182f79e1adc8e5d61b11fd16f7840bc80d819c779672fa333035ca20b,nfl,atd,Pat Freiermuth,Yes,0.5,loss,0.0,2026_02_PIT_NE,0.0,loss,0.0,loss,0.0,False,True,True
93215dcd0e076f968be43aa8b939f93082be42e73a355bfd65b9b5cbfda5e9d0,nfl,atd,Terrance Ferguson,Yes,0.5,win,1.0,2026_02_NYG_LA,1.0,win,1.0,win,0.0,False,True,True
2960d6bcc520bdaaf6762401b9c716366246e3ef6c3b1b5dc01c8c93686b1716,nfl,player_receptions,Tyjae Spears,Over,5.5,loss,2.0,2026_02_PHI_TEN,2.0,loss,2.0,loss,,False,True,True
f889ce687793cbf332a5c89cea1d814c48c15c9ea188550022885df179305b65,nfl,atd,Andrei Iosivas,Yes,0.5,loss,0.0,2026_02_CIN_HOU,0.0,loss,0.0,loss,0.0,False,True,True
57380f4e553151198727b2810fe402766b967981b4b978d037c4669d75e88f1e,nfl,atd,Daniel Jones,Yes,0.5,loss,0.0,2026_02_IND_KC,0.0,loss,0.0,loss,0.0,False,True,True
b761e882c73b2843e742957a3bec9d65a9b978f781daa97ed20b0cf6750d112e,nfl,atd,Gunnar Helm,Yes,0.5,loss,0.0,2026_02_PHI_TEN,0.0,loss,0.0,loss,0.0,False,True,True
0ffbc1f4b2f79cbae9a8a1598af0617281840063bde7dafe16cc6cf00daf7057,nfl,atd,Isaiah Williams,Yes,0.5,loss,0.0,2026_02_GB_NYJ,0.0,loss,0.0,loss,0.0,False,True,True
4dcea3c51de9648c6b796898f657e39557a77ef85bbc5a9e0ebdd313d15f5d6c,nfl,atd,Roman Wilson,Yes,0.5,loss,0.0,2026_02_PIT_NE,0.0,loss,0.0,loss,0.0,False,True,True
e8a5793000a9fb628b7c164fda3f41acdaf547473cdaf30f262dd7126fe8fe74,nfl,atd,Tank Bigsby,Yes,0.5,win,1.0,2026_02_PHI_TEN,1.0,win,1.0,win,0.0,False,True,True
04d3bd3b0f5533e2e583860caf2c627518c1d17518504f4995ed03a52f0f7683,nfl,atd,Charlie Kolar,Yes,0.5,loss,0.0,2026_02_LV_LAC,0.0,loss,0.0,loss,0.0,False,True,True
c6cebda6150216b89b450935a036bad2c10a4539d4d12b71f83a8a3b82a92eea,nfl,atd,Xavier Legette,Yes,0.5,loss,0.0,2026_02_CAR_ATL,0.0,loss,0.0,loss,0.0,False,True,True
374c5082089530fdab026c667ad1975828100eaf255ca3ab720830c7df49878e,nfl,player_receiving_yards,Andrei Iosivas (CIN),Over,49.5,loss,7.0,2026_02_CIN_HOU,7.0,loss,7.0,loss,,False,True,True
679714164cb0bd3d92574bf48adae94f1660fb29fe7a9c85ef9771fdb64c1161,nfl,player_receptions,Chris Godwin,Over,7.5,loss,3.0,2026_02_CLE_TB,3.0,loss,3.0,loss,,False,True,True
24e247d92aaa8233d0ac13c79272d6b142415b45e0b6950446937222c31cefc4,nfl,atd,E.J. Jenkins,Yes,0.5,loss,0.0,2026_02_PHI_TEN,0.0,loss,,,,True,True,
2f187079cc3695ecd3849676ca87aebfc8c7cb282697d03e52dd8ece9b521903,nfl,atd,Jaylin Lane,Yes,0.5,loss,0.0,2026_02_WAS_DAL,0.0,loss,0.0,loss,0.0,False,True,True
2ceb963dbd98cf1027cac739ea56f4a8d517710580e2ff15a84119668b4b3ee6,nfl,atd,Bo Melton,Yes,0.5,loss,0.0,2026_02_GB_NYJ,0.0,loss,0.0,loss,0.0,False,True,True
6214bc459eb03dfcc45bc8e489c09c393a7a43338aaed28f3b225195c4452c62,nfl,atd,Ben Sinnott,Yes,0.5,loss,0.0,2026_02_WAS_DAL,0.0,loss,0.0,loss,0.0,False,True,True
6e66f75f9515f75a383f48cc574bf446433d33d9b3fc8570f7f2c7c495a51e24,nfl,atd,Davis Allen,Yes,0.5,loss,0.0,2026_02_NYG_LA,0.0,loss,0.0,loss,0.0,False,True,True
93c93019ca4c9c47271a72b136cd187919bbb4d9833f42b58ed4c6b3b21421e0,nfl,player_rushing_yards,Samaje Perine (CIN),Over,79.5,loss,6.0,2026_02_CIN_HOU,6.0,loss,6.0,loss,,False,True,True
74be540e696876122135648e60d315d23238f5e96b07d80ea94c21e38ec4277c,nfl,player_receptions,Juwan Johnson,Over,3.5,win,4.0,2026_02_NO_BAL,4.0,win,4.0,win,,False,True,True
58020abbfe36ce6bfa4d869b9a050e6dfce839f624a1630562b54efdd2db17be,nfl,player_receptions,Chris Olave,Over,5.5,win,8.0,2026_02_NO_BAL,8.0,win,8.0,win,,False,True,True
31c476201515afaee3a42cac3b36b42323aa19f443abd074305739763087f915,nfl,player_receptions,Harold Fannin,Over,3.5,win,5.0,2026_02_CLE_TB,5.0,win,5.0,win,,False,True,True
356278e8e8618a98f35f915dca7ed83603f163db299f4804bc2e1098105b6dbc,nfl,player_rushing_yards,D'Andre Swift,Over,63.5,loss,45.0,2026_02_MIN_CHI,45.0,loss,45.0,loss,,False,True,True
1ca29172ac481f662344c9cd573efa345baf2eba61b47c463a34ba0814d61728,nfl,player_receptions,Alec Pierce,Over,2.5,loss,1.0,2026_02_IND_KC,1.0,loss,1.0,loss,,False,True,True
3c2c1dbe4a3aa3d815e93d75cdde45d9577e653e68eb25e7e2c238b336216c29,nfl,player_receiving_yards,Michael Wilson,Over,37.5,loss,18.0,2026_02_SEA_ARI,18.0,loss,18.0,loss,,False,True,True
bbbe29ea024a4436ac5d00b592f947584486ec00b1f87f21499ab48e71c8e55a,nfl,player_receptions,Michael Wilson,Over,3.5,loss,2.0,2026_02_SEA_ARI,2.0,loss,2.0,loss,,False,True,True
fb2842f780ae583a7e39862a94a2a60077993054394038981ff55bf8d324e2ac,nfl,player_rushing_yards,TreVeyon Henderson,Over,35.5,win,76.0,2026_02_PIT_NE,76.0,win,76.0,win,,False,True,True
676ffdcf2e0078814f0595d5363929990965238eafe877200eaabf41463673a4,nfl,player_receptions,Trey McBride,Over,6.5,win,8.0,2026_02_SEA_ARI,8.0,win,8.0,win,,False,True,True
1523adcbc489902571cb7dc842bcef09541a0888fbde4e8d0c357da8da8dcbe9,nfl,player_receiving_yards,Trey McBride,Over,60.5,loss,41.0,2026_02_SEA_ARI,41.0,loss,41.0,loss,,False,True,True
683e5b451a6e58f891ad431de7fda33bbae2dbb469d0eab1f24628b98fa89504,nfl,player_receiving_yards,Harold Fannin,Over,33.5,win,54.0,2026_02_CLE_TB,54.0,win,54.0,win,,False,True,True
3b9fb954a827f7b04b54b1c856d4ffd495d53882916e9e088d7089c7726bb564,nfl,player_receptions,Quentin Johnston,Under,4.5,win,1.0,2026_02_LV_LAC,1.0,win,1.0,win,,False,True,True
7638ca59bb068af760a189c42e98208f2b2055ba35da5bd75eb9b40a964f195b,nfl,atd,Bo Nix,Yes,0.5,loss,0.0,2026_02_JAX_DEN,0.0,loss,0.0,loss,0.0,False,True,True
147e2e87878a041dacd155be1327418717a1f2deba7d581695eea3a793f3e647,nfl,atd,David Njoku,Yes,0.5,loss,0.0,2026_02_LV_LAC,0.0,loss,0.0,loss,0.0,False,True,True
cc3b9fc27781289a314b254b2767f35db6b7b34350a362343263b78344e3b4d6,nfl,player_rushing_yards,Bucky Irving,Under,64.5,loss,89.0,2026_02_CLE_TB,89.0,loss,89.0,loss,,False,True,True
44ffdadaddb8ce527f1b2172f4618a4dfe8735e41792cd9613b183fc626c0074,nfl,player_receiving_yards,Tyjae Spears,Over,16.5,win,29.0,2026_02_PHI_TEN,29.0,win,29.0,win,,False,True,True
f09abb703f42476a2c5a51391a1d35ec6756e37f0aab0d75f1f28974b58d1fcd,nfl,player_rushing_yards,Jacoby Brissett,Over,9.5,loss,7.0,2026_02_SEA_ARI,7.0,loss,7.0,loss,,False,True,True
20b5086703ab506c4b8c16b7ed503b667b84096c1682cc91eeffac221887c9df,nfl,player_receiving_yards,Chris Olave,Over,69.5,win,86.0,2026_02_NO_BAL,86.0,win,86.0,win,,False,True,True
21e665b8488adcce5b0907e1ceb3dbe2936beea8f47cff18144599155d528093,nfl,player_receptions,Josh Oliver,Under,1.5,win,1.0,2026_02_MIN_CHI,1.0,win,1.0,win,,False,True,True
c74f0f50fb4b19f4043b66220bd69f52b95081137646628a918d7215af46b427,nfl,player_rushing_yards,Cam Ward,Under,11.5,win,7.0,2026_02_PHI_TEN,7.0,win,7.0,win,,False,True,True
c7b06373eb870a72892cfffb194e6b2eebe7218253e3bed9dd859e9b9f9fe0a5,nfl,player_receptions,Garrett Wilson,Under,5.5,win,5.0,2026_02_GB_NYJ,5.0,win,5.0,win,,False,True,True
5515a255e86ff2a4c7f3c66a50d6554dab19f0f26a8e60eaa72c9fb6622ee6ed,nfl,h2h,,Away,0.0,win,-24.0,2026_02_SEA_ARI,-24.0,win,-24.0,win,,False,True,True
b209ad0128a5945cc9da6831827614c7f6223ec67251738bba8c7b1f60f6f5ff,nfl,player_receptions,Isaiah Williams,Over,1.5,win,6.0,2026_02_GB_NYJ,6.0,win,6.0,win,,False,True,True
554f3b010ca3dbe25613a4929f21f3ffe62714fda4ccff8d596b93e9ef95b872,nfl,player_receptions,Emeka Egbuka,Under,1.5,loss,3.0,2026_02_CLE_TB,3.0,loss,3.0,loss,,False,True,True
bf619110072de910942e04c50b06d8ea4965615f42423f6ce9ea41b26a3b43e3,nfl,player_passing_tds,Deshaun Watson,Under,0.5,loss,2.0,2026_02_CLE_TB,2.0,loss,2.0,loss,,False,True,True
b46f1c13bfa035dd9aa5f33c009b470b5fcd7e7dbdb8590300c7e70f032a7d21,nfl,player_rushing_yards,Drew Lock,Under,6.5,win,0.0,2026_02_SEA_ARI,0.0,win,0.0,win,,False,True,True
ca9d8b7783b846703929ad6e2ca047ce4de88bea8a8c940e064b2dd6482769a5,nfl,player_receiving_yards,T.J. Hockenson,Under,30.5,win,29.0,2026_02_MIN_CHI,29.0,win,29.0,win,,False,True,True
14c4cfde4056fa63917d5cd1314528d62e53bba52e8006ce954d2c142311a4f9,nfl,player_rushing_yards,Brock Purdy,Over,13.5,win,30.0,2026_02_MIA_SF,30.0,win,30.0,win,,False,True,True
accca91f3bb3e060727ce6d3b9963ab67ce0ac4603664a2c0c7154818f43c791,nfl,player_receptions,Tyler Warren,Under,4.5,loss,6.0,2026_02_IND_KC,6.0,loss,6.0,loss,,False,True,True
1f5bb9ac015e5b7b351f8aec365c7a5f3adf4da2b767652a69720a465000801f,nfl,player_receptions,Tetairoa McMillan,Under,4.5,loss,5.0,2026_02_CAR_ATL,5.0,loss,5.0,loss,,False,True,True
e983c3889851082e21ad5bb315fa6bcad33b11fb1fe3a06e897fb6fd25260f5e,nfl,player_receiving_yards,Marvin Harrison,Over,35.5,loss,0.0,2026_02_SEA_ARI,0.0,loss,0.0,loss,,False,True,True
378e4fe202be7cf01bd3cced43ef1ae3aef76f5c18321fe0e2635b2bf5d16926,nfl,atd,Parker Washington,Yes,0.5,loss,0.0,2026_02_JAX_DEN,0.0,loss,0.0,loss,0.0,False,True,True
5ea72cb365eaf4865fc73287881c9c3dc02a3d8bbc9745b3e3d031b0b4b18d3b,nfl,player_receptions,DeVonta Smith,Under,4.5,loss,10.0,2026_02_PHI_TEN,10.0,loss,10.0,loss,,False,True,True
64e167f1b2ac06f2e8727f0e7eceb8064070e30a37be3684479181a97be8bda1,nfl,player_rushing_yards,Baker Mayfield,Over,15.5,win,29.0,2026_02_CLE_TB,29.0,win,29.0,win,,False,True,True
eb688ff15d221474427468cc3ac783abd3de0dafd55c8f98963b31cfab338e88,nfl,atd,Tyler Shough,Yes,0.5,win,1.0,2026_02_NO_BAL,1.0,win,1.0,win,0.0,False,True,True
99484ccd0a3bea592ffbf4fd60e2a4476ff52a09661cf8915f532c9c3baee187,nfl,atd,Wan'Dale Robinson,Yes,0.5,loss,0.0,2026_02_PHI_TEN,0.0,loss,0.0,loss,0.0,False,True,True
8416a9ed1b12638cada3636a76a662e75855d3626111c5947bac123d71023564,nfl,atd,De'Von Achane,Yes,0.5,loss,0.0,2026_02_MIA_SF,0.0,loss,0.0,loss,0.0,False,True,True
8121eb81f644e0f4d4769501aad17266a6aa6eb5678b581bd11d0681d7e7c809,nfl,player_receptions,Luther Burden,Under,4.5,win,3.0,2026_02_MIN_CHI,3.0,win,3.0,win,,False,True,True
0fad7874641d2ff779292c9c9f174c67da160ce4788d048fd42dd4a26b6231cc,nfl,player_receptions,Jaxon Smith-Njigba,Over,6.5,win,9.0,2026_02_SEA_ARI,9.0,win,9.0,win,,False,True,True
9863be5ecc4af82f0d72c6664b981ed8ca2abc18ae9caa47f08cbd5ba0657dda,nfl,player_receptions,Chuba Hubbard,Under,2.5,win,2.0,2026_02_CAR_ATL,2.0,win,2.0,win,,False,True,True
77b55940603951e5577df25d0bf1987375351b43f1c0a22d936caa39450e47b9,nfl,player_rushing_yards,Patrick Mahomes,Over,17.5,loss,17.0,2026_02_IND_KC,17.0,loss,17.0,loss,,False,True,True
8b420fd836d1ac4ac8f0907024885484476586a11b7b44690a8b931ef39268eb,nfl,player_passing_yards,Deshaun Watson,Under,175.5,loss,238.0,2026_02_CLE_TB,238.0,loss,238.0,loss,,False,True,True
4ec4213232e78164805a097792991e0e0c116ea758180f453e29fc206dadbc92,nfl,player_receptions,Courtland Sutton,Over,3.5,loss,3.0,2026_02_JAX_DEN,3.0,loss,3.0,loss,,False,True,True
643dc3643d8c4214a805c5acab1016c21a41970f2bde0e387752c636999dbbd7,nfl,atd,Brenton Strange,Yes,0.5,loss,0.0,2026_02_JAX_DEN,0.0,loss,0.0,loss,0.0,False,True,True
cefc4ee39618df16912a49923e664b0fa3be2bbfa2193ba65cc03e49433bed02,nfl,atd,Brock Purdy,Yes,0.5,win,1.0,2026_02_MIA_SF,1.0,win,1.0,win,0.0,False,True,True
f1099d0efc886109afef7972927af1e7e18be10c7e7983db4b239f30ec8e954d,nfl,atd,Malik Willis,Yes,0.5,loss,0.0,2026_02_MIA_SF,0.0,loss,0.0,loss,0.0,False,True,True
8257f7d2fceb816a846a8db7f97d1ea5d5cb86ce9762ca0f164a9512257fcc1b,nfl,player_receptions,Christian Watson,Under,1.5,loss,4.0,2026_02_GB_NYJ,4.0,loss,4.0,loss,,False,True,True
fa73a27c5c66633000a0217bc3ebe3041d2d3f51eede37a0475f3681ee633d5e,nfl,player_passing_tds,Drake Maye,Over,1.5,loss,0.0,2026_02_PIT_NE,0.0,loss,0.0,loss,,False,True,True
ea5cddcc1292b7c544d164fcc668947ad9eb744f78ca5e95f30a3c651d4c3e3a,nfl,player_passing_tds,Joe Burrow,Over,1.5,win,2.0,2026_02_CIN_HOU,2.0,win,2.0,win,,False,True,True
e4bb7431d73c0185c0df889b9ddc99e63a58106ca3878333fab909b791191b43,nfl,player_rushing_yards,Kyle Monangai,Over,37.5,win,47.0,2026_02_MIN_CHI,47.0,win,47.0,win,,False,True,True
ba549501b612fbd04ae1f440981079717db6fa5058a29bc73863a3dd1a1cffbe,nfl,player_receptions,Keenan Allen,Over,3.5,loss,1.0,2026_02_IND_KC,1.0,loss,1.0,loss,,False,True,True
900a5839aed3507be1baf1e9f0e6f3f9efa502ed9fba9da44c4e11711ab50f54,nfl,player_receiving_yards,Jaylen Waddle,Under,54.5,loss,138.0,2026_02_JAX_DEN,138.0,loss,138.0,loss,,False,True,True
82d1e4fbcce0bc441c7cac8bf9117b6a1b651987a8aea3ef2507e69a8ae6523f,nfl,atd,Jaylin Lane,Yes,0.5,loss,0.0,2026_02_WAS_DAL,0.0,loss,0.0,loss,0.0,False,True,True
f0ca386ca99d01f4d24c8d5ee76efab9ba36332c3dceb6d028c32b60f74c63fb,nfl,player_receptions,CeeDee Lamb,Under,5.5,loss,8.0,2026_02_WAS_DAL,8.0,loss,8.0,loss,,False,True,True
e94052b90032af40ab124be0449d4fba11188edf6f5679cb6f114b4071f4d108,nfl,player_receptions,AJ Barner,Over,2.5,loss,1.0,2026_02_SEA_ARI,1.0,loss,1.0,loss,,False,True,True
eca8ffedccba82cca948b6daf79ed42e5b83fa0407f55da6422ad6e14e339323,nfl,player_passing_tds,Carson Wentz,Under,1.5,win,0.0,2026_02_MIN_CHI,0.0,win,0.0,win,,False,True,True
c46f93fa79c52374a73afdbaf0cace3509dbf0a1b00ab0d2d12df5cb1bc321ce,nfl,player_rushing_yards,Trevor Lawrence,Over,16.5,loss,6.0,2026_02_JAX_DEN,6.0,loss,6.0,loss,,False,True,True
52f429540b47bd7f816f855bb35873f086a6878a8c02f60529fb5f4e66fe3fce,nfl,player_receptions,Saquon Barkley,Under,2.5,win,1.0,2026_02_PHI_TEN,1.0,win,1.0,win,,False,True,True
7eb042436d8f2ee42f4768d3e69f0928d5d76a43efcde3a24f5beee7576092df,nfl,player_receptions,Cole Kmet,Over,1.5,loss,0.0,2026_02_MIN_CHI,0.0,loss,0.0,loss,,False,True,True
10446fa869ad7e732100c1e526ab2ded0e4df9d19e14c23d163a4b317c8aac72,nfl,player_rushing_yards,Christian McCaffrey,Over,61.5,loss,23.0,2026_02_MIA_SF,23.0,loss,23.0,loss,,False,True,True
d4784bdd95017c85705ebd857acc2af14badfe28ba99558bdc14f9d71888a833,nfl,player_receiving_yards,Aaron Jones,Under,15.5,win,0.0,2026_02_MIN_CHI,0.0,win,0.0,win,,False,True,True
eaa9eef4efab00a9d6eabec265f5da6d38c9d927c1ebbdf027d6b1d87b111a77,nfl,totals,,Under,43.5,win,40.0,2026_02_LV_LAC,40.0,win,40.0,win,,False,True,True
e319143b56b30ac3d3d925b0ed708b64d3eedff182e08e895b7e6701836097a1,nfl,player_receptions,Rome Odunze,Over,2.5,win,3.0,2026_02_MIN_CHI,3.0,win,3.0,win,,False,True,True
63bab1536c3ac55d8ff33faf8a67d4e8d87c5b24edca71e59fdadd14393a4403,nfl,player_receptions,George Pickens,Over,4.5,win,6.0,2026_02_WAS_DAL,6.0,win,6.0,win,,False,True,True
c1cb72d9bfe15cb566a35ed421093a03f18f7aba025a3fcde73b3dacaadf6691,nfl,player_receiving_yards,David Montgomery,Over,11.5,win,14.0,2026_02_CIN_HOU,14.0,win,14.0,win,,False,True,True
8470d87a5c34d0f1008162336f5cdc95dfba2e074cd8e6a2a2482ec946baba87,nfl,player_rushing_yards,Jayden Daniels,Over,36.5,win,69.0,2026_02_WAS_DAL,69.0,win,69.0,win,,False,True,True
e0c83a60108aad701b5fcaeaaf6e90ad18353f09134b6e44681571ef367ebc12,nfl,player_passing_yards,Lamar Jackson,Under,210.5,loss,235.0,2026_02_NO_BAL,235.0,loss,235.0,loss,,False,True,True
07dbc54f0eb66b99ada606040da99e43bef6fcd679b5d62b7c40fb1c58ffd52b,nfl,player_receiving_yards,Rachaad White,Under,12.5,loss,40.0,2026_02_WAS_DAL,40.0,loss,40.0,loss,,False,True,True
ed848f3dd3aa770116d68fd6d5b966f82f90360a7ed627037f0aa6a3ce0d0611,nfl,player_receiving_yards,Luther Burden III,Under,51.5,win,32.0,2026_02_MIN_CHI,32.0,win,32.0,win,,False,True,True
5a9d2a1015c3b85617954a1ead2be130f1fb691f17df7d4b76a27c872ede5a41,nfl,player_receiving_yards,Courtland Sutton,Over,39.5,loss,25.0,2026_02_JAX_DEN,25.0,loss,25.0,loss,,False,True,True
53a219068ce962cc881cfe87969efa22934a2c8527022a79034f0d88b56743b0,nfl,player_receptions,Tre Tucker,Under,3.5,loss,5.0,2026_02_LV_LAC,5.0,loss,5.0,loss,,False,True,True
58c6a04a51f1f4afd707eedfa433b52594aa9f81d17ed2abf21d76ce0e00a590,nfl,atd,Garrett Wilson,Yes,0.5,win,1.0,2026_02_GB_NYJ,1.0,win,1.0,win,0.0,False,True,True
37fcea469628b693da44f94e0d2c933d41c977b9560cf9884b51ef3d31aa77a2,nfl,atd,Tucker Kraft,Yes,0.5,loss,0.0,2026_02_GB_NYJ,0.0,loss,0.0,loss,0.0,False,True,True
08d7d830e87f349aa1628abf4ad718b6829548c0551ef240fb6dac1075fa3b42,nfl,player_receptions,DK Metcalf,Under,4.5,win,4.0,2026_02_PIT_NE,4.0,win,4.0,win,,False,True,True
7927a89b60fc48cd3a5b77518a0d533f448bcec8b50c6c5eb816164df0432a7d,nfl,player_receptions,Jakobi Meyers,Over,3.5,loss,1.0,2026_02_JAX_DEN,1.0,loss,1.0,loss,,False,True,True
6a544b22b2ea3800a449ef11979c6a4a99fc3d7600de44954f164902bf73651f,nfl,player_receptions,Travis Etienne Jr.,Over,1.5,win,2.0,2026_02_NO_BAL,2.0,win,2.0,win,,False,True,True
86c5c816814eeedf06331208c76c7ea97a92d6e8b342bb5f139f455fc79ba2fe,nfl,player_receptions,Pat Bryant,Under,3.5,win,0.0,2026_02_JAX_DEN,0.0,win,0.0,win,,False,True,True
5bc580003fc0538eb8e7d796c2baadd972df33418f02963071d26f94c84716f8,nfl,atd,Rhamondre Stevenson,Yes,0.5,loss,0.0,2026_02_PIT_NE,0.0,loss,0.0,loss,0.0,False,True,True
f69a9f7ae927cfa414573690be6ed4403dcf324afa5ef05434e503f20673a90f,nfl,player_receptions,Colston Loveland,Under,4.5,win,1.0,2026_02_MIN_CHI,1.0,win,1.0,win,,False,True,True
58317fa1e44cfd8fb65163bad17b7ae84a2ead35c17f1a1881b97b3777fe5c2b,nfl,player_receiving_yards,Kayshon Boutte,Under,35.5,loss,37.0,2026_02_CIN_HOU,37.0,loss,37.0,loss,,False,True,True
eec0387b687be7fb1a8e0a6bd4a86a28aea59b806779be8c04acc9f19d512967,nfl,player_passing_tds,Jayden Daniels,Over,1.5,loss,1.0,2026_02_WAS_DAL,1.0,loss,1.0,loss,,False,True,True
03d3e03ccd53ca8e735b5970e0e9e86ab604d1f04522a8c7cc026c982e16d878,nfl,player_receptions,Rashid Shaheed,Over,1.5,win,3.0,2026_02_SEA_ARI,3.0,win,3.0,win,,False,True,True
567a176b0b47c01d3dff526787707f39c49d399cdb975e96982c86a3e30313aa,nfl,player_receptions,Jonathan Taylor,Under,2.5,loss,4.0,2026_02_IND_KC,4.0,loss,4.0,loss,,False,True,True
40b94b4e02f3aa153e129cfaef0856ca8ed9976e49c49107e919d4f9d7bafd42,nfl,player_receiving_yards,Saquon Barkley,Under,11.5,win,11.0,2026_02_PHI_TEN,11.0,win,11.0,win,,False,True,True
0b38a86ec882becde867370bf9f0271319ef0fd3bfa249b78c05c5e7c5015bc3,nfl,player_receiving_yards,David Njoku,Under,25.5,win,9.0,2026_02_LV_LAC,9.0,win,9.0,win,,False,True,True
696f93282dda74757a36a69153514a6d01e7434daf198b32568282726b0e6d37,nfl,player_receiving_yards,Bucky Irving,Over,15.5,loss,1.0,2026_02_CLE_TB,1.0,loss,1.0,loss,,False,True,True
39a0b5a39d8d58916d2eb68de9d17a5f07f21e10c5332b807b07f7b312475163,nfl,player_passing_yards,Aaron Rodgers,Under,205.5,win,187.0,2026_02_PIT_NE,187.0,win,187.0,win,,False,True,True
0ffd9bdfd4e750555a59e4b34af233075eeb5a10cf835dc927dcff73cf210169,nfl,spreads,,Away,-4.5,win,-10.5,2026_02_MIN_CHI,-10.5,win,-10.5,win,,False,True,True
08afb5159acac5c084a272b1cc7f71de0ce691c796dbd3ee3d242db4d36801ce,nfl,atd,Andrei Iosivas,Yes,0.5,loss,0.0,2026_02_CIN_HOU,0.0,loss,0.0,loss,0.0,False,True,True
d78939edb0e8b4114bb2f2ccb4e6958d19e54ee3cde4cb15c940ae4a38c41b5b,nfl,player_receptions,Derrick Henry,Under,1.5,loss,3.0,2026_02_NO_BAL,3.0,loss,3.0,loss,,False,True,True
651fcc643de676e0299e75e744f867c5c0a6ba57d987c04aea047b46635bc542,nfl,atd,Jaxon Smith-Njigba,Yes,0.5,win,3.0,2026_02_SEA_ARI,3.0,win,1.0,win,0.0,False,True,True
c5486aef0e6bb2a3e7bdebac68c2e08360b315609b02ea963b844aca0b821959,nfl,atd,Bo Melton,Yes,0.5,loss,0.0,2026_02_GB_NYJ,0.0,loss,0.0,loss,0.0,False,True,True
2cce41c9836bc6c03fe939dbc3bd736252cb671a7c8c996a9fe54e19022999ba,nfl,player_receiving_yards,Drake London,Over,57.5,loss,51.0,2026_02_CAR_ATL,51.0,loss,51.0,loss,,False,True,True
5288447dab662450871823e50d122cc48b86f739413f92c3a35758a968184f7e,nfl,player_passing_yards,Dak Prescott,Under,260.5,loss,279.0,2026_02_WAS_DAL,279.0,loss,279.0,loss,,False,True,True
fd81177e9909c946d4f138710cee0bda289cf8dc36bacefe5568db6ba373e5e4,nfl,player_receptions,Noah Fant (NOR),Over,1.5,loss,0.0,2026_02_NO_BAL,0.0,loss,0.0,loss,,False,True,True
a25dcea56dc3046574caf5402b180069a7d7165dc7e28647fee152b1ac51cc62,nfl,player_rushing_yards,Aaron Rodgers,Under,0.5,loss,5.0,2026_02_PIT_NE,5.0,loss,5.0,loss,,False,True,True
4ef3af27c724e447ecc950b69726da12ccb6533cb377755540fa8462c35a2327,nfl,player_receptions,Adonai Mitchell,Under,2.5,loss,6.0,2026_02_GB_NYJ,6.0,loss,6.0,loss,,False,True,True
7623b7be6a67c78e7955c5063398351cca238c57bb81494417742c6847a0f2a3,nfl,h2h,,Away,0.0,win,-12.0,2026_02_LV_LAC,-12.0,win,-12.0,win,,False,True,True
47ca9efa371246a8bb962acc217ed482bf641bfd58f2c46052ca88d09526f8aa,nfl,player_passing_tds,Lamar Jackson,Under,1.5,win,1.0,2026_02_NO_BAL,1.0,win,1.0,win,,False,True,True
e892a1bc2c72903003d82a286a9f130f9792983895d724aea7f66e5445a8c6c1,nfl,player_receiving_yards,Quinshon Judkins,Under,11.5,loss,27.0,2026_02_CLE_TB,27.0,loss,27.0,loss,,False,True,True
1ba2d2db1294a85c504171ccdada9c908f70f4af2c951045cea4f5343a919c75,nfl,player_receiving_yards,Chuba Hubbard,Under,11.5,win,11.0,2026_02_CAR_ATL,11.0,win,11.0,win,,False,True,True
e5674506e66cb597bc6035bfef12f1e7a3462d8a884939d94e2b09146d9a17a4,nfl,player_receiving_yards,Xavier Worthy,Under,37.5,win,25.0,2026_02_IND_KC,25.0,win,25.0,win,,False,True,True
601677f88119371dc05f98d2c3d661d06358696fe119ee1cb13076b303208331,nfl,player_receptions,Romeo Doubs,Under,3.5,win,3.0,2026_02_PIT_NE,3.0,win,3.0,win,,False,True,True
a2d3eff6f40ab68bd625617bbb5db62207a0fc55ee54f7b509f66da1c5d19a3c,nfl,player_receptions,Darnell Washington,Over,1.5,loss,1.0,2026_02_PIT_NE,1.0,loss,1.0,loss,,False,True,True
1271244cbd889bfee4cf92a62caed3ba3de535d33692031928986586400f2f5b,nfl,player_passing_tds,Cooper Rush,Under,0.5,win,0.0,2026_02_CAR_ATL,0.0,win,0.0,win,,False,True,True
036b9f4b1c68886905822a3de5c063df0411cbdf5e24270c486d5bbfb15881f5,nfl,atd,Rome Odunze,Yes,0.5,loss,0.0,2026_02_MIN_CHI,0.0,loss,0.0,loss,0.0,False,True,True
008758071dc9bbb60e41a71065e2afe9ef87b13802f2c03e853745ebf0daa14b,nfl,player_rushing_yards,Dak Prescott,Over,7.5,win,26.0,2026_02_WAS_DAL,26.0,win,26.0,win,,False,True,True
caa6efd3c48d430741daaf4d1a928447342886e382d6213717ab964e26437d8f,nfl,atd,Ladd McConkey,Yes,0.5,loss,0.0,2026_02_LV_LAC,0.0,loss,0.0,loss,0.0,False,True,True
d1998c1cba1d1cbf42d7b9c4c4ae1e04461d5b2bfd868d38a0f48fc5606165d6,nfl,player_receiving_yards,Colston Loveland,Under,52.5,win,3.0,2026_02_MIN_CHI,3.0,win,3.0,win,,False,True,True
a1d49cb7a3ff636630a7cdd8da46fc80eeb216988f35a24573382fcb004b54c1,nfl,h2h,,Away,0.0,loss,17.0,2026_02_WAS_DAL,17.0,loss,17.0,loss,,False,True,True
832d296c99b8a793194d287bbff94a59351c7c84ad6ad0734ab15ff6fee9c95d,nfl,player_receptions,Jonnu Smith,Over,1.5,loss,0.0,2026_02_GB_NYJ,0.0,loss,,,,True,True,
b95437dde20530a15082c3541054ddf510c73c447843ed0e015981d429389108,nfl,atd,Colston Loveland,Yes,0.5,loss,0.0,2026_02_MIN_CHI,0.0,loss,0.0,loss,0.0,False,True,True
117e0e674a154ef784af494f2e398ff1b7121d939cf47907b09aa5b703ce5ee7,nfl,player_rushing_yards,Derrick Henry,Over,95.5,loss,68.0,2026_02_NO_BAL,68.0,loss,68.0,loss,,False,True,True
ac8f2d431dc6010f0caacc43f81ef26a5d342282790d70b8e17c64bfc0a15c29,nfl,player_receptions,Mack Hollins,Over,3.5,loss,2.0,2026_02_PIT_NE,2.0,loss,2.0,loss,,False,True,True
d805d5d8d646cb514f05655a79bca072c2930ccf804812d3570ab09673208b80,nfl,player_rushing_yards,Bryce Young,Under,13.5,win,6.0,2026_02_CAR_ATL,6.0,win,6.0,win,,False,True,True
a96419f9a1d65b1af35272f04c8966ad91111716731f278b44c4efe7e445c39a,nfl,atd,Juwan Johnson,Yes,0.5,loss,0.0,2026_02_NO_BAL,0.0,loss,0.0,loss,0.0,False,True,True
a20bcd4c568e617e44e25c85c28d1e457be7f38747b1df152d0685e05b612f51,nfl,player_receptions,Kyle Monangai,Under,1.5,loss,2.0,2026_02_MIN_CHI,2.0,loss,2.0,loss,,False,True,True
361bbab456ca33cd4d236629f9ab5d380e09cea151152ed47dba677b05a17cf0,nfl,player_receptions,Rico Dowdle,Under,2.5,win,2.0,2026_02_PIT_NE,2.0,win,2.0,win,,False,True,True
e46ea28103d7c4aaa603af46c2e823230bde5230563fa0025f14f668165dc199,nfl,player_receptions,Tucker Kraft,Under,3.5,win,2.0,2026_02_GB_NYJ,2.0,win,2.0,win,,False,True,True
8ae0313aaa284bbdac17bb07735a5194be32f82766e28508d852544edbaaca92,nfl,player_receptions,Bijan Robinson,Under,4.5,win,3.0,2026_02_CAR_ATL,3.0,win,3.0,win,,False,True,True
7b0de7d70138e61fb7ddfb07242662c3c77b6fb9369edf0300f9c420eab704c5,nfl,player_receptions,Dalton Schultz,Under,4.5,loss,12.0,2026_02_CIN_HOU,12.0,loss,12.0,loss,,False,True,True
a7c2f10ca52dd321912a55ac6f1b3e7b70e0d6f266ee1f80b1cb772961aa58ce,nfl,spreads,,Away,3.0,refund,0.0,2026_02_GB_NYJ,0.0,refund,0.0,refund,,False,True,True
bb00430a265ccde68fa9e8b35ff4201f4df6aa69f8137f78e8bf32a99f5db09c,nfl,player_receptions,Parker Washington,Under,4.5,loss,7.0,2026_02_JAX_DEN,7.0,loss,7.0,loss,,False,True,True
e871f95a14b2f0bd6a9802781363ec8f7c4849037f97ada20523bab25f7352b9,nfl,player_receptions,Kalif Raymond,Under,2.5,loss,5.0,2026_02_MIN_CHI,5.0,loss,5.0,loss,,False,True,True
85637fe4897afc3c08d770f7e34147f45b750d8f9d1b9cd8387ad45a336676a6,nfl,player_receiving_yards,Tee Higgins,Over,55.5,win,95.0,2026_02_CIN_HOU,95.0,win,95.0,win,,False,True,True
fe47c17e04a029cbb4fd623038d74b70eb44c8b1246f07ef9be22ccb67ae8284,nfl,player_receptions,Terry McLaurin,Under,4.5,win,2.0,2026_02_WAS_DAL,2.0,win,2.0,win,,False,True,True
3709b0ca6f2d55a9e5f0c6154d757ba3d46a5bd076541f258bb800c4dc994021,nfl,player_passing_yards,Joe Burrow,Under,248.5,win,207.0,2026_02_CIN_HOU,207.0,win,207.0,win,,False,True,True
127562e7fbb1c004db35a60b0d794bea7843ff6ca31c5b40ba5a75bf13e3b1fa,nfl,player_receptions,De'Von Achane,Under,3.5,win,3.0,2026_02_MIA_SF,3.0,win,3.0,win,,False,True,True
fa33f314bc1cddaf0630fe2aca82c3ddf0def165f5b1bdcd5c3451384091d169,nfl,player_receiving_yards,Dalton Schultz,Under,42.5,loss,140.0,2026_02_CIN_HOU,140.0,loss,140.0,loss,,False,True,True
ee37d76f10b91b1a89a414b1e123c10aec404ed0c4c310162679b31f6f3ea77c,nfl,player_rushing_yards,Breece Hall,Under,65.5,win,29.0,2026_02_GB_NYJ,29.0,win,29.0,win,,False,True,True
fcf10f8259148901c5874b67c658c2be0751df904dda72297970d1b94695fc8b,nfl,player_receiving_yards,Xavier Legette,Over,14.5,win,64.0,2026_02_CAR_ATL,64.0,win,64.0,win,,False,True,True
86e54d2efe48472d51ec0ce31fdc416baff0276947866eecd5bd1c1404235092,nfl,player_passing_tds,Aaron Rodgers,Over,0.5,loss,0.0,2026_02_PIT_NE,0.0,loss,0.0,loss,,False,True,True
a297798909d7c712d34df132db876817a802bdc7767348cdc72a83184e6b2dd6,nfl,player_receiving_yards,Kyle Monangai,Under,10.5,loss,11.0,2026_02_MIN_CHI,11.0,loss,11.0,loss,,False,True,True
d6ee945da055c7c4fce489726fb48840754dc4b62f6fc2a65e18986ed715dc97,nfl,player_receptions,D'Andre Swift,Under,1.5,loss,5.0,2026_02_MIN_CHI,5.0,loss,5.0,loss,,False,True,True
539da3155d61e19f3e05f042682909e70dc6cefa3136e580b5f3b054f5625ccb,nfl,h2h,,Home,0.0,loss,-4.0,2026_02_PHI_TEN,-4.0,loss,-4.0,loss,,False,True,True
98a648a03527fe365a7698834ffbf543f1cff2c81027a83c4b9dc619f08833dc,nfl,player_rushing_yards,Deshaun Watson,Over,23.5,loss,22.0,2026_02_CLE_TB,22.0,loss,22.0,loss,,False,True,True
84bbc16c056645c033597ed282872fd71d662344ac093d8dfe7f21974b783351,nfl,player_rushing_yards,Drake Maye,Under,27.5,win,17.0,2026_02_PIT_NE,17.0,win,17.0,win,,False,True,True
30935b32b37def25d88b3bc3a2372ffc31aed4842a8583d7b31fa150971ebf93,nfl,player_receptions,Christian McCaffrey,Over,4.5,loss,4.0,2026_02_MIA_SF,4.0,loss,4.0,loss,,False,True,True
9124077c476ef786003f40cbb4b225328e6c4ca3ca5937c851aaa722c3e347fc,nfl,player_passing_tds,Bo Nix,Under,1.5,win,1.0,2026_02_JAX_DEN,1.0,win,1.0,win,,False,True,True
835e634387362d83d7ffd2a20f328eeff3c3356c6bab54ed2ba2db4ade1942fc,nfl,player_receiving_yards,Mike Gesicki,Under,25.5,win,0.0,2026_02_CIN_HOU,0.0,win,,,,True,True,
7abf4ca76d1e01c2821f1dd3797f091ec415cf3c297c8b736e60c59a9e5c04ac,nfl,player_receiving_yards,Noah Gray,Over,10.5,loss,0.0,2026_02_IND_KC,0.0,loss,0.0,loss,,False,True,True
e249283c5acd956c6454d8ac7a7b1d74b2d6e2bcfd49e9a8fede9ef94418e1ac,nfl,atd,Jakobi Meyers,Yes,0.5,loss,0.0,2026_02_JAX_DEN,0.0,loss,0.0,loss,0.0,False,True,True
fdb1d9869f8e1572a7cb5a2841c122ed6672de1673836ecdca10e0f47b270ab0,nfl,atd,Jake Ferguson,Yes,0.5,win,2.0,2026_02_WAS_DAL,2.0,win,1.0,win,0.0,False,True,True
12affcbddbe224a1b3c1159c2d05d281c15188dcf180e9f27852b3b283da63af,nfl,player_receptions,Ashton Jeanty,Under,4.5,win,4.0,2026_02_LV_LAC,4.0,win,4.0,win,,False,True,True
2e42db0928e155e778bde3ee1ef644f0bd3bc9f5a1751251dc058a6fcf23dfab,nfl,atd,Gunnar Helm,Yes,0.5,loss,0.0,2026_02_PHI_TEN,0.0,loss,0.0,loss,0.0,False,True,True
b7abeac2b20fe86c60c836f44658d0f7e2683277a8cec805951504b85f62ad23,nfl,atd,Isaiah Williams,Yes,0.5,loss,0.0,2026_02_GB_NYJ,0.0,loss,0.0,loss,0.0,False,True,True
421ffb313cb48deea9d8232c6d799ce92f3a8d26d494507695f082dfef15b89a,nfl,atd,Roman Wilson,Yes,0.5,loss,0.0,2026_02_PIT_NE,0.0,loss,0.0,loss,0.0,False,True,True
62db6bfd5deb5feeaab707c5c2932f00e863ec84b63af98d59d5ceb5c3d9b01d,nfl,atd,Tank Bigsby,Yes,0.5,win,1.0,2026_02_PHI_TEN,1.0,win,1.0,win,0.0,False,True,True
b1748c76f8a1a5628bfe08bce140c12ad0288efb45c0d424a445f04f3647d444,nfl,atd,Charlie Kolar,Yes,0.5,loss,0.0,2026_02_LV_LAC,0.0,loss,0.0,loss,0.0,False,True,True
6b08ab95e0d666d54ad360b3a26187ddfc82ac192a4979f6e5f5c5d301d42c7f,nfl,player_receptions,Drake London,Over,4.5,loss,4.0,2026_02_CAR_ATL,4.0,loss,4.0,loss,,False,True,True
e8d27136791cb4cb0789c7250ffc1f515c16f9f96e4b328af91f7b291ca2a70f,nfl,player_receiving_yards,Christian McCaffrey,Under,40.5,loss,43.0,2026_02_MIA_SF,43.0,loss,43.0,loss,,False,True,True
d8b62897542ffffada348d86b19833752955f03e475546e4e0ffa5bfede17d28,nfl,player_receptions,Dallas Goedert,Over,3.5,loss,1.0,2026_02_PHI_TEN,1.0,loss,1.0,loss,,False,True,True
e2e6326b560d22c7ce791cb21a16c2c6a59fbde0c1492192ff3b93527935e18a,nfl,player_receiving_yards,De'Von Achane,Under,26.5,win,19.0,2026_02_MIA_SF,19.0,win,19.0,win,,False,True,True
d41d8f5730d6faf85c3e711f5f01370abb2e97b0aae93751a6d712f9169673a9,nfl,player_rushing_yards,Bijan Robinson,Under,81.5,win,72.0,2026_02_CAR_ATL,72.0,win,72.0,win,,False,True,True
68e7c6f88c7868edc72b87e51fafe5e7f0023bce03accbd0ae6d4367a257e8ca,nfl,atd,DK Metcalf,Yes,0.5,loss,0.0,2026_02_PIT_NE,0.0,loss,0.0,loss,0.0,False,True,True
db6c90804ad20da5d885db73baeafee12977fef015dcc61406c4de4f3d0e7405,nfl,h2h,,Away,0.0,loss,17.0,2026_02_PIT_NE,17.0,loss,17.0,loss,,False,True,True
74b7393abeef281d684a1b6e28a8066860f34cb704a12fea9ae1bd1dca58f3f2,nfl,h2h,,Away,0.0,win,-3.0,2026_02_GB_NYJ,-3.0,win,-3.0,win,,False,True,True
93db010ab0e80c5290da71c417deadf27a8a790a611415c16bcc42ec95185740,nfl,player_passing_tds,Tyler Shough,Under,1.5,win,1.0,2026_02_NO_BAL,1.0,win,1.0,win,,False,True,True
cdc49bb3b0c7f7b813c2c5bdbaac00ffd1669c412ed0c19282aef73ff0e06f24,nfl,player_passing_tds,Caleb Williams,Under,1.5,win,0.0,2026_02_MIN_CHI,0.0,win,0.0,win,,False,True,True
871ea03bd41b1e91535b8651192d3410b150ac609c04ff244063cc6df4708ab2,nfl,player_receptions,Mike Gesicki,Under,2.5,win,0.0,2026_02_CIN_HOU,0.0,win,,,,True,True,
d4ec27bac03b6ee5df3f67f46ea4815f402e7023a9490bc4dc2cb9212e7164d1,nfl,player_receiving_yards,Ja'Marr Chase,Over,75.5,loss,75.0,2026_02_CIN_HOU,75.0,loss,75.0,loss,,False,True,True
6ab2bd8c60d30804708eca597d712d4a97a50d62ee30ca56fb84df3a8586099d,nfl,player_passing_tds,Justin Herbert,Under,1.5,win,1.0,2026_02_LV_LAC,1.0,win,1.0,win,,False,True,True
c496932c27e312bc9a9539e409ae0041e90e4e3e47d0e4896eb61eb43794fe14,nfl,player_passing_yards,Caleb Williams,Under,149.5,win,138.0,2026_02_MIN_CHI,138.0,win,138.0,win,,False,True,True
28bde2c2d222dd87a39e1b0cb921f85a79961afd54466451e533abfe6ccce456,nfl,totals,,Over,45.0,loss,33.0,2026_02_JAX_DEN,33.0,loss,33.0,loss,,False,True,True
d1b032915be0befa205f51dfa8957ceafdfe8b8841faa5e3ce6e78ea06291dab,nfl,player_receiving_yards,Terry McLaurin,Under,53.5,win,50.0,2026_02_WAS_DAL,50.0,win,50.0,win,,False,True,True
f861cabc4cb251dc9f5bafad5f531d40b94c83697f803fe28dd7e7f36955ce23,nfl,player_receptions,T.J. Hockenson,Under,3.5,win,3.0,2026_02_MIN_CHI,3.0,win,3.0,win,,False,True,True
9b5e71ab595abce9a5caabd82bddf43f2f0343525935d391275b2d89de780c72,nfl,totals,,Under,46.0,loss,63.0,2026_02_IND_KC,63.0,loss,63.0,loss,,False,True,True
21932dbb6f685325d2b9fb1390b83fee7da1e8b9e08d4ab2e68b6ca4e7e920e6,nfl,player_receiving_yards,AJ Barner,Over,21.5,loss,8.0,2026_02_SEA_ARI,8.0,loss,8.0,loss,,False,True,True
be8d6f4ee093832a303787ab30d1e5d27bca2ec6e346352f02bcf28c4d93c56c,nfl,spreads,,Away,-3.0,win,-17.0,2026_02_CIN_HOU,-17.0,win,-17.0,win,,False,True,True
6bf8ca58f91032c53115ccf88a1bdbc5b2917cb6634f8529af090d079a706575,nfl,player_passing_tds,Geno Smith,Under,1.5,win,1.0,2026_02_GB_NYJ,1.0,win,1.0,win,,False,True,True
c5ddea4b160c4b8f9a6022963f195ffadc09c6788241297f76c16ef1087fcc18,nfl,player_passing_tds,Cam Ward,Over,0.5,loss,0.0,2026_02_PHI_TEN,0.0,loss,0.0,loss,,False,True,True
bfdf63f85380ece0f880467005cc0d40da24174d04eb8a4e3016554b3e57aa18,nfl,atd,Ben Sinnott,Yes,0.5,loss,0.0,2026_02_WAS_DAL,0.0,loss,0.0,loss,0.0,False,True,True
371d4a6f1a910ec4cd7e42cb508ec129db7ad1a7b942837601326f3055ea53b6,nfl,player_receiving_yards,Pat Bryant,Over,31.5,loss,0.0,2026_02_JAX_DEN,0.0,loss,0.0,loss,,False,True,True
f9b62ec78d949031bfab12aec20425ff2f3edf9ad62302effb3c34fc2ee5117f,nfl,player_receptions,Ryan Flournoy,Under,2.5,loss,5.0,2026_02_WAS_DAL,5.0,loss,5.0,loss,,False,True,True
d081327a2f798221c3964318a0ce57b11ad71ab37b1ef01415e5c8cadf44d4fa,nfl,atd,Xavier Legette,Yes,0.5,loss,0.0,2026_02_CAR_ATL,0.0,loss,0.0,loss,0.0,False,True,True
8a125647f166e1392dd583e88a3ad61e07f12380b50afb1b2d4858b32e1d7219,nfl,player_receptions,Jerry Jeudy,Over,2.5,loss,0.0,2026_02_CLE_TB,0.0,loss,0.0,loss,,False,True,True
1377cb2d89c83311ea5c81c61781ad15fa2644f917b2c99f6eaedfdad4886bc2,nfl,player_rushing_yards,Aaron Rodgers,Over,0.5,win,5.0,2026_02_PIT_NE,5.0,win,5.0,win,,False,True,True
34cb87ecf31c88bc19519da3c8c342ec8ca57bc5d2901bccdd94c96a66cdd704,nfl,player_receptions,DK Metcalf,Over,4.5,loss,4.0,2026_02_PIT_NE,4.0,loss,4.0,loss,,False,True,True
25a8a90716598ed2c638a5be68db106d904ccf2320aebae6c53c9b7a44ce84b1,nfl,player_receptions,Ashton Jeanty,Over,3.5,win,4.0,2026_02_LV_LAC,4.0,win,4.0,win,,False,True,True
5beb9bd86ff35117314c43173a8e6f4a5f5d8c4a6636b6d8a464fb07d6f07898,nfl,player_receptions,Adonai Mitchell,Over,2.5,win,6.0,2026_02_GB_NYJ,6.0,win,6.0,win,,False,True,True
81cd8f5f8b7f821028c2b76d8419c7e5a20c3875b92964f96b2ad655bcd7f3d0,nfl,player_rushing_yards,Saquon Barkley,Over,80.5,loss,9.0,2026_02_PHI_TEN,9.0,loss,9.0,loss,,False,True,True
4894362e574354004a58681c9f98fab038e0f6c3880a7d6620819c8f02de095f,nfl,player_receptions,Tre Tucker,Over,3.5,win,5.0,2026_02_LV_LAC,5.0,win,5.0,win,,False,True,True
48e1626beb08e574d3731c288a3754e2855d812d0f8181e915a3d24621b1bde5,nfl,player_rushing_yards,Caleb Williams,Over,28.5,win,42.0,2026_02_MIN_CHI,42.0,win,42.0,win,,False,True,True
8b58cb6bc973803bcec775897081ac22e12a55c1b090482759646d8dce62dd97,nfl,player_receptions,Tyler Warren,Over,4.5,win,6.0,2026_02_IND_KC,6.0,win,6.0,win,,False,True,True
32133210465437a5801e5ae69033a975f93fc6bb650b9d5aaac872132f9fd487,nfl,player_receptions,Josh Downs,Over,3.5,win,7.0,2026_02_IND_KC,7.0,win,7.0,win,,False,True,True
902bea024aa651842f83582e08e44527bdc11351bbfd361942bf9c688db25e6d,nfl,player_receiving_yards,Adonai Mitchell,Over,34.5,win,63.0,2026_02_GB_NYJ,63.0,win,63.0,win,,False,True,True
cfd380c56c2e75a17bafa83d3db6a1ac5f2d0dc49b6b510024c58a185fcd5389,nfl,player_rushing_yards,Javonte Williams,Over,74.5,loss,30.0,2026_02_WAS_DAL,30.0,loss,30.0,loss,,False,True,True
a304751dbbed4581ba75ae3fec73a410ae5999d1a5d6396cdb4d0be099045bd1,nfl,player_receiving_yards,Josh Downs,Over,40.5,win,72.0,2026_02_IND_KC,72.0,win,72.0,win,,False,True,True
c191a5ced08e28f89fd95e4b7d5e142068f98f2b1f324fa5607ed17f1b257a40,nfl,player_receiving_yards,DK Metcalf,Over,59.5,loss,27.0,2026_02_PIT_NE,27.0,loss,27.0,loss,,False,True,True
3ea8086d3cdd80344c03603cc7211f71e025ee6c421b0db65fbcee5616ff45aa,nfl,player_receiving_yards,Jordan Addison,Over,40.5,loss,21.0,2026_02_MIN_CHI,21.0,loss,21.0,loss,,False,True,True
8342ebc101af8f246004c84cac9b6d897220982e7d76b5fac2350911fd51bd91,nfl,player_receptions,Justin Jefferson,Over,6.5,loss,3.0,2026_02_MIN_CHI,3.0,loss,3.0,loss,,False,True,True
0119d6c32d521647127a6e0dc54dae8a6c7765d7474ec8cbd3abc12631695b65,nfl,player_receiving_yards,Michael Mayer,Over,43.5,loss,23.0,2026_02_LV_LAC,23.0,loss,23.0,loss,,False,True,True
9133139f59e71b1cc3d884350bb73ff3f184032c8d805686921cc74a86d45480,nfl,player_receptions,Jordan Addison,Over,3.5,loss,2.0,2026_02_MIN_CHI,2.0,loss,2.0,loss,,False,True,True
cd397216d394f8763a6d7f7db503f01df45ca8959304c6b1ba8ad337b18c0835,nfl,player_receptions,Michael Mayer,Over,5.5,loss,3.0,2026_02_LV_LAC,3.0,loss,3.0,loss,,False,True,True
e9119b1092f7317bd7958d7c9a61eaf7502f073dc3e1a6f8c603e56c7f73409a,nfl,player_receiving_yards,Justin Jefferson,Over,79.5,loss,55.0,2026_02_MIN_CHI,55.0,loss,55.0,loss,,False,True,True
e5fc8e3bd4922927d57d8bc25e4272841ce7b322869719c2ce955c722856c9fb,nfl,atd,Bam Knight,Yes,0.5,loss,0.0,2026_02_SEA_ARI,0.0,loss,0.0,loss,0.0,False,True,True
78a23ad32884ffb80e886f34f1096763f82014cb9b36061c7e578bfb7e903456,nfl,atd,Michael Burton,Yes,0.5,loss,0.0,2026_02_CLE_TB,0.0,loss,,,,True,True,
7072b765289dea7bceefe8a6cf6fd41cc5628cbd3d42a93a859ba9c5d6e7040b,nfl,atd,Chimere Dike,Yes,0.5,loss,0.0,2026_02_PHI_TEN,0.0,loss,0.0,loss,0.0,False,True,True
d21bbf060d6365bacbbf95979de8338b7f7476aed9b973a9155021ad821c0556,nfl,atd,Jalen Brooks,Yes,0.5,loss,0.0,2026_02_SEA_ARI,0.0,loss,0.0,loss,0.0,False,True,True
73bd058f4b41e45b9488b86330896359f6226e3c12caad590363efde98f7032d,nfl,atd,Jahdae Walker,Yes,0.5,loss,0.0,2026_02_MIN_CHI,0.0,loss,,,,True,True,
65c34bf29c6ad69d34d9c1e47ac07714718cc16fc930397129685541a7af8d14,nfl,atd,Hunter Long,Yes,0.5,loss,0.0,2026_02_SEA_ARI,0.0,loss,0.0,loss,0.0,False,True,True
cc85e12a354d287126de10f6ed7f3833647b8acca221edd17b25ae6bc1e37889,nfl,atd,Troy Franklin,Yes,0.5,loss,0.0,2026_02_JAX_DEN,0.0,loss,0.0,loss,0.0,False,True,True
8278647c5a63c68b18b9a30206244044db5ff67e6bd7abfd2bdceefd9afe6046,nfl,atd,Andrew Beck,Yes,0.5,loss,0.0,2026_02_GB_NYJ,0.0,loss,0.0,loss,0.0,False,True,True
08e12165166115a994906fa93a5abbf0ce2d0901480d5470cd0e0d6d51dedd56,nfl,atd,David Martin-Robinson,Yes,0.5,loss,0.0,2026_02_PHI_TEN,0.0,loss,,,,True,True,
389d627c67fe0cfdeb7c869f95f81f2fc95a1adde786f388a2a7033b91ef6afb,nfl,atd,Kevin Austin Jr.,Yes,0.5,loss,0.0,2026_02_NO_BAL,0.0,loss,0.0,loss,0.0,False,True,True
39e0be172611ecc1af724ce684b546bf2f6684d1b92daba53c00b53120425f95,nfl,atd,Tez Johnson,Yes,0.5,loss,0.0,2026_02_CLE_TB,0.0,loss,0.0,loss,0.0,False,True,True
814a41f34f3a4cebab55afed4487f752b85263c6569de551382e8218f8049959,nfl,atd,Daniel Bellinger,Yes,0.5,loss,0.0,2026_02_PHI_TEN,0.0,loss,0.0,loss,0.0,False,True,True
fabb0c2cef9441aa1839a3da3bbf0d721e54002cf63ad5da295ee8f91a90afe4,nfl,atd,Connor Heyward,Yes,0.5,loss,0.0,2026_02_LV_LAC,0.0,loss,0.0,loss,0.0,False,True,True
4e99e74d395d94e1b2e7fdea74ef0bb44910fc3a6804480b2dc272c0c8611a16,nfl,atd,Efton Chism III,Yes,0.5,loss,0.0,2026_02_PIT_NE,0.0,loss,0.0,loss,0.0,False,True,True
a3c5f98e4b31101d0e95397c0b608aa2fe46265bbf3a548a51193d8b16a97851,nfl,h2h,,Away,0.0,loss,22.0,2026_02_MIA_SF,22.0,loss,22.0,loss,,False,True,True
eab68f767ba50079a87cdad450cbf4a2eec3f8cf0a2271de742520bc4214ac41,nfl,atd,Ollie Gordon,Yes,0.5,loss,0.0,2026_02_MIA_SF,0.0,loss,0.0,loss,0.0,False,True,True
06810950f6d662ab5c359286cce0fe9ff53f3ebad2d0ebb5b3655a1215002df7,nfl,atd,Kimani Vidal,Yes,0.5,loss,0.0,2026_02_LV_LAC,0.0,loss,0.0,loss,0.0,False,True,True
29ec3b97d1dd6cbde3f3355ed177e87bce91fc96db1360ba45559b0b551deeb8,nfl,atd,Cody White,Yes,0.5,win,2.0,2026_02_LV_LAC,2.0,win,1.0,win,0.0,False,True,True
a56d1e04f5e071becde77aad7acdf1063d369213075ae0bd3f558def744b7cc5,nfl,atd,Quintin Morris,Yes,0.5,loss,0.0,2026_02_JAX_DEN,0.0,loss,0.0,loss,0.0,False,True,True
b13025b95672235a0522c0690624d685559bf5d88cb34fcecad452e741005f79,nfl,atd,Roschon Johnson,Yes,0.5,loss,0.0,2026_02_MIN_CHI,0.0,loss,,,,True,True,
6826640c1356751bf0dd52f88cbb91e9426438377b768aa34d8e0b8895ca77e0,nfl,atd,Kyle Williams,Yes,0.5,loss,0.0,2026_02_PIT_NE,0.0,loss,0.0,loss,0.0,False,True,True
272afdf063a101045b15da9143b39147b3be8de911078a223aef915d7987f266,nfl,atd,Austin Hooper,Yes,0.5,loss,0.0,2026_02_CAR_ATL,0.0,loss,0.0,loss,0.0,False,True,True
55fda3996be47bbf09a07c7596cdfc46a26859944ec3fbac999adb2d43029cec,nfl,atd,Jaylen Wright,Yes,0.5,loss,0.0,2026_02_MIA_SF,0.0,loss,0.0,loss,0.0,False,True,True
df997e77ffa8df64d20e5a5d8340ad67fc04a05955ef35cb8c461245877abd6c,nfl,atd,Darren Waller,Yes,0.5,win,2.0,2026_02_CAR_ATL,2.0,win,1.0,win,0.0,False,True,True
12f9262e826d2dea80ffa93681523a46a6cd0830aedc45679d061a185d0202bd,nfl,atd,Noah Fant,Yes,0.5,loss,0.0,2026_02_NO_BAL,0.0,loss,0.0,loss,0.0,False,True,True
a69e84c72a6c44b262c3e234f4c55d2de59bd2373584c5d98f484926b8fd508c,nfl,atd,Nate Adkins,Yes,0.5,win,1.0,2026_02_JAX_DEN,1.0,win,1.0,win,0.0,False,True,True
b133bb8f799fcef6ce7b5ead7dc147c4d6b244c01dc4bc7accb419508e709ce2,nfl,h2h,,Away,0.0,win,-4.0,2026_02_CLE_TB,-4.0,win,-4.0,win,,False,True,True
fefce01416e3732c50f0d58175acb007c0e03c7cb327273e212a7a9d4306ec69,nfl,atd,E.J. Jenkins,Yes,0.5,loss,0.0,2026_02_PHI_TEN,0.0,loss,,,,True,True,
3eded93af8064ff1e32030545577557b30b67e2e3c94f377ae25635c95914795,nfl,atd,Aaron Rodgers,Yes,0.5,loss,0.0,2026_02_PIT_NE,0.0,loss,0.0,loss,0.0,False,True,True
2dc65f5c5231a15bff54d8a1df80fe1d0dedde7c4e46b3ef3c44b893fac9cf8f,nfl,atd,Trevor Lawrence,Yes,0.5,loss,0.0,2026_02_JAX_DEN,0.0,loss,0.0,loss,0.0,False,True,True
d635856ff3c8215c126d16016eaff4567be76985b08b0f121d3c8c3ddc839ee6,nfl,atd,Elic Ayomanor,Yes,0.5,loss,0.0,2026_02_PHI_TEN,0.0,loss,0.0,loss,0.0,False,True,True
c1fc249663540df9d032ac8653a1a4b998701427f513bba0e389545a1b24a042,nfl,atd,Josh Oliver,Yes,0.5,loss,0.0,2026_02_MIN_CHI,0.0,loss,0.0,loss,0.0,False,True,True
1f105ee592e1e260ab1361474401eb209c72cccd5a4d379a1b8417346ca32223,nfl,atd,Rasheen Ali,Yes,0.5,loss,0.0,2026_02_NO_BAL,0.0,loss,0.0,loss,0.0,False,True,True
c53d7e6958fa546c18a92e91ff997d9835ec182007ee89e6e497b8bcbe052973,nfl,atd,Kirk Cousins,Yes,0.5,loss,0.0,2026_02_LV_LAC,0.0,loss,0.0,loss,0.0,False,True,True
dc4a9cfdc97107816f8d79dc63c8a58451aa10ff9680a13cfb8e4ef64491728d,nfl,atd,Lil'Jordan Humphrey,Yes,0.5,loss,0.0,2026_02_JAX_DEN,0.0,loss,0.0,loss,0.0,False,True,True
5c69ab8ab3baab9f1109a2b9c78df44f0e5490e5c66b8c5cd4f4e9a477532c7b,nfl,atd,Derrick Henry,Yes,0.5,win,1.0,2026_02_NO_BAL,1.0,win,1.0,win,0.0,False,True,True
7e7b4463340297037445abcac3e99fe397a161cd3b273cd240e8e1e061ea4d34,nfl,atd,John Metchie III,Yes,0.5,loss,0.0,2026_02_CAR_ATL,0.0,loss,0.0,loss,0.0,False,True,True
45c5a4bd8f5fc06781f52c7d6197fb8317f54b4750fab79975f147d75ffda0ea,nfl,atd,Emanuel Wilson,Yes,0.5,loss,0.0,2026_02_SEA_ARI,0.0,loss,0.0,loss,0.0,False,True,True
8ab4fcae93d4a9599455b731d0e2913b42ae4d0f97a88bff306a185f8304aaa3,nfl,atd,Jalen McMillan,Yes,0.5,loss,0.0,2026_02_CLE_TB,0.0,loss,,,,True,True,
72f6646917ec55319f5bf78834a1b6d956dff333a4da4a1fd0778eb2d9109d8e,nfl,atd,TreVeyon Henderson,Yes,0.5,win,1.0,2026_02_PIT_NE,1.0,win,1.0,win,0.0,False,True,True
4dabdeebc9cbbce38cd87a372e5331bff8dd2d7086afcb5f907d7607f7e481a4,nfl,player_receptions,Roman Wilson,Under,2.5,loss,5.0,2026_02_PIT_NE,5.0,loss,5.0,loss,,False,True,True
f8adaeb446d7c0e3e70f557bc3cdc32cb405198476e49317b2266d151a1f7a49,nfl,atd,Michael Wilson,Yes,0.5,loss,0.0,2026_02_SEA_ARI,0.0,loss,0.0,loss,0.0,False,True,True
2c7b4d27b0c062c9a9c594493d3dcfb4dd23df361fd80a33ce980ab3bd903145,nfl,player_receptions,Rashod Bateman,Under,2.5,loss,7.0,2026_02_NO_BAL,7.0,loss,7.0,loss,,False,True,True
4ffa5f70d4e79205e69240fc7a532a6ed8750ee2f282282d0a59bd2bb69140d5,nfl,atd,Raheim Sanders,Yes,0.5,loss,0.0,2026_02_CLE_TB,0.0,loss,0.0,loss,0.0,False,True,True
dacf53041228a769d3939b3543dd70a079250a23e7c1ae6c014fce7ebab539e6,nfl,atd,Harold Fannin,Yes,0.5,loss,0.0,2026_02_CLE_TB,0.0,loss,0.0,loss,0.0,False,True,True
0f1da89cf261a65bb71598dc272f76431472b21d0879aa06b989c265e1a9c44a,nfl,player_receiving_yards,Elic Ayomanor,Over,9.5,win,69.0,2026_02_PHI_TEN,69.0,win,69.0,win,,False,True,True
ef5fb37651da193f5ed447db4fbdfe76aeee67074d7d416a7ade44ffe758fa68,nfl,atd,Christian McCaffrey,Yes,0.5,win,2.0,2026_02_MIA_SF,2.0,win,1.0,win,0.0,False,True,True
13447e8a01b6315f4a8a3eda841c42a551601c9e11f066e982496cc220a69f15,nfl,player_receptions,Michael Mayer,Under,5.5,win,3.0,2026_02_LV_LAC,3.0,win,3.0,win,,False,True,True
896b5adc4f0543d43c17a3aff409f70f1b16bfc1fea0feac910db636661a5d6a,nfl,player_receiving_yards,Mark Andrews,Under,46.5,loss,49.0,2026_02_NO_BAL,49.0,loss,49.0,loss,,False,True,True
3d6594708c4e80d9031a1e7e7b07d2a82e04f0a99a0ecd79a4c3e7a8eeb9d417,nfl,atd,Chris Rodriguez,Yes,0.5,loss,0.0,2026_02_JAX_DEN,0.0,loss,0.0,loss,0.0,False,True,True
71e5e9ae6adb0bc9697432f9bb01fb3c653fcbf2d940786d8ae94c6ab706eb85,nfl,atd,Travis Etienne,Yes,0.5,loss,0.0,2026_02_NO_BAL,0.0,loss,0.0,loss,0.0,False,True,True
8d62e958e9a7b963a4b4ea3f4ab6af504da75b7f54872ebb43db3adc6f79e9dd,nfl,player_receptions,Elic Ayomanor,Over,1.5,win,2.0,2026_02_PHI_TEN,2.0,win,2.0,win,,False,True,True
1ab69537ae12828d91f49f79f0652529704160689f7db8e42a49d8c3e1b1cff1,nfl,player_receptions,Jalen Nailor,Under,2.5,win,1.0,2026_02_LV_LAC,1.0,win,1.0,win,,False,True,True
09865eff30d2f50953b438171552b02caf0a3cf306d41fbbdbd6b7c0615eb7c4,nfl,player_receiving_yards,Rashod Bateman,Under,36.5,loss,88.0,2026_02_NO_BAL,88.0,loss,88.0,loss,,False,True,True
03e5caac3c8eb88c8a905a4d0c5709dc7fd37ba4d122585722b31f5c34c09188,nfl,player_receptions,Jalen McMillan,Over,1.5,loss,0.0,2026_02_CLE_TB,0.0,loss,,,,True,True,
3aaab7719951fd1618f73ff5625f9c54184e94ffa588b45addcd02df32baa791,nfl,player_receptions,Devaughn Vele,Under,3.5,loss,5.0,2026_02_NO_BAL,5.0,loss,5.0,loss,,False,True,True
cf2ba1fbf43859c2e5b498b6c31ac4ec903838e16c8d18d1714814a74efa7279,nfl,player_rushing_yards,Woody Marks,Over,31.5,loss,8.0,2026_02_CIN_HOU,8.0,loss,8.0,loss,,False,True,True
7744fb1b9208fb72da285c8d6611aa8308660f140f07e4c5023ce9dbfb5e084d,nfl,player_receptions,Matthew Golden,Under,3.5,loss,4.0,2026_02_GB_NYJ,4.0,loss,4.0,loss,,False,True,True
fd2062d745c319d0186413de673a8a6265cd20b28f81dcd3154a54372c5ae114,nfl,player_rushing_yards,Bhayshul Tuten,Under,48.5,loss,65.0,2026_02_JAX_DEN,65.0,loss,65.0,loss,,False,True,True
54bcb1a9320e88778032a5f15985e7a7624e1ae463f4917ebd6025b4a0c7ea12,nfl,player_rushing_yards,Lamar Jackson,Under,40.5,win,34.0,2026_02_NO_BAL,34.0,win,34.0,win,,False,True,True
b3bd52c91d9436a1038f7f50bbaccd56cebb9fce1cfe34e2c4b3f53cd23a1f84,nfl,atd,Malik Washington,Yes,0.5,loss,0.0,2026_02_MIA_SF,0.0,loss,0.0,loss,0.0,False,True,True
2a96af4d2bc6aa91b678eb3c3adac14ea26cf4ffb170562bea2b5fb9b4e99cb6,nfl,player_receptions,Wan'Dale Robinson,Over,4.5,loss,1.0,2026_02_PHI_TEN,1.0,loss,1.0,loss,,False,True,True
530bf3057b985bde6867cdbfcdef90376653b760bfaf94191f82fd15c30ee567,nfl,player_passing_tds,Jacoby Brissett,Over,1.5,loss,1.0,2026_02_SEA_ARI,1.0,loss,1.0,loss,,False,True,True
5e77b527e6c8295438c1a2b7f777a6412777d58b0114c7965054c982625287bf,nfl,player_receptions,Omarion Hampton,Over,1.5,win,2.0,2026_02_LV_LAC,2.0,win,2.0,win,,False,True,True
476e5d7696f3f8dbb3fc6a70adb077d146a690e3326d628fa91ce8a132957823,nfl,player_receiving_yards,Calvin Ridley,Over,17.5,win,35.0,2026_02_PHI_TEN,35.0,win,35.0,win,,False,True,True
aee1f533cf612cab21041c3d63543de0c6a0a8408cb8868c523251fa9af2f52a,nfl,player_receiving_yards,Juwan Johnson,Over,38.5,win,66.0,2026_02_NO_BAL,66.0,win,66.0,win,,False,True,True
f6bae36ae17c0f0e52952e34f9e48824ebf61497793e7843c2ed37a28a91adc3,nfl,player_receptions,LaJohntay Wester,Under,1.5,win,1.0,2026_02_NO_BAL,1.0,win,1.0,win,,False,True,True
8c9863047ef6470a383f6b7fd9112babe0b08315f6b68f80c434c0fd61baac31,nfl,atd,Tee Higgins,Yes,0.5,loss,0.0,2026_02_CIN_HOU,0.0,loss,0.0,loss,0.0,False,True,True
bc28f5c75c70fc8602e445978bd8a41ff8e559d504679366f6c5e9b587eef464,nfl,player_rushing_yards,De'Von Achane,Over,60.5,win,74.0,2026_02_MIA_SF,74.0,win,74.0,win,,False,True,True
8b7161e0fd84cdc201c4a70dc2dfcda7370a6ac43dc566a178afd37630378e3d,nfl,player_receptions,Bhayshul Tuten,Under,1.5,loss,2.0,2026_02_JAX_DEN,2.0,loss,2.0,loss,,False,True,True
4c891f846bb4f8f9fbdcb794d08324d68e8de26a71f0f0c72b25942fab00fdc5,nfl,player_receptions,Jahan Dotson,Under,1.5,loss,2.0,2026_02_CAR_ATL,2.0,loss,2.0,loss,,False,True,True
dd3bd8eb1efcf2b4d53f66f2b05ddf8ea3a992953a5f675650dbe32409228d1b,nfl,atd,Devontez Walker,Yes,0.5,loss,0.0,2026_02_NO_BAL,0.0,loss,0.0,loss,0.0,False,True,True
45a454f9e5d163df2641b8989055fa50598cea28479738bfe132e7ed3813571d,nfl,player_receiving_yards,Tre' Harris,Under,31.5,loss,53.0,2026_02_LV_LAC,53.0,loss,53.0,loss,,False,True,True
8eaac69c34f9451da64ca696572915f8da3b70d5da754fcf2b55fd97e4df1b6a,nfl,atd,Chris Olave,Yes,0.5,win,1.0,2026_02_NO_BAL,1.0,win,1.0,win,0.0,False,True,True
4d192a8169a106aaca7398c0360b402987079399e6da7f8fb77828228bb9895f,nfl,h2h,,Away,0.0,win,-7.0,2026_02_NO_BAL,-7.0,win,-7.0,win,,False,True,True
22996488223667b9c820b3dafc89b349feff66e17e95766d083797d070cfcf1b,nfl,player_receptions,Kayshon Boutte (HOU),Under,3.5,win,3.0,2026_02_CIN_HOU,3.0,win,3.0,win,,False,True,True
c2f8d5c49f6e57e3a051e0f8540ab891926ed1299058151febcd8e529cb48257,nfl,player_receiving_yards,Matthew Golden,Under,49.5,loss,58.0,2026_02_GB_NYJ,58.0,loss,58.0,loss,,False,True,True
7520b26533cfd16eb78c2cdf61608e1b8daff65d72dae07fd384d59e31dcb621,nfl,player_rushing_yards,Geno Smith,Under,6.5,loss,17.0,2026_02_GB_NYJ,17.0,loss,17.0,loss,,False,True,True
96630f610036e1580479a52680067bee773958faaa2176e483fc4a8dd511729a,nfl,atd,Samaje Perine,Yes,0.5,loss,0.0,2026_02_CIN_HOU,0.0,loss,0.0,loss,0.0,False,True,True
a5b6afa01299c9e064702360a62cff61f80ea26765ff1ab2330149d6bdc82287,nfl,atd,Oronde Gadsden,Yes,0.5,win,1.0,2026_02_LV_LAC,1.0,win,1.0,win,0.0,False,True,True
bca37e11a1692675ab4d17d0c31cfc84a9ed14de1c0cda76c668332f61e28c12,nfl,player_receiving_yards,Javonte Williams,Under,13.5,loss,20.0,2026_02_WAS_DAL,20.0,loss,20.0,loss,,False,True,True
9e6809661b97f0b9ea78dc6e77baa8e0735437b34cfb357418f6b0af441912b7,nfl,player_rushing_yards,Malik Willis,Under,37.5,win,6.0,2026_02_MIA_SF,6.0,win,6.0,win,,False,True,True
dfd69ceb3e89cc6447cd14bed270c26b4fa87af017f884c46d59cd5946a96d38,nfl,player_receptions,Kyle Pitts,Over,3.5,loss,1.0,2026_02_CAR_ATL,1.0,loss,1.0,loss,,False,True,True
3b3afadd528c4e8191decd784a980540d1d6b52c98be01e3961f9795533aaa92,nfl,atd,Cam Ward,Yes,0.5,win,2.0,2026_02_PHI_TEN,2.0,win,1.0,win,0.0,False,True,True
fb105b15708c887d986832c80a476b615071a8ef1ae903c3006a3cd9af0538c4,nfl,player_rushing_yards,Travis Etienne,Over,38.5,loss,25.0,2026_02_NO_BAL,25.0,loss,25.0,loss,,False,True,True
a2a5448585d6b267b3fbfcf06b9664c9d1e2bd8335812ffb0181c0b2a9342aae,nfl,player_receiving_yards,Chris Brooks,Under,9.5,loss,15.0,2026_02_GB_NYJ,15.0,loss,15.0,loss,,False,True,True
ee7d02b2b1f5a8cd49f4b3736ca93dc6e621c615c99c3673b1375ccd5dcc4cd5,nfl,player_receptions,Mark Andrews,Under,4.5,loss,6.0,2026_02_NO_BAL,6.0,loss,6.0,loss,,False,True,True
c037f245bc8bbcbe4509d646008bf0beee2aeb3d0cfe3445ca87190c46fd4745,nfl,h2h,,Away,0.0,loss,7.0,2026_02_JAX_DEN,7.0,loss,7.0,loss,,False,True,True
5d0e665c94a838ff61fa62ee9fea416308b8a8d18f59ce8190118118b3b0ed99,nfl,player_receiving_yards,Oronde Gadsden,Over,17.5,win,18.0,2026_02_LV_LAC,18.0,win,18.0,win,,False,True,True
2d732a6e5bd95c3c33b6c521b132269c59fd5ee767b71d8f4027d7fd628b523b,nfl,player_receptions,Jaylin Noel,Under,2.5,win,1.0,2026_02_CIN_HOU,1.0,win,1.0,win,,False,True,True
46e5adcb1080c7242cebac9945505e2f312df9e28b05bd5fdd1c5c616273f7c0,nfl,player_receiving_yards,Bhayshul Tuten,Under,8.5,win,-3.0,2026_02_JAX_DEN,-3.0,win,-3.0,win,,False,True,True
e00ad8bf4b888fb13b07610b49276a8e6bdaf042d4fa5af473870aaabed0dc74,nfl,player_rushing_yards,Aaron Jones,Under,61.5,loss,105.0,2026_02_MIN_CHI,105.0,loss,105.0,loss,,False,True,True
a76a3a17776f34dc97e64ff9add5c0451de46279941290c7b0280504d6513fc6,nfl,atd,Kyle Pitts,Yes,0.5,loss,0.0,2026_02_CAR_ATL,0.0,loss,0.0,loss,0.0,False,True,True
c09e7a3627b0b16564c7a82ae354fb2e756eafcc7612b41d17d5442ab526d709,nfl,player_receptions,Alvin Kamara,Over,1.5,win,5.0,2026_02_NO_BAL,5.0,win,5.0,win,,False,True,True
04790241bfb9d25bde43d8f811f78d77ba823136be178f08442bdd3134d281fa,nfl,player_receptions,Jaylen Warren,Under,3.5,win,2.0,2026_02_PIT_NE,2.0,win,2.0,win,,False,True,True
a936e8d7c3455b6414be92d2bc2c8636479deb30601f818142dc534b2c353f87,nfl,player_receptions,Tommy Tremble,Under,1.5,win,1.0,2026_02_CAR_ATL,1.0,win,1.0,win,,False,True,True
6b6e16ba11c37e10737e7c75423d3a44c47f8976529126cc51daa8737327fad8,nfl,player_passing_yards,Carson Wentz,Under,217.5,win,143.0,2026_02_MIN_CHI,143.0,win,143.0,win,,False,True,True
d669ae3613dcd06f5274ea44acb46df8d1c9eafb865e3bf290a3a105d0c1d035,nfl,player_receptions,Justin Jefferson,Under,6.5,win,3.0,2026_02_MIN_CHI,3.0,win,3.0,win,,False,True,True
46e8e20819a1990d8ce5770022fb66e1238b653c84640c456bc47f881ee421ce,nfl,player_receiving_yards,Brian Thomas,Over,34.5,win,40.0,2026_02_JAX_DEN,40.0,win,40.0,win,,False,True,True
1f489fecc3be3a0c50c87986617cb266f47821ff4a4da237db07fe12df610c64,nfl,player_passing_yards,Kirk Cousins,Under,191.5,loss,253.0,2026_02_LV_LAC,253.0,loss,253.0,loss,,False,True,True
8fcc14ce137aad56a2ee241f1f744145ff89b1d06e9fc5459503d98f2b650be6,nfl,player_receiving_yards,Alec Pierce,Over,45.5,loss,11.0,2026_02_IND_KC,11.0,loss,11.0,loss,,False,True,True
f80d8c20452a8c605c49f0347c56b0d6b8cd53ffd7f1d86be4437301578bb4b4,nfl,player_receptions,Chris Brooks,Under,1.5,win,1.0,2026_02_GB_NYJ,1.0,win,1.0,win,,False,True,True
1c91bf4e4c29d2f6add4e7d005c7a34ada6f1b37f4ab34024436e137365cc0ce,nfl,spreads,,Away,-3.0,loss,4.0,2026_02_JAX_DEN,4.0,loss,4.0,loss,,False,True,True
8d81269b32fa52cb0aca321852cbbce41b8bdb65f4f6f337bab3c834e09d63d3,nfl,atd,Olamide Zaccheaus,Yes,0.5,loss,0.0,2026_02_CAR_ATL,0.0,loss,0.0,loss,0.0,False,True,True
74c7711c6155ebcdb194df31aaab461a98ad83dd7fcb41d8a0cf3acf202356ee,nfl,player_receptions,Kendrick Bourne,Under,2.5,win,2.0,2026_02_SEA_ARI,2.0,win,2.0,win,,False,True,True
37b7f3ba8ac8c0d65e5c2503719052a08232e96a947f3d35621041d86c52ea99,nfl,player_passing_tds,Trevor Lawrence,Over,1.5,loss,0.0,2026_02_JAX_DEN,0.0,loss,0.0,loss,,False,True,True
009fae3864c6ec65370435f8ddc4310378f7e071907aa00497ea70b3be5937e9,nfl,player_receptions,DeMario Douglas,Under,3.5,win,1.0,2026_02_PIT_NE,1.0,win,1.0,win,,False,True,True
27151a32477b80753bf548d8299adf2a2d83419a112b401579b1c9039798415a,nfl,player_rushing_yards,Raheim Sanders,Over,9.5,loss,4.0,2026_02_CLE_TB,4.0,loss,4.0,loss,,False,True,True
8b514f288d6c5686d06c3daf7778de3442f17ac3ae6d1d57bafe0ae541081a1f,nfl,atd,Isaiah Davis,Yes,0.5,loss,0.0,2026_02_GB_NYJ,0.0,loss,0.0,loss,0.0,False,True,True
e48eba4133e5edc2d33d58e666975eb0bd686520cd2a5d1457dcd62a55cd54fc,nfl,h2h,,Away,0.0,loss,3.0,2026_02_IND_KC,3.0,loss,3.0,loss,,False,True,True
cdf898236f3703fd3e81b30b14da6222e6ce2197e369e87be84d83cb703e017f,nfl,player_passing_tds,Dak Prescott,Under,2.5,loss,4.0,2026_02_WAS_DAL,4.0,loss,4.0,loss,,False,True,True
c147a3bfeab09782dcc6966f30b7b309fb99ba3804796498a014bc8af14c0496,nfl,player_rushing_yards,Rachaad White,Over,21.5,win,43.0,2026_02_WAS_DAL,43.0,win,43.0,win,,False,True,True
ad286abcf16bd84d34efe42fbea029dacd11f8df33b18d696bf88a59e54e8b4b,nfl,player_receiving_yards,Chase Brown,Over,19.5,loss,2.0,2026_02_CIN_HOU,2.0,loss,2.0,loss,,False,True,True
0a484e7b505fce2f9c9ecbf99ec9a7fc0e0055dc9455309d5089363ac8cb610c,nfl,player_receptions,Jalen Coker,Under,4.5,loss,8.0,2026_02_CAR_ATL,8.0,loss,8.0,loss,,False,True,True
39d12d0d4cf8a571201c3c12414cd035c450df618e2cd1ae57bbb8ed2eb80348,nfl,player_receptions,Xavier Hutchinson,Under,2.5,loss,3.0,2026_02_CIN_HOU,3.0,loss,3.0,loss,,False,True,True
52be48742c78cc320daa88298c0aa7d55d120af49a9e71c31e631d7a62fcbcbc,nfl,player_receptions,Bucky Irving,Over,2.5,win,4.0,2026_02_CLE_TB,4.0,win,4.0,win,,False,True,True
fc75c078d8ea7cf67c334031bc453899b70dc9ae96abe600746564b5e9b1c159,nfl,player_receptions,Mason Taylor,Over,2.5,loss,0.0,2026_02_GB_NYJ,0.0,loss,,,,True,True,
3aea7149cb6b63e3af83ec954e5a543f24d7ec8477f0aa6c7eea168e612f30d0,nfl,player_receiving_yards,Emeka Egbuka,Under,54.5,win,16.0,2026_02_CLE_TB,16.0,win,16.0,win,,False,True,True
3fc689654e5e86900ab5deb022ab242167497c0a1aeb8cf88ae997ced82bc148,nfl,atd,Christian Watson,Yes,0.5,win,1.0,2026_02_GB_NYJ,1.0,win,1.0,win,0.0,False,True,True
e6d6e81dff1ef2abff39d65a7df754a852cd5ba7ff4960f7cd12db7913c58b4a,nfl,spreads,,Away,-13.5,loss,8.5,2026_02_MIA_SF,8.5,loss,8.5,loss,,False,True,True
1ef91310824d95ad784fd6013d0c0943b25fbdafbab8ce5b03cd02f00f63d5c2,nfl,player_receptions,George Kittle,Over,3.5,win,4.0,2026_02_MIA_SF,4.0,win,4.0,win,,False,True,True
6e87e2302c8c45a075887717f610e749ec358498f30eeecfcafb19366bede564,nfl,player_receptions,Calvin Ridley,Over,1.5,win,2.0,2026_02_PHI_TEN,2.0,win,2.0,win,,False,True,True
7cd736eacf9dc78f39b636f544be5b5a1f7a8148b2209a3b04bcc65c8a5691aa,nfl,player_receiving_yards,Andrei Iosivas,Over,13.5,loss,7.0,2026_02_CIN_HOU,7.0,loss,7.0,loss,,False,True,True
301a23c2b189bd19c0c81ca030928e40fbf8f673fce1d325bbd6fdafe5c5d03f,nfl,spreads,,Away,3.5,win,-20.5,2026_02_SEA_ARI,-20.5,win,-20.5,win,,False,True,True
d4e8c12b94966c8c988573c2cc861492c9a5ea8d9526910b052d5200f4ff4e90,nfl,player_passing_tds,Malik Willis,Under,0.5,loss,1.0,2026_02_MIA_SF,1.0,loss,1.0,loss,,False,True,True
cf71f4abde86b2c1d5b3fe80f2f3e0818e28944a183256217dc7fbdda96fad5d,nfl,player_receiving_yards,Dontayvion Wicks,Under,30.5,loss,74.0,2026_02_PHI_TEN,74.0,loss,74.0,loss,,False,True,True
654491839bb5d119d2292797ca2030237e6e6bd800f5724f76aeb4f1465f389a,nfl,player_rushing_yards,Samaje Perine,Over,17.5,loss,6.0,2026_02_CIN_HOU,6.0,loss,6.0,loss,,False,True,True
7ec5c7c8c94fa29eaf3db3e92307eacafcdd56be38ff295ed2154d7245906748,nfl,player_receiving_yards,Devaughn Vele,Under,40.5,loss,64.0,2026_02_NO_BAL,64.0,loss,64.0,loss,,False,True,True
d9ecc7dd4591678424136d2b9a82e3c24c870186da13bec380fa1eaf62704ef8,nfl,player_receiving_yards,Jaylen Warren (PIT),Under,19.5,loss,34.0,2026_02_PIT_NE,34.0,loss,34.0,loss,,False,True,True
d2aa45b6986bdfeaaa8d95c4697a7551ea99cf43f9c166b23fb18d7fa8b530dc,nfl,atd,Pat Freiermuth,Yes,0.5,loss,0.0,2026_02_PIT_NE,0.0,loss,0.0,loss,0.0,False,True,True
f4b8372ccaf1c833d38614804adff13e8bea7912428ad5cc6dc512b6cdee9e52,nfl,player_receptions,Oronde Gadsden,Over,1.5,win,2.0,2026_02_LV_LAC,2.0,win,2.0,win,,False,True,True
ed1206d8ddf46f5e381661fb348a251179ecfc6ea112cc7cc8afa9ad3a526c7c,nfl,player_receiving_yards,Demario Douglas,Under,34.5,win,9.0,2026_02_PIT_NE,9.0,win,9.0,win,,False,True,True
8acba56e65e29b2671e7c6cd0301f359751d7004a2af8bad7f82f7a52450cf61,nfl,player_passing_tds,Drew Lock,Under,1.5,loss,3.0,2026_02_SEA_ARI,3.0,loss,3.0,loss,,False,True,True
0991059615e2c270171ed5ba742ea34086acc87d62d5fa5e9aeafc0bb20d9b44,nfl,totals,,Over,40.5,loss,38.0,2026_02_SEA_ARI,38.0,loss,38.0,loss,,False,True,True
dedf269a8d0cd7bbd0f51b591db3425fed384e149f2b96e1ffb6216b1af41181,nfl,atd,George Kittle,Yes,0.5,win,1.0,2026_02_MIA_SF,1.0,win,1.0,win,0.0,False,True,True
f678a742a67021fb8009fa3db3e28394a37a10686153db5829199b876de9c89f,nfl,player_rushing_yards,J.K. Dobbins,Over,58.5,loss,36.0,2026_02_JAX_DEN,36.0,loss,36.0,loss,,False,True,True
db43d7e5e105fb380604ee0d1e98295d28f4432dd6f71b0bf9151ffd6d57d0a0,nfl,player_receptions,David Montgomery,Under,1.5,loss,2.0,2026_02_CIN_HOU,2.0,loss,2.0,loss,,False,True,True
c03abdcdc4862bea056fb6e13e106bbbd05fcdab5a08be54aa366338b4e42f0f,nfl,player_receptions,Olamide Zaccheaus,Over,1.5,loss,1.0,2026_02_CAR_ATL,1.0,loss,1.0,loss,,False,True,True
c43eb42c00afb331a5f1506bc2850b2b41ecb4950bb11e4d5e75739f5eb8a49e,nfl,player_rushing_yards,Javonte Williams,Under,76.5,win,30.0,2026_02_WAS_DAL,30.0,win,30.0,win,,False,True,True
de6e132bffeff4b08aecb67256e4059890c52665bccb0d546c61e8d0c05e93f3,nfl,player_rushing_yards,Rico Dowdle,Over,32.5,loss,22.0,2026_02_PIT_NE,22.0,loss,22.0,loss,,False,True,True
d23a96aca5ae6aea00b23cae0ee10a09c51b7331e1b47f244f4ca0d344029402,nfl,player_receptions,Dontayvion Wicks,Under,2.5,loss,5.0,2026_02_PHI_TEN,5.0,loss,5.0,loss,,False,True,True
412923f861c86959359ca75eaadd3e307565032e2136ea26035e5001a7d4067b,nfl,player_receptions,Rhamondre Stevenson,Under,2.5,win,1.0,2026_02_PIT_NE,1.0,win,1.0,win,,False,True,True
b1adfda9a2179f7a4b41387be2e251dc1294cd52064644662103ce601a580f48,nfl,player_rushing_yards,Carson Wentz,Under,7.5,win,6.0,2026_02_MIN_CHI,6.0,win,6.0,win,,False,True,True
914f610454ae41501508d2fa49f780bab7107f781bf0ffa495a51caf78c46b93,nfl,player_receiving_yards,Darren Waller,Over,16.5,win,33.0,2026_02_CAR_ATL,33.0,win,33.0,win,,False,True,True
154325836bf31538956b9712518912d3b1ac12489ba9fe81b1fdaceea25ca77a,nfl,player_passing_tds,Baker Mayfield,Under,1.5,win,1.0,2026_02_CLE_TB,1.0,win,1.0,win,,False,True,True
624ef8c0e549c77dfacbeb8331db8802d9580502ba6191796da495da86281f5a,nfl,player_receptions,Chase Brown,Over,3.5,loss,3.0,2026_02_CIN_HOU,3.0,loss,3.0,loss,,False,True,True
b53c21057c4a420ad548ee104c5cc95785a1ca190586efec1bdbb2c3d093fdf1,nfl,player_receptions,Malik Washington,Under,3.5,loss,4.0,2026_02_MIA_SF,4.0,loss,4.0,loss,,False,True,True
def0391c4b28762c529b7e8c34ac5e7de939b4c33fbc2dc3f3bcbe11ea2b81aa,nfl,player_receptions,Andrei Iosivas,Over,1.5,loss,1.0,2026_02_CIN_HOU,1.0,loss,1.0,loss,,False,True,True
d5585b9a20af3ae682c12e4d5de97606b22c919e355db94a5cf5697c15bd1c84,nfl,player_rushing_yards,Tyler Allgeier,Under,35.5,win,10.0,2026_02_SEA_ARI,10.0,win,10.0,win,,False,True,True
b6502e60be79a35f4c45974b928e45c85eda34b7c4646a5e71c3a3c543fecb22,nfl,player_receptions,Cade Otton,Over,2.5,win,5.0,2026_02_CLE_TB,5.0,win,5.0,win,,False,True,True
1be4c5697866c3adead6001ea924705d8751474db2e4d3b45082292692e117a3,nfl,atd,Drake London,Yes,0.5,loss,0.0,2026_02_CAR_ATL,0.0,loss,0.0,loss,0.0,False,True,True
c378fd5a3020f353ebaf9f8b7cafe84dbfaa6f50bacbbb2d363820f01e20e18e,nfl,player_receptions,Demarcus Robinson,Under,1.5,loss,3.0,2026_02_MIA_SF,3.0,loss,3.0,loss,,False,True,True
9143de1367968392b12ccd481988fd7078b6a59e3bfcca57e9095eb573012d19,nfl,totals,,Over,46.0,loss,26.0,2026_02_CIN_HOU,26.0,loss,26.0,loss,,False,True,True
e24201fd570c19d2c416e1df0cf4cfc9029fb36b28b2037bef439755209292f0,nfl,player_receiving_yards,Cole Kmet,Over,13.5,loss,0.0,2026_02_MIN_CHI,0.0,loss,0.0,loss,,False,True,True
2627d27cea1e06181d86ab91bd8308ad17c1df0a0d8aec07e21b54cf5ccabb52,nfl,player_receiving_yards,Jalen Nailor,Under,32.5,win,9.0,2026_02_LV_LAC,9.0,win,9.0,win,,False,True,True
4dd9fe083d3aba9baadfc1a280df7ca0a2155d7da7d88ca677941cefd3124c0c,nfl,player_receptions,Josh Downs,Under,4.5,loss,7.0,2026_02_IND_KC,7.0,loss,7.0,loss,,False,True,True
a433d2e46a03840932fd79cb634089afba2b8e4f41616dd015e0faa29f385465,nfl,player_rushing_yards,Emari Demercado,Over,10.5,loss,8.0,2026_02_WAS_DAL,8.0,loss,8.0,loss,,False,True,True
711e5f0cd8bd5a2b18292d6706f6a04c0421f68e9ec15edf73b64484efcf6896,nfl,atd,Justice Hill,Yes,0.5,loss,0.0,2026_02_NO_BAL,0.0,loss,0.0,loss,0.0,False,True,True
678b60943af04555f3d37acd00f2fdcf28fe2406d53ac5a97cc613fdd7babdd7,nfl,atd,Jalen Nailor,Yes,0.5,loss,0.0,2026_02_LV_LAC,0.0,loss,0.0,loss,0.0,False,True,True
fa11c0a24f500738659ec86a14e040bcb10093b0cf8c7ad240486a4a08e9c55f,nfl,player_passing_tds,Daniel Jones,Over,1.5,loss,1.0,2026_02_IND_KC,1.0,loss,1.0,loss,,False,True,True
6e2b1693d3db3e01068bbccf604630e5482f0b14b7ce75fe42b2847a1ae8a299,nfl,player_receptions,Kenneth Walker,Under,3.5,loss,6.0,2026_02_IND_KC,6.0,loss,6.0,loss,,False,True,True
268eb1bcf8bd2399a375f4f0569e095fa0c52311ce0dfaab4421a3008cee7927,nfl,player_rushing_yards,Justin Herbert,Over,19.5,loss,2.0,2026_02_LV_LAC,2.0,loss,2.0,loss,,False,True,True
fb0b5eba040796e55eefab6a94a4ce2ca584207c20971ebf0a8ebc9ad83ee485,nfl,atd,Jaylen Warren,Yes,0.5,loss,0.0,2026_02_PIT_NE,0.0,loss,0.0,loss,0.0,False,True,True
1d31bb8a167e054831e26d683e8e832741d1af17aa15cc500e1745acc559ff78,nfl,player_receptions,Tre' Harris,Under,3.5,win,1.0,2026_02_LV_LAC,1.0,win,1.0,win,,False,True,True
bd629456ef1615eea5951136b42f9ff5cf2cbdedeb32b42f96900bd0c7a22d69,nfl,player_receptions,Xavier Legette,Over,1.5,win,2.0,2026_02_CAR_ATL,2.0,win,2.0,win,,False,True,True
eb733dee3fe3eaddf89cd23b41fe9cf7d24de35d0407a2675972ba75b1173b65,nfl,player_receptions,Ja'Marr Chase,Over,6.5,win,7.0,2026_02_CIN_HOU,7.0,win,7.0,win,,False,True,True
35f70db79a62e01cf4a512a9f9296de2c5da5d99c186ee030ff17c31c0ec24a8,nfl,player_receiving_yards,Travis Etienne,Over,11.5,loss,6.0,2026_02_NO_BAL,6.0,loss,6.0,loss,,False,True,True
9c06cd25bde3035c7bf14c7f2729c903c91ead7b746ebbeb4892d8c21cb3c03e,nfl,h2h,,Away,0.0,win,-6.0,2026_02_MIN_CHI,-6.0,win,-6.0,win,,False,True,True
2a0ec378637e6c9f087c8bfeb918c3e85322c1f70a0aa775bd479796d928cbc5,nfl,player_receiving_yards,Josh Downs,Under,40.5,loss,72.0,2026_02_IND_KC,72.0,loss,72.0,loss,,False,True,True
2d8156546ddd8d266180bb643ecea8c16b5260d5d2743357d5fa060985cd07bc,nfl,atd,Kayshon Boutte,Yes,0.5,loss,0.0,2026_02_CIN_HOU,0.0,loss,0.0,loss,0.0,False,True,True
c3dbdc9c54c6198ae22219ae70b63ab43d6c742c4b7df711505fc82c00d873dd,nfl,player_rushing_yards,Tony Pollard,Over,40.5,win,64.0,2026_02_PHI_TEN,64.0,win,64.0,win,,False,True,True
236a5fe92c0dba8d0ef8ae398f41929b806c8bea548f7aa6bb613e2a8f469363,nfl,player_receiving_yards,Quentin Johnston,Under,51.5,win,7.0,2026_02_LV_LAC,7.0,win,7.0,win,,False,True,True
d069e94c9fde3d524c683cda0a88725dc4e904117cb04c1c5599858bab7b25a2,nfl,player_receptions,Jaylen Waddle,Under,4.5,loss,8.0,2026_02_JAX_DEN,8.0,loss,8.0,loss,,False,True,True
5bc3cd1c2af75af89323a92fa47b2613ea94a7f901dc0785e0e42d25c9dfc4d4,nfl,player_receiving_yards,Jaylin Noel,Under,24.5,loss,31.0,2026_02_CIN_HOU,31.0,loss,31.0,loss,,False,True,True
d2c959e9c350f48a2d9ba0fa6ce9de245794283a0006a1134d1c21e49f3b1183,nfl,player_receiving_yards,D'Andre Swift,Over,11.5,win,54.0,2026_02_MIN_CHI,54.0,win,54.0,win,,False,True,True
09c3b4b5492438cf6d0627e426a77f59fbb30b8c5e61cc4783ad04477a4d5d16,nfl,atd,Chase Brown,Yes,0.5,loss,0.0,2026_02_CIN_HOU,0.0,loss,0.0,loss,0.0,False,True,True
6b4f5fe654276161ae3e19d5f61bd2916327f8b90c934e886b5290a9305c5445,nfl,player_receiving_yards,Mason Taylor,Over,17.5,loss,0.0,2026_02_GB_NYJ,0.0,loss,,,,True,True,
e483c9e7aed593f93b1dfdeb8816230a65ad40fd7a76056eb0f5119b3c37a3e2,nfl,player_receptions,Mike Evans,Over,3.5,loss,3.0,2026_02_MIA_SF,3.0,loss,3.0,loss,,False,True,True
3623212d5ec8e2d01a249851c65c3bac2cabda0250b025c1f8fdbfe445c13e1e,nfl,player_receptions,Deebo Samuel,Over,3.5,loss,3.0,2026_02_MIA_SF,3.0,loss,3.0,loss,,False,True,True
67df46bcd5fc6099a66c2e1ed83a9493a10b81192e476782f569b8849d7899fb,nfl,player_receiving_yards,Ryan Flournoy,Under,30.5,win,23.0,2026_02_WAS_DAL,23.0,win,23.0,win,,False,True,True
67a43dc1b762af08a8f46771c08e006fe73f855f177902515a819d3bf6f26172,nfl,player_passing_tds,Jalen Hurts,Over,1.5,win,2.0,2026_02_PHI_TEN,2.0,win,2.0,win,,False,True,True
c373d80c18558d8c5f7fced33f2e2b4db9034a655730a5c4b7042d142cf99790,nfl,player_receiving_yards,Rome Odunze,Over,38.5,win,43.0,2026_02_MIN_CHI,43.0,win,43.0,win,,False,True,True
238a953b279bfb97ab3c3a081a59f4bc793bb52841460fe4606f9b3140b6df65,nfl,player_receiving_yards,Garrett Wilson,Under,67.5,win,57.0,2026_02_GB_NYJ,57.0,win,57.0,win,,False,True,True
a20aa2f5d26bb5092ac1a102bf59895401aeee0d50b6e35be088044af6401b75,nfl,h2h,,Home,0.0,loss,-31.0,2026_02_CAR_ATL,-31.0,loss,-31.0,loss,,False,True,True
6bc8d55658a32a0de35b78fdf5bf01fb5266f08d5db00203a7d8949e60ae30e8,nfl,player_passing_tds,Jordan Love,Under,1.5,loss,2.0,2026_02_GB_NYJ,2.0,loss,2.0,loss,,False,True,True
607508084db124870e50d1791d85ec2c2afc19b5d32b54e6425454df744a6bfa,nfl,player_receptions,Pat Freiermuth,Under,3.5,loss,4.0,2026_02_PIT_NE,4.0,loss,4.0,loss,,False,True,True
1cb426b633a5490c91aa4edeae76e2d940c53ce11ae7b16ad05cae1f769ab2a5,nfl,player_receptions,Chris Godwin,Over,3.5,loss,3.0,2026_02_CLE_TB,3.0,loss,3.0,loss,,False,True,True
3fc27f202b134e5886e630b87d7c1874b025e68dbedad5006b397b443586dd2a,nfl,player_receiving_yards,Brenton Strange,Over,30.5,loss,17.0,2026_02_JAX_DEN,17.0,loss,17.0,loss,,False,True,True
ac3adafa01a306b33afa163fb55408d1844a7d57d80843c5fd17b348ad5789f6,nfl,player_receiving_yards,Breece Hall,Under,18.5,loss,63.0,2026_02_GB_NYJ,63.0,loss,63.0,loss,,False,True,True
ad5acb7e4a9ef325cd4cb8abb5d61027837d6cd91ecf07e643e50e9528f12eb1,nfl,player_receptions,Darren Waller,Over,1.5,win,3.0,2026_02_CAR_ATL,3.0,win,3.0,win,,False,True,True
bd027c275478440b96ec466ffe1208b765e00bb5e3da54d2b1ad787e39440599,nfl,player_rushing_yards,Omarion Hampton,Under,62.5,loss,94.0,2026_02_LV_LAC,94.0,loss,94.0,loss,,False,True,True
72a0648438752db4921f669fc8a0905fd9207b1ab178bafd740c82c0ae74f9bb,nfl,player_passing_yards,Jordan Love,Under,251.5,win,145.0,2026_02_GB_NYJ,145.0,win,145.0,win,,False,True,True
fcec4a4ac0fe56f16f0e107e830a6c2163a01fe33613091098ae894fa9ac28d4,nfl,player_receiving_yards,Tommy Tremble,Under,12.5,win,4.0,2026_02_CAR_ATL,4.0,win,4.0,win,,False,True,True
3e39ea14da5fb6def53f7032cf51dfdbdb6a19d3fd59aaf2c948ac2d8d6cb458,nfl,player_passing_yards,Geno Smith,Under,207.5,loss,247.0,2026_02_GB_NYJ,247.0,loss,247.0,loss,,False,True,True
4a19fabed2cb86c7fb294a41138965eab3e9d0ce3b0eb0cc6a1c7f346846bfd7,nfl,player_passing_yards,Bryce Young,Under,221.5,loss,287.0,2026_02_CAR_ATL,287.0,loss,287.0,loss,,False,True,True
17bf1d6f783548c94fd9bc60e3939b538c7ffb7f6a7aa11b47f073e99f72cead,nfl,player_receiving_yards,Kenneth Walker,Under,21.5,loss,61.0,2026_02_IND_KC,61.0,loss,61.0,loss,,False,True,True
f6f9f47389ddc85c69c0ebc3c68303f1d8773c5325066e3187b067e1480c01e2,nfl,player_receiving_yards,Jake Ferguson,Under,26.5,loss,43.0,2026_02_WAS_DAL,43.0,loss,43.0,loss,,False,True,True
90f0ce3436e1e8ed97a42cc11ea6b0324f8dd8350a863da58631f570144d2b57,nfl,player_receptions,Jayden Reed,Under,3.5,win,1.0,2026_02_GB_NYJ,1.0,win,1.0,win,,False,True,True
4cd60d6444f3c4744d7287c80b3fd504b4e54bb0f6a7d16d6fece71eab423404,nfl,atd,Stefon Diggs,Yes,0.5,win,2.0,2026_02_WAS_DAL,2.0,win,1.0,win,0.0,False,True,True
1a59ecbf50763873bc63722a8d014ea137b157699f03b089b59586f1238853cb,nfl,player_receiving_yards,Adonai Mitchell,Under,34.5,loss,63.0,2026_02_GB_NYJ,63.0,loss,63.0,loss,,False,True,True
453019e14cc33700ad2a20f9a2113f245995aeac0a7f8a9354693629b324c9c9,nfl,player_receiving_yards,Darnell Washington,Over,12.5,loss,7.0,2026_02_PIT_NE,7.0,loss,7.0,loss,,False,True,True
7514dd555a5f4296b0bcfca3ef825c391d79815471aee9265bf196beae1cafb3,nfl,player_receiving_yards,Jahan Dotson,Under,17.5,win,11.0,2026_02_CAR_ATL,11.0,win,11.0,win,,False,True,True
23eba9082757786720f27150521c585a709a1eceefb8fe18716ad4c0285ccbc5,nfl,player_passing_yards,Drake Maye,Over,225.5,loss,208.0,2026_02_PIT_NE,208.0,loss,208.0,loss,,False,True,True
6bf5ce8d611e8f64992ad1b5bcffbed3e851ce6b922e5501ddab5fd31b936c9c,nfl,player_receiving_yards,Jalen Coker,Under,51.5,loss,66.0,2026_02_CAR_ATL,66.0,loss,66.0,loss,,False,True,True
f843521cbd81ba0efd8308e488e5d450a063745e8a8f08ecc64207e76483d62b,nfl,totals,,Over,39.0,win,44.0,2026_02_PHI_TEN,44.0,win,44.0,win,,False,True,True
d28a7da99dbd90ec4e39127cdd8b90ff1ff5bcc25fe26ce0e57f794bd42f98f2,nfl,player_rushing_yards,Rhamondre Stevenson,Under,47.5,win,43.0,2026_02_PIT_NE,43.0,win,43.0,win,,False,True,True
637b1e2c5c802fa2a1ed13dfa28d04d118fb6137a4a53159e583e9e694348196,nfl,player_receiving_yards,Kendrick Bourne,Under,23.5,win,11.0,2026_02_SEA_ARI,11.0,win,11.0,win,,False,True,True
f3b1cbd0c79c45c7980d0d9e58532924c5c1c9c9892024a2cbcba04119cf1f9e,nfl,spreads,,Home,3.0,loss,-28.0,2026_02_CAR_ATL,-28.0,loss,-28.0,loss,,False,True,True
70b9f2022fd11366533bc315ad359e7f83beaae6b3b5fc0a0cf7a3d4b9165d2e,nfl,player_receiving_yards,Dyami Brown,Under,9.5,loss,21.0,2026_02_WAS_DAL,21.0,loss,21.0,loss,,False,True,True
3e4682bd2f5ace3bf41520c6fd77ac1703af70158712db2758caad41dd07a377,nfl,player_receptions,Rashee Rice,Over,4.5,loss,4.0,2026_02_IND_KC,4.0,loss,4.0,loss,,False,True,True
86571cc8eb03aae77e2bc1bbedd0010f04f350660cbaf80a9c90727f8f813729,nfl,player_receiving_yards,Jayden Reed,Under,38.5,win,4.0,2026_02_GB_NYJ,4.0,win,4.0,win,,False,True,True
254ecd27a7250a0f2fc0f6f39ba572f5583019780451ce4f8a6ef6de1820ea46,nfl,player_receiving_yards,Alvin Kamara,Over,11.5,loss,7.0,2026_02_NO_BAL,7.0,loss,7.0,loss,,False,True,True
2606303ad50ed76d7c2434474576ab35044795562bf513d6a419c9ec67e8afba,nfl,player_rushing_yards,Chris Rodriguez,Over,22.5,loss,13.0,2026_02_JAX_DEN,13.0,loss,13.0,loss,,False,True,True
3da6cc0287431b3b7003377e05a905ed7ffc1011903f185f3548bc09a042b05e,nfl,player_receptions,Tyquan Thornton,Under,1.5,loss,4.0,2026_02_IND_KC,4.0,loss,4.0,loss,,False,True,True
047a5ca2f14e27e5c40722394bd98702d1f411b14577e801be26db87307022fd,nfl,player_receiving_yards,Omarion Hampton,Over,10.5,win,21.0,2026_02_LV_LAC,21.0,win,21.0,win,,False,True,True
ecea724a9dea1db1ce0d4c337d68c77259626e91e582e78c7b2906fc25df6178,nfl,atd,Caleb Williams,Yes,0.5,loss,0.0,2026_02_MIN_CHI,0.0,loss,0.0,loss,0.0,False,True,True
fe5cb25e8387cd59382378065cf96eca653b65c34afc33cb9fdfef118be4ac88,nfl,player_passing_yards,Trevor Lawrence,Over,220.5,loss,189.0,2026_02_JAX_DEN,189.0,loss,189.0,loss,,False,True,True
a585a8412a18987a7f05f105f88ecbba856402e39b915ff378ae574a2ae03260,nfl,player_receiving_yards,Tank Bigsby,Under,0.5,loss,5.0,2026_02_PHI_TEN,5.0,loss,5.0,loss,,False,True,True
d8a53402481651d5ac68674eb6b315394e1453a29b0fb0ef6c846db987618de6,nfl,player_receiving_yards,Pat Freiermuth,Under,30.5,loss,32.0,2026_02_PIT_NE,32.0,loss,32.0,loss,,False,True,True
27a0ee5b77077b10ebd8a776e7ee4d25165ee08b57832ceedf1756006444d928,nfl,player_receiving_yards,Tre Tucker,Under,34.5,loss,119.0,2026_02_LV_LAC,119.0,loss,119.0,loss,,False,True,True
f783219f76efdd539728710c267e0a634d80fbde70f9b3d3efecf7db6c247e41,nfl,player_rushing_yards,Tyler Shough,Under,16.5,loss,23.0,2026_02_NO_BAL,23.0,loss,23.0,loss,,False,True,True
e5e02ed0921e2826de96a92ee48926535a24b3c72e0134f23d0a9ad952370a9e,nfl,player_receiving_yards,George Kittle,Over,40.5,win,80.0,2026_02_MIA_SF,80.0,win,80.0,win,,False,True,True
c66aa1560f7ed6262e93872e5e34eace33f51eb1d67ea789314edb582dea4c74,nfl,player_receiving_yards,DK Metcalf,Under,57.5,win,27.0,2026_02_PIT_NE,27.0,win,27.0,win,,False,True,True
52ee34730b1c2b7fe2db4b4acd5f3dcaf30926f2c95f515c0321ebd257ddd713,nfl,player_receiving_yards,Woody Marks,Under,10.5,loss,27.0,2026_02_CIN_HOU,27.0,loss,27.0,loss,,False,True,True
bc68ea37ce43362d23967c26552051fda442589e09b3d2ee4aa6244625d51d16,nfl,player_receiving_yards,Ashton Jeanty,Under,25.5,win,15.0,2026_02_LV_LAC,15.0,win,15.0,win,,False,True,True
192cdfe6d59a0bdb81d7b83a75a790c4e09f0350d07a5505057ddc9934b12dbb,nfl,player_receptions,Tyjae Spears,Over,2.5,loss,2.0,2026_02_PHI_TEN,2.0,loss,2.0,loss,,False,True,True
198e1aad2466c76c249f62d4ec5347f66144a84270ca5847b269fe399597cd26,nfl,player_receptions,Foster Moreau,Under,0.5,loss,2.0,2026_02_CIN_HOU,2.0,loss,2.0,loss,,False,True,True
5eba1496725a85d926eb083a327e12b6d1eb90dc3737ee0342b3296f57328b3f,nfl,totals,,Under,45.0,win,41.0,2026_02_NO_BAL,41.0,win,41.0,win,,False,True,True
739d4029b0e1791514e48b4a347b142d1b13830d6011d353c62cfd9404fed9ed,nfl,player_receptions,Justice Hill,Under,2.5,win,2.0,2026_02_NO_BAL,2.0,win,2.0,win,,False,True,True
7f892b197e3cfb35371c07e75bfce155360a20283685897e737af2d046e7fdc2,nfl,player_rushing_yards,Jaylen Warren,Over,43.5,loss,43.0,2026_02_PIT_NE,43.0,loss,43.0,loss,,False,True,True
1d70e2077579827a4fb0fa4ba3dff27d72ac90a169cedf31b719d6d4a13dd45b,nfl,player_receiving_yards,Xavier Hutchinson,Under,30.5,loss,37.0,2026_02_CIN_HOU,37.0,loss,37.0,loss,,False,True,True
354bbfe312f4abd40494b4c24d46421a91effc12c1f40da3f6dc5e898cc40804,nfl,player_receiving_yards,Bijan Robinson,Under,43.5,win,9.0,2026_02_CAR_ATL,9.0,win,9.0,win,,False,True,True
7bcb620db288aaad858fde0a182382f09964cc2afba53a77074006501de6d4b0,nfl,player_receiving_yards,Jonnu Smith,Under,11.5,win,0.0,2026_02_GB_NYJ,0.0,win,,,,True,True,
940fc946a4cf885e01c26c2a5002eb5f7c5c964d173129ddaf76b3e84d9dba5d,nfl,player_receiving_yards,Jonathan Taylor,Over,17.5,win,40.0,2026_02_IND_KC,40.0,win,40.0,win,,False,True,True
01267bdacd287b216dbfe73e69e54364845b8b12a5de6a1ab41f16d37e707d03,nfl,player_passing_yards,Cooper Rush,Under,182.5,win,86.0,2026_02_CAR_ATL,86.0,win,86.0,win,,False,True,True
414439cf3bedd4980c3095ac3768573d0e1cad7c0b32a85231ac8d3ad5dfba6e,nfl,player_passing_yards,Bryce Young (CAR),Over,224.5,win,287.0,2026_02_CAR_ATL,287.0,win,287.0,win,,False,True,True
6c4ba06bc4f63c1b9f2c14a6d73bcf9f4c20273f911ccef8dffb757d8ed19454,nfl,atd,Jalen Coker,Yes,0.5,loss,0.0,2026_02_CAR_ATL,0.0,loss,0.0,loss,0.0,False,True,True
10afad1f8332d3d08bf0ef952536bcc2f66fc3cad748cd6612bf0b09f2a8650f,nfl,player_receptions,Quinshon Judkins,Under,1.5,loss,5.0,2026_02_CLE_TB,5.0,loss,5.0,loss,,False,True,True
b6448efe77182a3bbb6d20a4523e414d0caeead822de82dc6258d2c589dc6f38,nfl,spreads,,Away,-8.5,win,-15.5,2026_02_NO_BAL,-15.5,win,-15.5,win,,False,True,True
08c7d09f99c7d09417e1a471b970aff40ac9819c7238bddb5a103d484b1d1120,nfl,player_receptions,Xavier Worthy,Under,3.5,loss,5.0,2026_02_IND_KC,5.0,loss,5.0,loss,,False,True,True
ae5e16749ced833573cbd651256777ff4523805c1f8f46e9d982db42b71c2608,nfl,player_rushing_yards,Jordan Love,Over,8.5,loss,0.0,2026_02_GB_NYJ,0.0,loss,0.0,loss,,False,True,True
a4f90a1afa70beb694a31e35d97c34d86e76573ce9b85261e9940627c1887399,nfl,player_receiving_yards,Keenan Allen,Over,30.5,loss,5.0,2026_02_IND_KC,5.0,loss,5.0,loss,,False,True,True
c863f2253dd4e0504db9712c2e9e99c5eb00eb2712515582a0c746c0a9e82d5d,nfl,totals,,Over,42.0,loss,23.0,2026_02_PIT_NE,23.0,loss,23.0,loss,,False,True,True
688b788acfbbd497b912ad6d962c6f0d0b41f68a95ab3c87c64ea999686539f4,nfl,player_passing_yards,Baker Mayfield,Under,215.5,win,182.0,2026_02_CLE_TB,182.0,win,182.0,win,,False,True,True
24aaf8d00c06374ff2f895d905dbef944bd2891c4b0966a9abc179fd6d929a0b,nfl,player_receptions,Brevyn Spann-Ford,Under,1.5,win,0.0,2026_02_WAS_DAL,0.0,win,0.0,win,,False,True,True
24cb8c0153b6e3d340542d0fe2ecf20a9325506f2d5bc99e8c8e9eca3316484f,nfl,player_rushing_yards,Caleb Williams,Under,27.5,loss,42.0,2026_02_MIN_CHI,42.0,loss,42.0,loss,,False,True,True
7db7599b6c83ceea949f942ca33e419f48ed22decbb13b9fcf3d84f5273f8795,nfl,spreads,,Away,-6.5,win,-3.5,2026_02_IND_KC,-3.5,win,-3.5,win,,False,True,True
c8b6a08340ddda142f6a9a54a4715f707338838e63cc96afeaf3cd3dac14f959,nfl,player_rushing_yards,Chuba Hubbard,Under,55.5,win,53.0,2026_02_CAR_ATL,53.0,win,53.0,win,,False,True,True
20fd19e2c7a3d8399460478c54d14700a88221c4aa72a7372c1cbe865269a3eb,nfl,player_receiving_yards,Cade Otton,Over,28.5,win,38.0,2026_02_CLE_TB,38.0,win,38.0,win,,False,True,True
31c513a85ba62f0fc38a4b4b844ada60e5cea921dfa1d3a61e6d280a51eb004e,nfl,spreads,,Away,-6.5,win,-18.5,2026_02_LV_LAC,-18.5,win,-18.5,win,,False,True,True
b89c6362776ff25de74bedb75e1770fe3f89c5b54aa26abdb10ee6ad07535d85,nfl,player_rushing_yards,Joe Burrow,Under,7.5,win,-1.0,2026_02_CIN_HOU,-1.0,win,-1.0,win,,False,True,True
537b2d44bf0bd8bf9135547818ddcf2f3a4d099462ab9f18d67e9636edef559e,nfl,player_receiving_yards,Justice Hill,Under,13.5,win,12.0,2026_02_NO_BAL,12.0,win,12.0,win,,False,True,True
d859bfb42c89d749c64069473b3b53ac6a10cebb3e66927dedebdacb6285d6c5,nfl,player_receiving_yards,Chris Godwin,Under,47.5,win,46.0,2026_02_CLE_TB,46.0,win,46.0,win,,False,True,True
db2f35d6291c4fc720c87b8a29c702bed7d031d2e5dffef4131dae6a0fa048c3,nfl,player_receiving_yards,Noah Fant,Over,14.5,loss,0.0,2026_02_NO_BAL,0.0,loss,0.0,loss,,False,True,True
a8155db07b3f5d66a7d8b9858b4a939b05272602f0553db3bfb3275d5d0fa802,nfl,player_receiving_yards,Tetairoa McMillan,Under,59.5,loss,101.0,2026_02_CAR_ATL,101.0,loss,101.0,loss,,False,True,True
e636e4978fe00c5764b7d375b2f013cfdaeffb4b57fef577ce9c6f61d3192b67,nfl,player_receiving_yards,DeVonta Smith,Under,60.5,loss,117.0,2026_02_PHI_TEN,117.0,loss,117.0,loss,,False,True,True
83a68fbf76e7cca8072a2cc8ff4305733b3bfec0125662316af16583176f25e9,nfl,player_receptions,Dyami Brown,Under,1.5,loss,4.0,2026_02_WAS_DAL,4.0,loss,4.0,loss,,False,True,True
acf8341832ce2885abee137937a67f40fd9eede7b8fb2580ac0397ac28430add,nfl,player_receiving_yards,Brevyn Spann-Ford,Under,8.5,win,0.0,2026_02_WAS_DAL,0.0,win,0.0,win,,False,True,True
a057c336804021191a08738053388b1950ba14e1cbac46b2700e1e0bd61e864a,nfl,player_passing_yards,Drew Lock,Under,205.5,loss,235.0,2026_02_SEA_ARI,235.0,loss,235.0,loss,,False,True,True
16ff6a62be3957732c35ed61320e2d698978f5d6e4ff231a3304a90e35b8a6a0,nfl,player_receiving_yards,Samaje Perine,Over,7.5,win,16.0,2026_02_CIN_HOU,16.0,win,16.0,win,,False,True,True
19192cae2601225491201215dbc503e89805d4e8a4a5601cf7d2816ed0fad6f9,nfl,atd,Daniel Jones,Yes,0.5,loss,0.0,2026_02_IND_KC,0.0,loss,0.0,loss,0.0,False,True,True
8a06e1433c4584576f126bbf609f46415b0180f31c1c5dc928f44cdf84f62c98,nfl,atd,Marvin Harrison,Yes,0.5,loss,0.0,2026_02_SEA_ARI,0.0,loss,0.0,loss,0.0,False,True,True
e08c0d9d4b5ddfa1c1ed178f090e15b62fa67f5ad53ac5460b4358c74ee14989,nfl,player_receiving_yards,Romeo Doubs,Under,39.5,loss,96.0,2026_02_PIT_NE,96.0,loss,96.0,loss,,False,True,True
b881e93e73e905cd5454bfd7c9825722cf24cca482bf1234af0be97a591701ca,nfl,player_rushing_yards,Justin Jefferson,Under,0.5,win,0.0,2026_02_MIN_CHI,0.0,win,0.0,win,,False,True,True
9be4ab08ee1c2dba4e01c3133d32ad32041607401d4ed4843f7d567c6e107ae1,nfl,player_receiving_yards,Rashid Shaheed,Under,24.5,loss,35.0,2026_02_SEA_ARI,35.0,loss,35.0,loss,,False,True,True
50f06595defc897902b743367549443f3d21838124ca5a08645c0906588b8903,nfl,player_rushing_yards,Xavier Worthy,Over,5.5,loss,0.0,2026_02_IND_KC,0.0,loss,0.0,loss,,False,True,True
5eee48501f0e1a41daef640f9c8f84ad86506de1490c30d406d219869109cb80,nfl,player_passing_yards,Cam Ward,Under,188.5,win,183.0,2026_02_PHI_TEN,183.0,win,183.0,win,,False,True,True
d543a31209d1d6bff7fcbbda2ec8702c0dc1c40ee9e4255bef765e84118f5f55,nfl,player_rushing_yards,Quinshon Judkins,Under,50.5,win,21.0,2026_02_CLE_TB,21.0,win,21.0,win,,False,True,True
121e349714e238f1f33ad8d54b0f912d44c9270aff82928885385f253ab676f0,nfl,player_receiving_yards,Gunnar Helm,Under,22.5,win,13.0,2026_02_PHI_TEN,13.0,win,13.0,win,,False,True,True
81250ba4290eb9ba34299aee70772215fd8e1ccb4476807f6c280d50c3994f78,nfl,player_receiving_yards,Rashee Rice,Over,52.5,win,83.0,2026_02_IND_KC,83.0,win,83.0,win,,False,True,True
23b64de19aa4360d4e83de5dcaa8da089b775bb914a318e54a96b879dfa3c65d,nfl,player_receptions,Daniel Bellinger,Over,0.5,loss,0.0,2026_02_PHI_TEN,0.0,loss,0.0,loss,,False,True,True
1c1c72fdae4302de3e18b1d5f99f4a7b5008d5fd1c60cd2a047d3786cf6689e8,nfl,player_receiving_yards,CeeDee Lamb,Under,75.5,loss,153.0,2026_02_WAS_DAL,153.0,loss,153.0,loss,,False,True,True
0a1f3e999628f750ce0d09f26aadeb799c22b9ae8b29f10880f7b7ca18f7d333,nfl,player_receptions,Chris Moore,Under,0.5,loss,1.0,2026_02_NO_BAL,1.0,loss,1.0,loss,,False,True,True
018d61107785fc6df78c934ec3c080fa2c0d0f457314c349354b62947db75797,nfl,player_receiving_yards,Mack Hollins,Over,35.5,loss,18.0,2026_02_PIT_NE,18.0,loss,18.0,loss,,False,True,True
c5231c322c5e9d621242b3d2b1fca4956897cb6950f36d98d87c9b0d00aa58ba,nfl,player_rushing_yards,C.J. Stroud,Under,11.5,loss,29.0,2026_02_CIN_HOU,29.0,loss,29.0,loss,,False,True,True
a9b133560001aacb8a3bff4a784a26c200fbde2ac54545f11bcab44968e0173e,nfl,player_rushing_yards,Saquon Barkley,Under,79.5,win,9.0,2026_02_PHI_TEN,9.0,win,9.0,win,,False,True,True
c8d4ef54ca162151d1535e455f99bd41d5dbeac7eda7d0423f87052075ce48f4,nfl,player_receiving_yards,Drew Sample,Under,10.5,win,0.0,2026_02_CIN_HOU,0.0,win,,,,True,True,
e5402acf93cc6fabd2ea23d02fecc556e26e1d71f777b35f8eb8d6c1ddc38a41,nfl,atd,Tyler Allgeier,Yes,0.5,loss,0.0,2026_02_SEA_ARI,0.0,loss,0.0,loss,0.0,False,True,True
e06bfc644a481098694c558e85017c983dbf6089cadb957abef52bfcc737ddd7,nfl,player_rushing_yards,Bo Nix,Under,17.5,win,6.0,2026_02_JAX_DEN,6.0,win,6.0,win,,False,True,True
2e37adbce01b1bc94b37ebe5d333b5045fa05ea129450e667586a13930b9be60,nfl,player_receptions,Drew Sample,Under,1.5,win,0.0,2026_02_CIN_HOU,0.0,win,,,,True,True,
5a31bdff147b6fafb05802a82ce2af17ec1fcb7389ff18fbfaaf1d3db6c59aca,nfl,player_receiving_yards,Rico Dowdle,Under,14.5,loss,22.0,2026_02_PIT_NE,22.0,loss,22.0,loss,,False,True,True
9905ad167c3cebad011ae0dae6772a38ac1106ca2b790d539c3b09fc0241df3e,nfl,player_receptions,Tony Pollard,Over,1.5,loss,1.0,2026_02_PHI_TEN,1.0,loss,1.0,loss,,False,True,True
730f266d0b2af6ca2aa5c78c5f9c555506080c052ddd694f7f9c75544d8ae9f5,nfl,player_receiving_yards,Tucker Kraft,Over,45.5,loss,15.0,2026_02_GB_NYJ,15.0,loss,15.0,loss,,False,True,True
7fd891458fd95b04182a962b41dcc81fc6fe10e9cffd4a254bdba1d256d98873,nfl,player_receiving_yards,Braelon Allen,Under,3.5,loss,8.0,2026_02_GB_NYJ,8.0,loss,8.0,loss,,False,True,True
ca9352cea0251971439ccfc9592533f271f7db1858fa9256523ad9e9a04c9f38,nfl,player_receiving_yards,Josh Oliver,Over,13.5,win,24.0,2026_02_MIN_CHI,24.0,win,24.0,win,,False,True,True
cabccf2c7313e871cae4f34a1c4f74e595a7cacbda7ec05203425d7f77757232,nfl,player_passing_yards,Caleb Williams,Over,230.5,loss,138.0,2026_02_MIN_CHI,138.0,loss,138.0,loss,,False,True,True
45461cf4d2f9b3678187c36b68162c9e0cc25eefdca198d6e1d5d833856e7006,nfl,player_receptions,Brian Thomas,Over,2.5,win,3.0,2026_02_JAX_DEN,3.0,win,3.0,win,,False,True,True
8816ba57252daa0e5e4262cf70c3241014ed9f19d6d0209d68d61d4cdcb7cce0,nfl,player_receiving_yards,Evan Engram,Over,24.5,loss,17.0,2026_02_JAX_DEN,17.0,loss,17.0,loss,,False,True,True
91f142e1c47999c48622eac8bb39e4834f9b5b952638fe18fe4d3da65d3f7539,nfl,player_passing_yards,Justin Herbert,Under,220.5,win,192.0,2026_02_LV_LAC,192.0,win,192.0,win,,False,True,True
0d744edfba661743c39a2e0c5bc7e324e6bfc021ce3d2b6784ab593fa94e3065,nfl,player_rushing_yards,Jonathan Taylor,Under,85.5,loss,92.0,2026_02_IND_KC,92.0,loss,92.0,loss,,False,True,True
f59bff4baec0418867e916e37ca047b1595cdbb79ab366214add3bdfe8838c7b,nfl,totals,,Under,48.0,win,12.0,2026_02_MIN_CHI,12.0,win,12.0,win,,False,True,True
55111e154c83f02c419ab27e0adc9a62018a7e76785094fb77c81b7847d4122d,nfl,player_receiving_yards,Tony Pollard,Under,8.5,win,1.0,2026_02_PHI_TEN,1.0,win,1.0,win,,False,True,True
294e9ccbb2ace53ea376311663805cd707ba5aaf0dbbe57ed57873b34644169d,nfl,player_receiving_yards,Chris Moore,Under,7.5,win,6.0,2026_02_NO_BAL,6.0,win,6.0,win,,False,True,True
1b2b85910c097593b32e92d567582ef7be315338601182e1049dc7c8c4ed5e44,nfl,player_receiving_yards,Hunter Henry,Under,39.5,loss,40.0,2026_02_PIT_NE,40.0,loss,40.0,loss,,False,True,True
a4bf6dc9f5a381aabe5f2e1793168563041e917470b01b7b088d3e9f9f8e35a3,nfl,player_receiving_yards,J.K. Dobbins,Over,2.5,loss,0.0,2026_02_JAX_DEN,0.0,loss,0.0,loss,,False,True,True
f7d6f9104ca0681308fc87848e9a8a48afba0ad683fc4a1cdc12218256b5365d,nfl,player_rushing_yards,Daniel Jones,Under,8.5,loss,10.0,2026_02_IND_KC,10.0,loss,10.0,loss,,False,True,True
cbbd8aae0148e10e8ab61634ae2c1284c0870c4e7557fd2cd832d54c5a62eb13,nfl,spreads,,Away,7.0,loss,3.0,2026_02_PHI_TEN,3.0,loss,3.0,loss,,False,True,True
46ea26f4dcccd8ce7fd3b4bc2fe1c6e5d82c59100518e903431df96df28dbe0c,nfl,player_receiving_yards,Daniel Bellinger,Over,3.5,loss,0.0,2026_02_PHI_TEN,0.0,loss,0.0,loss,,False,True,True
db9dd4ed9abf500964a182ce6c318890b2ad70fdae4a9e6c94faa1adad5c3302,nfl,player_receptions,Cade Stover,Over,0.5,loss,0.0,2026_02_CIN_HOU,0.0,loss,,,,True,True,
e7e6a0b715d0f7166add32e6a0572d5bbceeee947996104326938ef366e3e228,nfl,player_receptions,Travis Kelce,Over,3.5,win,9.0,2026_02_IND_KC,9.0,win,9.0,win,,False,True,True
b8df02265052cb78ef046661fd77c0d26db8998db79c5b56fc309d4eb7febb57,nfl,spreads,,Home,-4.5,win,12.5,2026_02_PIT_NE,12.5,win,12.5,win,,False,True,True
262a7ddc3f84c97a17281e99049dbe86e17799093d92ae6ea527a88dd90eab3c,nfl,player_receiving_yards,TreVeyon Henderson,Over,7.5,loss,0.0,2026_02_PIT_NE,0.0,loss,0.0,loss,,False,True,True
b6b361696ed29dd391d822a951a2536c257e29d4b05be8abbc00eccb5a3e6276,nfl,player_receiving_yards,Chris Godwin,Over,37.5,win,46.0,2026_02_CLE_TB,46.0,win,46.0,win,,False,True,True
b691c5c235c8259713c8031f33a5ac002a5ae78e7cde4849d5479ed15c3dd5e7,nfl,player_passing_yards,C.J. Stroud,Under,215.5,loss,353.0,2026_02_CIN_HOU,353.0,loss,353.0,loss,,False,True,True
3ae8769b017d872c931e23a2e9241a9cba45708527b2ae405aeb9ce1e00560fb,nfl,totals,,Over,44.5,win,48.0,2026_02_MIA_SF,48.0,win,48.0,win,,False,True,True
2e30e5be99cb3f4ea3e5a92e0dfc4ede330e4851be1975401365ce41411ebfb3,nfl,player_passing_tds,Brock Purdy,Over,1.5,win,2.0,2026_02_MIA_SF,2.0,win,2.0,win,,False,True,True
ae58d6f647d04bcc7507ba939fe1baf8c61ccaf4595e51c0418f51e29995fa8a,nfl,player_passing_yards,Bo Nix,Under,226.5,loss,288.0,2026_02_JAX_DEN,288.0,loss,288.0,loss,,False,True,True
b6d67d142f7a6e139e960369ad1024600abca5094360dc57394b377e87782156,nfl,player_receiving_yards,Cade Stover,Under,5.5,win,0.0,2026_02_CIN_HOU,0.0,win,,,,True,True,
3cf39e5fbe339ea08e741cdaa46d5e8a6cb838e24585f4f11a2983d7cf723a38,nfl,player_receiving_yards,Pat Bryant,Under,31.5,win,0.0,2026_02_JAX_DEN,0.0,win,0.0,win,,False,True,True
bbaaf812abeeb0bad9e270cbec8b8b7669f771464d112e6bdab9d525d8afdabe,nfl,player_receiving_yards,Dallas Goedert,Under,37.5,win,4.0,2026_02_PHI_TEN,4.0,win,4.0,win,,False,True,True
f2b5f3243c0ad3da1c6770f4ac3279ed44eeb668136a11e9c93df46aca2c8634,nfl,player_receiving_yards,Isaiah Williams,Over,11.5,win,34.0,2026_02_GB_NYJ,34.0,win,34.0,win,,False,True,True
d8a973a9310d7fb41d640d184100437e1131ab07c9e011f1eee1d9eb42be16ab,nfl,player_passing_yards,Joe Burrow,Over,248.5,loss,207.0,2026_02_CIN_HOU,207.0,loss,207.0,loss,,False,True,True
0e5b97a95903c8fdcf727b54880bf6d0d068910cfb1805bd50ce5e050382fb56,nfl,totals,,Over,41.0,win,42.0,2026_02_CLE_TB,42.0,win,42.0,win,,False,True,True
fe2e2f1d74232e37a9acaf982a6edc88ea8602df7b04094822e5aba652520b4e,nfl,player_rushing_yards,Tyjae Spears,Under,17.5,loss,41.0,2026_02_PHI_TEN,41.0,loss,41.0,loss,,False,True,True
327299620956ca1dc799c49f844ba052719ee8e43774c1811f945d05da19115a,nfl,player_receptions,Hunter Henry,Under,3.5,win,3.0,2026_02_PIT_NE,3.0,win,3.0,win,,False,True,True
34a65ce5c9657988f1687c6bdb2b964f3838d502af0f7edb0f3fc959552635dd,nfl,player_receptions,J.K. Dobbins,Over,0.5,loss,0.0,2026_02_JAX_DEN,0.0,loss,0.0,loss,,False,True,True
3da5bd707cf112ae6547d29a3895cb4d19e11c76ece56f9acc68b926893f3e15,nfl,player_passing_yards,Daniel Jones,Under,218.5,win,210.0,2026_02_IND_KC,210.0,win,210.0,win,,False,True,True
9e79a12448f1e438b030b80886cf84d57f9961a4193ff60b06b60d3fb0f22842,nfl,player_receptions,Tee Higgins,Over,3.5,win,5.0,2026_02_CIN_HOU,5.0,win,5.0,win,,False,True,True
5a5359bd27793251bd68d534073fe543baa52646b6ee9aa8fec4e4060ef5fa4f,nfl,player_receptions,Bo Melton,Under,0.5,win,0.0,2026_02_GB_NYJ,0.0,win,0.0,win,,False,True,True
ae6eb13775c47529506bdb9ecba57f16c37d83f7b2174ec684e82245a15b3af5,nfl,player_passing_yards,Brock Purdy,Over,238.5,win,287.0,2026_02_MIA_SF,287.0,win,287.0,win,,False,True,True
c8f805330086c6d25ad2ef07263229a82842234a943d8f4f1e99a4e8e29bf212,nfl,player_receiving_yards,Adam Trautman,Over,8.5,loss,0.0,2026_02_JAX_DEN,0.0,loss,,,,True,True,
0aa436b24a9e33fc85795db31b49865dd2ef054ad975d723d13c94a6c93113b2,nfl,player_passing_yards,Deshaun Watson,Over,173.5,win,238.0,2026_02_CLE_TB,238.0,win,238.0,win,,False,True,True
151a532463304f39fa0391a5f70584ec4fa926200b67672b2f7d1c59fe651ab6,nfl,spreads,,Home,-3.5,win,13.5,2026_02_WAS_DAL,13.5,win,13.5,win,,False,True,True
64f072d4ff042c2942b9a6237c01dfe2a254a31e0e8817bef151091a94eb2ac1,nfl,player_receptions,TreVeyon Henderson,Over,1.5,loss,0.0,2026_02_PIT_NE,0.0,loss,0.0,loss,,False,True,True
b9209f1f860c7e6c10ac87ad8603272ad3a2b3195c07cc290ea382205f826d72,nfl,player_rushing_yards,Jordan Addison,Under,0.5,win,0.0,2026_02_MIN_CHI,0.0,win,0.0,win,,False,True,True
ba969e2399276d7b1ec4554ec395c510ac991cd9a0ae97fcd96ac0b880af66c1,nfl,player_receiving_yards,Olamide Zaccheaus,Over,8.5,loss,3.0,2026_02_CAR_ATL,3.0,loss,3.0,loss,,False,True,True
95bf0c01a6a25078b31c9a480352c77236a8bbe719ffb0a128d8bc51a473e7b8,nfl,player_receiving_yards,Dalton Schultz (HOU),Over,39.5,win,140.0,2026_02_CIN_HOU,140.0,win,140.0,win,,False,True,True
b2de93a468b4e2a86b2d1e921a72d3d6fda99a5a3630720b5c44040988dc8bf6,nfl,player_receptions,Braelon Allen,Under,0.5,loss,1.0,2026_02_GB_NYJ,1.0,loss,1.0,loss,,False,True,True
6c9e56cc0dcc925f25a9661c2757290ed23342f84e160efe15ccc2fffc0b5e6c,nfl,player_receptions,Brenton Strange,Over,3.5,loss,2.0,2026_02_JAX_DEN,2.0,loss,2.0,loss,,False,True,True
21385197e5ce827fe63a8d803532d924a4a98ec1479894848f41d14f7aca3ac6,nfl,player_receiving_yards,Josh Oliver,Under,13.5,loss,24.0,2026_02_MIN_CHI,24.0,loss,24.0,loss,,False,True,True
1694a5359d50499d9d64830966a31972ff8bbacd93eb9731f5bb9d0d72557f21,nfl,player_receiving_yards,Bo Melton,Under,0.5,win,0.0,2026_02_GB_NYJ,0.0,win,0.0,win,,False,True,True
783a56a9ec6f2c2241e8a8be4d40895ea4a48c634a3969e835d68cc8e3999219,nfl,player_receiving_yards,Christian Watson,Under,60.5,win,41.0,2026_02_GB_NYJ,41.0,win,41.0,win,,False,True,True
e10e57b500b16a7c411ee9741822a346980bf516b2d8390c3029a417396e2a06,nfl,player_receiving_yards,Jerry Jeudy,Under,26.5,win,0.0,2026_02_CLE_TB,0.0,win,0.0,win,,False,True,True
5857b4e35578ea3af77a5f9894a3af2f3b0cf033f16ef440a1652f00b7aad2a5,nfl,player_receiving_yards,Samaje Perine,Under,5.5,loss,16.0,2026_02_CIN_HOU,16.0,loss,16.0,loss,,False,True,True
1b80fee040acf4195578eb45ab294ea17382bfc22bc3e8a1e3ccca939120c9a9,nfl,totals,,Over,44.0,loss,37.0,2026_02_GB_NYJ,37.0,loss,37.0,loss,,False,True,True
7d1fd6ec86c22fbf7830bfd9e3f45239403ae66f348c1e5a788cda0eb32e57ed,nfl,player_receptions,Hunter Henry,Over,3.5,loss,3.0,2026_02_PIT_NE,3.0,loss,3.0,loss,,False,True,True
fd214386f8e5fcb8a79dcb5da5e283e0a7b7c1787dd57e4e970dee8f67ec2529,nfl,player_receptions,Greg Dulcich,Under,2.5,win,2.0,2026_02_MIA_SF,2.0,win,2.0,win,,False,True,True
d4a44149a0b11178d43e8c814a567f1a782dca31814e75a7d0dfb30be5f0ec71,nfl,atd,Mike Gesicki,Yes,0.5,loss,0.0,2026_02_CIN_HOU,0.0,loss,,,,True,True,
e62ab2d14ed466a07e7c95bc8c38741043493620daf2ec7b0ce9e1390d784f1f,nfl,player_passing_tds,Bryce Young,Over,1.5,win,3.0,2026_02_CAR_ATL,3.0,win,3.0,win,,False,True,True
23dad4158971c6a5fd3339747d644a37f94b42a676c4f13cefb7be74bf9a52dd,nfl,player_receiving_yards,Jerry Jeudy,Over,27.5,loss,0.0,2026_02_CLE_TB,0.0,loss,0.0,loss,,False,True,True
f913cdf873488937152f915f81c90e01a3d6ca41589d3230d46a38728a70cc9a,nfl,player_receptions,Jake Ferguson,Under,3.5,loss,4.0,2026_02_WAS_DAL,4.0,loss,4.0,loss,,False,True,True
48ac01f80612e8562ff208f4f84d3afde12864514a3bccf1152e184191cf55cf,nfl,player_receptions,Rachaad White,Over,1.5,win,6.0,2026_02_WAS_DAL,6.0,win,6.0,win,,False,True,True
260d8c91ebf1dae2b53e64b0d749a4d79ab5e0ea69c762b4ccba330a2b7b5eb1,nfl,h2h,,Away,0.0,win,-14.0,2026_02_CIN_HOU,-14.0,win,-14.0,win,,False,True,True
61c41ac3d5283e071668e9049199ababf18c30413775481376a9ce90eaaf38e1,nfl,player_passing_tds,C.J. Stroud,Over,1.5,loss,0.0,2026_02_CIN_HOU,0.0,loss,0.0,loss,,False,True,True
efae497dfc53b5fb2996dc8bd690c405d27af38f0758d8a958edb167c488c134,nfl,player_receptions,Woody Marks,Over,1.5,win,5.0,2026_02_CIN_HOU,5.0,win,5.0,win,,False,True,True
d5e56bf4809c515ef98489ac6f3457300cc3806f7537136770b10993861ece9b,nfl,player_receptions,Cooper Kupp,Under,2.5,win,2.0,2026_02_SEA_ARI,2.0,win,2.0,win,,False,True,True
4568d0d066906e7036c02c22a487940933b12da4c3033744ed0f81c70e450180,nfl,player_receiving_yards,Rhamondre Stevenson,Under,17.5,win,3.0,2026_02_PIT_NE,3.0,win,3.0,win,,False,True,True
798e25f2c67b612ee27a3851c5e25cbe1a005a16a81336d97d80aa7315ea690a,nfl,player_rushing_yards,Cooper Rush,Under,0.5,loss,20.0,2026_02_CAR_ATL,20.0,loss,20.0,loss,,False,True,True
465e7efeb709da922e54148a410811eb63d0ecd1db8df2e9c83dddc6d4d4231c,nfl,player_receptions,David Njoku,Over,2.5,loss,1.0,2026_02_LV_LAC,1.0,loss,1.0,loss,,False,True,True
bd6735a8b4eceb125866bb3a4aea3d8af170a19100dbc19c464d020c1d1df9fb,nfl,atd,Mike Evans,Yes,0.5,loss,0.0,2026_02_MIA_SF,0.0,loss,0.0,loss,0.0,False,True,True
5ca2da2f04be8f41f17b810feb337c872c7a3e839dfd82a36ef7da40b49bcb02,nfl,player_receiving_yards,Derrick Henry,Over,7.5,win,19.0,2026_02_NO_BAL,19.0,win,19.0,win,,False,True,True
c2e3c16a13a6fb27bd8773b006dd93d59f281470adae97938bb6a5225919b66a,nfl,player_receptions,Gunnar Helm,Under,3.5,win,2.0,2026_02_PHI_TEN,2.0,win,2.0,win,,False,True,True
82b1c077a0f62f1dddd6bc61f7ed996d99b4af3e715e43041d96fb334cbd96c0,nfl,atd,D'Andre Swift,Yes,0.5,loss,0.0,2026_02_MIN_CHI,0.0,loss,0.0,loss,0.0,False,True,True
9627feb28660d5f7d3e6652457b0dcb058b24da3878d836f5974f93023cb81ea,nfl,player_rushing_yards,Keaton Mitchell,Under,21.5,loss,24.0,2026_02_LV_LAC,24.0,loss,24.0,loss,,False,True,True
18cee1c499a15bb3b66a57eaae5de6445321ae951c57229163f126c41cb985a4,nfl,atd,Baker Mayfield,Yes,0.5,loss,0.0,2026_02_CLE_TB,0.0,loss,0.0,loss,0.0,False,True,True
d0977cc17338b964cf76428237a390bbe1ee1446f5080891e9a2860b104c62ff,nfl,atd,Justin Herbert,Yes,0.5,loss,0.0,2026_02_LV_LAC,0.0,loss,0.0,loss,0.0,False,True,True
6fbe509e4bdf86529d27028f5e939300b7d1850eaab9a671872ff69fda0da9a4,nfl,player_receptions,Evan Engram,Over,2.5,loss,1.0,2026_02_JAX_DEN,1.0,loss,1.0,loss,,False,True,True
bc56515aa14288a44fd77926ad5c6f8a64371556563592f5abbb53eeb2381e3c,nfl,player_receiving_yards,Deebo Samuel Sr.,Under,35.5,win,31.0,2026_02_MIA_SF,31.0,win,31.0,win,,False,True,True
61b8d88876dec27504597a0bc888913490f3a7183ea97e2bdb3845516f96c835,nfl,h2h,,Home,0.0,loss,-14.0,2026_02_CIN_HOU,-14.0,loss,-14.0,loss,,False,True,True
fcd0c5fd4c62b6ed199cfd8b57ff9b656287da417d47496bc4da65ff812b3a3f,nfl,atd,Bhayshul Tuten,Yes,0.5,win,1.0,2026_02_JAX_DEN,1.0,win,1.0,win,0.0,False,True,True
f637107b3e719f48a3781532d566ea8aabef2fc31d1288d7fa0516e7d0145675,nfl,player_receptions,Noah Gray,Under,1.5,win,0.0,2026_02_IND_KC,0.0,win,0.0,win,,False,True,True
fa636a246159cdcd0f7a3f4f9104f56275e6440103ad1dbd16fa9e2886c826d9,nfl,player_receiving_yards,Travis Kelce,Over,42.5,win,101.0,2026_02_IND_KC,101.0,win,101.0,win,,False,True,True
9ef38926d35084c262ca5948ea70e7e39424425e24672c20784c1ced2a1f273f,nfl,player_receptions,Adam Trautman,Over,1.5,loss,0.0,2026_02_JAX_DEN,0.0,loss,,,,True,True,
eb81a41d68ffec4777b38ac038da4cb09118eef2f221c24b2b338d05f87cb826,nfl,atd,Dontayvion Wicks,Yes,0.5,loss,0.0,2026_02_PHI_TEN,0.0,loss,0.0,loss,0.0,False,True,True
d936edfd3214941d7609a865965d283b311a062fee580bf90aa3c8c3441711f1,nfl,player_receptions,Noah Gray,Over,1.5,loss,0.0,2026_02_IND_KC,0.0,loss,0.0,loss,,False,True,True
eadf72351c448ce9e728049010de61edc0c27b20c251c396cd99137c724ee28b,nfl,player_receiving_yards,Rhamondre Stevenson,Over,17.5,loss,3.0,2026_02_PIT_NE,3.0,loss,3.0,loss,,False,True,True
8d1478eb68e7e54514fb282915367d82056b09112ef78cc00db1aafa42fc76a2,nfl,atd,Quinshon Judkins,Yes,0.5,loss,0.0,2026_02_CLE_TB,0.0,loss,0.0,loss,0.0,False,True,True
331f731776fbf93c063940cf0abd1c75069bb21bebf0ebb5b974b47da0c21249,nfl,player_receptions,Stefon Diggs,Over,4.5,win,5.0,2026_02_WAS_DAL,5.0,win,5.0,win,,False,True,True
ae168a11423600e242c91a05a75f85907cdac4b41131b62af548a415e9596299,nfl,atd,AJ Barner,Yes,0.5,win,1.0,2026_02_SEA_ARI,1.0,win,1.0,win,0.0,False,True,True
fb92c9eee71ee1b6310150934bacbc885aa5df6293906cd165e0494a30b4632c,nfl,player_receptions,Greg Dulcich,Over,2.5,loss,2.0,2026_02_MIA_SF,2.0,loss,2.0,loss,,False,True,True
5e0acac81d8de47ce08c805e0742dca8ac2e1c70f2923de17e4c8793edbf5bb2,nfl,player_rushing_yards,Brian Robinson,Over,26.5,win,51.0,2026_02_CAR_ATL,51.0,win,51.0,win,,False,True,True
c811b3431601b7abc7b22393a506a4a64b223d7fee293eec65b30d18dc29a139,nfl,h2h,,Home,0.0,win,17.0,2026_02_PIT_NE,17.0,win,17.0,win,,False,True,True
b6feaf410b2fddb467db48b737a54db4003416ae474900f4d2fda008627749e0,nfl,player_receptions,Rachaad White,Under,2.5,loss,6.0,2026_02_WAS_DAL,6.0,loss,6.0,loss,,False,True,True
66989fa2fda811b05d46af069abfafb5afe57bb908cac13cc28862c0eddf28f1,nfl,player_receptions,Gunnar Helm,Over,2.5,loss,2.0,2026_02_PHI_TEN,2.0,loss,2.0,loss,,False,True,True
717972f8e6ea7d66e2fd038ff98992d62fc85e05d52d5ec1129d22ab8e56f71b,nfl,player_rushing_yards,Cooper Rush,Over,0.5,win,20.0,2026_02_CAR_ATL,20.0,win,20.0,win,,False,True,True
9b4fd9dabd6445999fce0b4b72a17bdfac77101ce644e8f934f5a6baae1de06a,nfl,player_receptions,Noah Fant,Under,2.5,win,0.0,2026_02_NO_BAL,0.0,win,0.0,win,,False,True,True
4861d2ba3e75511cb6b20bacb1784108187feab81a5b5a412403cec48fd6f3f6,nfl,atd,Hunter Henry,Yes,0.5,loss,0.0,2026_02_PIT_NE,0.0,loss,0.0,loss,0.0,False,True,True
5ec86cc35eff613ed803a84dedf0e7449c213ad25de0c2d42276bd6cad91a1f3,nfl,atd,Tetairoa McMillan,Yes,0.5,loss,0.0,2026_02_CAR_ATL,0.0,loss,0.0,loss,0.0,False,True,True
58bc40331990a8319acc676c8f8bb3b8f8d91f530aa5ea9bebcf9b7d8493450c,nfl,spreads,,Away,-5.5,loss,11.5,2026_02_PIT_NE,11.5,loss,11.5,loss,,False,True,True
bc56878e4bbea180ef0038ae2cd97b4f4c5e90aa14abe92c5191805ae455fd20,nfl,atd,C.J. Stroud,Yes,0.5,loss,0.0,2026_02_CIN_HOU,0.0,loss,0.0,loss,0.0,False,True,True
97019aa6320c7d27c8988504e30964f2602ac4c9a0442ba35e406c3e11b9026b,nfl,atd,Jaleel McLaughlin,Yes,0.5,loss,0.0,2026_02_CLE_TB,0.0,loss,0.0,loss,0.0,False,True,True
ed3c8853faf301f82ab1b4bb0a69327210a395680018b352843cb75cd0fc0ef7,nfl,player_receptions,David Njoku,Under,2.5,win,1.0,2026_02_LV_LAC,1.0,win,1.0,win,,False,True,True
29204b534a5b9f2aebce97fab2b10bc8085a947cd0f03fc306e5f5c37f7f72ee,nfl,player_passing_tds,Cooper Rush,Over,0.5,loss,0.0,2026_02_CAR_ATL,0.0,loss,0.0,loss,,False,True,True
2e3549895fce75ac31e54468847701f9bf9e34114af1b2faa319929df6a9302f,nfl,player_passing_tds,Patrick Mahomes,Under,1.5,loss,3.0,2026_02_IND_KC,3.0,loss,3.0,loss,,False,True,True
995c9b18a929b0e388b618df93cd8d9d8ec8c9d9e278064c7918eebd73e70d16,nfl,totals,,Under,45.5,loss,48.0,2026_02_MIA_SF,48.0,loss,48.0,loss,,False,True,True
0b27bb6b3abe4ea5bf80eeebf6f191874b68827c12c690ee79f50fc9a49f8c83,nfl,spreads,,Home,-6.5,loss,-18.5,2026_02_LV_LAC,-18.5,loss,-18.5,loss,,False,True,True
b7f265e7b6dbc1a26ed3e1ea863e5b00fa23488f7fdd6a6ce322fe5e1dae604d,nfl,player_receptions,Adam Trautman,Under,1.5,win,0.0,2026_02_JAX_DEN,0.0,win,,,,True,True,
068b8c3c6f0e39b768fb0145c07b1a08ed3fd37c3654f6a49ec36d6e778c2d00,nfl,player_receptions,Evan Engram,Under,3.5,win,1.0,2026_02_JAX_DEN,1.0,win,1.0,win,,False,True,True
4e7f453c939d46cf5b40c3d23e4bd4449a08014427e0edd4f51d1f796972a0b1,nfl,player_receptions,TreVeyon Henderson,Under,1.5,win,0.0,2026_02_PIT_NE,0.0,win,0.0,win,,False,True,True
2d5aac2bec42785a8c68d48e293e7c4fe45c422bab4eb67eff72f51313fa8183,nfl,player_receptions,Stefon Diggs,Under,4.5,loss,5.0,2026_02_WAS_DAL,5.0,loss,5.0,loss,,False,True,True
c6b0d12c9e278d5cf382436280f86a52eb12f52a11548b1da881aae944e98b0e,nfl,player_passing_yards,Bo Nix,Over,226.5,win,288.0,2026_02_JAX_DEN,288.0,win,288.0,win,,False,True,True
38a7f249906f32f949ebc936a2a3596afbee25d6c14e870d37024aefd9c7a21c,nfl,spreads,,Home,7.5,win,3.5,2026_02_PHI_TEN,3.5,win,3.5,win,,False,True,True
3819aa574f2fc787fa45debbd23efbafa2d32fab2d195ed5e555c84817922060,nfl,player_rushing_yards,Drake Maye,Over,27.5,loss,17.0,2026_02_PIT_NE,17.0,loss,17.0,loss,,False,True,True
551e4c7457f3d953256b088a33b06da41e52a417272a5c74f38ffc55bd815400,nfl,totals,,Over,46.0,win,63.0,2026_02_IND_KC,63.0,win,63.0,win,,False,True,True
14830ff79a8cc84742d0c4c153e26ffb4b430aa0c6c931d60d6a1cadb58908c6,nfl,atd,Chris Godwin,Yes,0.5,loss,0.0,2026_02_CLE_TB,0.0,loss,0.0,loss,0.0,False,True,True
6b05664a374fdfb918896121178d73c263c5b16b6732564c778a16b029a0ffb7,nfl,player_passing_tds,Aaron Rodgers,Under,1.5,win,0.0,2026_02_PIT_NE,0.0,win,0.0,win,,False,True,True
0f8234faf84045a94ae41ebe013e34a20981e7975b24bbf86ac171a8c9d42c1d,nfl,atd,T.J. Hockenson,Yes,0.5,loss,0.0,2026_02_MIN_CHI,0.0,loss,0.0,loss,0.0,False,True,True
f16a321ac6f51a4b07227c62cbd53405bb062cc29946d6d35a7dcb927077559e,nfl,totals,,Under,51.0,loss,57.0,2026_02_WAS_DAL,57.0,loss,57.0,loss,,False,True,True
c769a08fb22691dbb9a931f2b81ca5d683b86c583b9ff8d1d0b9d369dd1a535b,nfl,player_passing_tds,Bryce Young,Under,1.5,loss,3.0,2026_02_CAR_ATL,3.0,loss,3.0,loss,,False,True,True
e5e287b906dfa0303c4027fd63eb96cff488bcf3713831f1a122137f5dbf959c,nfl,player_receptions,Woody Marks,Under,1.5,loss,5.0,2026_02_CIN_HOU,5.0,loss,5.0,loss,,False,True,True
73587955d2ba1fafc4bcdb62d49be8b94e7d82b75b58d5832c7430a363adfcb9,nfl,h2h,,Home,0.0,loss,-12.0,2026_02_LV_LAC,-12.0,loss,-12.0,loss,,False,True,True
efa53955bb235ebc1609922ccfe96caa07c58032419646ecfabf84b0222bcdc4,nfl,player_receptions,Brenton Strange,Under,3.5,win,2.0,2026_02_JAX_DEN,2.0,win,2.0,win,,False,True,True
1c3a7b4de0cba786fb081ea1e58295dec92e1c3d9053337d840fff3082d2146f,nfl,h2h,,Home,0.0,win,17.0,2026_02_WAS_DAL,17.0,win,17.0,win,,False,True,True
51ae200a9faa584fa4314c59f70bc5ea20b131f48156737bc2de6e7215c7a41f,nfl,player_receiving_yards,Derrick Henry,Under,6.5,loss,19.0,2026_02_NO_BAL,19.0,loss,19.0,loss,,False,True,True
669bf2848ebb1ddddb2c48d9e4e406f8226a5961e87b52679678fd95d0648c6d,nfl,player_receptions,Mike Gesicki,Over,2.5,loss,0.0,2026_02_CIN_HOU,0.0,loss,,,,True,True,
c2f1630ec5740199067d2fb3d9d6ce8be1056e120302e141b0f94fe0b9e69f9b,nfl,player_receiving_yards,Deebo Samuel,Over,35.5,loss,31.0,2026_02_MIA_SF,31.0,loss,31.0,loss,,False,True,True
0d5ea4ad86d818389eda6129dce9e6a28042ed04e14829f425d3fbf706dfe965,nfl,player_receiving_yards,Ja'Marr Chase,Under,76.5,win,75.0,2026_02_CIN_HOU,75.0,win,75.0,win,,False,True,True
9ed9b9e55a6b7670819510895afbf974eabf0ac16805013eff043652aed1e600,nfl,player_receptions,Jake Ferguson,Over,3.5,win,4.0,2026_02_WAS_DAL,4.0,win,4.0,win,,False,True,True
bcefa9c18e1630256326243c3b66954c15e6b01efbe59de07c44bed87225546d,nfl,player_rushing_yards,Keaton Mitchell,Over,22.5,win,24.0,2026_02_LV_LAC,24.0,win,24.0,win,,False,True,True
cac8f5fc231bed2a8655ec27fc5386a32eb6fbf3b9c90c6a0f8d06876f459cac,nfl,atd,Drew Lock,Yes,0.5,loss,0.0,2026_02_SEA_ARI,0.0,loss,0.0,loss,0.0,False,True,True
38d1ada9badd02312b27b0cdfc3f25f86cca97826314df30f6b8295bbd0289ef,nfl,atd,Woody Marks,Yes,0.5,loss,0.0,2026_02_CIN_HOU,0.0,loss,0.0,loss,0.0,False,True,True
53896d9d8cb883896cf4eb769c208a598a3563c993eca50328aa719bcdeffc82,nfl,player_receptions,Samaje Perine,Under,1.5,win,1.0,2026_02_CIN_HOU,1.0,win,1.0,win,,False,True,True
77be54a8cdac01f0a6ab601403478fe3b2e18bd1380772276919c679e7c3416b,nfl,atd,David Montgomery,Yes,0.5,loss,0.0,2026_02_CIN_HOU,0.0,loss,0.0,loss,0.0,False,True,True
113cc11459a9d0ec81d83a49659849064085af91b9cc5f1bf0e33cc65acb324f,nfl,player_passing_tds,Kirk Cousins,Under,1.5,loss,3.0,2026_02_LV_LAC,3.0,loss,3.0,loss,,False,True,True
bf415f215678af4ac47c8d0c0cf26a418bacd98ccbdb44b72990f38be35756f8,nfl,player_receptions,T.J. Hockenson,Over,3.5,loss,3.0,2026_02_MIN_CHI,3.0,loss,3.0,loss,,False,True,True
d00d25bfb5aee0314ed100e519ae044acdff6498b59e0d6725a18639d7715dda,nfl,atd,Alvin Kamara,Yes,0.5,loss,0.0,2026_02_NO_BAL,0.0,loss,0.0,loss,0.0,False,True,True
978604e3d3def6dde62a000535e4c773c99af4c49e04a6518339ae81c41a5b0c,nfl,atd,Devaughn Vele,Yes,0.5,loss,0.0,2026_02_NO_BAL,0.0,loss,0.0,loss,0.0,False,True,True
011f05f3c6ae6c68586a012ea61dd906714db5e004ed54744168d65bd9f4551f,nfl,player_passing_yards,C.J. Stroud,Over,218.5,win,353.0,2026_02_CIN_HOU,353.0,win,353.0,win,,False,True,True
65052277ebb097f62809812b5c9575fa8db29f22c00cfa1e4a5cd40b93037fc8,nfl,player_receiving_yards,AJ Barner,Under,21.5,win,8.0,2026_02_SEA_ARI,8.0,win,8.0,win,,False,True,True
7dcfff8a1649eab697cc9183b9a94d5ebef2c8497cf1dc445b9d6ad466f497e2,nfl,totals,,Over,47.5,loss,12.0,2026_02_MIN_CHI,12.0,loss,12.0,loss,,False,True,True
081e65eab57e7912a2cf75721dd1db3761b667e7d93b32721d02a05d1491897f,nfl,player_passing_tds,Justin Herbert,Over,1.5,loss,1.0,2026_02_LV_LAC,1.0,loss,1.0,loss,,False,True,True
5d220184548377c9076d76bf6fc7b67a0d37e438edc9ffc0cef9e80575b51fbd,nfl,player_receptions,Tucker Kraft,Over,3.5,loss,2.0,2026_02_GB_NYJ,2.0,loss,2.0,loss,,False,True,True
372cbd216b3cb354d6d85ff325884316c4b26d759516a0cfe8db0272f34e96ca,nfl,player_passing_tds,Caleb Williams,Over,1.5,loss,0.0,2026_02_MIN_CHI,0.0,loss,0.0,loss,,False,True,True
e8f2911d26da800294230550a6aacce30b76d7733195ac36c753fd602301ed0c,nfl,player_receiving_yards,Stefon Diggs,Over,48.5,loss,47.0,2026_02_WAS_DAL,47.0,loss,47.0,loss,,False,True,True
7c3bb9cc83e61e723f28b9683af027a33201d59379d8d77b14263fb76b5fbbd9,nfl,player_receptions,Harold Fannin Jr.,Under,3.5,loss,5.0,2026_02_CLE_TB,5.0,loss,5.0,loss,,False,True,True
6bb1a721526b01fd52e7d6722345ac8824b477101478ab3247752c25f3c5da8a,nfl,player_rushing_yards,C.J. Stroud,Over,12.5,win,29.0,2026_02_CIN_HOU,29.0,win,29.0,win,,False,True,True
037d3166a88785aca342560a206c216cfece0ec3f023edb49c041354deecd594,nfl,atd,Rico Dowdle,Yes,0.5,loss,0.0,2026_02_PIT_NE,0.0,loss,0.0,loss,0.0,False,True,True
c2c1834a8b159a3c2c5946bb96d1e03a91b7e64c3b2894cb50f552da66e85fae,nfl,player_receptions,Jonnu Smith,Under,1.5,win,0.0,2026_02_GB_NYJ,0.0,win,,,,True,True,
95123b486d4d6fed6243e2b33381001913e2b40f2c359f78da6ff1fda089a6b2,nfl,player_receptions,Tee Higgins,Under,4.5,loss,5.0,2026_02_CIN_HOU,5.0,loss,5.0,loss,,False,True,True
888d36a0f9d543e10cb750869be11a18ec8a2883c2350cbeb4f043c8224c7bff,nfl,atd,Courtland Sutton,Yes,0.5,loss,0.0,2026_02_JAX_DEN,0.0,loss,0.0,loss,0.0,False,True,True
2da54f17714a83efdfa52b5e7bca7f3bcea41fe07b1448a6c4095de6ec4c1d25,nfl,player_receiving_yards,Adam Trautman,Under,8.5,win,0.0,2026_02_JAX_DEN,0.0,win,,,,True,True,
bf33dbe2eb6a28b5e7ed0e30131fa0bf72f18d29586f13033926fa87272b64be,nfl,player_receiving_yards,Xavier Legette,Under,16.5,loss,64.0,2026_02_CAR_ATL,64.0,loss,64.0,loss,,False,True,True
96d70f578e2ca04d0477cea13f002e908054cf6dd0983900b87c5f4bf01a55d9,nfl,player_receptions,Christian McCaffrey,Under,4.5,win,4.0,2026_02_MIA_SF,4.0,win,4.0,win,,False,True,True
96cc7ce7a32a37b9cf795807f18ded6825a3620fc490f234ef22f2d153b38048,nfl,player_receiving_yards,De'Von Achane,Over,26.5,loss,19.0,2026_02_MIA_SF,19.0,loss,19.0,loss,,False,True,True
b58ed6b159b84187e634c53645cbedaa3d34a5d1043be061ecca53d7b7c74b90,nfl,spreads,,Home,3.5,win,0.5,2026_02_GB_NYJ,0.5,win,0.5,win,,False,True,True
d3dfccf246501e1ed3e5d74f64fb778202a2fb1bfc7f44842740c0aeb65ea6fd,nfl,h2h,,Home,0.0,loss,-3.0,2026_02_GB_NYJ,-3.0,loss,-3.0,loss,,False,True,True
36b058a61497e161f0b684a9d749697bc708cb85c84fbbfc2eb7d01909c5f695,nfl,player_receiving_yards,TreVeyon Henderson,Under,8.5,win,0.0,2026_02_PIT_NE,0.0,win,0.0,win,,False,True,True
6e19e6a4b61c3219505665ca9072be034e5c05141b4b782b15c0af95f9a11f3d,nfl,player_receptions,Rico Dowdle,Over,2.5,loss,2.0,2026_02_PIT_NE,2.0,loss,2.0,loss,,False,True,True
9514f4074a08101297750fb15e9fc8b8d20967da28dd41345ac3c5492d877e99,nfl,player_receptions,Ryan Flournoy,Over,2.5,win,5.0,2026_02_WAS_DAL,5.0,win,5.0,win,,False,True,True
6b8b35116e9e006ae3f5b00dbea76198f93efb11c790b81dcb741c5c2c447b1c,nfl,player_passing_tds,Bo Nix,Over,1.5,loss,1.0,2026_02_JAX_DEN,1.0,loss,1.0,loss,,False,True,True
290bc9c8b338a77f21dc2047e173ced5ae03297f3d0d773169b4f73fe8d9cb7d,nfl,player_passing_yards,Daniel Jones,Over,215.5,loss,210.0,2026_02_IND_KC,210.0,loss,210.0,loss,,False,True,True
beae4354826ce9c15e1cfae0d726794fb156c01ba61ea79248b4dba003aea470,nfl,player_rushing_yards,Deshaun Watson,Under,21.5,loss,22.0,2026_02_CLE_TB,22.0,loss,22.0,loss,,False,True,True
97f8bfbf1db0d426251fed51157a64b0751b34753b0504eef82080257672cd52,nfl,player_receptions,Marvin Harrison,Over,3.5,loss,0.0,2026_02_SEA_ARI,0.0,loss,0.0,loss,,False,True,True
3acdf5656cba0f98587f646a36bef3d12f195bbf3e7b8cf7b10b13a6307010b5,nfl,player_receiving_yards,Mike Gesicki,Over,25.5,loss,0.0,2026_02_CIN_HOU,0.0,loss,,,,True,True,
98b7ff3255f373ffd9887482bf64c58cb85ff2b0cd1d5b29faa96fee95474b6f,nfl,player_receptions,Rashid Shaheed,Under,2.5,loss,3.0,2026_02_SEA_ARI,3.0,loss,3.0,loss,,False,True,True
d378c4818c72e62b74aa87013a91d722bcaad4a61d448b4f4ceb775e5b9a21e2,nfl,atd,Bryce Young,Yes,0.5,loss,0.0,2026_02_CAR_ATL,0.0,loss,0.0,loss,0.0,False,True,True
69878a079366607b63af75c9193b603f305db627c040713b277869713aa2f7de,nfl,atd,Cole Kmet,Yes,0.5,loss,0.0,2026_02_MIN_CHI,0.0,loss,0.0,loss,0.0,False,True,True
9735b314befed3c1ed26612b468286aaa6bad036e49d9a52a4e056417316404d,nfl,player_receptions,Dalton Schultz,Over,4.5,win,12.0,2026_02_CIN_HOU,12.0,win,12.0,win,,False,True,True
4161431a9d61eb241b6b4c631dacc68899fc20fdb9085db2fa535313d0935b49,nfl,player_passing_tds,Cam Ward,Under,0.5,win,0.0,2026_02_PHI_TEN,0.0,win,0.0,win,,False,True,True
3f74270a8e909fd586fae84a2b39494c47447732a31bcd291338e2c2107597b8,nfl,atd,Calvin Ridley,Yes,0.5,loss,0.0,2026_02_PHI_TEN,0.0,loss,0.0,loss,0.0,False,True,True
f54295cdd4336de1b9bd32048c9efd2a8d2817a9c300a92f804ec97a2b29383c,nfl,atd,Brevyn Spann-Ford,Yes,0.5,loss,0.0,2026_02_WAS_DAL,0.0,loss,0.0,loss,0.0,False,True,True
362b6cd599601fdaaa63625222dc6bc03d6f542b8d66c7e1399b5ea99b6e1d03,nfl,atd,Kyle Juszczyk,Yes,0.5,win,1.0,2026_02_MIA_SF,1.0,win,1.0,win,0.0,False,True,True
5c922566280374420facd489d96ddcbbb92c97c358c7e8ce30f31b2329403453,nfl,player_receptions,D'Andre Swift,Over,1.5,win,5.0,2026_02_MIN_CHI,5.0,win,5.0,win,,False,True,True
de111f7ef45fa18b209ae30c970c110ae5c0466b79b72d61ef1a9a0a3ceba639,nfl,player_receptions,Dallas Goedert,Under,3.5,win,1.0,2026_02_PHI_TEN,1.0,win,1.0,win,,False,True,True
78713132df3c878177e90ed0bdc770526145c3146e29b92ee6fa733d23764d15,nfl,player_receiving_yards,George Pickens,Under,63.5,win,40.0,2026_02_WAS_DAL,40.0,win,40.0,win,,False,True,True
7e5b3304c192928d294d35ccd7ce20e56fa97ab1e0bbee48cd4fc8a87c76c98d,nfl,player_receiving_yards,Christian McCaffrey,Over,39.5,win,43.0,2026_02_MIA_SF,43.0,win,43.0,win,,False,True,True
d29f28844dc16ef62d9ac3638abdaf6f63f2a0469eeb56e436b98d7d30d0a98a,nfl,player_receiving_yards,Terry McLaurin,Over,55.5,loss,50.0,2026_02_WAS_DAL,50.0,loss,50.0,loss,,False,True,True
23681bbcde0073714676f26019de815da6c9567d472fb9b689dbf866b554f6db,nfl,player_rushing_yards,Breece Hall,Over,66.5,loss,29.0,2026_02_GB_NYJ,29.0,loss,29.0,loss,,False,True,True
9b7d3e1700fd6f7dcaacf7e5c01f679535b2a3ada3895a659634cc593d9db0fd,nfl,player_receiving_yards,Noah Gray,Under,11.5,win,0.0,2026_02_IND_KC,0.0,win,0.0,win,,False,True,True
5df4abeda1a671083f250cbd7c9e7847034fe55da42e084936ce48d2311c6add,nfl,player_receiving_yards,Christian Watson,Over,60.5,loss,41.0,2026_02_GB_NYJ,41.0,loss,41.0,loss,,False,True,True
3dd7bf5ff6a63d793b50392681f03e125620f107ec1ca499cbdc776fc0dd8cfa,nfl,player_receptions,Mack Hollins,Under,3.5,win,2.0,2026_02_PIT_NE,2.0,win,2.0,win,,False,True,True
e4e88218729c019763cb1a61fd1c8be7106e34a39a5afc408d42cdb850af1222,nfl,player_passing_tds,Deshaun Watson,Over,0.5,win,2.0,2026_02_CLE_TB,2.0,win,2.0,win,,False,True,True
e06c9236966c055cd8b431829ac27220d375c6ca842938dc1ba08d8f6f9625c6,nfl,player_receiving_yards,Kyle Monangai,Over,10.5,win,11.0,2026_02_MIN_CHI,11.0,win,11.0,win,,False,True,True
7522d54a752fc49eeee49956e817670f9a126229563415cf182ca3807f8b24cc,nfl,player_receptions,Kalif Raymond,Over,2.5,win,5.0,2026_02_MIN_CHI,5.0,win,5.0,win,,False,True,True
363d6214d52b642052000e70f38403df3ba824ee75563aef92cdab36fedb1dcd,nfl,atd,Quentin Johnston,Yes,0.5,loss,0.0,2026_02_LV_LAC,0.0,loss,0.0,loss,0.0,False,True,True
6a4afb2eee7921e6df5d00cf22528974291d3c73249ad885beff5caa66536391,nfl,atd,Deshaun Watson,Yes,0.5,loss,0.0,2026_02_CLE_TB,0.0,loss,0.0,loss,0.0,False,True,True
6e58be27e95408e2ee9379e9f0b0591446a6ac1ffb2c549e47b4584145753c7c,nfl,player_receiving_yards,Hunter Henry,Over,37.5,win,40.0,2026_02_PIT_NE,40.0,win,40.0,win,,False,True,True
d61e3e554ffb1d10aaa4003df588ed477a26a32419bde71b3cfda4c95b70d023,nfl,player_rushing_yards,Bijan Robinson,Over,81.5,loss,72.0,2026_02_CAR_ATL,72.0,loss,72.0,loss,,False,True,True
95223a355db35259ccdf063dccaeaeae73c823f194614f2282246abfea8afbfa,nfl,player_receiving_yards,Colston Loveland,Over,51.5,loss,3.0,2026_02_MIN_CHI,3.0,loss,3.0,loss,,False,True,True
8d6370f1cf3008e2a43f6fddb17c2e6ef203405c44a7aed5ef0a2a2d6db35146,nfl,player_receptions,Terry McLaurin,Over,3.5,loss,2.0,2026_02_WAS_DAL,2.0,loss,2.0,loss,,False,True,True
6be908f55ee4bfeae44f2a79db429694c56f08a4e9b9080fcd1b02774148a44e,nfl,player_receptions,Travis Etienne,Under,2.5,win,2.0,2026_02_NO_BAL,2.0,win,2.0,win,,False,True,True
5dfd7ebc9d931cf8d9e29cb67060fabb00493fce47eebc80974b8e82a401fbf8,nfl,atd,Jerry Jeudy,Yes,0.5,loss,0.0,2026_02_CLE_TB,0.0,loss,0.0,loss,0.0,False,True,True
7b5dec937f3d7a992d1f90ae685afd30b8e9a5a5a65533642accc6bf7fcf230a,nfl,atd,Ashton Jeanty,Yes,0.5,loss,0.0,2026_02_LV_LAC,0.0,loss,0.0,loss,0.0,False,True,True
2cfd15ed77b17dea74fa78b7e42b21e235641a1b2e66901389893c2f42e1e2a3,nfl,player_passing_tds,Tyler Shough,Over,0.5,win,1.0,2026_02_NO_BAL,1.0,win,1.0,win,,False,True,True
bff84a19b26e9bac936e09b40458b187b2b2ce5a991d26033552bd9af682c458,nfl,player_receptions,Darren Waller,Under,2.5,loss,3.0,2026_02_CAR_ATL,3.0,loss,3.0,loss,,False,True,True
ebefa8dedc613a9b771677145bf35073dab70acc59bec1d14ab3d6fd1400482e,nfl,atd,Jordan Addison,Yes,0.5,loss,0.0,2026_02_MIN_CHI,0.0,loss,0.0,loss,0.0,False,True,True
4772f3ffba777f2a812af14ef130ffcc46abdd50f0a9a7bfec4e8073d69c413a,nfl,h2h,,Home,0.0,loss,-6.0,2026_02_MIN_CHI,-6.0,loss,-6.0,loss,,False,True,True
bbd55c150bc26897c6b95429dafc1b793433be2d37194096ea66c7051b0a8fca,nfl,player_passing_tds,Brock Purdy,Under,1.5,loss,2.0,2026_02_MIA_SF,2.0,loss,2.0,loss,,False,True,True
38c1c081689a9f3f1352fd190257d50e9da6b123d8af17b423a1c907eaa94857,nfl,player_receptions,Parker Washington,Over,4.5,win,7.0,2026_02_JAX_DEN,7.0,win,7.0,win,,False,True,True
4ff72a15a2e82279bf029934c81a6b981710315a78c8db23f8fe331b5c320730,nfl,player_passing_tds,Jayden Daniels,Under,1.5,win,1.0,2026_02_WAS_DAL,1.0,win,1.0,win,,False,True,True
b626600a09b9fe3a804bb069cf09446f9b45ff05eb9334bdfdbf2a63ecee56e3,nfl,atd,Javonte Williams,Yes,0.5,loss,0.0,2026_02_WAS_DAL,0.0,loss,0.0,loss,0.0,False,True,True
6a565c29828b50dd5a76d7f6fbe9032217185b6010c420e2ea4507d1edcc0b14,nfl,player_receiving_yards,Evan Engram,Under,23.5,win,17.0,2026_02_JAX_DEN,17.0,win,17.0,win,,False,True,True
bcdd9f1c577afced2552dd5f76619c6382c3bbac2c0335a4602db6bb2c22287b,nfl,h2h,,Home,0.0,loss,-7.0,2026_02_NO_BAL,-7.0,loss,-7.0,loss,,False,True,True
e4c3a7424512bbfdfd478aff6d429d1d132a258df24a3670c70d6e74b90c6f3f,nfl,player_receptions,Saquon Barkley,Over,1.5,loss,1.0,2026_02_PHI_TEN,1.0,loss,1.0,loss,,False,True,True
a3fb7db2978c18b33436851f1aeb0499f1232ddd82ccaed106d9e6bed1be323b,nfl,player_receiving_yards,Luther Burden,Over,52.5,loss,32.0,2026_02_MIN_CHI,32.0,loss,32.0,loss,,False,True,True
da02f12a40d49152a4d04055b62c2386c9a5afa244fc56d4238e2f05c1637f0e,nfl,player_receiving_yards,David Njoku,Over,24.5,loss,9.0,2026_02_LV_LAC,9.0,loss,9.0,loss,,False,True,True
0aba942a72a475a690889be2d2f08247d20c4528aaad4056bff125af9c1d23aa,nfl,player_rushing_yards,Joe Burrow,Over,8.5,loss,-1.0,2026_02_CIN_HOU,-1.0,loss,-1.0,loss,,False,True,True
dfc43f376c1640f779b80581d4f34e98ccc0046f1a2d44c09fa69b404cd78873,nfl,player_passing_yards,Justin Herbert,Over,225.5,loss,192.0,2026_02_LV_LAC,192.0,loss,192.0,loss,,False,True,True
947914b979cbcb66f0d6f9e4db1e4d423d550d5951396385c20667e02354b74f,nfl,player_receptions,Colston Loveland,Over,4.5,loss,1.0,2026_02_MIN_CHI,1.0,loss,1.0,loss,,False,True,True
3bceed4b50b10cde5904dc8eec89d1c8e92a4e2ea116767e1548239ca426f9b7,nfl,player_rushing_yards,Daniel Jones,Over,8.5,win,10.0,2026_02_IND_KC,10.0,win,10.0,win,,False,True,True
79dfbbffc4c631e3ed34c681413944d14b8836aa4d717b234d5b116917c1a036,nfl,player_passing_tds,Geno Smith,Over,1.5,loss,1.0,2026_02_GB_NYJ,1.0,loss,1.0,loss,,False,True,True
1b39491a35be6208c488c9b926c69e17362e11da12e1552829584150d3e2cb53,nfl,spreads,,Home,-4.0,loss,-10.0,2026_02_MIN_CHI,-10.0,loss,-10.0,loss,,False,True,True
1fbdbd241d28834078cc6ac29be9a882ec8671d07f7cb9b9c9e0dcbf96492de0,nfl,player_receptions,Chris Olave,Under,5.5,loss,8.0,2026_02_NO_BAL,8.0,loss,8.0,loss,,False,True,True
ef0c158be382b375b34f838a95112b66cbd6e5c393644f4742ccd740ae52296d,nfl,player_receptions,Jonathan Taylor,Over,2.5,win,4.0,2026_02_IND_KC,4.0,win,4.0,win,,False,True,True
2a5011ea3b6df8c4d900c051db7e9551380d1d20263c797e62b38b139cf755bb,nfl,h2h,,Home,0.0,win,3.0,2026_02_IND_KC,3.0,win,3.0,win,,False,True,True
25aaeb93b28b1cd7657457bd900daa126bc144401b8df50097c273171afd6e1e,nfl,player_receptions,Tony Pollard,Under,1.5,win,1.0,2026_02_PHI_TEN,1.0,win,1.0,win,,False,True,True
8a9dacec8ba95b50fad2ae1ed7c0eab029aba16db192772e1a69ec5db680b99a,nfl,player_receptions,Jaxon Smith-Njigba,Under,6.5,loss,9.0,2026_02_SEA_ARI,9.0,loss,9.0,loss,,False,True,True
e756a693b2a32d8b29d57e6c48b7d6023e4bce88ebdc4bea6cbc70d8152a8990,nfl,player_rushing_yards,Dak Prescott,Under,7.5,loss,26.0,2026_02_WAS_DAL,26.0,loss,26.0,loss,,False,True,True
12d54ebc759cad835ca13623e7ffec794225509b44e277d977d88a1490951ffa,nfl,player_passing_tds,Drake Maye,Under,1.5,win,0.0,2026_02_PIT_NE,0.0,win,0.0,win,,False,True,True
bf4c7522a0f27a8e76bd886fb0a68fe5e6b18a2a70990636f1a22b3f7efea46c,nfl,totals,,Under,39.0,loss,44.0,2026_02_PHI_TEN,44.0,loss,44.0,loss,,False,True,True
78086460f7dfad76ad0f1102f0a2b6aa10d0375d5305938e5552b138f72563c1,nfl,player_rushing_yards,Bo Nix,Over,18.5,loss,6.0,2026_02_JAX_DEN,6.0,loss,6.0,loss,,False,True,True
ddb035cc638797c4d74f19e8bf96387f87b825b6115366a9e16136e2a8f1ee55,nfl,player_passing_tds,Daniel Jones,Under,1.5,win,1.0,2026_02_IND_KC,1.0,win,1.0,win,,False,True,True
d5c7b0215b70fbc3c59ee2f1b760f441ba0306a181be7a99d8ad93cb4144b495,nfl,player_rushing_yards,Bryce Young (CAR),Over,14.5,loss,6.0,2026_02_CAR_ATL,6.0,loss,6.0,loss,,False,True,True
a680811a7443bb8119e62776ff3ee4fb7b611ae2a51239d60002346551382c9d,nfl,player_receiving_yards,Mack Hollins,Under,36.5,win,18.0,2026_02_PIT_NE,18.0,win,18.0,win,,False,True,True
07260220ea0a8f858d4aa510a89245f64f41ec8b87a05831e4d2582bc5bb75c9,nfl,player_rushing_yards,Christian McCaffrey,Under,57.5,win,23.0,2026_02_MIA_SF,23.0,win,23.0,win,,False,True,True
99ede5ec2ac65263501ce0315ea012d5f71017061ceded73572f6504eb60df53,nfl,spreads,,Home,-6.5,loss,-3.5,2026_02_IND_KC,-3.5,loss,-3.5,loss,,False,True,True
2c71eedd96feeca566ee51c7282416454c44ee4617c191b75c43b564b7939dca,nfl,atd,Joe Burrow,Yes,0.5,loss,0.0,2026_02_CIN_HOU,0.0,loss,0.0,loss,0.0,False,True,True
e0b8aeb8f2a7d0fc3ca6a6bee3ceaf9478a73e58b6b4592ff9dc4413be932154,nfl,atd,Elijah Arroyo,Yes,0.5,loss,0.0,2026_02_SEA_ARI,0.0,loss,0.0,loss,0.0,False,True,True
97e7a0388a98af3eecbcb5dc7dd9e95f52e93402ca995d168f0c1a862c977a51,nfl,atd,Jacoby Brissett,Yes,0.5,loss,0.0,2026_02_SEA_ARI,0.0,loss,0.0,loss,0.0,False,True,True
4056b114a8496a24e7f64bfebe07b99416187158753012f7dc5dc7c4fda5f942,nfl,atd,KaVontae Turpin,Yes,0.5,loss,0.0,2026_02_WAS_DAL,0.0,loss,0.0,loss,0.0,False,True,True
0d139e900afa534f091abe39079db54766d9e40a5494fe465a239ea39e8fe8fd,nfl,atd,Luke Farrell,Yes,0.5,loss,0.0,2026_02_MIA_SF,0.0,loss,0.0,loss,0.0,False,True,True
c17efe12be23c4651c321e35e938c89e316d6545d5fef3c14c5b566d56d932fa,nfl,player_receptions,Romeo Doubs,Over,3.5,loss,3.0,2026_02_PIT_NE,3.0,loss,3.0,loss,,False,True,True
cc5caf2a94dc68619e58a67a801a6e68a6727dc4086e05ef9a6108ae6a7632ae,nfl,player_rushing_yards,Jordan Love,Under,7.5,win,0.0,2026_02_GB_NYJ,0.0,win,0.0,win,,False,True,True
594c40988c070b97df711c90d580e10faf3e076321d1953f9f57515c74e42c47,nfl,player_receptions,Courtland Sutton,Under,3.5,win,3.0,2026_02_JAX_DEN,3.0,win,3.0,win,,False,True,True
73721e355c5b11a15ae006f99b3bf859fb05ab40711dcf5d4d65aae85af000d6,nfl,h2h,,Away,0.0,win,-31.0,2026_02_CAR_ATL,-31.0,win,-31.0,win,,False,True,True
61125d3ebb927af27f5a4fed6934af891918e16841769435a7d3d209a3456e0d,nfl,player_receptions,CeeDee Lamb,Over,5.5,win,8.0,2026_02_WAS_DAL,8.0,win,8.0,win,,False,True,True
00baaacb847006c59d5a16f6934c9dad9b03c3363b57b72b28c3a76dfb632f3d,nfl,player_receptions,De'Von Achane,Over,3.5,loss,3.0,2026_02_MIA_SF,3.0,loss,3.0,loss,,False,True,True
59f4a36cfe284b9d46f10e5a9121594d6ea27d237a6f89f03af0bbd34f7089b4,nfl,totals,,Over,43.5,loss,40.0,2026_02_LV_LAC,40.0,loss,40.0,loss,,False,True,True
f8b33deaa9bd5e5e23230bc7f178da2f16ee13a4813f4f71d83b1addb4c73cb5,nfl,totals,,Over,45.0,loss,41.0,2026_02_NO_BAL,41.0,loss,41.0,loss,,False,True,True
5cfecffd0f7991577982b5c22962722d42708588f452a084dd460367bcaa95e1,nfl,player_receptions,Cole Kmet,Under,1.5,win,0.0,2026_02_MIN_CHI,0.0,win,0.0,win,,False,True,True
798c896ffacac83fbccb198642725bbf4e0aab8383049dd89f99ac9213b3edbb,nfl,player_receiving_yards,Bucky Irving,Under,16.5,win,1.0,2026_02_CLE_TB,1.0,win,1.0,win,,False,True,True
2c12dc8b9d3b3bf358d7fc390d37ae3329614bc86c7d46bbd802fa91ed2495e9,nfl,player_receptions,AJ Barner,Under,2.5,win,1.0,2026_02_SEA_ARI,1.0,win,1.0,win,,False,True,True
b31ba5b8e6da235a79f3ce9bfc152f0b0a21b19ff9963c3a8c5d2eb276229a2b,nfl,player_rushing_yards,Rhamondre Stevenson,Over,48.5,loss,43.0,2026_02_PIT_NE,43.0,loss,43.0,loss,,False,True,True
3c67a566837d0724b96c06ff204e89976d97cdf9c34db8cf0db0e0a3b1a4226e,nfl,player_receptions,Darnell Washington,Under,1.5,win,1.0,2026_02_PIT_NE,1.0,win,1.0,win,,False,True,True
e5ca1868de01a1bdd569205f3d0d652b1aa4c54d31b849c4174da5a1ad93b5f6,nfl,atd,Breece Hall,Yes,0.5,loss,0.0,2026_02_GB_NYJ,0.0,loss,0.0,loss,0.0,False,True,True
cfbfc5f3ed396a3a1ca06af4451e97eeedd5374d00fab980450c8e41d20f9fdd,nfl,atd,Bucky Irving,Yes,0.5,loss,0.0,2026_02_CLE_TB,0.0,loss,0.0,loss,0.0,False,True,True
fc06dc46209df064eebe33b8d6bb9212067c6d31348bf0afa6b057f8066b99d5,nfl,player_receiving_yards,Ashton Jeanty,Over,26.5,loss,15.0,2026_02_LV_LAC,15.0,loss,15.0,loss,,False,True,True
7af79282b551efb4ced2a7f9cf9042dfbe2c812d2fe7820c5c0edc5468114d57,nfl,spreads,,Away,2.5,win,-28.5,2026_02_CAR_ATL,-28.5,win,-28.5,win,,False,True,True
1771b23f707db6c230dba5ba65f4b1405f25e636bf971403f74e49bd4a6cb37c,nfl,player_receiving_yards,Quinshon Judkins,Over,11.5,win,27.0,2026_02_CLE_TB,27.0,win,27.0,win,,False,True,True
499f1f56a2dff08d818cdd3861b26067f7c86f68958950e52c0633f5c42191e0,nfl,player_receiving_yards,Courtland Sutton,Under,40.5,win,25.0,2026_02_JAX_DEN,25.0,win,25.0,win,,False,True,True
5264b2b844721aa8e9de48c968855ad5e0f2325be96e1beb77c374d12cb44e17,nfl,spreads,,Home,-8.0,loss,-15.0,2026_02_NO_BAL,-15.0,loss,-15.0,loss,,False,True,True
7fa127c0008761b8bc3e3365107395b191fe750253a933ef9ba3058a293ee354,nfl,player_passing_tds,Jalen Hurts,Under,1.5,loss,2.0,2026_02_PHI_TEN,2.0,loss,2.0,loss,,False,True,True
45d31275b8aa16a97eb4bfc99cabbd469c045b8435a809b973a6dc8b9b2b5a91,nfl,player_passing_yards,Lamar Jackson,Over,212.5,win,235.0,2026_02_NO_BAL,235.0,win,235.0,win,,False,True,True
9f6199eadc7fa5438c0c7c1c09b91b656610a04cdf070be9bf552a79a1a499d0,nfl,player_receiving_yards,Tyjae Spears,Under,16.5,loss,29.0,2026_02_PHI_TEN,29.0,loss,29.0,loss,,False,True,True
92089304dd8b7dc32ddc410c7dfd0043f8ce260fe1277c533e05efa7b50e679c,nfl,atd,Deebo Samuel,Yes,0.5,loss,0.0,2026_02_MIA_SF,0.0,loss,0.0,loss,0.0,False,True,True
12cf753f5bf7129b2089f46f78e47f369824e3fa90e46f9278e08f6b9056cbdc,nfl,player_receptions,Chuba Hubbard,Over,1.5,win,2.0,2026_02_CAR_ATL,2.0,win,2.0,win,,False,True,True
26338ef20f77abcd45c7e494ab4608ef2100dbe933480e29ed3d9d61918c2a61,nfl,player_receptions,George Pickens,Under,4.5,loss,6.0,2026_02_WAS_DAL,6.0,loss,6.0,loss,,False,True,True
cfce52387939bf23819287d3abbe765238a5d8e895ae9b4fc2dc0b85c8266a1a,nfl,atd,Adonai Mitchell,Yes,0.5,loss,0.0,2026_02_GB_NYJ,0.0,loss,0.0,loss,0.0,False,True,True
6c3dccb51716b9ec1936869024706a592cde7ceaa828372f517c2ffb7da0a713,nfl,atd,Brian Robinson Jr.,Yes,0.5,loss,0.0,2026_02_CAR_ATL,0.0,loss,0.0,loss,0.0,False,True,True
3f9b4b08c868b9fbd7f400857e64805920747ef2e2156e21502504962ace4987,nfl,atd,Brian Thomas Jr.,Yes,0.5,loss,0.0,2026_02_JAX_DEN,0.0,loss,0.0,loss,0.0,False,True,True
0b359cfbaa8a5cda8dbd1418192c16bf7fb8c05d169a0a71ab22e0138e078737,nfl,atd,Cooper Kupp,Yes,0.5,loss,0.0,2026_02_SEA_ARI,0.0,loss,0.0,loss,0.0,False,True,True
3ccb4b1fb148b51b39999b694b368aeefd73ff1e3c3d061532604f76fa522f21,nfl,atd,Ja'Marr Chase,Yes,0.5,win,2.0,2026_02_CIN_HOU,2.0,win,1.0,win,0.0,False,True,True
337606bf37b2c02de0d5b1057c52ed635fc5382442f0337a6ea8d9072ddf1c37,nfl,atd,Bijan Robinson,Yes,0.5,loss,0.0,2026_02_CAR_ATL,0.0,loss,0.0,loss,0.0,False,True,True
5150c066dcd2ec2ece45c4ec15a8f62a6bc18419ceadea64c9a02527ad93bbd1,nfl,player_receptions,Kyle Monangai,Over,1.5,win,2.0,2026_02_MIN_CHI,2.0,win,2.0,win,,False,True,True
1694442666891349a9172944e875dafd4e08769efaa3e222ef9c188b37f5725f,nfl,player_receiving_yards,Kayshon Boutte,Over,35.5,win,37.0,2026_02_CIN_HOU,37.0,win,37.0,win,,False,True,True
73604d5c8057f6582da0d48a4efb2df457c1a90205a3d879aa284f6e978f2706,nfl,atd,Dalton Schultz,Yes,0.5,loss,0.0,2026_02_CIN_HOU,0.0,loss,0.0,loss,0.0,False,True,True
853b6718f81f4b3115c8c84fd9cf47bf2e5ae9d334d402ccfc5ad79b3b9409e8,nfl,player_rushing_yards,Chris Rodriguez Jr.,Under,24.5,win,13.0,2026_02_JAX_DEN,13.0,win,13.0,win,,False,True,True
67c35cc4f7c334071e2c5c3b5cce1d7777b281ade30a347fa938193f3c7f34ea,nfl,player_receptions,Garrett Wilson,Over,5.5,loss,5.0,2026_02_GB_NYJ,5.0,loss,5.0,loss,,False,True,True
cbd0e2634ee811be7049d24c7596242a688a4d43c2e9cf6f4bf0e6dcf0419fbd,nfl,player_passing_tds,Joe Burrow,Under,1.5,loss,2.0,2026_02_CIN_HOU,2.0,loss,2.0,loss,,False,True,True
79231c3edb489da6f658a3e28b7c4b1c38cd8589163e39c039cae9ab7b3cb0e6,nfl,player_rushing_yards,Trevor Lawrence,Under,15.5,win,6.0,2026_02_JAX_DEN,6.0,win,6.0,win,,False,True,True
508a0cdeb29f4be2cb34ac592b8bd6f16bcaeb56ec6d3d011486c3cf7b59f691,nfl,player_receiving_yards,Noah Fant,Under,14.5,win,0.0,2026_02_NO_BAL,0.0,win,0.0,win,,False,True,True
c98a98d080e06d55c4c5966c03a95d21e2a31b8f70e9513d4e6fd1841491cb7f,nfl,player_receiving_yards,Saquon Barkley,Over,11.5,loss,11.0,2026_02_PHI_TEN,11.0,loss,11.0,loss,,False,True,True
3e3d40194a14f2acd0673fc8f6ad13db17db9abe85a5bbdc9cb78dab30e7dc85,nfl,player_receiving_yards,Justice Hill,Over,13.5,loss,12.0,2026_02_NO_BAL,12.0,loss,12.0,loss,,False,True,True
6a856dad1c2fe708c7b013157402cbc4641625f808b65c5953bfed27efe3420d,nfl,atd,Jacory Croskey-Merritt,Yes,0.5,loss,0.0,2026_02_WAS_DAL,0.0,loss,0.0,loss,0.0,False,True,True
a4d96803141a0f5228d03017d1e44bf8a4c245761548c854baf0219cc52d2148,nfl,player_receptions,Deebo Samuel,Under,3.5,win,3.0,2026_02_MIA_SF,3.0,win,3.0,win,,False,True,True
e4caa2f25e5f4d4e2549a43eaaf7f9512d39e9f1bc3b831b5534d11d208a2881,nfl,player_passing_tds,Jordan Love,Over,1.5,win,2.0,2026_02_GB_NYJ,2.0,win,2.0,win,,False,True,True
36593039e99b2df8b31a0ea866aae51ca2d6acf2039ef7c89b3051b6a55224af,nfl,player_receptions,Juwan Johnson,Under,3.5,loss,4.0,2026_02_NO_BAL,4.0,loss,4.0,loss,,False,True,True
7900901f45f8f8fb0347e3e1632ded3a749a256fc9825dc47df13ff0eb0f4bd9,nfl,atd,Tony Pollard,Yes,0.5,loss,0.0,2026_02_PHI_TEN,0.0,loss,0.0,loss,0.0,False,True,True
a16ae38b8d3598b4cac7fa9f3bba2d249257f246117b13ea16a52e445326b8a6,nfl,player_receiving_yards,DeVonta Smith,Over,60.5,win,117.0,2026_02_PHI_TEN,117.0,win,117.0,win,,False,True,True
a5bfdf70cecdb6fa17891d27970d62bd5fd2eed02864846eaf2285648568015d,nfl,player_receptions,Demarcus Robinson,Over,1.5,win,3.0,2026_02_MIA_SF,3.0,win,3.0,win,,False,True,True
9af8bf23e085a0918875665b314c57d96738af9e0e5a261ed0b829518b8ae67f,nfl,player_receptions,Josh Oliver,Over,1.5,loss,1.0,2026_02_MIN_CHI,1.0,loss,1.0,loss,,False,True,True
bf331752140a9b855ad3695e7d01ad23ebdf4a6cc4a02668dd1e4d9b81c70693,nfl,player_receptions,Jakobi Meyers,Under,3.5,win,1.0,2026_02_JAX_DEN,1.0,win,1.0,win,,False,True,True
8cbf4323edef59e3c1da95f8cc148a59a6fb02b50a116fafc81f1a2e38f297f2,nfl,player_receiving_yards,Aaron Jones,Over,17.5,loss,0.0,2026_02_MIN_CHI,0.0,loss,0.0,loss,,False,True,True
4643abe8eb2e8c5c6a24616e6055f8c07204fb7215cdd04db08fda26a027484b,nfl,player_receiving_yards,David Montgomery,Under,11.5,loss,14.0,2026_02_CIN_HOU,14.0,loss,14.0,loss,,False,True,True
9b8d05878ee2bad02ccc743f7dd83cdae0f562a469e4b2a3595b7b45700fe0dc,nfl,atd,Omarion Hampton,Yes,0.5,win,1.0,2026_02_LV_LAC,1.0,win,1.0,win,0.0,False,True,True
2903f4a208ad0153635e9d62b68c5fdc73117bf3d9327e6faa1a7551e64b9195,nfl,player_receptions,Emeka Egbuka,Over,3.5,loss,3.0,2026_02_CLE_TB,3.0,loss,3.0,loss,,False,True,True
c80a25f4f58bd5139419cf0142ec96366147ca507975fb3977021116fae01466,nfl,atd,Tyjae Spears,Yes,0.5,loss,0.0,2026_02_PHI_TEN,0.0,loss,0.0,loss,0.0,False,True,True
209f6b276b3b4f529de57fcca1efeeb5b9bcd96e0cc41a72f9a664a6d3f48a63,nfl,player_receptions,Rome Odunze,Under,2.5,loss,3.0,2026_02_MIN_CHI,3.0,loss,3.0,loss,,False,True,True
da475e20d364f070fb24e3babfa9873bf69578303b6aa6e00e067f230edacbbc,nfl,player_passing_yards,Trevor Lawrence,Under,221.5,win,189.0,2026_02_JAX_DEN,189.0,win,189.0,win,,False,True,True
8f7e0bb1c6d0e804fc4ead53f98edc5890acd282a88588c46e3ade6ef0e59e64,nfl,player_receptions,Christian Watson,Over,3.5,win,4.0,2026_02_GB_NYJ,4.0,win,4.0,win,,False,True,True
fa114ce8574283f24435d2a78105102ab7a753c704ae0bae95dcb084fe9e41b4,nfl,player_receptions,David Montgomery,Over,1.5,win,2.0,2026_02_CIN_HOU,2.0,win,2.0,win,,False,True,True
42c0639766c2bc649965ce7da881ae2fe63e28745b7cd998fc32359140e3e32e,nfl,player_rushing_yards,Jayden Daniels,Under,36.5,loss,69.0,2026_02_WAS_DAL,69.0,loss,69.0,loss,,False,True,True
b0933eb2d65d5a12492df05e5fc91927d015c491d631a97f409ea38703ca6e7a,nfl,atd,Jack Bech,Yes,0.5,loss,0.0,2026_02_LV_LAC,0.0,loss,0.0,loss,0.0,False,True,True
389ebcc1fb99292b3069bbbbe911c390c6e49ea7bfed3ee537e0ecd37ee38c8e,nfl,player_receiving_yards,Rachaad White,Over,11.5,win,40.0,2026_02_WAS_DAL,40.0,win,40.0,win,,False,True,True
cde66df724bf71712a65c9fbbdf17526c442b53656cb68578c9a080d4bd9f235,nfl,player_rushing_yards,Brock Purdy,Under,14.5,loss,30.0,2026_02_MIA_SF,30.0,loss,30.0,loss,,False,True,True
7753442e1c548b8830e0e0e2f7b4556f2255fdab53e0ea698550542083bb51b2,nfl,player_receptions,Pat Bryant,Over,3.5,loss,0.0,2026_02_JAX_DEN,0.0,loss,0.0,loss,,False,True,True
287f2c15d15063c44684bb287daa1d51890abaa45c3610084d803af1217db658,nfl,atd,Jalen Hurts,Yes,0.5,loss,0.0,2026_02_PHI_TEN,0.0,loss,0.0,loss,0.0,False,True,True
919d06d5d32169adefc0fc538e4f63d7c32d6403f12443f854b73074e2b57d4c,nfl,player_rushing_yards,Jaylen Warren,Under,42.5,loss,43.0,2026_02_PIT_NE,43.0,loss,43.0,loss,,False,True,True
6ec41008ecf4d8f8f41abd49ad6dda0c25ffa078d9bd0a46cc3676450e6cbdd1,nfl,atd,DeVonta Smith,Yes,0.5,win,1.0,2026_02_PHI_TEN,1.0,win,1.0,win,0.0,False,True,True
fc836f88b0ee59bc76bd3bf66bd49bf7b67d54a325382b9030fbb4bc9ba0507b,nfl,player_receiving_yards,Jaylen Waddle,Over,52.5,win,138.0,2026_02_JAX_DEN,138.0,win,138.0,win,,False,True,True
f2cfe9f8de728fc2824a3021b354c58a3a45958c92b4688edf88d14a38feebe4,nfl,atd,Demarcus Robinson,Yes,0.5,loss,0.0,2026_02_MIA_SF,0.0,loss,0.0,loss,0.0,False,True,True
bf3cb96095f7ff2f4610a5474d55bda9e3521882e37d10644af93450d12af716,nfl,player_rushing_yards,Bucky Irving,Over,65.5,win,89.0,2026_02_CLE_TB,89.0,win,89.0,win,,False,True,True
2434a64df3aa0358f9ef39959343e446f9831b69b40d911f7ab9d5999ae8f2a7,nfl,player_receiving_yards,Bijan Robinson,Over,43.5,loss,9.0,2026_02_CAR_ATL,9.0,loss,9.0,loss,,False,True,True
0978e42916d0f1faf8fc3d3b773463ae034ad03cbc8a5dd547cf6911388d8749,nfl,player_receiving_yards,D'Andre Swift,Under,11.5,loss,54.0,2026_02_MIN_CHI,54.0,loss,54.0,loss,,False,True,True
a3ffb1bed81e0f0aba292a397e59450c7cd84373e8fa22e2e83001445f792826,nfl,player_rushing_yards,Patrick Mahomes,Under,17.5,win,17.0,2026_02_IND_KC,17.0,win,17.0,win,,False,True,True
49c3a058b4efe13d466254cd1ab37f280e678959e9b73f04c4d00e834bfa0e9b,nfl,player_rushing_yards,Baker Mayfield,Under,16.5,loss,29.0,2026_02_CLE_TB,29.0,loss,29.0,loss,,False,True,True
4072ffdbba6ab5597c0490e0267159420e83f5d57b7089c5f2d5db48cfc49f77,nfl,player_receiving_yards,Harold Fannin,Under,35.5,loss,54.0,2026_02_CLE_TB,54.0,loss,54.0,loss,,False,True,True
1b7677d92f7025606d1ccc9f19b2e23cbbf0e3b0097c9e1bbdc3fe3ecdb70b21,nfl,player_rushing_yards,Jacoby Brissett,Under,9.5,win,7.0,2026_02_SEA_ARI,7.0,win,7.0,win,,False,True,True
348978a9df6988ffa3cbc266c24a964eda4733a16f48d7686868eeaca696a194,nfl,player_receptions,Luther Burden III,Over,4.5,loss,3.0,2026_02_MIN_CHI,3.0,loss,3.0,loss,,False,True,True
53d37bd869497bdf2511ca27b5eb32fc086ac9f11bd055fc61bc46e202830222,nfl,player_receiving_yards,Kyle Pitts,Under,31.5,win,15.0,2026_02_CAR_ATL,15.0,win,15.0,win,,False,True,True
93787285689a411623a4856ec8b44cef4bcf19ecb94260641e601f52f8df9f0d,nfl,player_receptions,Aaron Jones,Over,2.5,loss,0.0,2026_02_MIN_CHI,0.0,loss,0.0,loss,,False,True,True
6b138ecc9a5879a2c4245b7fcd4fb6b6457b66e8cfaac6e007d6959f3a403e8b,nfl,player_receiving_yards,Rome Odunze,Under,38.5,loss,43.0,2026_02_MIN_CHI,43.0,loss,43.0,loss,,False,True,True
c5b0ebc80b0baf04fc8909535d60e3cc246a69ff2cf1b0124f205d20c483280d,nfl,player_receptions,Quentin Johnston,Over,3.5,loss,1.0,2026_02_LV_LAC,1.0,loss,1.0,loss,,False,True,True
104b56c768480914e517835448a1050be68ffba3425aca886e803db425c95570,nfl,player_receptions,Chris Godwin,Under,3.5,win,3.0,2026_02_CLE_TB,3.0,win,3.0,win,,False,True,True
dd2a8686e0237ad9889ca9697fa6264220500769941787f4fdda68e201b6fa5c,nfl,player_receiving_yards,Marvin Harrison,Under,36.5,win,0.0,2026_02_SEA_ARI,0.0,win,0.0,win,,False,True,True
2c77f7e1a243b749638513eaf6fd361e60e76421686028e98d4771529862363c,nfl,player_receiving_yards,Pat Freiermuth,Over,31.5,win,32.0,2026_02_PIT_NE,32.0,win,32.0,win,,False,True,True
f1a15199fe67af9ed26ec4465786715a62da6102d974947a2f755f666daa4c0a,nfl,player_receptions,Olamide Zaccheaus,Under,1.5,win,1.0,2026_02_CAR_ATL,1.0,win,1.0,win,,False,True,True
d6f14542ff38b6cfeabcea8a596e8e32e222a67f6a740b834f40fa95545fa28e,nfl,player_receptions,Bucky Irving,Under,2.5,loss,4.0,2026_02_CLE_TB,4.0,loss,4.0,loss,,False,True,True
1fde93df9755248d9ca568955e2af931ac7f60f2c35ad3388804562c7fbf427a,nfl,player_receiving_yards,Alvin Kamara,Under,11.5,win,7.0,2026_02_NO_BAL,7.0,win,7.0,win,,False,True,True
3207601df744449c227f301a41564c61bf7989094c411683730101d9fe3eb0ad,nfl,player_receiving_yards,Tre Tucker,Over,36.5,win,119.0,2026_02_LV_LAC,119.0,win,119.0,win,,False,True,True
735b06cbd14264687b216e1b5752cb67b0d5a9bcf1b1ec7a162459bcabe2cf99,nfl,player_rushing_yards,Drew Lock,Over,7.5,loss,0.0,2026_02_SEA_ARI,0.0,loss,0.0,loss,,False,True,True
960adeca66c927de904bc29c613f65b0b5b9ec87bd759fb200f9d4fc1a7a4ec6,nfl,atd,Saquon Barkley,Yes,0.5,loss,0.0,2026_02_PHI_TEN,0.0,loss,0.0,loss,0.0,False,True,True
1e4c25baac074f86255fc8149b782e757485839b04fc82942ee7c65868679745,nfl,atd,Darnell Washington,Yes,0.5,loss,0.0,2026_02_PIT_NE,0.0,loss,0.0,loss,0.0,False,True,True
9526d1e36dd02cb7b1b021f5cee21087905b5eb903da3d882dbec4c7df5bcd5c,nfl,atd,Jonnu Smith,Yes,0.5,loss,0.0,2026_02_GB_NYJ,0.0,loss,,,,True,True,
c98440f0af920655b7de5753510e5dbbb1afa22a5623bb056b6a16cc4e725933,nfl,player_receptions,Alvin Kamara,Under,2.5,loss,5.0,2026_02_NO_BAL,5.0,loss,5.0,loss,,False,True,True
3317fdddbc40f3571a4d61cfc8471eba58a457a5dea4585a3115d8470f7365d8,nfl,player_rushing_yards,Omarion Hampton,Over,62.5,win,94.0,2026_02_LV_LAC,94.0,win,94.0,win,,False,True,True
d9c5a9bf7a5c3cd4f3a54679bbae377f4508ec1a77baf641140ea11ba92e2a4e,nfl,player_receptions,Xavier Worthy,Over,3.5,win,5.0,2026_02_IND_KC,5.0,win,5.0,win,,False,True,True
1bc869a76270f488ff89e6920f51d61bdf1858edd47bf8569ef620808408407e,nfl,player_receptions,Isaiah Williams,Under,1.5,loss,6.0,2026_02_GB_NYJ,6.0,loss,6.0,loss,,False,True,True
3098d0a7d283d4f3149713218641accba281f89af25e69bba2e4e877bdfda03a,nfl,atd,Mark Andrews,Yes,0.5,loss,0.0,2026_02_NO_BAL,0.0,loss,0.0,loss,0.0,False,True,True
eb871d574b7d5cdfc13eafa9422053825633def4583c9dd64ca84455886e8967,nfl,atd,J.K. Dobbins,Yes,0.5,loss,0.0,2026_02_JAX_DEN,0.0,loss,0.0,loss,0.0,False,True,True
555c0c28ed257aeffacf5c2bbc8d5785f0c8455c5b23a8c0eb42cfd2dc647507,nfl,atd,Jaylen Waddle,Yes,0.5,loss,0.0,2026_02_JAX_DEN,0.0,loss,0.0,loss,0.0,False,True,True
8d68820f229713f03549f1ad1157f1456561e533e9d39b06e9d77abedd1347fe,nfl,player_receptions,Xavier Legette,Under,1.5,loss,2.0,2026_02_CAR_ATL,2.0,loss,2.0,loss,,False,True,True
5e51668bbd789ac5ad7ea458fdcfed3ba1ce7e4f64eb0d296d76a13e30edc39b,nfl,player_receptions,Pat Freiermuth,Over,3.5,win,4.0,2026_02_PIT_NE,4.0,win,4.0,win,,False,True,True
365e9332e4f66058b644f26f342d71c0042a2928d1662c667fdf0735e7b30592,nfl,player_passing_tds,Trevor Lawrence,Under,1.5,win,0.0,2026_02_JAX_DEN,0.0,win,0.0,win,,False,True,True
81e568fb924f23aad4d42a1b87a7f2143533e4ccef138c10bb43be2d020c9d6f,nfl,player_receiving_yards,Breece Hall (NYJ),Over,19.5,win,63.0,2026_02_GB_NYJ,63.0,win,63.0,win,,False,True,True
3317278bec44ef023995cd1d2bc9a3baa8103ff1e492bd0e43b1368cee116646,nfl,h2h,,Home,0.0,loss,-4.0,2026_02_CLE_TB,-4.0,loss,-4.0,loss,,False,True,True
2c5af0c4e0c9cbfbca79cfc0e1b9dff48d4ebf9c457899f7b23108c7097c326c,nfl,player_passing_tds,Jacoby Brissett,Under,1.5,win,1.0,2026_02_SEA_ARI,1.0,win,1.0,win,,False,True,True
deae83faf76080754aea341a9e33f37476733108947f4959f731ad7f7d9809c4,nfl,player_receptions,Derrick Henry,Over,0.5,win,3.0,2026_02_NO_BAL,3.0,win,3.0,win,,False,True,True
cf8e2329f71fa32ebda630d3ecbe09d2378710937a0ac8ca06f691c441229e49,nfl,totals,,Under,46.0,win,26.0,2026_02_CIN_HOU,26.0,win,26.0,win,,False,True,True
3064afe0c87dd9c2e293b2c7871c389460844358d0cbeaf9c660ceb46548e1e6,nfl,player_passing_tds,Malik Willis,Over,0.5,win,1.0,2026_02_MIA_SF,1.0,win,1.0,win,,False,True,True
295f703406ab22ee558c700edc23689ae508d2fcc157bc28326f961f91308eab,nfl,player_receptions,Mike Evans,Under,3.5,win,3.0,2026_02_MIA_SF,3.0,win,3.0,win,,False,True,True
865fdb86e720d447fb29ebf32e31934e633364281075fa5f6e9fbf8c5b50f701,nfl,player_passing_tds,Carson Wentz,Over,1.5,loss,0.0,2026_02_MIN_CHI,0.0,loss,0.0,loss,,False,True,True
c272212879444d3b7fededca7c0ea0984b4548197ec16923ef4628f3e522ad89,nfl,player_receptions,Ja'Marr Chase,Under,6.5,loss,7.0,2026_02_CIN_HOU,7.0,loss,7.0,loss,,False,True,True
2bfaa598f2bc97107e09d80b611088eb9305f75bf11d0c52d16655a96c2543d4,nfl,player_receptions,Andrei Iosivas,Under,1.5,win,1.0,2026_02_CIN_HOU,1.0,win,1.0,win,,False,True,True
02d361670f6716c5a1d16779b7db4720fbb718d7437c8e9cf3adad16a1d65ec1,nfl,player_receptions,Chase Brown,Under,3.5,win,3.0,2026_02_CIN_HOU,3.0,win,3.0,win,,False,True,True
2d124c46f7c1f2d1468f1c447cb28830123312d6eefa2bc1aa17a2e7c60231a9,nfl,atd,Jahan Dotson,Yes,0.5,loss,0.0,2026_02_CAR_ATL,0.0,loss,0.0,loss,0.0,False,True,True
e299229a3dd378966ba215d83a3cd29d8cd5a3ab75f623054f47d7ccd6df1670,nfl,atd,Tommy Tremble,Yes,0.5,loss,0.0,2026_02_CAR_ATL,0.0,loss,0.0,loss,0.0,False,True,True
f0d43af5c6f3bd3ee0fc07b29f682896e027f475f038661a0cec76e49ae9b2c8,nfl,player_rushing_yards,Tony Pollard,Under,39.5,loss,64.0,2026_02_PHI_TEN,64.0,loss,64.0,loss,,False,True,True
51d3cfcf09b1ecda52f5ff217e0e5dc11a940cc2cd8c5a0da10c2348bc42134a,nfl,totals,,Under,41.0,win,38.0,2026_02_SEA_ARI,38.0,win,38.0,win,,False,True,True
3435929081dd6f72be6d1fae08c80cca5bfd087d07bd22dbb01edec182060e86,nfl,player_passing_tds,Baker Mayfield,Over,1.5,loss,1.0,2026_02_CLE_TB,1.0,loss,1.0,loss,,False,True,True
183f2ba6183a5bf52fc4d0f3f4220c4a9796aeb1968b3f767ee595c50936dcec,nfl,player_receiving_yards,Ryan Flournoy,Over,30.5,loss,23.0,2026_02_WAS_DAL,23.0,loss,23.0,loss,,False,True,True
e62d3edff121f8fa7c1eef6ec96b59cc83b2e6e2b4e4b1d9853d7358b4d9d5b3,nfl,player_receiving_yards,Garrett Wilson,Over,68.5,loss,57.0,2026_02_GB_NYJ,57.0,loss,57.0,loss,,False,True,True
83aeb174ca99d38301ba90f3d6c9484b4a4b42b2fe7f6f469f80331da8dec473,nfl,player_receiving_yards,Tyler Warren,Over,43.5,loss,21.0,2026_02_IND_KC,21.0,loss,21.0,loss,,False,True,True
3ac9291efb53649c5f99bb8b311cfc53d4d52a59659e612fd5bc11709a9847ed,nfl,h2h,,Home,0.0,win,7.0,2026_02_JAX_DEN,7.0,win,7.0,win,,False,True,True
55d27c1b183ff95c5a0f7f86be0b6e7dd0e2fa8c8d13e8be93b2586b7673871f,nfl,player_receiving_yards,Travis Etienne Jr.,Under,11.5,win,6.0,2026_02_NO_BAL,6.0,win,6.0,win,,False,True,True
c864561bd6f24107fda091728e1f6cee34db2e00f80838ea2c22402ca7f43aef,nfl,player_receptions,Justice Hill,Over,2.5,loss,2.0,2026_02_NO_BAL,2.0,loss,2.0,loss,,False,True,True
0cad2d43b41c80577860b95a09fe7119ee861dfb8a3ef34aa4d873e5ec179bc1,nfl,player_receiving_yards,Jaxon Smith-Njigba,Under,80.5,loss,155.0,2026_02_SEA_ARI,155.0,loss,155.0,loss,,False,True,True
5b28b1d2b3ba30f685eca84d31983a251a9f3230dc89d0dbf69a8a041b002f8f,nfl,player_receptions,Dontayvion Wicks,Over,2.5,win,5.0,2026_02_PHI_TEN,5.0,win,5.0,win,,False,True,True
e602d96dca5033fc174eb7e7e5ea166ed9b2b82d8c1af0218231d1ab4f27f058,nfl,player_receptions,Xavier Hutchinson,Over,2.5,win,3.0,2026_02_CIN_HOU,3.0,win,3.0,win,,False,True,True
e8032081143d22ee842e05bab1f8d86f726961b7b443aac8a98da7976c48d8b3,nfl,player_receptions,Tyjae Spears,Under,2.5,win,2.0,2026_02_PHI_TEN,2.0,win,2.0,win,,False,True,True
3f5a37cf4e4e0c7ed211a1ffee90a2c473aef5bfce9390cf592da652a253eb3a,nfl,player_receptions,Brian Thomas Jr.,Under,2.5,loss,3.0,2026_02_JAX_DEN,3.0,loss,3.0,loss,,False,True,True
d4f0f8a64e696d6293277d02e0b85f3e177e445c2bc0d56391582b31191ec833,nfl,atd,CeeDee Lamb,Yes,0.5,win,2.0,2026_02_WAS_DAL,2.0,win,1.0,win,0.0,False,True,True
457377161b72de7cd4ce9b983faaa2d27f2bc3b3e02ac503b85f4401eb9a328e,nfl,player_receptions,Jayden Reed,Over,3.5,loss,1.0,2026_02_GB_NYJ,1.0,loss,1.0,loss,,False,True,True
0777a7f4af130d7ac56ba888c9e9325adb04e4eb2cfdd47a8d1254d1d9812d23,nfl,atd,Romeo Doubs,Yes,0.5,loss,0.0,2026_02_PIT_NE,0.0,loss,0.0,loss,0.0,False,True,True
18048ed7cfaf2fdb7e3ae36fa3e9236507984b6414d246cd571bbb5345e3fcf4,nfl,player_rushing_yards,Justin Herbert,Under,18.5,win,2.0,2026_02_LV_LAC,2.0,win,2.0,win,,False,True,True
1292f6b15fd0a694d93c78a90a4c9e82c953f26d193fd567eb2ef123ec1bee54,nfl,player_receptions,Jaylen Waddle,Over,4.5,win,8.0,2026_02_JAX_DEN,8.0,win,8.0,win,,False,True,True
254970c00b9c2d4d59441f9a67f903b7fe3a003dfe56bc5ae6a4c1266f7aa8b9,nfl,player_receptions,Javonte Williams,Over,2.5,win,3.0,2026_02_WAS_DAL,3.0,win,3.0,win,,False,True,True
70f836ed29f132e3de167d8d6ebacff771e2f2896e8a494d89f432eac76b37ce,nfl,player_receiving_yards,Jaylin Noel,Over,27.5,win,31.0,2026_02_CIN_HOU,31.0,win,31.0,win,,False,True,True
f599234dcb344d580b91b12371f10f38dfc6eb5f737aeee9ae62d26e741ff028,nfl,atd,Chris Moore,Yes,0.5,loss,0.0,2026_02_NO_BAL,0.0,loss,0.0,loss,0.0,False,True,True
18940279b05677fbf61195e366e3fc9bc9ed18a9e55b5005c0c10620afdee8e6,nfl,player_receptions,Quinshon Judkins,Over,1.5,win,5.0,2026_02_CLE_TB,5.0,win,5.0,win,,False,True,True
c0001b5e0bc388553fc30f83d4953650d0caeffe653800e33dd94058a23794a1,nfl,player_receptions,Tommy Tremble,Over,1.5,loss,1.0,2026_02_CAR_ATL,1.0,loss,1.0,loss,,False,True,True
9ebfccdd70bff380e3719c8dc926dfd91b162733eb6274b5a52536252b4a101d,nfl,player_receiving_yards,Jaylen Warren,Over,17.5,win,34.0,2026_02_PIT_NE,34.0,win,34.0,win,,False,True,True
a56000be05d51ee030292e63c58853741ae1d9c249dded9bde4127c4fd2663df,nfl,player_receptions,Malik Washington,Over,3.5,win,4.0,2026_02_MIA_SF,4.0,win,4.0,win,,False,True,True
e25facf348d1d50cb2d8e78a7fa459d735ca0856712635837ea4f9334764c213,nfl,player_rushing_yards,Jalen Hurts,Over,30.5,loss,16.0,2026_02_PHI_TEN,16.0,loss,16.0,loss,,False,True,True
a9c9d856e9a3339e77d17ee14978feced8ad1d2f71d31100fd7bbd8d59f5a703,nfl,player_receptions,Kayshon Boutte,Over,2.5,win,3.0,2026_02_CIN_HOU,3.0,win,3.0,win,,False,True,True
cfe831982043a4377c98733b7ac8fc616a4668c1949e95182a50b96b259c1399,nfl,atd,Drake Maye,Yes,0.5,loss,0.0,2026_02_PIT_NE,0.0,loss,0.0,loss,0.0,False,True,True
10ece9d7073c3f6662c39620b6c13db199ea554c272200ed3f699b917d6d2bf1,nfl,player_receptions,Omarion Hampton,Under,2.5,win,2.0,2026_02_LV_LAC,2.0,win,2.0,win,,False,True,True
28e603128c520298987c8a93a4b26f8bcb9139b9995004ab9bf42f1fbd7200d6,nfl,player_rushing_yards,Carson Wentz,Over,8.5,loss,6.0,2026_02_MIN_CHI,6.0,loss,6.0,loss,,False,True,True
39de3f182ee653e0c2853c2816db1a62a3fa86d21d27c80336479e8f3a1a54f2,nfl,player_receptions,George Kittle,Under,3.5,loss,4.0,2026_02_MIA_SF,4.0,loss,4.0,loss,,False,True,True
34f4e10d35fbb2e38a211088c8cda6852f47c4cec286b6cc75444775da397b29,nfl,atd,Chuba Hubbard,Yes,0.5,win,1.0,2026_02_CAR_ATL,1.0,win,1.0,win,0.0,False,True,True
eecc78bce408f430c6b167d9ae8e9b298e6da2b3579b72a02c854907f6f48be8,nfl,player_receiving_yards,Darnell Washington,Under,14.5,win,7.0,2026_02_PIT_NE,7.0,win,7.0,win,,False,True,True
3957cca4e17972730bc4104a910336b281a47318638965cf972327bc5b88e823,nfl,player_receiving_yards,Cole Kmet,Under,12.5,win,0.0,2026_02_MIN_CHI,0.0,win,0.0,win,,False,True,True
c5600f8fd82e03a9016cd5fe7b420b4961012a9a6915a4cf39c609e4ed4f4443,nfl,atd,Justin Jefferson,Yes,0.5,loss,0.0,2026_02_MIN_CHI,0.0,loss,0.0,loss,0.0,False,True,True
295bca45d1133b02d4dcccb7c9eaf10e05d1f954676cb8e2df56b57b7ea7877e,nfl,spreads,,Home,-2.5,win,4.5,2026_02_JAX_DEN,4.5,win,4.5,win,,False,True,True
3eac730ca6d5bb269e549d70593285fdf6ad05744e3b68256f1560531fcdfa80,nfl,player_rushing_yards,Samaje Perine,Under,17.5,win,6.0,2026_02_CIN_HOU,6.0,win,6.0,win,,False,True,True
e3c955a798b4833136fe2028d61618f135ccaba578626ae755f8e81d89ea7e90,nfl,player_rushing_yards,Emari Demercado,Under,10.5,win,8.0,2026_02_WAS_DAL,8.0,win,8.0,win,,False,True,True
21a11ce3e09368eb64d637dd831a081e8ca560d1b1187f7bbaf52c0d2c5e367b,nfl,player_receptions,Calvin Ridley,Under,1.5,loss,2.0,2026_02_PHI_TEN,2.0,loss,2.0,loss,,False,True,True
2736e756c9d5c97b224a655dc78fff3dd05cae4415ed7cd029ac3e7bc9713547,nfl,player_rushing_yards,Tyler Allgeier,Over,35.5,loss,10.0,2026_02_SEA_ARI,10.0,loss,10.0,loss,,False,True,True
705981ca684c697433bb73f49461f5e425fe55563e6ff7c3b07e1f2b25d9ced6,nfl,player_receptions,Trey McBride,Under,6.5,loss,8.0,2026_02_SEA_ARI,8.0,loss,8.0,loss,,False,True,True
a3e234747981d858fcb09c1012c563d22d6b1fdc5e62dee4db6d83b708a13c24,nfl,atd,Greg Dulcich,Yes,0.5,loss,0.0,2026_02_MIA_SF,0.0,loss,0.0,loss,0.0,False,True,True
ae0b9b53fd1229066ca210fcc90c54875cb0d29340f760958531d65473eeb092,nfl,player_receiving_yards,Andrei Iosivas,Under,14.5,win,7.0,2026_02_CIN_HOU,7.0,win,7.0,win,,False,True,True
12a31a9b08af8bb86c25f71b1df797204e17d2392b974ad9b70da3f38c39e868,nfl,spreads,,Home,-8.0,loss,-12.0,2026_02_CLE_TB,-12.0,loss,-12.0,loss,,False,True,True
90accb393a34e8d745bb3365d1c811e7b393db722b415c9b56aaad783ab1a7c1,nfl,spreads,,Home,4.0,loss,-20.0,2026_02_SEA_ARI,-20.0,loss,-20.0,loss,,False,True,True
91c3b215e708cf987c197e7795055639ef1feb15615e69ca3a5188133ead6ca0,nfl,player_rushing_yards,Rico Dowdle,Under,32.5,win,22.0,2026_02_PIT_NE,22.0,win,22.0,win,,False,True,True
4e7996a9026da1bca591f5340e9c65c351aed204f5ac33d7d39650ef95e2d6d7,nfl,h2h,,Home,0.0,loss,-24.0,2026_02_SEA_ARI,-24.0,loss,-24.0,loss,,False,True,True
4275c1bb5d0398eca6018f2421f8424f43620407267838c6c3e4038a4c91c686,nfl,spreads,,Home,-13.0,win,9.0,2026_02_MIA_SF,9.0,win,9.0,win,,False,True,True
73bfd560ca29531155401d0ef7f7acfced47c365bce4aff641921ee0af35707d,nfl,atd,George Pickens,Yes,0.5,loss,0.0,2026_02_WAS_DAL,0.0,loss,0.0,loss,0.0,False,True,True
cd1d97a080f031936eaa0e16b3cb389643f18daff8248ec7128c5f599283f159,nfl,player_receiving_yards,Cooper Kupp,Under,23.5,win,20.0,2026_02_SEA_ARI,20.0,win,20.0,win,,False,True,True
f5a5d17ac65850c2bd0e1ac611c34292b79d481ac7c9df8c751e542614962f27,nfl,player_receiving_yards,Emeka Egbuka,Over,52.5,loss,16.0,2026_02_CLE_TB,16.0,loss,16.0,loss,,False,True,True
1725bd912e501a419f99c904b554b364f4644406701c599b74b128758b714fa5,nfl,atd,DeeJay Dallas,Yes,0.5,loss,0.0,2026_02_MIN_CHI,0.0,loss,0.0,loss,0.0,False,True,True
99e81fa7e08e276f5344aa4a61d2aa5f3b8ae822c7436627ef409fd2903da2d3,nfl,player_receptions,Jalen Coker,Over,4.5,win,8.0,2026_02_CAR_ATL,8.0,win,8.0,win,,False,True,True
d61e062698474f17c592974b99d7e9f7b41625ad9889cfb239049995867b6361,nfl,player_receiving_yards,Dontayvion Wicks,Over,30.5,win,74.0,2026_02_PHI_TEN,74.0,win,74.0,win,,False,True,True
d3c92ba180da74dd316884e70c6216ef515d892d0c9302089ef5a4db93e9f795,nfl,player_rushing_yards,Raheim Sanders,Under,8.5,win,4.0,2026_02_CLE_TB,4.0,win,4.0,win,,False,True,True
3a578fe2cf0c0f6d9da7e7b7adf9af6a2cb86c473b4d9e341fb87a0154e6bda5,nfl,player_receptions,Kendrick Bourne,Over,2.5,loss,2.0,2026_02_SEA_ARI,2.0,loss,2.0,loss,,False,True,True
9215dadc08087079cd8aaee5c01e1237349f2dbdea453e9f0bf5a8e2c4b1c939,nfl,atd,Emari Demercado,Yes,0.5,loss,0.0,2026_02_WAS_DAL,0.0,loss,0.0,loss,0.0,False,True,True
d189c94b150a6f748d5c0c268a58f6115d66853db11ac44760b7b784b1cf5768,nfl,player_receptions,Tyquan Thornton,Over,1.5,win,4.0,2026_02_IND_KC,4.0,win,4.0,win,,False,True,True
d824d520acf4a46cb3c0c1ff865b7c0ae59cd20e34cbd51fc48fc1a4b422ce51,nfl,player_receiving_yards,Trey McBride,Under,61.5,win,41.0,2026_02_SEA_ARI,41.0,win,41.0,win,,False,True,True
25dac95e45b5a82fb8ac258d96fa8118f3465b785ef30007670ad6deaef66aef,nfl,player_rushing_yards,TreVeyon Henderson,Under,35.5,loss,76.0,2026_02_PIT_NE,76.0,loss,76.0,loss,,False,True,True
475f423fb5d6ac9f7477e15f68061d6ea6789df0eb7a10f46e2292a769d28a1f,nfl,player_receptions,Kyle Pitts,Under,3.5,win,1.0,2026_02_CAR_ATL,1.0,win,1.0,win,,False,True,True
22515c94d9ad1503d46fe2e6833b46fc1da4a9e95a27bd862ee929e4e030a860,nfl,atd,John Bates,Yes,0.5,loss,0.0,2026_02_WAS_DAL,0.0,loss,,,,True,True,
b3872ea338e62d4d11ededf076e92809e501fd0fefdf0569c12bcc4c4aa4838e,nfl,atd,George Holani,Yes,0.5,loss,0.0,2026_02_SEA_ARI,0.0,loss,0.0,loss,0.0,False,True,True
c8ed2e89cd2d8d2275ebfc90e1502f366450efdf0b5cfa933139a49fbab76bae,nfl,player_receiving_yards,Chase Brown,Under,19.5,win,2.0,2026_02_CIN_HOU,2.0,win,2.0,win,,False,True,True
b2475d51d4c9881652609e825e6359117237f0d4d6f9c724879c806c04dc351a,nfl,atd,Dak Prescott,Yes,0.5,loss,0.0,2026_02_WAS_DAL,0.0,loss,0.0,loss,0.0,False,True,True
593c0ad6a7df698f0c616ef986b1bfdfd942284697037717e129cda2160033bd,nfl,atd,Lamar Jackson,Yes,0.5,loss,0.0,2026_02_NO_BAL,0.0,loss,0.0,loss,0.0,False,True,True
44429449e8a588b1528601d4bdb87d09627cd53b3234283450a8e11754b706f9,nfl,atd,Jayden Daniels,Yes,0.5,loss,0.0,2026_02_WAS_DAL,0.0,loss,0.0,loss,0.0,False,True,True
eb5f39273ad60abab0728906c8b0128fffe27f3c5acd80ce3499f1257cb2d016,nfl,player_receiving_yards,Devaughn Vele,Over,42.5,win,64.0,2026_02_NO_BAL,64.0,win,64.0,win,,False,True,True
1c1dc992094c5a4aa9602d9a2b6810020877f4b3d9d8f0ac6c937edfe5701803,nfl,player_receptions,Jalen McMillan,Under,2.5,win,0.0,2026_02_CLE_TB,0.0,win,,,,True,True,
d7470456894ee65db7bc9fa02a4995a43333451cdf859309ed2e08491d18baa2,nfl,player_receptions,Breece Hall,Over,2.5,win,5.0,2026_02_GB_NYJ,5.0,win,5.0,win,,False,True,True
74f404d2510a0938848d0cf81b41f8752bf2cc4a94eb76296867687c7fc714f7,nfl,player_rushing_yards,Malik Willis,Over,38.5,loss,6.0,2026_02_MIA_SF,6.0,loss,6.0,loss,,False,True,True
b5ebcf2bce0b2254d48c8d605104fc67b7d1c32ec2787260becf42b827c4113e,nfl,atd,Mason Taylor,Yes,0.5,loss,0.0,2026_02_GB_NYJ,0.0,loss,,,,True,True,
7897ba1b9fdd2a65acbc8dc64a4878c8266eeedc81e46d686a48997ec80c6717,nfl,player_receptions,Oronde Gadsden II,Under,2.5,win,2.0,2026_02_LV_LAC,2.0,win,2.0,win,,False,True,True
6db519dbbeddcdaf1a41f2c1a246829f1d862bc7384d80afb396e5005bdea645,nfl,player_passing_yards,Carson Wentz,Over,215.5,loss,143.0,2026_02_MIN_CHI,143.0,loss,143.0,loss,,False,True,True
4a1ae5282c6cb75ea2fe1a875664615327d6e97e7a38c8717b50d805d7071eee,nfl,atd,Rashod Bateman,Yes,0.5,win,1.0,2026_02_NO_BAL,1.0,win,1.0,win,0.0,False,True,True
738f1ca8c2e4d031f73af19f388b062dc7be0566251277a45317519d431d19e4,nfl,player_receptions,Jahan Dotson,Over,1.5,win,2.0,2026_02_CAR_ATL,2.0,win,2.0,win,,False,True,True
b030ecb85600ae4a9e0f05e34c48bb4dde6a43133be59609a0d19a767d2f8151,nfl,player_receptions,Wan'Dale Robinson,Under,4.5,win,1.0,2026_02_PHI_TEN,1.0,win,1.0,win,,False,True,True
72541cdeecea82c6c258165360d5aabf64904fb39df7dbdc6c01fda136409806,nfl,atd,Keaton Mitchell,Yes,0.5,loss,0.0,2026_02_LV_LAC,0.0,loss,0.0,loss,0.0,False,True,True
39ad1041319042f8cfaf1ce49a9090cfd912060ac598c2c5d3e6693c885820d7,nfl,player_rushing_yards,Braelon Allen,Over,24.5,loss,7.0,2026_02_GB_NYJ,7.0,loss,7.0,loss,,False,True,True
50112127b289b46dc7a6547a0f7d3eb99f1da83bad1619ab33348c11b6648d0e,nfl,player_receiving_yards,Chris Brooks,Over,9.5,win,15.0,2026_02_GB_NYJ,15.0,win,15.0,win,,False,True,True
973295fe29e1ecce996f454ccd89fec4694664b4cdbba0e0ca5e73b063632b93,nfl,atd,Aaron Jones,Yes,0.5,loss,0.0,2026_02_MIN_CHI,0.0,loss,0.0,loss,0.0,False,True,True
3dda06c824b7da76126662e4d0078f355e4e0de073936e358e2438e6403aff2d,nfl,player_receptions,Cade Otton,Under,2.5,loss,5.0,2026_02_CLE_TB,5.0,loss,5.0,loss,,False,True,True
40812ab5a9a5b8cdf791ff44ed75b97c4470624eb195ba2617356e0786f83bf6,nfl,player_rushing_yards,Geno Smith,Over,8.5,win,17.0,2026_02_GB_NYJ,17.0,win,17.0,win,,False,True,True
41406645ae26c8a6e592230ca85297a1d76f963b93a818aa25d9b582dfe499d9,nfl,player_receiving_yards,Brian Thomas Jr.,Under,32.5,loss,40.0,2026_02_JAX_DEN,40.0,loss,40.0,loss,,False,True,True
e50810ec3e990777aa22cb014637ee9d0abce2880bafbb79709f8be9feb93303,nfl,player_receptions,Jaylin Noel,Over,2.5,loss,1.0,2026_02_CIN_HOU,1.0,loss,1.0,loss,,False,True,True
b438530d3edbd1de52df7fc04f6999a35cdf24504f845335b60788b9a24fd323,nfl,player_rushing_yards,Travis Etienne,Under,40.5,win,25.0,2026_02_NO_BAL,25.0,win,25.0,win,,False,True,True
d133cafb1ecda8903ad444e1b75fd10a1b9ea4bece927d7979eafb39a205666e,nfl,atd,Kalif Raymond,Yes,0.5,loss,0.0,2026_02_MIN_CHI,0.0,loss,0.0,loss,0.0,False,True,True
341526cc3ffb40a2d85efaffd4ef9f98eb0e6916b02833c4d11922fc52deb62e,nfl,atd,Demario Douglas,Yes,0.5,loss,0.0,2026_02_PIT_NE,0.0,loss,0.0,loss,0.0,False,True,True
d7266d72d83403fbfd23b3d179ec0ad31e2d5027043fbadcd56bbc2c2cc1bf82,nfl,player_receiving_yards,Javonte Williams,Over,13.5,win,20.0,2026_02_WAS_DAL,20.0,win,20.0,win,,False,True,True
ea7faee81cb88da58a60307853e791bff07737b9543ec76ae57b56078f43b781,nfl,player_receptions,Demario Douglas,Over,3.5,loss,1.0,2026_02_PIT_NE,1.0,loss,1.0,loss,,False,True,True
c3d644d61d06f3d62dd884550e1fbbfc735d4d1610c2c5cb6c696a1f43d9ca5c,nfl,player_rushing_yards,Deebo Samuel,Over,6.5,loss,4.0,2026_02_MIA_SF,4.0,loss,4.0,loss,,False,True,True
06bbb0e21ed140d50e42fd8ee473fbed18a7dd5660630b96fe604445e4b5a56f,nfl,atd,Evan Engram,Yes,0.5,loss,0.0,2026_02_JAX_DEN,0.0,loss,0.0,loss,0.0,False,True,True
e747ab84cb5dc6f4355358e4e577ebac2d0893ea767ab8e5da9db6708c9480db,nfl,player_receptions,Jalen Nailor,Over,2.5,loss,1.0,2026_02_LV_LAC,1.0,loss,1.0,loss,,False,True,True
4f8908ba15ccf400cf18cd2cfc96acba563f1ba99064f1acd5abdffc837eaae7,nfl,player_receiving_yards,Matthew Golden,Over,47.5,win,58.0,2026_02_GB_NYJ,58.0,win,58.0,win,,False,True,True
ea6ed8b57c665d47c4745692319e934c904f04027816c4e460b5cbc35fe66db1,nfl,player_receptions,Matthew Golden,Over,3.5,win,4.0,2026_02_GB_NYJ,4.0,win,4.0,win,,False,True,True
464b209cbb842785e71a276a27e2b46e3e3e44d1ad3bb344160c617c7bc2962a,nfl,atd,Pat Bryant,Yes,0.5,loss,0.0,2026_02_JAX_DEN,0.0,loss,0.0,loss,0.0,False,True,True
066cf4b66e51db57a47d56abc090a4f67adc3d0782c41904921664c115276523,nfl,player_receiving_yards,Juwan Johnson,Under,37.5,loss,66.0,2026_02_NO_BAL,66.0,loss,66.0,loss,,False,True,True
93d6c7f1fce53317908d06f5b5e8f4539884d3315460e259544ede8c69575d59,nfl,atd,Braelon Allen,Yes,0.5,win,1.0,2026_02_GB_NYJ,1.0,win,1.0,win,0.0,False,True,True
db5b0840e0e60ecf1f6e63aae94f606b8673b1fd66081bd2d5b27babbd88bb22,nfl,atd,Jaylin Noel,Yes,0.5,loss,0.0,2026_02_CIN_HOU,0.0,loss,0.0,loss,0.0,False,True,True
516a745e1c4d3d14284a83beaa6b8a9e6b9fc3da068206fced37dfd0c2d1608a,nfl,atd,Tre Tucker,Yes,0.5,win,1.0,2026_02_LV_LAC,1.0,win,1.0,win,0.0,False,True,True
d9501a89572b7d0cb2b54005a9949af581cf4948c68098fdda8ce78b13afee82,nfl,atd,Cade Otton,Yes,0.5,loss,0.0,2026_02_CLE_TB,0.0,loss,0.0,loss,0.0,False,True,True
e97aed51da6d8460a2a068b15b5337f5c93639b9a3fb4e3b38175d81c1a9412e,nfl,player_receptions,Chris Brooks,Over,1.5,loss,1.0,2026_02_GB_NYJ,1.0,loss,1.0,loss,,False,True,True
5cd278ed2f2a199d33417300cabe71bccb7c9f00f6b558559fd999149f23b9b0,nfl,atd,Jayden Reed,Yes,0.5,loss,0.0,2026_02_GB_NYJ,0.0,loss,0.0,loss,0.0,False,True,True
8393bb35b3aa69407f08521633c2cf0e22deb118b41b5eb1ab8af10151df5852,nfl,atd,Xavier Hutchinson,Yes,0.5,loss,0.0,2026_02_CIN_HOU,0.0,loss,0.0,loss,0.0,False,True,True
79b9480777b4fa6fd31be3fc390bbd96b09f3bbadb34ef4302ea709f9f9895fd,nfl,atd,Michael Mayer,Yes,0.5,loss,0.0,2026_02_LV_LAC,0.0,loss,0.0,loss,0.0,False,True,True
f4892c50935d076b5b28a2a57a0b4aabb7b650d8c2aa56f17bc7f38396a7050a,nfl,player_receiving_yards,Calvin Ridley,Under,17.5,loss,35.0,2026_02_PHI_TEN,35.0,loss,35.0,loss,,False,True,True
5cfd6b0d11b40892958ce1f4a2076a006ea7a74c0518fdb991874ea8bd9968fe,nfl,player_rushing_yards,Chris Brooks,Over,24.5,loss,11.0,2026_02_GB_NYJ,11.0,loss,11.0,loss,,False,True,True
9e9535a7c42b32f3979a9e4b054905e95f64e3758d2333d971f33987e70d8062,nfl,player_receptions,Bhayshul Tuten,Over,1.5,win,2.0,2026_02_JAX_DEN,2.0,win,2.0,win,,False,True,True
f9a6ba3c206d8f4394e2cb30d50acf63caf9ca7cfdc2f6f67224e35166940ea1,nfl,player_receiving_yards,Roman Wilson,Over,34.5,loss,28.0,2026_02_PIT_NE,28.0,loss,28.0,loss,,False,True,True
a5ba463a61e18d1d319236e0217e1c883417e77a8000a3b48fef7db3361f0214,nfl,atd,Tre' Harris,Yes,0.5,loss,0.0,2026_02_LV_LAC,0.0,loss,0.0,loss,0.0,False,True,True
1b86d1071b2472a4f292bb69064d6464d582b0ac9dacbd4c96b8f734bb7d2b2b,nfl,player_receptions,Mark Andrews,Over,4.5,win,6.0,2026_02_NO_BAL,6.0,win,6.0,win,,False,True,True
bb0ef7006ebc5dd048557bed80f658f39d8d94943fe0872c7c3fd8d5bafc4620,nfl,player_rushing_yards,Lamar Jackson,Over,41.5,loss,34.0,2026_02_NO_BAL,34.0,loss,34.0,loss,,False,True,True
872fbb66a2ee6b4d50ce67cd8e76fa665b4b8c11b637bebb3a2bd0f7a42cb3de,nfl,player_receiving_yards,Michael Wilson,Under,35.5,win,18.0,2026_02_SEA_ARI,18.0,win,18.0,win,,False,True,True
3bad20d05e7a7bfd7b125831fe56d292f2be6c75eb1b5c917f4644ed0174b2a2,nfl,player_receiving_yards,Rashod Bateman,Over,38.5,win,88.0,2026_02_NO_BAL,88.0,win,88.0,win,,False,True,True
495fba68c8d69a498a23a6ba57718955158dd749c2cf515aec37779546a9f3b2,nfl,player_rushing_yards,Alvin Kamara,Under,15.5,win,15.0,2026_02_NO_BAL,15.0,win,15.0,win,,False,True,True
cba80418770e91399ff426277886e722bd5d6193b1ba93ff8851878a199e02fd,nfl,player_receptions,Rashod Bateman,Over,2.5,win,7.0,2026_02_NO_BAL,7.0,win,7.0,win,,False,True,True
0f9bae2f98fc86561bd18e1cbbf711832038d2b6fe52aaee55f980b39d283222,nfl,atd,Luther Burden III,Yes,0.5,loss,0.0,2026_02_MIN_CHI,0.0,loss,0.0,loss,0.0,False,True,True
46ad6313cd8e0137192546ada6e457579bb2df76269c5a2e6c121db5293479d7,nfl,atd,Emeka Egbuka,Yes,0.5,win,1.0,2026_02_CLE_TB,1.0,win,1.0,win,0.0,False,True,True
8662b72ae896b092ac22d923c757f69522fd669655c295260de9cacfeb740533,nfl,player_receptions,Roman Wilson,Over,2.5,win,5.0,2026_02_PIT_NE,5.0,win,5.0,win,,False,True,True
e339cb94be711ec8af084afc6386aa3474d53658ba6455e786ab48897ef680a6,nfl,player_rushing_yards,David Montgomery,Over,61.5,loss,10.0,2026_02_CIN_HOU,10.0,loss,10.0,loss,,False,True,True
4d1796979c9d7c08c8676dbe8cdcfefe0652e9f577a65b7a9cf86ebece613314,nfl,player_rushing_yards,Woody Marks,Under,28.5,win,8.0,2026_02_CIN_HOU,8.0,win,8.0,win,,False,True,True
b83e88ff23ff59f02abdb0a7a313698e6a8c3d9a470c2f40aa8cf76190acf793,nfl,player_rushing_yards,George Holani,Over,30.5,loss,13.0,2026_02_SEA_ARI,13.0,loss,13.0,loss,,False,True,True
1d5dda28bdd60285611693e74f13f8d9acb660ed98b0cfe4e324aa59ee850092,nfl,player_receptions,LaJohntay Wester,Over,1.5,loss,1.0,2026_02_NO_BAL,1.0,loss,1.0,loss,,False,True,True
504f209840bdcc988ebbccbb964061c968fc3faa5ff0bd7eb08a620e99d8b44a,nfl,atd,Ryan Miller,Yes,0.5,win,1.0,2026_02_MIA_SF,1.0,win,1.0,win,0.0,False,True,True
74ad806e5ba2e7dc9fb5738cb40673f541a5f7dec7e007aeb971851508a79d9b,nfl,atd,Tory Horton,Yes,0.5,loss,0.0,2026_02_SEA_ARI,0.0,loss,,,,True,True,
8b3bb3a9b03d83975ccfb4a91935e4ae116a8efb871ad41be4ebfb7dc59700f5,nfl,atd,Marquise Brown,Yes,0.5,loss,0.0,2026_02_PHI_TEN,0.0,loss,0.0,loss,0.0,False,True,True
d360a3a3df29463c8a12aac12831e8e0ef6f8a62bcfcecfde3c11680b815b578,nfl,player_rushing_yards,Alvin Kamara,Over,17.5,loss,15.0,2026_02_NO_BAL,15.0,loss,15.0,loss,,False,True,True
9b83916d1530fc53d71c715c010ff16d579a41c9280252701f519ccf958c4999,nfl,player_receiving_yards,Will Shipley,Over,0.5,win,5.0,2026_02_PHI_TEN,5.0,win,5.0,win,,False,True,True
04cb7778bcbc969d8db4c1c27a9e5f20b07afd9950ce435d33e0670c5d61d33b,nfl,player_passing_yards,Jacoby Brissett,Over,216.5,loss,95.0,2026_02_SEA_ARI,95.0,loss,95.0,loss,,False,True,True
5ef47e92a1255213c17f0880df18e4af3d814503f7a9dd354e4cf0f394ddf30a,nfl,player_receptions,Jacory Croskey-Merritt,Under,0.5,loss,1.0,2026_02_WAS_DAL,1.0,loss,1.0,loss,,False,True,True
6686d73710851d136fa255325511668800bb43811497bc780515794b44af24a0,nfl,player_receiving_yards,Wan'Dale Robinson,Over,38.5,loss,9.0,2026_02_PHI_TEN,9.0,loss,9.0,loss,,False,True,True
c71f210915a634c9c13b5dc6c0495a2855cea89e8c574baa978e83881a669f68,nfl,atd,Alec Pierce,Yes,0.5,loss,0.0,2026_02_IND_KC,0.0,loss,0.0,loss,0.0,False,True,True
f420528d2d34a753238edfb594cd5330048929ec3956aebaec13e822ee959bab,nfl,player_receptions,George Holani,Under,1.5,win,1.0,2026_02_SEA_ARI,1.0,win,1.0,win,,False,True,True
f1f0a8fe4999341fb3c0258822f6e23cff7955209fd348a9b65f7dbc2b6d1dd5,nfl,player_receptions,Kenny Gainwell,Over,2.5,win,3.0,2026_02_CLE_TB,3.0,win,3.0,win,,False,True,True
e0103a817eecdbeca22bbf2f0f36cbd9a81a35366efaf831841f0ba32c23a685,nfl,player_rushing_yards,George Holani,Under,29.5,win,13.0,2026_02_SEA_ARI,13.0,win,13.0,win,,False,True,True
14a838c8f771c15224ee4accb3d4fdfaddf5ffbcf77ce7d0519eaf5114df7945,nfl,player_receiving_yards,Durham Smythe,Under,8.5,win,0.0,2026_02_NO_BAL,0.0,win,0.0,win,,False,True,True
bb5be7046927f387e3c7dce61d4dc58d573cc6133eb91818c582dd5369ece9f6,nfl,player_rushing_yards,David Montgomery,Under,62.5,win,10.0,2026_02_CIN_HOU,10.0,win,10.0,win,,False,True,True
27cfc2ecf611f7a8c09f81448613393d6e2edbf7a13a02ba0694ebbd5a8854de,nfl,player_receiving_yards,Roman Wilson,Under,33.5,win,28.0,2026_02_PIT_NE,28.0,win,28.0,win,,False,True,True
0589e775438d87c993c09c7c271ca2edb0c5909d5f8355a752b9c30c1d68b604,nfl,player_receiving_yards,George Holani,Under,8.5,win,2.0,2026_02_SEA_ARI,2.0,win,2.0,win,,False,True,True
d36a8d3ff3f9402dbf0562a16972f2222b49ebd3649f5c868d6263f49e710e0f,nfl,spreads,,Away,-8.5,win,-12.5,2026_02_CLE_TB,-12.5,win,-12.5,win,,False,True,True
6718cc29b5f57ae7be6aaf24c348606504e53b793fa0d9a3e22ea75f85566a7d,nfl,atd,Trey McBride,Yes,0.5,win,1.0,2026_02_SEA_ARI,1.0,win,1.0,win,0.0,False,True,True
41a7c121b0fde675c65c6f783eb85eafd904df97934eaf4a77044aed83912205,nfl,player_rushing_yards,Isaiah Williams,Over,0.5,win,14.0,2026_02_GB_NYJ,14.0,win,14.0,win,,False,True,True
f828c76438ec5fab67a1cc19c10cdddaa881290f758b389fec0daf711052a6b3,nfl,player_passing_yards,Jayden Daniels,Under,215.5,win,96.0,2026_02_WAS_DAL,96.0,win,96.0,win,,False,True,True
852ebf4c6d70e1193244742eb65080891efdd13bf8b6083c049221e7e278b37f,nfl,player_rushing_yards,CeeDee Lamb,Under,0.5,win,0.0,2026_02_WAS_DAL,0.0,win,0.0,win,,False,True,True
f6bedffb50a1e758be67e0a29aa47dfc20aa2460ff86a6997811d0a81429dda6,nfl,player_receiving_yards,Justin Jefferson,Under,80.5,win,55.0,2026_02_MIN_CHI,55.0,win,55.0,win,,False,True,True
567c11d80ae125e6921ac52fbd741019d52a111cda0fa2928bbe5a0c79272670,nfl,player_rushing_yards,Chris Brooks,Under,24.5,win,11.0,2026_02_GB_NYJ,11.0,win,11.0,win,,False,True,True
f448044b791a2def70eacfe5a94845f1cfb58d1deaf42e574ffeb11e5c2a66d1,nfl,atd,Dallas Goedert,Yes,0.5,loss,0.0,2026_02_PHI_TEN,0.0,loss,0.0,loss,0.0,False,True,True
45bf456d8a2da5063898784533cb17950e96f0418ee9f12f2d3974009834c9ad,nfl,player_passing_yards,Malik Willis,Under,180.5,loss,197.0,2026_02_MIA_SF,197.0,loss,197.0,loss,,False,True,True
64ac4be944abeb0a00485c1f6d778924a362b12ff17281dbe9ec41670180c16c,nfl,player_receptions,Devontez Walker,Under,1.5,win,1.0,2026_02_NO_BAL,1.0,win,1.0,win,,False,True,True
0487e6f89a710afb8af24040945062737bbdc69d2a7e2e39e796029fbc90fd78,nfl,atd,Treylon Burks,Yes,0.5,loss,0.0,2026_02_WAS_DAL,0.0,loss,0.0,loss,0.0,False,True,True
9083201de879d40537c0b189deb320dc121fa5833380dc40b69057a407dbc724,nfl,player_receiving_yards,Jacory Croskey-Merritt,Under,2.5,loss,5.0,2026_02_WAS_DAL,5.0,loss,5.0,loss,,False,True,True
c2b715be34bbcd1c1e67625cb847e352673e636280698bcfea5980d7361ec2e0,nfl,player_receptions,Jordan Addison,Under,3.5,win,2.0,2026_02_MIN_CHI,2.0,win,2.0,win,,False,True,True
b6e6ec2e5a9a83f52613c80a1eafcfb3d4434ecac2f935e70f164b682be338ec,nfl,player_receiving_yards,Michael Mayer,Under,44.5,win,23.0,2026_02_LV_LAC,23.0,win,23.0,win,,False,True,True
e418df2eb6b0a62ff9401ea8f4a557bbd3c23b9828ae011a43d65d13a3a6f722,nfl,player_rushing_yards,Deebo Samuel,Under,6.5,win,4.0,2026_02_MIA_SF,4.0,win,4.0,win,,False,True,True
6e09fbbf2623ec51cc8317def7b798983ee1805a0e3255d689b4bbed589d80f3,nfl,player_receiving_yards,Kenny Gainwell,Over,12.5,loss,5.0,2026_02_CLE_TB,5.0,loss,5.0,loss,,False,True,True
1739182f42c6d1f03c77f94bbd9afd78557defc980bb82585cafc888c24ca472,nfl,player_receiving_yards,Troy Franklin,Over,9.5,win,27.0,2026_02_JAX_DEN,27.0,win,27.0,win,,False,True,True
d3faa71bcc1cbdb1b0b3f4f70ccfbc2d3a5ebf7b689189d742c12af5ecae2f83,nfl,player_receiving_yards,Jalen McMillan,Over,24.5,loss,0.0,2026_02_CLE_TB,0.0,loss,,,,True,True,
4fb05045c6bf7915202fa50f0861626c856f52d278d156072a8153747a707fbf,nfl,player_rushing_yards,DeeJay Dallas,Under,16.5,win,8.0,2026_02_MIN_CHI,8.0,win,8.0,win,,False,True,True
11bf125c1841efac8f5cc7be1653fbe6cd879577ff4600dd644818807ad49989,nfl,player_receiving_yards,Malik Washington,Under,33.5,loss,43.0,2026_02_MIA_SF,43.0,loss,43.0,loss,,False,True,True
6854671267f759bad5e2bf0697ce0bce847bb5708d44b61060c174f67050fa9f,nfl,player_receptions,Breece Hall,Under,2.5,loss,5.0,2026_02_GB_NYJ,5.0,loss,5.0,loss,,False,True,True
d263bc1c36484a0eee170606d26c992a146bb54d01da89f359c2a82c3a24ebe3,nfl,player_receptions,Ben Sinnott,Under,1.5,win,1.0,2026_02_WAS_DAL,1.0,win,1.0,win,,False,True,True
9c4dcf2b2f251612bcc87b6ee1a7929ebc170f4a23bcb22e7c83ed1cf1eae8a8,nfl,player_receptions,Durham Smythe,Under,1.5,win,0.0,2026_02_NO_BAL,0.0,win,0.0,win,,False,True,True
55f23d27e1ca5f8699ccbda0f0cb8e82d61a7ca66bd86ce3548d79956a226d35,nfl,player_receptions,Chris Rodriguez,Under,0.5,win,0.0,2026_02_JAX_DEN,0.0,win,0.0,win,,False,True,True
937d63e10689f77c7d6b01cb8271481b0a5b19270ad6ca15e92abefa364d4048,nfl,player_receiving_yards,Demarcus Robinson,Under,26.5,loss,34.0,2026_02_MIA_SF,34.0,loss,34.0,loss,,False,True,True
80649aaf1a7585ffc7ef589fbb3fc86afa3c2b39b7340f71e59573c070c3302d,nfl,player_receptions,Charlie Kolar,Under,0.5,loss,3.0,2026_02_LV_LAC,3.0,loss,3.0,loss,,False,True,True
159ec407af7b1c5c9aa9559f8e3b36cec6e3529bb9eaa16df1a7832c8a6b0e38,nfl,player_rushing_yards,Braelon Allen,Under,22.5,win,7.0,2026_02_GB_NYJ,7.0,win,7.0,win,,False,True,True
622c103fc5a37238df8942f3b068eec0a2b43a0dfbb2bd4ccaac113000f4572c,nfl,atd,Jonathan Taylor,Yes,0.5,win,2.0,2026_02_IND_KC,2.0,win,1.0,win,0.0,False,True,True
7ba276259ed70f4d67cef38138adc6ba80aac0fee4a388269edef3ef4aa18729,nfl,player_receiving_yards,Jordan Addison,Under,39.5,win,21.0,2026_02_MIN_CHI,21.0,win,21.0,win,,False,True,True
a68e9dbc7fb7f10227df054b5fdc8d768f2c51ca073f4c8844a3ea68bc3920c7,nfl,player_passing_yards,Patrick Mahomes,Over,220.5,win,382.0,2026_02_IND_KC,382.0,win,382.0,win,,False,True,True
908c916b3fafce4b909c9ca5ff08a51388caeae32b842a66cc5aea6449d0a3d1,nfl,player_receptions,Erick All,Over,0.5,win,2.0,2026_02_CIN_HOU,2.0,win,2.0,win,,False,True,True
967c90c813ca9614457bcd00fdc8170b1672c10efc32389419926194402ed738,nfl,player_receiving_yards,Cooper Kupp,Over,22.5,loss,20.0,2026_02_SEA_ARI,20.0,loss,20.0,loss,,False,True,True
07f89f1fa45e4ac41f9c550742e4d12659e5c254be5df24b1602541d0f377c7c,nfl,player_rushing_yards,Tank Bigsby,Over,9.5,win,33.0,2026_02_PHI_TEN,33.0,win,33.0,win,,False,True,True
1a0813fa365d29dc83894a1c8ccfab7d0d17aa656aa8f1e65192d12b6d8367f2,nfl,player_rushing_yards,Jacory Croskey-Merritt,Under,53.5,win,43.0,2026_02_WAS_DAL,43.0,win,43.0,win,,False,True,True
28298f1496417b4d475a0ccf3410d53f96022a36fd7840de2964a49a7e3e953c,nfl,player_receptions,Jack Bech,Under,2.5,win,2.0,2026_02_LV_LAC,2.0,win,2.0,win,,False,True,True
e1db82d6281f284ff23a48b49a193583eb65719b80c3f8ac4c08f6f40a76c34f,nfl,player_rushing_yards,Chase Brown,Over,55.5,win,80.0,2026_02_CIN_HOU,80.0,win,80.0,win,,False,True,True
eb19018726aef87e1114774c2bc5f7eb7b321a685a8a40981c34ce0a4bf6a0d7,nfl,player_rushing_yards,Justice Hill,Under,12.5,win,6.0,2026_02_NO_BAL,6.0,win,6.0,win,,False,True,True
1dde8c90282c07928dcc5713689ff800d71b2743998dfaa39ea41971f239bda7,nfl,player_rushing_yards,Jalen Hurts,Under,28.5,win,16.0,2026_02_PHI_TEN,16.0,win,16.0,win,,False,True,True
00ca2db5d92d7d8b00df863c79cbdcc70240cdee6876eb9cecbf4b2b2be09749,nfl,player_receiving_yards,Jared Wayne,Under,13.5,loss,33.0,2026_02_CIN_HOU,33.0,loss,33.0,loss,,False,True,True
8af556344d5798e5f59612c842ac138a75c4f8e2ccb2c74e528968a9a1e794b8,nfl,player_receiving_yards,Jakobi Meyers,Over,37.5,loss,28.0,2026_02_JAX_DEN,28.0,loss,28.0,loss,,False,True,True
97b14169c9f6aa575f070b9197795a5328e3cd378c721ea854e0f7cd9d0427e2,nfl,player_rushing_yards,Kenneth Walker,Under,81.5,loss,117.0,2026_02_IND_KC,117.0,loss,117.0,loss,,False,True,True
1a74ab9b4859df3d87d5630195becb7a4495c23677f1784d494c3e2290ed91ab,nfl,player_receiving_yards,Keaton Mitchell,Under,8.5,loss,15.0,2026_02_LV_LAC,15.0,loss,15.0,loss,,False,True,True
a718d6a9e218f752ac58f4c507a5ac70e31473b508a13518d4a4f7a3a13283cd,nfl,player_receptions,Troy Franklin,Over,0.5,win,1.0,2026_02_JAX_DEN,1.0,win,1.0,win,,False,True,True
b68a42b93cbe6c367b0191910fd673a69e8b0eb2084215ac51bd26b36ccc9191,nfl,player_receiving_yards,Ben Sinnott,Under,12.5,win,6.0,2026_02_WAS_DAL,6.0,win,6.0,win,,False,True,True
dfd35efecbd7767cde561c68e1f45097017631cfcf9d3fe6d83574eb3a7b206d,nfl,player_receiving_yards,Greg Dulcich,Over,22.5,loss,17.0,2026_02_MIA_SF,17.0,loss,17.0,loss,,False,True,True
c54a5acea70947ac1ac4d1b499fe68a899155fe215dc846e7f4c78737dc1b5f7,nfl,player_rushing_yards,Ashton Jeanty,Under,64.5,win,48.0,2026_02_LV_LAC,48.0,win,48.0,win,,False,True,True
79b94898f010762913d251aefcdb3c16e446a64709f97d6c4a1be6456e1f7733,nfl,player_receptions,Keaton Mitchell,Under,1.5,win,1.0,2026_02_LV_LAC,1.0,win,1.0,win,,False,True,True
79990fdb8cc1d3a34973eb46f9d1e749f008637c4390d763e9dfd984fb88e168,nfl,player_receiving_yards,Jack Bech,Under,24.5,loss,25.0,2026_02_LV_LAC,25.0,loss,25.0,loss,,False,True,True
a7f710f58eb02401531cbab7ded9be9cdb23e3fb6f96e0462e1c7976da452666,nfl,atd,Josh Downs,Yes,0.5,loss,0.0,2026_02_IND_KC,0.0,loss,0.0,loss,0.0,False,True,True
f7763ff44230f1fdf472dce90ae3ad3bd82cc12255d0cef98c05dd0cf36cb7d9,nfl,atd,Patrick Mahomes,Yes,0.5,loss,0.0,2026_02_IND_KC,0.0,loss,0.0,loss,0.0,False,True,True
f0438c146b75d134ea3f47a3bfb9385c40912437d21f01e31a66080e6a9f2ee6,nfl,player_receiving_yards,Jaxon Smith-Njigba,Over,81.5,win,155.0,2026_02_SEA_ARI,155.0,win,155.0,win,,False,True,True
e9705afe530f338eaaf944669eb9017ec0454c453af872f9c2e1b16f5e0f037a,nfl,player_receiving_yards,Chris Rodriguez,Under,0.5,win,0.0,2026_02_JAX_DEN,0.0,win,0.0,win,,False,True,True
b99d3a823977eadcc8df86d80265de0ca52c753e5e5222f3aa62ddee00e4a864,nfl,player_receiving_yards,Tyler Warren,Under,42.5,win,21.0,2026_02_IND_KC,21.0,win,21.0,win,,False,True,True
914623e5bfdc1eb1a9622a0bc71dfc0f9bba1cfb0be3ed0862564eace7c60f65,nfl,player_receptions,Jared Wayne,Under,1.5,loss,2.0,2026_02_CIN_HOU,2.0,loss,2.0,loss,,False,True,True
1a7861423962c8cb16f67b2a9882e2c2bed9a9a31502f2b5014ef95b071481b7,nfl,player_receiving_yards,Erick All,Over,3.5,win,5.0,2026_02_CIN_HOU,5.0,win,5.0,win,,False,True,True
9eb3b60ea1ca2b066d51253f35a95d42c97e33ba02d91962d9b81c786e8d8f7a,nfl,atd,Ryan Flournoy,Yes,0.5,loss,0.0,2026_02_WAS_DAL,0.0,loss,0.0,loss,0.0,False,True,True
156811912445b19563b1bd8da6d4b63799c5fe313e363469d5ac53e4c8069c80,nfl,player_receptions,Aaron Jones,Under,2.5,win,0.0,2026_02_MIN_CHI,0.0,win,0.0,win,,False,True,True
b4969e0250226376554abfd0a1f931cafd0cc8485bfa70cd56454f78a6546159,nfl,player_receptions,Javonte Williams,Under,2.5,loss,3.0,2026_02_WAS_DAL,3.0,loss,3.0,loss,,False,True,True
245f222f0c9653d05de361395f419a90e300527bf25c5b74ab2dce52fb1ff889,nfl,player_receiving_yards,Kyle Pitts,Over,31.5,loss,15.0,2026_02_CAR_ATL,15.0,loss,15.0,loss,,False,True,True
fae3ffbd9000c1f93e70cf5636beefef1ebc2468fb94eaec16a4f7ee90f6ba70,nfl,atd,Rashee Rice,Yes,0.5,loss,0.0,2026_02_IND_KC,0.0,loss,0.0,loss,0.0,False,True,True
8f8e85bafe9ba3c6ef074073a595edc2c9c706ca5559a263fe27520306cb9987,nfl,player_receiving_yards,Devontez Walker,Under,19.5,loss,47.0,2026_02_NO_BAL,47.0,loss,47.0,loss,,False,True,True
10b014ae19781fcd7f0756f621a2b248b366944c446a10b071ff0662020a7aa6,nfl,player_passing_yards,Jordan Love,Over,251.5,loss,145.0,2026_02_GB_NYJ,145.0,loss,145.0,loss,,False,True,True
9cf39b6e09b9d8deaf05819c88a76c47d2652498a212b22930038b6b7c7537dc,nfl,player_passing_yards,Jalen Hurts,Under,200.5,loss,264.0,2026_02_PHI_TEN,264.0,loss,264.0,loss,,False,True,True
40246443f2184c2bca71bf029061522c6f0a451e061e0fe528d5733fb1341d9b,nfl,player_passing_yards,Tyler Shough,Under,240.5,loss,252.0,2026_02_NO_BAL,252.0,loss,252.0,loss,,False,True,True
ec4628137923bbca2e074996212342aa0c27c51a59228abf23e5d597986d6232,nfl,player_receiving_yards,Rico Dowdle,Over,14.5,win,22.0,2026_02_PIT_NE,22.0,win,22.0,win,,False,True,True
9dc159ab137a422bfef57d6c7e0d6b83fb0f11f511601cb0cb16376c954bebdc,nfl,player_receiving_yards,George Pickens,Over,63.5,loss,40.0,2026_02_WAS_DAL,40.0,loss,40.0,loss,,False,True,True
a854c11c4e7918e3a4dd1040bc9525b882904d8a11752bfe4e31d931e3276077,nfl,player_receiving_yards,Kalif Raymond,Over,23.5,win,40.0,2026_02_MIN_CHI,40.0,win,40.0,win,,False,True,True
4742e09831fc6b8a6b6efa4600804673f68016051b7030ecea7e611c4869dd89,nfl,player_receiving_yards,Kalif Raymond,Under,22.5,loss,40.0,2026_02_MIN_CHI,40.0,loss,40.0,loss,,False,True,True
04ca4de9b877961188d444e6d9bd5efb806da86f0d44b74af6997c64c51668fc,nfl,spreads,,Away,-4.0,loss,13.0,2026_02_WAS_DAL,13.0,loss,13.0,loss,,False,True,True
26d64f75572800e411f202a4e61341bb58d412b1b7ccdf12d87b7a7ea56e3b25,nfl,player_receptions,Raheim Sanders,Under,1.5,win,1.0,2026_02_CLE_TB,1.0,win,1.0,win,,False,True,True
cf58583198b9f2fa96c9c6a34f39eeacc15605cf14011d5158d8a62b60629e1c,nfl,totals,,Over,43.5,loss,37.0,2026_02_CAR_ATL,37.0,loss,37.0,loss,,False,True,True
c376fdf97c8c481f0fff42bca6fd6417a1046405c5add25e2b4132ac8c3f8af3,nfl,player_receiving_yards,Mike Evans,Over,48.5,win,54.0,2026_02_MIA_SF,54.0,win,54.0,win,,False,True,True
e816dbb7172cc59702df40320b81caa7700faa4d475baec51b9a572cf34e2f7d,nfl,player_receptions,Marvin Harrison,Under,3.5,win,0.0,2026_02_SEA_ARI,0.0,win,0.0,win,,False,True,True
0b1d0633ea1d805cda4edfb2be77f254ce5585cc38ed9fe140ea6200e05790fe,nfl,totals,,Over,50.5,win,57.0,2026_02_WAS_DAL,57.0,win,57.0,win,,False,True,True
5845270f8f848943b3249d1cf9a56f26df8b31d83185ea00d794547ee9880ee4,nfl,player_receiving_yards,Raheim Sanders,Over,6.5,win,7.0,2026_02_CLE_TB,7.0,win,7.0,win,,False,True,True
52b76f50f262833f3d04ee9a7d5d8e5f905180ef52580efb1a8daf58a2bbb36d,nfl,player_rushing_yards,Kenny Gainwell,Under,26.5,win,10.0,2026_02_CLE_TB,10.0,win,10.0,win,,False,True,True
7184427fe31f84d88adb72998ec652fe332d5c50d901a9ec39de35a3fddec288,nfl,player_receiving_yards,Tyquan Thornton,Under,14.5,loss,86.0,2026_02_IND_KC,86.0,loss,86.0,loss,,False,True,True
b5fc86e64139775c08d32bb23b5b6d03e4b3c793a33ada975c57a6d028b1e0cc,nfl,player_receptions,Samaje Perine,Over,1.5,loss,1.0,2026_02_CIN_HOU,1.0,loss,1.0,loss,,False,True,True
2fab481be7f4adb50d754f44dd423da828a671374e35d99b093616c0f494c74e,nfl,player_receiving_yards,Parker Washington,Under,59.5,loss,98.0,2026_02_JAX_DEN,98.0,loss,98.0,loss,,False,True,True
ae8e0b05203ed7de6f7711bedcd1d698050d6a1d78815a7e5df555d1986e079b,nfl,player_receiving_yards,Dallas Goedert,Over,38.5,loss,4.0,2026_02_PHI_TEN,4.0,loss,4.0,loss,,False,True,True
6fcbe0972ff9b86bd8b711980e4601826b50fad1d0bbcf2514dd920c36361d22,nfl,player_receiving_yards,Stefon Diggs,Under,47.5,win,47.0,2026_02_WAS_DAL,47.0,win,47.0,win,,False,True,True
91e07f9fb46ed483e8a98611a802a6eb8c0619cc8d20d4db081b17f4e3961815,nfl,player_receiving_yards,Gunnar Helm,Over,22.5,loss,13.0,2026_02_PHI_TEN,13.0,loss,13.0,loss,,False,True,True
1a41a7c2c51e7aba83fbdf63325d9a8ca7ad37fddbfa6b4b796040efd28056d8,nfl,player_receptions,Hunter Luepke,Over,0.5,loss,0.0,2026_02_WAS_DAL,0.0,loss,0.0,loss,,False,True,True
fa8e3b0aa5b6c780ec652ab0394c1e7727370ed3ee1970074f8fdad96120957c,nfl,player_receiving_yards,Foster Moreau,Under,6.5,loss,34.0,2026_02_CIN_HOU,34.0,loss,34.0,loss,,False,True,True
3387db222790bccd70c97810e3d13bc322b20631380121a25c565637ce9b96cc,nfl,spreads,,Home,-2.5,loss,-16.5,2026_02_CIN_HOU,-16.5,loss,-16.5,loss,,False,True,True
c6e18e03ca9ef0c96aec9fc0d3a7bb372808961582beaad3c2a019ea40fb328f,nfl,player_receiving_yards,Mike Evans,Under,49.5,loss,54.0,2026_02_MIA_SF,54.0,loss,54.0,loss,,False,True,True
eda58051eebd235e9805fab62d01fb0771ab53f492bdd8d8f1285d0b7b90a659,nfl,player_passing_yards,Tyler Shough,Over,231.5,win,252.0,2026_02_NO_BAL,252.0,win,252.0,win,,False,True,True
528ed3764998480e0f52473b710e2ffcd6ee7dc1a3d0eab5661c27030d0b4190,nfl,player_passing_tds,Patrick Mahomes,Over,1.5,win,3.0,2026_02_IND_KC,3.0,win,3.0,win,,False,True,True
01592be44c0f7a4820b93f43bead6872617976b800cd6a16e9efe69d1b1e5117,nfl,atd,Kyle Monangai,Yes,0.5,loss,0.0,2026_02_MIN_CHI,0.0,loss,0.0,loss,0.0,False,True,True
5f6ff3d70439839f6bb9907497b1cb95b05ee521f4be329b28484004f9edc468,nfl,player_passing_tds,Kirk Cousins,Over,0.5,win,3.0,2026_02_LV_LAC,3.0,win,3.0,win,,False,True,True
d362413dc13cf1321ba61107592128b83af5841754752f3aad0aacd62afcaf63,nfl,player_receiving_yards,Isaiah Williams,Under,12.5,loss,34.0,2026_02_GB_NYJ,34.0,loss,34.0,loss,,False,True,True
5f641372dc260d65113ba2ad46ea3ee52bbfb81a4e22a64d431bdcf3d213cc9d,nfl,totals,,Under,44.0,win,37.0,2026_02_GB_NYJ,37.0,win,37.0,win,,False,True,True
37330b7e8a351b4d071640e176208a05d54caa0b93e4928dfe67756fef97dcf3,nfl,player_rushing_yards,Brian Robinson,Under,25.5,loss,51.0,2026_02_CAR_ATL,51.0,loss,51.0,loss,,False,True,True
9afa8da875d7917114d44c7a8cca8904375038f048af4472369fc59bd1855a24,nfl,totals,,Under,41.5,loss,42.0,2026_02_CLE_TB,42.0,loss,42.0,loss,,False,True,True
2ea6f15953ce1b287bf851f5602c84262f9064f36de5ec775076814651bf112c,nfl,h2h,,Away,0.0,win,-4.0,2026_02_PHI_TEN,-4.0,win,-4.0,win,,False,True,True
40418be4a04c6fd87e9d761fea3eb0eba9e88d86b00b4e041485eccbabe5ff15,nfl,player_receiving_yards,Parker Washington,Over,59.5,win,98.0,2026_02_JAX_DEN,98.0,win,98.0,win,,False,True,True
169d3f1ca1a3de79de0bd794efac192b99008549e2a0c4e9b913129b2240228c,nfl,player_passing_tds,C.J. Stroud,Under,1.5,win,0.0,2026_02_CIN_HOU,0.0,win,0.0,win,,False,True,True
579d7572613807b65d21be04298d676b4e2e6f7be3f5d334c333cab462b30d6b,nfl,player_receptions,Cooper Kupp,Over,2.5,loss,2.0,2026_02_SEA_ARI,2.0,loss,2.0,loss,,False,True,True
dc69628bcdd1bfcddf758a252f5c58928a1fa9b77be8f885d5d217306166483c,nfl,player_receptions,Jerry Jeudy,Under,2.5,win,0.0,2026_02_CLE_TB,0.0,win,0.0,win,,False,True,True
fc35d7edb4e3ef0c432849ff6316056cc68af8533184aa358767c3d94a994788,nfl,player_receiving_yards,Charlie Kolar,Under,6.5,loss,21.0,2026_02_LV_LAC,21.0,loss,21.0,loss,,False,True,True
5cee726c6725071e144a9fd87ed51d601f45b9835a7aa57b1ca555ae49b59123,nfl,player_receiving_yards,Charlie Kolar,Over,6.5,win,21.0,2026_02_LV_LAC,21.0,win,21.0,win,,False,True,True
f13f61a48edf229ee127da4e43dbf218a9e7abe3cc20d082a9cfef490ba07f16,nfl,player_receiving_yards,Travis Kelce,Under,40.5,loss,101.0,2026_02_IND_KC,101.0,loss,101.0,loss,,False,True,True
f898d589c16aa967b86798054c5076fa7465bc33bd69f3321ca3f30eb6ac22fe,nfl,totals,,Under,45.0,win,33.0,2026_02_JAX_DEN,33.0,win,33.0,win,,False,True,True
ae008b6871f51f417c81ab6a7891d32d7e9a182d89f9a640381f4e9765aa0322,nfl,player_receiving_yards,Romeo Doubs,Over,41.5,win,96.0,2026_02_PIT_NE,96.0,win,96.0,win,,False,True,True
125d4d205e82447afb4f1f32302981eceac246c58a18c5e186b9a715c7e5f907,nfl,player_rushing_yards,Tyjae Spears,Over,16.5,win,41.0,2026_02_PHI_TEN,41.0,win,41.0,win,,False,True,True
0b85b52f3bf808c2a332b4e587d6dccd13133202883c7d06190a69adce2551f8,nfl,atd,Terry McLaurin,Yes,0.5,loss,0.0,2026_02_WAS_DAL,0.0,loss,0.0,loss,0.0,False,True,True
17fffdb016006e046cad174b9616a94720f1246509b91bd53113d19d147fb2c3,nfl,atd,Mo Alie-Cox,Yes,0.5,loss,0.0,2026_02_IND_KC,0.0,loss,,,,True,True,
59ec66dbead8e1c0aec8b2294e15ea47c71dc80e2583817c1595f2dc2e990620,nfl,player_receiving_yards,Tony Pollard,Over,9.5,loss,1.0,2026_02_PHI_TEN,1.0,loss,1.0,loss,,False,True,True
be181c8051fef49a841e36af26e2c63b25a74b663bdd4aa8ec2713f96f81c12e,nfl,player_passing_yards,Aaron Rodgers,Over,203.5,loss,187.0,2026_02_PIT_NE,187.0,loss,187.0,loss,,False,True,True
289b5aea111e48ce63231fd3c0709b09baf4721c0c49b328fcd2949e12c5e643,nfl,totals,,Under,43.5,win,37.0,2026_02_CAR_ATL,37.0,win,37.0,win,,False,True,True
dfd57f891eabe1589073c4b99899dd467ab61200f81d598a725d396f7f20350e,nfl,player_passing_yards,Brock Purdy,Under,238.5,loss,287.0,2026_02_MIA_SF,287.0,loss,287.0,loss,,False,True,True
5dba9c4dd565ab96af29465a73da003fb438ce9c7c0515e49f3cbce54eeba36f,nfl,player_passing_yards,Jalen Hurts,Over,206.5,win,264.0,2026_02_PHI_TEN,264.0,win,264.0,win,,False,True,True
11932a58ae00bb9e13f57758494f0dec8db16e76d849aa625e6120354fb7f3ca,nfl,player_receptions,Drake London,Under,4.5,win,4.0,2026_02_CAR_ATL,4.0,win,4.0,win,,False,True,True
5a81d0db92a92e48365bed119b7cc99de28074ba37b12e30272d53173e9a3ec5,nfl,player_receiving_yards,Olamide Zaccheaus,Under,8.5,win,3.0,2026_02_CAR_ATL,3.0,win,3.0,win,,False,True,True
9d0f1fcf75e7114fac79d8ae7fdf59e842a6f23fb9405c006fe4090ea7b5e502,nfl,player_receiving_yards,Keenan Allen,Under,30.5,win,5.0,2026_02_IND_KC,5.0,win,5.0,win,,False,True,True
aeebf0ffac88964079fdce85841fd68586820026a80ae74b4bf6f05a5bbdcabd,nfl,player_receptions,Alec Pierce,Under,3.5,win,1.0,2026_02_IND_KC,1.0,win,1.0,win,,False,True,True
b43a70699d77f2b99f872de4ad9ac58b2ac8a6eb28184bd55f1dbe780038fa77,nfl,player_receiving_yards,Tyquan Thornton,Over,14.5,win,86.0,2026_02_IND_KC,86.0,win,86.0,win,,False,True,True
9321910f15979ccb8c53279df90b04562484bce38efae4c04f541c00d3c4c031,nfl,player_rushing_yards,Derrick Henry,Under,92.5,win,68.0,2026_02_NO_BAL,68.0,win,68.0,win,,False,True,True
0bd6189bd7a9a3bcb2e770ec64308faefae9d066ca89d07048c25ab01e8c1e15,nfl,player_receiving_yards,Foster Moreau,Over,6.5,win,34.0,2026_02_CIN_HOU,34.0,win,34.0,win,,False,True,True
6bbfb38b52228c1769161fec756ed0b84b6a29e79c79b6c33f6086e093ee29d5,nfl,player_receptions,Braelon Allen,Over,0.5,win,1.0,2026_02_GB_NYJ,1.0,win,1.0,win,,False,True,True
2475f7f85188d3ee4ba1308f0ed0b92b17baa503be048228a6d5244d38614b32,nfl,player_receiving_yards,Drew Sample,Over,7.5,loss,0.0,2026_02_CIN_HOU,0.0,loss,,,,True,True,
d2fb25a4f7a4a011380e651d346134d564a832b6fd0aec641ca2cf80c87e31be,nfl,player_rushing_yards,Tyler Shough,Over,15.5,win,23.0,2026_02_NO_BAL,23.0,win,23.0,win,,False,True,True
11ab6569b15e5819fddce415ecd41c28c3692b78de4f16b954d872ef8f4b70b2,nfl,player_receptions,Hunter Luepke,Under,0.5,win,0.0,2026_02_WAS_DAL,0.0,win,0.0,win,,False,True,True
1181e5d909917949824d0e647b13370cf2fe6c7ff2d00a53465e43ce207c0ed7,nfl,player_receiving_yards,Raheim Sanders,Under,6.5,loss,7.0,2026_02_CLE_TB,7.0,loss,7.0,loss,,False,True,True
c687e210aa9663f0554a2ec89322e176f1ab70dc8c5ab3ff93fec2f7c0995029,nfl,player_receptions,Bijan Robinson,Over,4.5,loss,3.0,2026_02_CAR_ATL,3.0,loss,3.0,loss,,False,True,True
fd59b056042bc7d52513d605aee6faf694066cb598411c3a19b7dbc3b686493d,nfl,player_rushing_yards,Jonathan Taylor,Over,85.5,win,92.0,2026_02_IND_KC,92.0,win,92.0,win,,False,True,True
2783c3a9335d83fb17726f5c6d6ee08258758dbefc8c8316977ae849c3fc7794,nfl,player_receiving_yards,Chuba Hubbard,Over,12.5,loss,11.0,2026_02_CAR_ATL,11.0,loss,11.0,loss,,False,True,True
bf7599a491fecec77fdba29e11b99975bfa39beacffcc3fc0ce04cbc4df669cd,nfl,player_receiving_yards,Tucker Kraft,Under,42.5,win,15.0,2026_02_GB_NYJ,15.0,win,15.0,win,,False,True,True
a18c7f21485f5936cab0e5d11e2fb0eb3d62084b4b96fccbeab64bc3c5349911,nfl,player_receptions,Travis Kelce,Under,3.5,loss,9.0,2026_02_IND_KC,9.0,loss,9.0,loss,,False,True,True
697f2973d78bbd877487c640edef21bb163dcc6f3323360f1dfe0e684318f9ea,nfl,player_receptions,Raheim Sanders,Over,1.5,loss,1.0,2026_02_CLE_TB,1.0,loss,1.0,loss,,False,True,True
2917fa411b0cb7db6899376698080287a91b0952091c5b463c26e0f20d848b08,nfl,player_receiving_yards,Jayden Reed,Over,40.5,loss,4.0,2026_02_GB_NYJ,4.0,loss,4.0,loss,,False,True,True
75dd60de83a4ac5913c28496277f729be222cd401ee5181e91128ccc1a1ec1dd,nfl,player_receiving_yards,Tee Higgins,Under,52.5,loss,95.0,2026_02_CIN_HOU,95.0,loss,95.0,loss,,False,True,True
bd300679250560327fa34602e193e7acbbf0bced37c53fd78df7f7d159a0063d,nfl,player_passing_yards,Cam Ward,Over,186.5,loss,183.0,2026_02_PHI_TEN,183.0,loss,183.0,loss,,False,True,True
a2ec2c04190f41cdd95639b1327475a15cf0d96520809f2315c23bb175aa34ea,nfl,player_receiving_yards,Drake London,Under,56.5,win,51.0,2026_02_CAR_ATL,51.0,win,51.0,win,,False,True,True
d4cc9d518d55dd9887a6777b55b328ab4ab35313943dce15c709fe7fec703e5e,nfl,player_rushing_yards,Quinshon Judkins,Over,51.5,loss,21.0,2026_02_CLE_TB,21.0,loss,21.0,loss,,False,True,True
5bb4d0483dc6e6d6a8ae7ab1f8f49d9edf5d16034019d3523ec06b95ca760049,nfl,player_rushing_yards,Kenny Gainwell,Over,26.5,loss,10.0,2026_02_CLE_TB,10.0,loss,10.0,loss,,False,True,True
41f789d627c217710833517c918c4f8bd24701fda24870f48584c68f6b52f10d,nfl,player_receptions,Chris Moore,Over,0.5,win,1.0,2026_02_NO_BAL,1.0,win,1.0,win,,False,True,True
3f4b6b1788e7a30b0726e21362e19f9740d9f99efb751979eebefcce7d81333c,nfl,player_receiving_yards,Jonathan Taylor,Under,17.5,loss,40.0,2026_02_IND_KC,40.0,loss,40.0,loss,,False,True,True
a39f9615cdccf30ad7f45bd2e282bdc0260b5dcb1d1ea558507721d9d83531f3,nfl,player_receptions,Rhamondre Stevenson,Over,2.5,loss,1.0,2026_02_PIT_NE,1.0,loss,1.0,loss,,False,True,True
2c049ce4140ab024fc22d4da017086ce8661d6786abdf98a6443c123b309a3f0,nfl,player_receiving_yards,Xavier Hutchinson,Over,29.5,win,37.0,2026_02_CIN_HOU,37.0,win,37.0,win,,False,True,True
5692ba663177571ad21df2903f090691cd7f62d197b8a545f8ae2aa99d0218e6,nfl,player_receiving_yards,Omarion Hampton,Under,11.5,loss,21.0,2026_02_LV_LAC,21.0,loss,21.0,loss,,False,True,True
f1365dc7da50ccde24ed9260a2975c034a2d0047780f079c80d123aebbd1c3c5,nfl,player_rushing_yards,D'Andre Swift,Under,63.5,win,45.0,2026_02_MIN_CHI,45.0,win,45.0,win,,False,True,True
d1287bbf9b99a20c51fc41292294a4b5b5a3068c8eee602f5a113b2799f6ef72,nfl,player_receiving_yards,Jonnu Smith,Over,12.5,loss,0.0,2026_02_GB_NYJ,0.0,loss,,,,True,True,
f1df6f455117a4417f264a16aa37ae5db15ec498b7fca7d7370b69c87a6d20ab,nfl,player_receiving_yards,Cade Stover,Over,5.5,loss,0.0,2026_02_CIN_HOU,0.0,loss,,,,True,True,
1ed36cefdd5355a27874386401cfdde91100c8d81a4773e93502cfe2cecf2994,nfl,player_receiving_yards,Xavier Worthy,Over,37.5,loss,25.0,2026_02_IND_KC,25.0,loss,25.0,loss,,False,True,True
9599e260d8c3218468c96147a874cf608976cd662de7a197f4e6cbc1d19f3c16,nfl,player_receptions,Bo Melton,Over,0.5,loss,0.0,2026_02_GB_NYJ,0.0,loss,0.0,loss,,False,True,True
9ba73afd057201246795b4a0bace28bd02ff165d295b0160f8ebc648134a2109,nfl,player_receiving_yards,Bo Melton,Over,0.5,loss,0.0,2026_02_GB_NYJ,0.0,loss,0.0,loss,,False,True,True
ddbfe42508757229739e60dbe9cbbe3f8669c6036b1c60f0a8c8388aa5d05de8,nfl,player_receiving_yards,Tetairoa McMillan,Over,57.5,win,101.0,2026_02_CAR_ATL,101.0,win,101.0,win,,False,True,True
62e40f1634e870508ce135590d58da79ff648263738cf23545ad6cadbe78dae6,nfl,player_receiving_yards,Daniel Bellinger,Under,3.5,win,0.0,2026_02_PHI_TEN,0.0,win,0.0,win,,False,True,True
0a3a134db6f22eac3a49f189395c70adb9b824099ee4dfd97c3cb318ca86f9a7,nfl,player_rushing_yards,Troy Franklin,Over,0.5,loss,0.0,2026_02_JAX_DEN,0.0,loss,0.0,loss,,False,True,True
d0a8dfa550b6dcff21794d20d0d87fe1b995127017a27cf1a75325cb3a2722e1,nfl,player_receptions,Foster Moreau,Over,0.5,win,2.0,2026_02_CIN_HOU,2.0,win,2.0,win,,False,True,True
67d9a3fd38ff2d9082eecbdc47377c9d19ce466ca17384047c6c299c6313b6e6,nfl,player_passing_yards,Dak Prescott,Over,266.5,win,279.0,2026_02_WAS_DAL,279.0,win,279.0,win,,False,True,True
a04725b814333e82cc8f4a8fb9df4b8898302aced2fc98e8dd3c3c096639365f,nfl,player_receiving_yards,Rashid Shaheed,Over,24.5,win,35.0,2026_02_SEA_ARI,35.0,win,35.0,win,,False,True,True
25e0c9588390d2cf0b061e696b5a1dbdff03e54051322414773934ff18f02d11,nfl,player_receiving_yards,Cade Otton,Under,27.5,loss,38.0,2026_02_CLE_TB,38.0,loss,38.0,loss,,False,True,True
fec6e7f718dcc80510f13de2df42a7ea17cf2801a9c1ebd3d32ac772bc59ffb0,nfl,player_receiving_yards,J.K. Dobbins,Under,2.5,win,0.0,2026_02_JAX_DEN,0.0,win,0.0,win,,False,True,True
ce7a02e9f5c6250141b9ad877c2070e0c74c2d819caa095563902493d57534db,nfl,player_passing_yards,Cooper Rush,Over,181.5,loss,86.0,2026_02_CAR_ATL,86.0,loss,86.0,loss,,False,True,True
3a4c1821ae5b9c98b2062b632c304f91c5cf279eeafcbb3d9784366c08d3f38d,nfl,player_passing_tds,Lamar Jackson,Over,1.5,loss,1.0,2026_02_NO_BAL,1.0,loss,1.0,loss,,False,True,True
63d9b2813db4b6059e908918e40cecd3e59f001b00bc32b2b08a9eef2c77a532,nfl,player_receiving_yards,Chris Moore,Over,7.5,loss,6.0,2026_02_NO_BAL,6.0,loss,6.0,loss,,False,True,True
7558301c66f1738e297794c84e04e5b571ee2a32f0e888c17963df6b163fa491,nfl,player_receptions,J.K. Dobbins,Under,0.5,win,0.0,2026_02_JAX_DEN,0.0,win,0.0,win,,False,True,True
8b51d9b7a0be5f5ff55b91e543cb9fb0d95e07f0eeb561a2f61f103dd033655d,nfl,player_rushing_yards,Jacory Croskey-Merritt,Over,52.5,loss,43.0,2026_02_WAS_DAL,43.0,loss,43.0,loss,,False,True,True
c9cc7d9d41d178c2835b9aae5db4339923dea2c10f03df113a18de5de6e782f0,nfl,player_receiving_yards,DeMario Douglas,Over,36.5,loss,9.0,2026_02_PIT_NE,9.0,loss,9.0,loss,,False,True,True
f490ea756ed653fb201e1fb3f2e4f8b84056dd394f4cc412506c396167dd58c3,nfl,player_receiving_yards,Brenton Strange,Under,30.5,win,17.0,2026_02_JAX_DEN,17.0,win,17.0,win,,False,True,True
db220b5208f82c3f3f2a6f0d224668163d03d6f2722b63d40cf85d9dec5578c2,nfl,player_receiving_yards,CeeDee Lamb,Over,75.5,win,153.0,2026_02_WAS_DAL,153.0,win,153.0,win,,False,True,True
e71458c06839083388ff9ca3a1e7baa3117a448487c1e3a5a2096a99df067ab2,nfl,player_receiving_yards,Rashee Rice,Under,51.5,loss,83.0,2026_02_IND_KC,83.0,loss,83.0,loss,,False,True,True
5606c57e5f5f7023863467dd02fcf148a461596c41a663365772ace28fa1f851,nfl,totals,,Under,41.5,win,23.0,2026_02_PIT_NE,23.0,win,23.0,win,,False,True,True
de56702482d86284548d36a51bbdffdc5e2fc72483914ff3ede9839e1aca0e9f,nfl,player_receiving_yards,Kendrick Bourne,Over,23.5,loss,11.0,2026_02_SEA_ARI,11.0,loss,11.0,loss,,False,True,True
f560258a2f7d87d3d648abf66e9740fd62b79ee845256094c95ae69fa2e94ae1,nfl,player_receiving_yards,Braelon Allen,Over,3.5,win,8.0,2026_02_GB_NYJ,8.0,win,8.0,win,,False,True,True
2ac742be107745af17502cd07ba90b12955ece90ac978b18de59986c15d1aeaa,nfl,player_receptions,Cade Stover,Under,0.5,win,0.0,2026_02_CIN_HOU,0.0,win,,,,True,True,
0b3489f817ca97a9507afb0287d81e2700dce3fcb675255207130189465ca4dc,nfl,player_receiving_yards,Kenneth Walker,Over,19.5,win,61.0,2026_02_IND_KC,61.0,win,61.0,win,,False,True,True
2e166602037c3e656b51d0a8fe5900ed99d517f50f772df2911bc3b0b14e0709,nfl,player_receiving_yards,Woody Marks,Over,8.5,win,27.0,2026_02_CIN_HOU,27.0,win,27.0,win,,False,True,True
e6df9417cf4a6b6e9a52efeb0604ed0390e511eb1e1c5e1910f14cc27e86617d,nfl,player_receiving_yards,T.J. Hockenson,Over,29.5,loss,29.0,2026_02_MIN_CHI,29.0,loss,29.0,loss,,False,True,True
5c44adb81701e1b2349465c27896ed8178cc555b11b9a06f6d1e90817dd66600,nfl,player_receptions,DeVonta Smith,Over,4.5,win,10.0,2026_02_PHI_TEN,10.0,win,10.0,win,,False,True,True
95b676e21620e3adb7ae3e00d5a7d1526a46577a0354669b3eff01a8bba8cba0,nfl,atd,Rashid Shaheed,Yes,0.5,loss,0.0,2026_02_SEA_ARI,0.0,loss,0.0,loss,0.0,False,True,True
f742396f4bf7b996b44e835620b92abaa967529193270a5b07378ea925032891,nfl,player_receptions,Tetairoa McMillan,Over,4.5,win,5.0,2026_02_CAR_ATL,5.0,win,5.0,win,,False,True,True
7de702a96c40212554563806e28775ddbf05f21f6ef13b549d09c4b9cb5d8766,nfl,player_receiving_yards,Jalen Coker,Over,50.5,win,66.0,2026_02_CAR_ATL,66.0,win,66.0,win,,False,True,True
6679c00ff7a09842a490f797ed99cdbed3566874a2a5cd66a21e653194e9f91f,nfl,player_passing_yards,Geno Smith,Over,205.5,win,247.0,2026_02_GB_NYJ,247.0,win,247.0,win,,False,True,True
1fa7ca8ee880cf39365a5c88408f846567dc5b7f6fa8e7680e8f8e87c485fdbc,nfl,player_receiving_yards,George Kittle,Under,40.5,loss,80.0,2026_02_MIA_SF,80.0,loss,80.0,loss,,False,True,True
7442373e101790b75145cc2aafcf5c90ccdcac1cdb0f4f4a66c36678bdb9006a,nfl,player_rushing_yards,Kyle Monangai,Under,37.5,loss,47.0,2026_02_MIN_CHI,47.0,loss,47.0,loss,,False,True,True
e93fb16404e781581d0217a6007ba08d46279fb888049afbb1f75740e2130b39,nfl,atd,Kenneth Walker,Yes,0.5,loss,0.0,2026_02_IND_KC,0.0,loss,0.0,loss,0.0,False,True,True
0c52d88f0625b48eeb773e536bf682e94fec92f4cea5ad8d2c92b4deba4e5aa8,nfl,player_receiving_yards,Jahan Dotson,Over,19.5,loss,11.0,2026_02_CAR_ATL,11.0,loss,11.0,loss,,False,True,True
d2b87d2a724e0d09af01b277b19ad6bc352cf8b59d6f4411a2dbcae0a40af482,nfl,player_passing_tds,Dak Prescott,Over,1.5,win,4.0,2026_02_WAS_DAL,4.0,win,4.0,win,,False,True,True
bc73a2be88d0ade952b78af050ced4e2ded7c72459ed1823fe665dccb72bc80e,nfl,player_rushing_yards,Cam Ward,Over,11.5,loss,7.0,2026_02_PHI_TEN,7.0,loss,7.0,loss,,False,True,True
3a0d128f6e67d13000d838dacca3c1155a56c0a649965f4c4b8a44b4a9601ede,nfl,player_receptions,Daniel Bellinger,Under,0.5,win,0.0,2026_02_PHI_TEN,0.0,win,0.0,win,,False,True,True
c3e169efbe5becbd6cba0bc51e143e7fde3ab2ca1de484ab25e2772a83049520,nfl,player_receiving_yards,Brevyn Spann-Ford,Over,8.5,loss,0.0,2026_02_WAS_DAL,0.0,loss,0.0,loss,,False,True,True
a131f45e815cb0c6d234ac26e6ebf1cdc013ffa875d8c050c8d3fe9bbe9661ea,nfl,player_receptions,Drew Sample,Over,1.5,loss,0.0,2026_02_CIN_HOU,0.0,loss,,,,True,True,
2f0f9261e14cf5758628c3fe11a67612bd3d34d736ba391c62188a352d25b020,nfl,player_receptions,Keenan Allen,Under,3.5,win,1.0,2026_02_IND_KC,1.0,win,1.0,win,,False,True,True
0a8454a82621936fc2bbcc86f8f198d0a2fc77cf67cfca1df2539d5732dedf94,nfl,player_rushing_yards,Ja'Marr Chase,Over,0.5,loss,0.0,2026_02_CIN_HOU,0.0,loss,0.0,loss,,False,True,True
6316ed054448022740ecdb38f13608d2af9b120c269f4e4e851e4553e7d02d39,nfl,player_passing_yards,Baker Mayfield,Over,214.5,loss,182.0,2026_02_CLE_TB,182.0,loss,182.0,loss,,False,True,True
ff5801fdb1491269d7b28711c2e45cc2b70e1de541f714c37bb9759c49b878b8,nfl,player_receiving_yards,Jake Ferguson,Over,26.5,win,43.0,2026_02_WAS_DAL,43.0,win,43.0,win,,False,True,True
1a90f6192e75a9d89034ad25591b9613aa096ab1da9917eef69070547d587a42,nfl,player_receiving_yards,Chris Olave,Under,70.5,loss,86.0,2026_02_NO_BAL,86.0,loss,86.0,loss,,False,True,True
3ce50db640a3fa0b819f1b5785ecdc40ae06a81e5cf350689b49b038e1ff0849,nfl,player_receiving_yards,Mason Taylor,Under,17.5,win,0.0,2026_02_GB_NYJ,0.0,win,,,,True,True,
9426af07e0714c063c6b441f71ac26df3837852ecb176b3958c9cb2b64ab279a,nfl,player_passing_yards,Drake Maye,Under,224.5,win,208.0,2026_02_PIT_NE,208.0,win,208.0,win,,False,True,True
db85af3eb001e2d419dd3a958d0f95f59d87f07012219ab5346c585e831122c8,nfl,player_receptions,Rashee Rice,Under,4.5,win,4.0,2026_02_IND_KC,4.0,win,4.0,win,,False,True,True
693c093ac4ba9a464f1c2349b6b5bc46cee8df0b08cc43a92753960298f9e8fa,nfl,player_receptions,Jaylen Warren,Over,2.5,loss,2.0,2026_02_PIT_NE,2.0,loss,2.0,loss,,False,True,True
23b70a0346ac01600f9a083eb7a3f5353acd73e252e1a0edb3df8db54e76fd77,nfl,player_receptions,Charlie Kolar,Over,0.5,win,3.0,2026_02_LV_LAC,3.0,win,3.0,win,,False,True,True
18013aa7bf37166ea7f7ec3ac1da51e32160d84433ff3c3e64c585a51a361b80,nfl,player_rushing_yards,Jordan Addison,Over,0.5,loss,0.0,2026_02_MIN_CHI,0.0,loss,0.0,loss,,False,True,True
d68aa6f4debc8312809a6c6afb2963e178b75a6fe50f03db94f380d11b913d87,nfl,player_receiving_yards,Dyami Brown,Over,9.5,win,21.0,2026_02_WAS_DAL,21.0,win,21.0,win,,False,True,True
e256b749f725ed9886b5bd552bb0a2a9f887ea1f650bf005b3c837dcaa787b39,nfl,player_receiving_yards,Jalen Nailor,Over,32.5,loss,9.0,2026_02_LV_LAC,9.0,loss,9.0,loss,,False,True,True
a277ebfb226332415b47a490f1ef012be1ef8a7afda58320b01a672e77ca637f,nfl,player_receiving_yards,Tommy Tremble,Over,14.5,loss,4.0,2026_02_CAR_ATL,4.0,loss,4.0,loss,,False,True,True
3e90a47d4dba49da07279cf169d6f78b1e30ab96fe31f8254bc6f6f8c1851320,nfl,player_passing_yards,Jayden Daniels,Over,222.5,loss,96.0,2026_02_WAS_DAL,96.0,loss,96.0,loss,,False,True,True
fc63f19888f776feafca81eb0200c986118251547d26692468b99d8bba487aca,nfl,player_receiving_yards,Greg Dulcich,Under,22.5,win,17.0,2026_02_MIA_SF,17.0,win,17.0,win,,False,True,True
ea7d9cbb584d44b4f1aa3d8f1e88be22017147f908228911cab3ba354e8dfc34,nfl,player_rushing_yards,Justice Hill,Over,14.5,loss,6.0,2026_02_NO_BAL,6.0,loss,6.0,loss,,False,True,True
1d6ac5eb20d34c56113b4058005d63b49a24d76e6f57e731d203c928846b4b9c,nfl,player_receiving_yards,Quentin Johnston,Over,50.5,loss,7.0,2026_02_LV_LAC,7.0,loss,7.0,loss,,False,True,True
ed9605354b67cb9b77d1041999e000991cfea204745946e4d6f331ddf225b709,nfl,player_receiving_yards,Devontez Walker,Over,19.5,win,47.0,2026_02_NO_BAL,47.0,win,47.0,win,,False,True,True
2aa9a6d6a38b87e8eeb808f02a7bb334e31ea877fa0f9b51ae9ccc28eb0933fd,nfl,atd,Travis Kelce,Yes,0.5,win,1.0,2026_02_IND_KC,1.0,win,1.0,win,0.0,False,True,True
e7a5b4cb9d84389c2fa2dcc77e2c5721b9e06e0ac2ce640723485771be754a5d,nfl,player_rushing_yards,Chase Brown,Under,55.5,loss,80.0,2026_02_CIN_HOU,80.0,loss,80.0,loss,,False,True,True
9fe3ceb4013b14967bba66ad3f6fd2a0f63ee15c7901f485cec497e9c729b942,nfl,player_passing_yards,Kirk Cousins,Over,190.5,win,253.0,2026_02_LV_LAC,253.0,win,253.0,win,,False,True,True
33e3ef3c8fd5720d6e3a1dee4ced932f09b8d1bc615fda47459b56ac88b60d09,nfl,player_receptions,Kenneth Walker,Over,2.5,win,6.0,2026_02_IND_KC,6.0,win,6.0,win,,False,True,True
b055616d8c0f567005831f1a9e3869364c9e599ff15ebacd9a9910b802f79e8f,nfl,player_receptions,Tre' Harris,Over,2.5,loss,1.0,2026_02_LV_LAC,1.0,loss,1.0,loss,,False,True,True
d217454b373cbaeae10cf7e90e3a575e7f5a97faa82401896050f93cd529bc15,nfl,player_receiving_yards,Darren Waller,Under,16.5,loss,33.0,2026_02_CAR_ATL,33.0,loss,33.0,loss,,False,True,True
45fd7f9af509eb5a5218244ea8aef420db99c552bac52f93cd1a58f1a9bf75db,nfl,player_rushing_yards,Rachaad White,Under,22.5,loss,43.0,2026_02_WAS_DAL,43.0,loss,43.0,loss,,False,True,True
b7fe7e99580f9bd3e9c6d869740b5d8ff85ce4a05b67f626ebd5698f8472cb56,nfl,player_rushing_yards,Kenneth Walker,Over,79.5,win,117.0,2026_02_IND_KC,117.0,win,117.0,win,,False,True,True
392c9507ba77c58170601ffb5feef61354dfcf77c1e9f3032d80047aa39388b5,nfl,player_rushing_yards,Ashton Jeanty,Over,62.5,loss,48.0,2026_02_LV_LAC,48.0,loss,48.0,loss,,False,True,True
a01aa554f868703194339ede31445ce8ab0202974b671014570286364b97ccc4,nfl,player_receiving_yards,Erick All,Under,3.5,loss,5.0,2026_02_CIN_HOU,5.0,loss,5.0,loss,,False,True,True
9272c809b16775cb9614a4ea54fe4930d693ce351c5667affd76b890f31b16bd,nfl,atd,Tyquan Thornton,Yes,0.5,loss,0.0,2026_02_IND_KC,0.0,loss,0.0,loss,0.0,False,True,True
f53ff64049b4c9f8cfb42419e3fb79be39666834ced6b2139158a0976f5d4387,nfl,player_receptions,Mason Taylor,Under,2.5,win,0.0,2026_02_GB_NYJ,0.0,win,,,,True,True,
80c78cd13d60f5885d15a03a868b52949e24fc257ca7cbb628fbe29176a4fdfa,nfl,player_receptions,Dyami Brown,Over,1.5,win,4.0,2026_02_WAS_DAL,4.0,win,4.0,win,,False,True,True
27fbaf4c15c937dde0315d5527330f5ff111196e16437fce199cebdd77df2948,nfl,player_receiving_yards,Jakobi Meyers,Under,37.5,win,28.0,2026_02_JAX_DEN,28.0,win,28.0,win,,False,True,True
433337d0c6d8c6590fd2bf3270716a6da54ab533365c347b2d5180b7975e61ab,nfl,player_receiving_yards,Bhayshul Tuten,Over,9.5,loss,-3.0,2026_02_JAX_DEN,-3.0,loss,-3.0,loss,,False,True,True
2d8b5e268019af0e5e222e02801cfcb993f52b0fc9fe350d776246190491a4cf,nfl,player_passing_yards,Patrick Mahomes,Under,221.5,loss,382.0,2026_02_IND_KC,382.0,loss,382.0,loss,,False,True,True
c86bbd8d1a73252ac25ca7d11ea87c068cf53f2413763e710a9717ffa2deeb44,nfl,player_receiving_yards,Demarcus Robinson,Over,25.5,win,34.0,2026_02_MIA_SF,34.0,win,34.0,win,,False,True,True
20118e770af83ec3874e2115431f3a7013aa4e6fec1cc3aba0e8db2d1695e508,nfl,player_rushing_yards,J.K. Dobbins,Under,57.5,win,36.0,2026_02_JAX_DEN,36.0,win,36.0,win,,False,True,True
605cae86b8654f4b29c49bde87572e5d17bac8aaca5662230e263f66470ae119,nfl,player_rushing_yards,Aaron Jones,Over,61.5,win,105.0,2026_02_MIN_CHI,105.0,win,105.0,win,,False,True,True
a6307438d5b7472c5a1cbaea64054a4fed5f368e27f8e751cb8dda73e435bdb7,nfl,player_receiving_yards,Will Shipley,Under,0.5,loss,5.0,2026_02_PHI_TEN,5.0,loss,5.0,loss,,False,True,True
840b222b0795128dc93264dd6fab6aab96cd427e297bf059e24ca0abd88acb89,nfl,player_receiving_yards,Jack Bech,Over,24.5,win,25.0,2026_02_LV_LAC,25.0,win,25.0,win,,False,True,True
9521016755cb93b10113211f95731a7130df3e9a242339ba79a7e1d1a8188fef,nfl,player_receiving_yards,Chris Rodriguez,Over,0.5,loss,0.0,2026_02_JAX_DEN,0.0,loss,0.0,loss,,False,True,True
4c5bb02490ebdff80c83f34805007819800b5ac72584faa3669a77a75ed13367,nfl,player_receiving_yards,Ben Sinnott,Over,12.5,loss,6.0,2026_02_WAS_DAL,6.0,loss,6.0,loss,,False,True,True
cb78372b52357de7e99a39ed944855e54801e8499b671034fd1fede56c0e5fa3,nfl,player_receiving_yards,Keaton Mitchell,Over,8.5,win,15.0,2026_02_LV_LAC,15.0,win,15.0,win,,False,True,True
56bcfc528f730ba05324c5cf6c3de2806898972c30fd62aff458b5ed6cef90b0,nfl,player_receiving_yards,Jalen McMillan,Under,25.5,win,0.0,2026_02_CLE_TB,0.0,win,,,,True,True,
6c6462093dd3549d0a48e77a0cc55d69b361ba73071909e30bff6984ae056896,nfl,player_receptions,Elic Ayomanor,Under,1.5,loss,2.0,2026_02_PHI_TEN,2.0,loss,2.0,loss,,False,True,True
eb96c695a54876fb85fc687a475e2fe037e3089cee3782b4d1faff6d9d00bb09,nfl,player_receptions,Brevyn Spann-Ford,Over,1.5,loss,0.0,2026_02_WAS_DAL,0.0,loss,0.0,loss,,False,True,True
3b34fe0c522f8577f71d3cb57027c2ada2e3c6a92abeff512aa0a4ca48b86c65,nfl,player_rushing_yards,Rashee Rice,Over,5.5,loss,0.0,2026_02_IND_KC,0.0,loss,0.0,loss,,False,True,True
e4c0eeb3a935ed855bec66347ededb7f1433dc8a9e3211ba05e20450644de0c8,nfl,player_receiving_yards,Oronde Gadsden II,Under,17.5,loss,18.0,2026_02_LV_LAC,18.0,loss,18.0,loss,,False,True,True
b43049ee94bfd2949b840fce8501d571b6af4120abcf4056590e3d2d99f2ada6,nfl,player_receiving_yards,Wan'Dale Robinson,Under,37.5,win,9.0,2026_02_PHI_TEN,9.0,win,9.0,win,,False,True,True
6e002ec9d6a8895b8196ebe11513755cea7f4ae8a13ef24ccd1770e9adb104eb,nfl,player_receiving_yards,Jared Wayne,Over,13.5,win,33.0,2026_02_CIN_HOU,33.0,win,33.0,win,,False,True,True
d1964beddb4f4201c839bf7ccea4ccbb28277d69436ceeb04c08a71ce7168e35,nfl,player_receiving_yards,Malik Washington,Over,33.5,win,43.0,2026_02_MIA_SF,43.0,win,43.0,win,,False,True,True
fd1f50f15459e4023127d850f9086232efafcdde912f975eb579c5362e0d5626,nfl,player_rushing_yards,Tank Bigsby,Under,9.5,loss,33.0,2026_02_PHI_TEN,33.0,loss,33.0,loss,,False,True,True
c15ec5ca984dcdb72af22394687cf673e4a9c305e59fe4793141e824cddb76dc,nfl,player_receiving_yards,Tank Bigsby,Over,0.5,win,5.0,2026_02_PHI_TEN,5.0,win,5.0,win,,False,True,True
b0881e47ca3f4b2941c1ef4ad1c509884347eb4e9195e4959cb46387b0c5d29a,nfl,atd,Keenan Allen,Yes,0.5,loss,0.0,2026_02_IND_KC,0.0,loss,0.0,loss,0.0,False,True,True
a3bbdc5578f19c0f5f3e8805bffbb50387b2d2b02a6884874fdb6235eddd5624,nfl,player_receptions,Devaughn Vele,Over,3.5,win,5.0,2026_02_NO_BAL,5.0,win,5.0,win,,False,True,True
4d5a166282923c969b72a76ff8a2b2216d3a91055e03d5fc95f83fee7785dbd2,nfl,player_receiving_yards,Alec Pierce,Under,45.5,win,11.0,2026_02_IND_KC,11.0,win,11.0,win,,False,True,True
f76b68db48a82689f09dcf4eedec9e3ae2a8dd0ffcc5586740c73d959e8fe9c2,nfl,player_receptions,Chris Rodriguez,Over,0.5,loss,0.0,2026_02_JAX_DEN,0.0,loss,0.0,loss,,False,True,True
ea1ef3561baf3d1546538e7a645076556355134b7e661b6c4bcc99befeee42c1,nfl,player_receptions,Jacory Croskey-Merritt,Over,0.5,win,1.0,2026_02_WAS_DAL,1.0,win,1.0,win,,False,True,True
d035025cc0712752289ba7725186b5dc8ec14839eb4559787f410a32df4d165a,nfl,player_receptions,Jack Bech,Over,2.5,loss,2.0,2026_02_LV_LAC,2.0,loss,2.0,loss,,False,True,True
f43108567396f7150c7a31a522ee21b9bb08503920ce328b6779b6724111a982,nfl,player_receptions,Ben Sinnott,Over,1.5,loss,1.0,2026_02_WAS_DAL,1.0,loss,1.0,loss,,False,True,True
c5f7c8fc33efb8ff1364ea4de79879e1636e628388757cc44b9095bf7c519607,nfl,player_receiving_yards,Tre Harris,Over,32.5,win,53.0,2026_02_LV_LAC,53.0,win,53.0,win,,False,True,True
30e6fdfa5a8c9b1bd12a68c8b6b8731cf6730fb6f1dbf232479a235d96d48bef,nfl,player_rushing_yards,DeeJay Dallas,Over,16.5,loss,8.0,2026_02_MIN_CHI,8.0,loss,8.0,loss,,False,True,True
65cd0bb3f67bb6386a32f8aefaf817586846c942907873f9cfd5931a78bf3df9,nfl,player_passing_yards,Jacoby Brissett,Under,215.5,win,95.0,2026_02_SEA_ARI,95.0,win,95.0,win,,False,True,True
8ed7878fc7ba51d51cb454b1ece73a048c8fc087768ad3cb3334221ce799ccba,nfl,player_receptions,Keaton Mitchell,Over,1.5,loss,1.0,2026_02_LV_LAC,1.0,loss,1.0,loss,,False,True,True
baee6b33b0c0ca961dd420fcf31cb787382bc909ce0a5c140c0ea418277b263e,nfl,player_receiving_yards,Troy Franklin,Under,9.5,loss,27.0,2026_02_JAX_DEN,27.0,loss,27.0,loss,,False,True,True
78eeedd5fecccff792a97e4e33f271d08e9def82252c4686d5a7451bab4733d2,nfl,player_rushing_yards,De'Von Achane,Under,58.5,loss,74.0,2026_02_MIA_SF,74.0,loss,74.0,loss,,False,True,True
a921c048773b7309fd20bb24096bd19fa01daf7e9ae8ab0e39ca5850b90d60f3,nfl,player_rushing_yards,Justin Jefferson,Over,0.5,loss,0.0,2026_02_MIN_CHI,0.0,loss,0.0,loss,,False,True,True
bd7fb24e4f7aaa6d40c98d88c1cc534faee87fb8da54be1298d28fcac2721686,nfl,player_receptions,Michael Wilson,Under,3.5,win,2.0,2026_02_SEA_ARI,2.0,win,2.0,win,,False,True,True
e359e7e1cad47c5aafe1b6d561a18aacca62a47cd4b5431c3c06b89c399fd62e,nfl,player_receptions,Jared Wayne,Over,1.5,win,2.0,2026_02_CIN_HOU,2.0,win,2.0,win,,False,True,True
cf24593f027ee0a5f059e27003449efe2bfb1a8b917b463cf9639a92b34b4477,nfl,player_rushing_yards,Bhayshul Tuten,Over,47.5,win,65.0,2026_02_JAX_DEN,65.0,win,65.0,win,,False,True,True
528c0ebe143d941da4a7006f808cd013fc9e02dea258e42bb729679a9fc80824,nfl,player_passing_tds,Drew Lock,Over,1.5,win,3.0,2026_02_SEA_ARI,3.0,win,3.0,win,,False,True,True
81069bdaf163c6f7df7eba811077033e79dd37e58a9e86b27a8dfcc44b09a89a,nfl,player_receptions,Erick All,Under,0.5,loss,2.0,2026_02_CIN_HOU,2.0,loss,2.0,loss,,False,True,True
809deaa925d345fea6812e85f5a648827513b285e609f440dc1cf2ecb987bc45,nfl,player_passing_yards,Drew Lock,Over,205.5,win,235.0,2026_02_SEA_ARI,235.0,win,235.0,win,,False,True,True
58b51a40afa84da9502f6170eb68e11b70e63e17a1c39f497d06e45f0d6a23bd,nfl,player_receptions,Kenny Gainwell,Under,2.5,loss,3.0,2026_02_CLE_TB,3.0,loss,3.0,loss,,False,True,True
0b9c31316cdb035f3176b30d34f135997c7040e5990dbd28b58f90c36cbea6e8,nfl,player_passing_yards,Malik Willis,Over,183.5,win,197.0,2026_02_MIA_SF,197.0,win,197.0,win,,False,True,True
158d4f5b8649b7bafbd615a4a8bd1c8c9b63742da8472360d0327cf34e38ef8c,nfl,atd,Tyler Warren,Yes,0.5,win,1.0,2026_02_IND_KC,1.0,win,1.0,win,0.0,False,True,True
22d8c0990277be6c551c58cb9d4410abc7d6aa581722b8b3452fb8945f5832fe,nfl,atd,Xavier Worthy,Yes,0.5,win,1.0,2026_02_IND_KC,1.0,win,1.0,win,0.0,False,True,True
8a0f0b85789985c2d81866e7624439f3de05ba8499fa00abf22e0e6b86784961,nfl,player_receiving_yards,Jacory Croskey-Merritt,Over,2.5,win,5.0,2026_02_WAS_DAL,5.0,win,5.0,win,,False,True,True
3ae2e6b72b58988545dc8872610e53b2315044a8f449af6efa1b03317ff39afa,nfl,player_receiving_yards,Kenny Gainwell,Under,12.5,win,5.0,2026_02_CLE_TB,5.0,win,5.0,win,,False,True,True
b30c7e9722148a0f682d22c9653f1c3d75948081f1912a9fe07516c512cfc520,nfl,player_rushing_yards,Chuba Hubbard,Over,54.5,loss,53.0,2026_02_CAR_ATL,53.0,loss,53.0,loss,,False,True,True
00fae0aa054922033b6019399acbd653aeb9cf126e1aa588169a21fb130c2f90,nfl,player_receptions,Devontez Walker,Over,1.5,loss,1.0,2026_02_NO_BAL,1.0,loss,1.0,loss,,False,True,True
37b6ddc68b56e69d753586d43779455b216b99151a68a42acf552cf69c0ae190,nfl,player_rushing_yards,CeeDee Lamb,Over,0.5,loss,0.0,2026_02_WAS_DAL,0.0,loss,0.0,loss,,False,True,True
ffe3907d710e3c7fc25d273716efa99a8a434795ca7ea190bc7b834a0c5f3143,nfl,player_receiving_yards,George Holani,Over,8.5,loss,2.0,2026_02_SEA_ARI,2.0,loss,2.0,loss,,False,True,True
3ddf9c4c529db4858d5b2e9230b10b8debdb1a9088a6c3ba0b4c96ae7f9ae703,nfl,player_receptions,Durham Smythe,Over,1.5,loss,0.0,2026_02_NO_BAL,0.0,loss,0.0,loss,,False,True,True
8092def17cdf25dba003883bc1109fcb4f2ee95bc3bacb7fd792ebc259ced53d,nfl,player_receiving_yards,Durham Smythe,Over,8.5,loss,0.0,2026_02_NO_BAL,0.0,loss,0.0,loss,,False,True,True
b3688b551b924f0085caab5422262e6ef6d12715bd640665ec53a6c2bee5e8b6,nfl,player_receiving_yards,Mark Andrews,Over,48.5,win,49.0,2026_02_NO_BAL,49.0,win,49.0,win,,False,True,True
4a67bf0a2eb9089b7932f05b03b2b6011c493cdb15310eb47ba19a9de8040a8a,nfl,player_receptions,Troy Franklin,Under,0.5,loss,1.0,2026_02_JAX_DEN,1.0,loss,1.0,loss,,False,True,True
bd46f2a01d73d7f387d6b238799030f0a884641678ef0bbfec5b3d76c8b91d17,nfl,player_rushing_yards,Kirk Cousins,Over,5.5,loss,1.0,2026_02_LV_LAC,1.0,loss,1.0,loss,,False,True,True
482797e580474fb4aab1c92c45056ad1e62a13bca1e8d5e570cc3dd393b40823,nfl,player_receiving_yards,Elic Ayomanor,Under,9.5,loss,69.0,2026_02_PHI_TEN,69.0,loss,69.0,loss,,False,True,True
d3cac62acc07d6f27f7ad284d09b040bd256e64dcfe35189bb5968d35def4a44,nfl,player_receptions,George Holani,Over,1.5,loss,1.0,2026_02_SEA_ARI,1.0,loss,1.0,loss,,False,True,True
7931d9a93cc7a82d9e641cb1f9ae5eb37b8b26b0b0461e6094a66d3542f34028,nfl,totals,,Over,40.5,loss,26.0,2026_02_CIN_HOU,26.0,loss,26.0,loss,,False,True,True
9c0f0829269f2e588c6ea103de42bb2723046fb53f673787d82d83dfb3256e85,nfl,totals,,Over,41.0,loss,23.0,2026_02_PIT_NE,23.0,loss,23.0,loss,,False,True,True
d34732277c80ed53bd86025e0cd2d56c50cdfba3f9e83c214736027e89b941ea,nfl,spreads,,Away,-6.0,win,-3.0,2026_02_IND_KC,-3.0,win,-3.0,win,,False,True,True
66a47949c0bfe6bf9a54f204ecffbfcf5a3a18f6a337b7daa88fc0a4e089a4ed,nfl,spreads,,Away,-5.0,win,-11.0,2026_02_MIN_CHI,-11.0,win,-11.0,win,,False,True,True
dc67e7c448dc7613ecd7c5beaec33c350951027365dfd4ddac9a653c66337b99,nfl,totals,,Under,46.0,win,41.0,2026_02_NO_BAL,41.0,win,41.0,win,,False,True,True
b11980164d104eafcc9b98300a5d9c5a4538beea247d26e64b990551900ea687,nfl,totals,,Over,41.0,loss,23.0,2026_02_PIT_NE,23.0,loss,23.0,loss,,False,True,True
16d85caa8fb5c1a55b6ef21460b5341bfeace9f7cfa836bab92c1a869e5db929,nfl,totals,,Under,46.0,win,41.0,2026_02_NO_BAL,41.0,win,41.0,win,,False,True,True
268e6a9b80f76c6980f2bc8355e1276220e869a88e6d2d26627db7e176a91c7b,nfl,spreads,,Away,-5.0,win,-11.0,2026_02_MIN_CHI,-11.0,win,-11.0,win,,False,True,True
5b97154a79a409ae83ffaf5406e18c6aa5964829e25c18d5908e79b25351abac,nfl,spreads,,Away,-7.0,win,-19.0,2026_02_LV_LAC,-19.0,win,-19.0,win,,False,True,True
8320e1f1b7d49b10da4d78e83fddfea159cbb36d55ea2ea3059a229d2ef8f40e,nfl,spreads,,Away,7.5,loss,3.5,2026_02_PHI_TEN,3.5,loss,3.5,loss,,False,True,True
e4e4698dcbbbf8811710b0cfca0639bb89c9965b541d7854f75c9d899f9aab4c,nfl,spreads,,Away,-13.0,loss,9.0,2026_02_MIA_SF,9.0,loss,9.0,loss,,False,True,True
0bd6fe32fb8dede76228b7de3618ab36e2c29dfb78246c9c03027ea1530e4b89,nfl,spreads,,Away,4.0,win,-20.0,2026_02_SEA_ARI,-20.0,win,-20.0,win,,False,True,True
140593d69e2f70c7dff0e24213f6d659bd5ec156b2125e2876dfe61baf4591e6,nfl,totals,,Over,41.0,loss,38.0,2026_02_SEA_ARI,38.0,loss,38.0,loss,,False,True,True
065ddc6c2efb367935634e7bd6783cae16984496f5e813a5b2dbf6b0f863e7bb,nfl,totals,,Over,45.5,loss,26.0,2026_02_CIN_HOU,26.0,loss,26.0,loss,,False,True,True
0f9b3896ae053002ffdd8933a288c212801a3e5375840c1cf5df7d74c4c64eeb,nfl,spreads,,Away,-6.0,win,-3.0,2026_02_IND_KC,-3.0,win,-3.0,win,,False,True,True
0db7236594f5f9163177f59e75a156bb966b54728745eeb656352b35e891eb27,nfl,totals,,Under,47.5,win,12.0,2026_02_MIN_CHI,12.0,win,12.0,win,,False,True,True
5dd7d1dd66a9363836cb404f900fef07a7709b4dc90f94cff8d7a8a67ff5a419,nfl,spreads,,Away,-4.5,loss,12.5,2026_02_WAS_DAL,12.5,loss,12.5,loss,,False,True,True
49a865b439d88026e888fb64bad8d246a900b50d1c6ee20856ae53c7b51644db,nfl,spreads,,Home,-5.5,win,11.5,2026_02_PIT_NE,11.5,win,11.5,win,,False,True,True
67e14f59bfd57fcd1c5fe91d5ba3f892287b2a1b6948252fb983a49eef46df3a,nfl,totals,,Under,46.5,loss,63.0,2026_02_IND_KC,63.0,loss,63.0,loss,,False,True,True
b3c983cdeb7ab4c926d51d903976fc829396593077f18836ae320270726336a0,nfl,totals,,Over,48.5,loss,12.0,2026_02_MIN_CHI,12.0,loss,12.0,loss,,False,True,True
ff1ae6f6ea62f4d64e74cacf3121f5ae97bae0f978e09bd6f64f3705fc83bb1a,nfl,spreads,,Home,-6.0,loss,-18.0,2026_02_LV_LAC,-18.0,loss,-18.0,loss,,False,True,True
0dcb1212ab604e22ba6b109853262edfa7c23d2528a0fbf4ca352697133653cd,nfl,totals,,Over,46.5,win,63.0,2026_02_IND_KC,63.0,win,63.0,win,,False,True,True
ac5e98222d0642f1fadf7f3d8d303857bdd9878f246b3f0abf5a496c46434e8e,nfl,totals,,Under,45.5,win,33.0,2026_02_JAX_DEN,33.0,win,33.0,win,,False,True,True
67178b99a3510795ad4f6bb02e33b5054db485c6100d565475f469b48ef486a8,nfl,spreads,,Home,-5.0,loss,-11.0,2026_02_MIN_CHI,-11.0,loss,-11.0,loss,,False,True,True
e891040fde7295508adc9dedfe1629665350634539c1912b11984a05813ed8fc,nfl,spreads,,Home,-5.5,loss,-2.5,2026_02_IND_KC,-2.5,loss,-2.5,loss,,False,True,True
2882382952f492bd2b7ee1afe24b816d2d7d3ec4239dfae0c94b7abfc74947a8,nfl,totals,,Under,39.5,loss,44.0,2026_02_PHI_TEN,44.0,loss,44.0,loss,,False,True,True
694f72ff38898735550dc541495cc9205c5d32d3bc42ca431a6a4e860c1ee7d1,nfl,spreads,,Home,-7.5,loss,-14.5,2026_02_NO_BAL,-14.5,loss,-14.5,loss,,False,True,True
5c4e618b4b986c0fdb0ae6ed929b1aafd01abb289c417f19ff9f66f29d20a961,nfl,totals,,Under,41.5,win,38.0,2026_02_SEA_ARI,38.0,win,38.0,win,,False,True,True
4b013d3a60208e249eadbb16a08e8ca9b766ff8e819d7c4a07a19a36d5eaf744,nfl,spreads,,Home,-7.5,loss,-11.5,2026_02_CLE_TB,-11.5,loss,-11.5,loss,,False,True,True
db189c46a5dfbc1ed057dd5dcc85884b8250efb6c94b896d98032526fbb9e85e,nfl,totals,,Under,44.5,win,37.0,2026_02_GB_NYJ,37.0,win,37.0,win,,False,True,True
238efc9ed034923eb95fea1fd65bfde5fdd3b7dfea27255dab04c39af9fc0ecd,nfl,totals,,Under,45.5,win,26.0,2026_02_CIN_HOU,26.0,win,26.0,win,,False,True,True
63c6d23d84eed342bb66c5815fa320e665b4ddaee75d8d34e1c206b136897610,nfl,totals,,Under,44.0,win,40.0,2026_02_LV_LAC,40.0,win,40.0,win,,False,True,True
6fb60c8397327b31f461a7a7d4c10c14d49d4e423c3fb8db7ed14ba1075c406c,nfl,totals,,Under,45.5,win,41.0,2026_02_NO_BAL,41.0,win,41.0,win,,False,True,True
1c145e604d16b40a5cfe5057047cb568dcfc2277154949ad374465c0f7bcaed9,nfl,totals,,Under,45.5,win,41.0,2026_02_NO_BAL,41.0,win,41.0,win,,False,True,True
80a79208d3281f899137cca9087dddcd528160c886f8849e52c48cc026d90f9f,nfl,totals,,Under,44.0,win,40.0,2026_02_LV_LAC,40.0,win,40.0,win,,False,True,True
df53ad14dbf9de90223d786c475c6d5cbb57956e8f78539a5a7ab2ffe69704dd,nfl,spreads,,Home,-5.0,win,12.0,2026_02_PIT_NE,12.0,win,12.0,win,,False,True,True
8101b9887d37be7f5b776cde42a800b398f2ec162d036ba3ebcae5546b6ffa1f,nfl,totals,,Over,47.0,loss,12.0,2026_02_MIN_CHI,12.0,loss,12.0,loss,,False,True,True
d0ad49691ef4ce24932c3578d30aa09a07a9dd290d1aa92f6eccfa3cc3ad2297,nfl,totals,,Under,41.0,loss,42.0,2026_02_CLE_TB,42.0,loss,42.0,loss,,False,True,True
45cddfe8ec96f3f7decc9c774e853964fcf4d69631e8ed80b82cbcaf9c70eadf,nfl,totals,,Over,45.5,loss,41.0,2026_02_NO_BAL,41.0,loss,41.0,loss,,False,True,True
eb14960ca79a2b1c226f16237232732dcfacdbd16fe918f7f75a54b972d0cbfb,nfl,totals,,Over,51.0,win,57.0,2026_02_WAS_DAL,57.0,win,57.0,win,,False,True,True
cb8bff14fd8c951da5be35d1bd8a94ddd28ded965ab91a5f401ccb9b4e8d472a,nfl,totals,,Over,39.5,win,44.0,2026_02_PHI_TEN,44.0,win,44.0,win,,False,True,True
170955da014c848731a14234826ebadee6c7544cc9d87331a9a596e6821afa05,nfl,spreads,,Away,-8.0,win,-15.0,2026_02_NO_BAL,-15.0,win,-15.0,win,,False,True,True
f4f05bbd63b55dd083379a0e59cb4f1ad215b00af3dcfd350be1b8586feaf109,nfl,totals,,Over,42.5,loss,37.0,2026_02_CAR_ATL,37.0,loss,37.0,loss,,False,True,True
28d0a73f3e06a7d417bc498fa03cb191ef6356d1347713748fd71276afdf1dca,nfl,h2h,,Home,0.0,loss,-31.0,2026_02_CAR_ATL,-31.0,loss,-31.0,loss,,False,True,True
0d94d77d19ce16b7b6c6b2dd9fb008145d8d0f6f313d1e7f6e3771f110a29051,nfl,player_receptions,Chris Olave,Under,5.5,loss,8.0,2026_02_NO_BAL,8.0,loss,8.0,loss,,False,True,True
78fe851fe9e0a8d840e6ec1c22edb680603af0111047be62e50ea64b4eb81721,nfl,spreads,,Away,-8.0,win,-15.0,2026_02_NO_BAL,-15.0,win,-15.0,win,,False,True,True
5f96a013d88dfa0b5fb3e21eeec60f412974707e469992955496c1f71d0df21c,nfl,totals,,Over,42.5,loss,37.0,2026_02_CAR_ATL,37.0,loss,37.0,loss,,False,True,True
87205f60cac45bcd4ca1906d80d533d1d7686c5a244392f61e3630564c775496,nfl,spreads,,Away,-7.5,win,-11.5,2026_02_CLE_TB,-11.5,win,-11.5,win,,False,True,True
a4fade1e1c406bfa59d2e27594b4bccd1a6fcd14ac7a992e90bbd2c7fdd6a4ce,nfl,totals,,Over,39.5,win,44.0,2026_02_PHI_TEN,44.0,win,44.0,win,,False,True,True
b6a7ee4cc69004cd54c8c94d7d49abf0c5935a4f427a8efa169daec744a14303,nfl,spreads,,Home,-4.0,win,13.0,2026_02_WAS_DAL,13.0,win,13.0,win,,False,True,True
b5ec56cfdde57614332b0b8e9b6e4b99066f06ee414da1713d52f2d3b21274d9,nfl,spreads,,Home,-7.0,loss,-19.0,2026_02_LV_LAC,-19.0,loss,-19.0,loss,,False,True,True
3af0ea6dcec77694b3aa15e80b7f87a2ff3fa9dba19d771cf829616ed63da968,nfl,totals,,Over,46.0,loss,41.0,2026_02_NO_BAL,41.0,loss,41.0,loss,,False,True,True
4dc17e302c9f3fa60707e2267152f0ddc9142ffdb5534f7f9bfa3a2c31bb36c8,nfl,spreads,,Home,-5.0,loss,-2.0,2026_02_IND_KC,-2.0,loss,-2.0,loss,,False,True,True
ea3854e30f50fe0756e6b9ad8bca5db3d4328a20600b397c506748408e62c258,nfl,totals,,Under,45.0,loss,48.0,2026_02_MIA_SF,48.0,loss,48.0,loss,,False,True,True
cad2fe7f18c7d14c2d3d5d80356213041714562df5378a03d803cc27149303d1,nfl,player_receptions,Devin Singletary,Over,0.5,loss,0.0,2026_02_NYG_LA,0.0,loss,0.0,loss,,False,True,True
c65336b17b2f9741ec31b5e006a218f27dbecb0df1ba1702fd4d54f5ea70e51a,nfl,player_receptions,Tyquan Thornton,Under,1.5,loss,4.0,2026_02_IND_KC,4.0,loss,4.0,loss,,False,True,True
08a40512b6e018e02b611d2cf230b42a80479b6ec67ca8b9cb018913de255754,nfl,player_receptions,Cam Skattebo,Over,1.5,win,4.0,2026_02_NYG_LA,4.0,win,4.0,win,,False,True,True
afa0ae6d02d18f7bbd8955d0e590d7bcf743ea0ad24bd1bd77b76526f41a3855,nfl,player_receptions,Kyren Williams,Under,2.5,win,2.0,2026_02_NYG_LA,2.0,win,2.0,win,,False,True,True
978b72d7fb36621baa1a26e271e128eb66d7468c0d087339cf4dc463abb14d2f,nfl,atd,Jonathan Taylor,Yes,0.5,win,2.0,2026_02_IND_KC,2.0,win,1.0,win,0.0,False,True,True
5a84458250107b2d833f94265330ea22543dea08ea18581d157163271ddf61b1,nfl,player_receptions,Xavier Worthy,Under,3.5,loss,5.0,2026_02_IND_KC,5.0,loss,5.0,loss,,False,True,True
adb8291d5d96898cf3b09ccba1ce5a938e60837e7a6cbf1ef704ba8ce0f53e12,nfl,player_receptions,Keenan Allen,Over,3.5,loss,1.0,2026_02_IND_KC,1.0,loss,1.0,loss,,False,True,True
4f62129032fa3c56baad7b4e0f7576e1db863f7b0087084143dd2eaac96f6458,nfl,player_passing_yards,Jaxson Dart,Under,213.5,win,20.0,2026_02_NYG_LA,20.0,win,20.0,win,,False,True,True
8e6378ea63e0d38d3b1b532d5a5eeeb80d4be4df54a2e5ce8b402e2889978f75,nfl,player_receptions,Alec Pierce,Over,2.5,loss,1.0,2026_02_IND_KC,1.0,loss,1.0,loss,,False,True,True
1cb8170aa89121cb5d0fc194a78c5364b38953fbf5607e83c34edc73e0fd05c4,nfl,player_receptions,Colby Parkinson,Over,2.5,loss,2.0,2026_02_NYG_LA,2.0,loss,2.0,loss,,False,True,True
d48bcd828f6aa43c07505bac63768ef1c48433391981e72937f1a66b208ae839,nfl,player_receiving_yards,Devin Singletary,Over,4.5,loss,0.0,2026_02_NYG_LA,0.0,loss,0.0,loss,,False,True,True
587daba61e6ab46e84903fde5b8680ce74620697535be161492057835bbfcf2b,nfl,player_rushing_yards,Patrick Mahomes,Over,17.5,loss,17.0,2026_02_IND_KC,17.0,loss,17.0,loss,,False,True,True
d875667ec847fff9801ece3e5ce9a3806582d5d8130afb9fb9718ac36070cc91,nfl,player_receiving_yards,Rashee Rice,Over,48.5,win,83.0,2026_02_IND_KC,83.0,win,83.0,win,,False,True,True
0a6ade3c442ef1354af19faab88f57d2a0539e5ef86abc5a3c022847e6b0f61f,nfl,player_receiving_yards,Xavier Worthy,Under,39.5,win,25.0,2026_02_IND_KC,25.0,win,25.0,win,,False,True,True
d9bdfb6c87db0b858d78c7a5b9972389cee0f1fd8168587cd96235680dcb356a,nfl,totals,,Over,47.0,loss,34.0,2026_02_NYG_LA,34.0,loss,34.0,loss,,False,True,True
524abe4560dfe918c97cb739fedda251224551741551e625902806e56386fb92,nfl,atd,Davante Adams,Yes,0.5,win,2.0,2026_02_NYG_LA,2.0,win,1.0,win,0.0,False,True,True
b7916934e31e203d2127f4bb415a84cee571624415c0e77ba1acd47fc99f3f95,nfl,player_receiving_yards,Kenneth Walker III,Under,20.5,loss,61.0,2026_02_IND_KC,61.0,loss,61.0,loss,,False,True,True
1aa7efbed70662f222f1746ecfac06ba077f75e8057e65cbc4cc4e0fecf85254,nfl,player_receiving_yards,Odell Beckham Jr.,Under,6.5,win,0.0,2026_02_NYG_LA,0.0,win,,,,True,True,
d4ff103571fca280afdb99d8617704cb1135ffa8538fe1524dd91bf03145910f,nfl,player_receptions,Travis Kelce,Over,3.5,win,9.0,2026_02_IND_KC,9.0,win,9.0,win,,False,True,True
b04aca4d6abbba831a1e295d12689f05167f571097b23157d1b951276990cec4,nfl,player_receiving_yards,Jonathan Taylor,Over,16.5,win,40.0,2026_02_IND_KC,40.0,win,40.0,win,,False,True,True
d9fdf229370fb98cce08833fa7465ef6053765c4114b7ee1923f95fd3ca33193,nfl,player_receiving_yards,Kenneth Walker III,Under,19.5,loss,61.0,2026_02_IND_KC,61.0,loss,61.0,loss,,False,True,True
189554a9760cdcec1a8aa25c1198a267ade801e6f8daa46eb1b84e72447c6457,nfl,player_rushing_yards,Daniel Jones,Under,9.5,loss,10.0,2026_02_IND_KC,10.0,loss,10.0,loss,,False,True,True
cb1908b8f75deaa0243d60fd345c3ecd572d3b517ce3306f6fb796e3375ca545,nfl,player_receiving_yards,Keenan Allen,Over,29.5,loss,5.0,2026_02_IND_KC,5.0,loss,5.0,loss,,False,True,True
bf53751731b4e98d809d74fc668d398724a388b758cf06a6501d9a8db0f4d43a,nfl,player_receiving_yards,Davante Adams,Under,50.5,loss,195.0,2026_02_NYG_LA,195.0,loss,195.0,loss,,False,True,True
bac9320490af278c78098d127a2483eb26fd264741120b2c1e3e0bec35c93b78,nfl,player_receptions,Tyler Warren,Under,4.5,loss,6.0,2026_02_IND_KC,6.0,loss,6.0,loss,,False,True,True
ea88de014e0284e3ac56babc329f552819b8c9010da6b30d73bfc1ac102c92da,nfl,player_rushing_yards,Kyren Williams,Over,65.5,win,85.0,2026_02_NYG_LA,85.0,win,85.0,win,,False,True,True
bb6197f1deaab5e9b7932e752c043448730ae4ae4aa12590f58d53a2879253e5,nfl,player_receptions,Odell Beckham Jr.,Over,0.5,loss,0.0,2026_02_NYG_LA,0.0,loss,,,,True,True,
e23d7e100dfc7d5d7c2cd74d367890def2ffbf0cbff2b74aadb2b7a54631cea3,nfl,atd,Cam Skattebo,Yes,0.5,loss,0.0,2026_02_NYG_LA,0.0,loss,0.0,loss,0.0,False,True,True
56e3e3fecfc8aab80e2607eb9a51514422b49be17e5d6799a01f1660e9498258,nfl,player_receiving_yards,Xavier Worthy,Under,37.5,win,25.0,2026_02_IND_KC,25.0,win,25.0,win,,False,True,True
dd8523409f3031c65bf431e88c705a402e4e317af692286f06859cbc7c58c462,nfl,player_receiving_yards,Odell Beckham,Under,5.5,win,0.0,2026_02_NYG_LA,0.0,win,,,,True,True,
81f12e1bca4636571189e5c05a0fbc3c3aa0eeead46544649f6661fb4ea58c83,nfl,player_receptions,Jonathan Taylor,Under,2.5,loss,4.0,2026_02_IND_KC,4.0,loss,4.0,loss,,False,True,True
051f43eb701049670164d537973a92eb903a2c749302d6bd10f93f037be923df,nfl,player_receiving_yards,Colby Parkinson,Over,26.5,loss,15.0,2026_02_NYG_LA,15.0,loss,15.0,loss,,False,True,True
dafd5d93bd9d6e149de40920a01c772beb547c745e88609b565836909b624eb3,nfl,player_passing_yards,Daniel Jones,Under,218.5,win,210.0,2026_02_IND_KC,210.0,win,210.0,win,,False,True,True
72b9f923953d6b398894ee40e2f331bcb1cc01e308a81aecacfad2486dd58874,nfl,player_rushing_yards,Jonathan Taylor,Under,81.5,loss,92.0,2026_02_IND_KC,92.0,loss,92.0,loss,,False,True,True
7bc0cb27f91f587161d03cf03f56eb5a12fd430ffab8cb7953204d84d9bfbdbf,nfl,player_receiving_yards,Tyquan Thornton,Under,17.5,loss,86.0,2026_02_IND_KC,86.0,loss,86.0,loss,,False,True,True
196b5aceb3b5e61d92a08bf8deea52da6917635b0f4af39325d4bbb0f5653bb1,nfl,player_passing_yards,Matthew Stafford,Over,237.5,win,327.0,2026_02_NYG_LA,327.0,win,327.0,win,,False,True,True
c62553ba619016595c57a56b1f67cf2c3d9fa541f2fee7109e51498671b05e39,nfl,player_rushing_yards,Cam Skattebo,Over,50.5,loss,36.0,2026_02_NYG_LA,36.0,loss,36.0,loss,,False,True,True
015aa10403ad2b2874585891745b87eecfacf02b1e23356e00a41935c8a0104f,nfl,player_passing_yards,Daniel Jones,Under,216.5,win,210.0,2026_02_IND_KC,210.0,win,210.0,win,,False,True,True
778fa04c9732af97e76a54bffb9948a040ac5a8fead70c4abce9aa9aa31bfb03,nfl,player_passing_tds,Daniel Jones,Over,1.5,loss,1.0,2026_02_IND_KC,1.0,loss,1.0,loss,,False,True,True
72b44b3e4e5fd4606626ebf4f3f8c4f2f6104b0108dfa6aadea272517f1bef7f,nfl,player_passing_tds,Jaxson Dart,Over,1.5,loss,0.0,2026_02_NYG_LA,0.0,loss,0.0,loss,,False,True,True
08b29807a88d52dc095c4f6341fbc1933e8bddc14a9d36812d051286dc3b89a8,nfl,atd,Patrick Mahomes,Yes,0.5,loss,0.0,2026_02_IND_KC,0.0,loss,0.0,loss,0.0,False,True,True
78e949bedc6e1ab19aac7d9ed6d6efd2067b1dd27e59339623c07a974a541329,nfl,player_receptions,Tyquan Thornton,Under,1.5,loss,4.0,2026_02_IND_KC,4.0,loss,4.0,loss,,False,True,True
0c4b7bf67beead2158ece8c051d6c8be7458cce9795e9a6c224a0ed2558e809a,nfl,atd,Patrick Mahomes,Yes,0.5,loss,0.0,2026_02_IND_KC,0.0,loss,0.0,loss,0.0,False,True,True
3e3029b3359b69bcdbce161dd54748f7f83de88bda7e2534a53706abd9f21144,nfl,player_receiving_yards,Xavier Worthy,Under,39.5,win,25.0,2026_02_IND_KC,25.0,win,25.0,win,,False,True,True
909e9e690639ced54b54d19429a5c83ebe61945fd78dbe1f10008722c9bfc5eb,nfl,player_passing_tds,Daniel Jones,Over,1.5,loss,1.0,2026_02_IND_KC,1.0,loss,1.0,loss,,False,True,True
a61362a07d5d7797ae4ac4c8971ae7024940ff4688fdb062b0507a226725f3a2,nfl,player_rushing_yards,Patrick Mahomes,Over,17.5,loss,17.0,2026_02_IND_KC,17.0,loss,17.0,loss,,False,True,True
0d21cd5b1ccf1ec8621f6349fbeea0998553057f8ad5d10cd1c8f9737b9e4ec7,nfl,player_receiving_yards,Rashee Rice,Over,48.5,win,83.0,2026_02_IND_KC,83.0,win,83.0,win,,False,True,True
502eeed6464af650d5a686280b1b1678398e78d53e291e6c9417fb24c0c14cde,nfl,player_receptions,Keenan Allen,Over,3.5,loss,1.0,2026_02_IND_KC,1.0,loss,1.0,loss,,False,True,True
8fb009a3977e4f0825058a0f0779a07a63b857a0180567c5b0e3fd32f1c478b1,nfl,player_receiving_yards,Kenneth Walker III,Under,19.5,loss,61.0,2026_02_IND_KC,61.0,loss,61.0,loss,,False,True,True
5dfd2f66bbfcd43ab6fd1f7b0aeacc59545bd1abfdfc992d01ee4285025bdfa1,nfl,player_receptions,Tyler Warren,Under,4.5,loss,6.0,2026_02_IND_KC,6.0,loss,6.0,loss,,False,True,True
239de7c71f808b63ad620701a43fc79ed8ce421bb01e07db232f781372320bb6,nfl,player_receptions,Xavier Worthy,Under,3.5,loss,5.0,2026_02_IND_KC,5.0,loss,5.0,loss,,False,True,True
1f0db894b6e9b00045e7460b45193269625ae71b174856b7c1765fb1e8dede7b,nfl,player_receiving_yards,Jonathan Taylor,Over,16.5,win,40.0,2026_02_IND_KC,40.0,win,40.0,win,,False,True,True
6b418c30ac0eed0dfe17373c09b1bfdde85c71bdf84e35a17612fa86cc8981d6,nfl,atd,Jonathan Taylor,Yes,0.5,win,2.0,2026_02_IND_KC,2.0,win,1.0,win,0.0,False,True,True
e32632b915edc66de25fd7178018fc4469e99e55f5ca9676b2f7e3926be9beae,nfl,player_rushing_yards,Daniel Jones,Under,9.5,loss,10.0,2026_02_IND_KC,10.0,loss,10.0,loss,,False,True,True
03d7ac8f69021862601a754020130b2cdef33471f661aa25b5dab85ef23c85d6,nfl,player_receiving_yards,Keenan Allen,Over,29.5,loss,5.0,2026_02_IND_KC,5.0,loss,5.0,loss,,False,True,True
28a1f73371682c9267886ae832be51bd2c08d438d0eb9c7b3c8f297c181d4134,nfl,player_receptions,Jonathan Taylor,Under,2.5,loss,4.0,2026_02_IND_KC,4.0,loss,4.0,loss,,False,True,True
246ec51a169cd3553e512bd28a29ceecc78788cba62d26872118c1057828e116,nfl,player_receptions,Alec Pierce,Over,2.5,loss,1.0,2026_02_IND_KC,1.0,loss,1.0,loss,,False,True,True
c451f6b615b6f9632a6cbbd3f72fd5b86ec57d9e1783a99b5da80ec5379aa398,nfl,player_passing_yards,Daniel Jones,Under,216.5,win,210.0,2026_02_IND_KC,210.0,win,210.0,win,,False,True,True
e3d98556f68e70f3e8ad7979b0ef17e9d6559dba23b14fcb3762932e5900bb8f,nfl,player_rushing_yards,Jonathan Taylor,Under,81.5,loss,92.0,2026_02_IND_KC,92.0,loss,92.0,loss,,False,True,True
3fec731e460e51c60f826d8949b63da92ccfba9401a66a1e1256b9d34236c845,nfl,player_receptions,Travis Kelce,Over,3.5,win,9.0,2026_02_IND_KC,9.0,win,9.0,win,,False,True,True
10b6f82e28a3ff9944034f100b3729786bdc2694fce81dc6bab5ba281d971454,nfl,player_receiving_yards,Tyquan Thornton,Under,16.5,loss,86.0,2026_02_IND_KC,86.0,loss,86.0,loss,,False,True,True
96e2dee07fb2bc0c57b1e44baf1b59a860f37d96f51568f23edda6975a7f5212,nfl,atd,Drew Ogletree,Yes,0.5,loss,0.0,2026_02_IND_KC,0.0,loss,0.0,loss,0.0,False,True,True
f7859877518eeefaf5ce0bd444612f6a6a72cf1c759c8b910e25368950fc12b0,nfl,atd,Brashard Smith,Yes,0.5,loss,0.0,2026_02_IND_KC,0.0,loss,0.0,loss,0.0,False,True,True
0bd876de9be734abfb3dc409a4aea7999876c3a94798c024705998bcdf45f035,nfl,player_receiving_yards,Alec Pierce,Over,45.5,loss,11.0,2026_02_IND_KC,11.0,loss,11.0,loss,,False,True,True
1dc8974a6e1525315c03f9809ebe1282906ab1f424c776431c624b36367c8fcf,nfl,atd,Alec Pierce,Yes,0.5,loss,0.0,2026_02_IND_KC,0.0,loss,0.0,loss,0.0,False,True,True
078783e26a748162ff40fb50c598d932bdc08c4f9be1ab937e9d73733eda5291,nfl,atd,Josh Downs,Yes,0.5,loss,0.0,2026_02_IND_KC,0.0,loss,0.0,loss,0.0,False,True,True
487e6c8b575f87b177ca2e740795812c1acdb219107118c14d93daec2fc023eb,nfl,player_rushing_yards,Kenneth Walker III,Under,83.5,loss,117.0,2026_02_IND_KC,117.0,loss,117.0,loss,,False,True,True
342608bfeca30e19f54e0cac2dac7488eead30ab55482356c345bb35b629e7e5,nfl,player_receiving_yards,Josh Downs,Under,42.5,loss,72.0,2026_02_IND_KC,72.0,loss,72.0,loss,,False,True,True
d7ca7b06404a70a2ce747b1d6b9f083a6f73b44df979944d3b30157583d68b8e,nfl,player_passing_yards,Patrick Mahomes,Over,223.5,win,382.0,2026_02_IND_KC,382.0,win,382.0,win,,False,True,True
3c8807105bcf200e608ed7c9faa7b7293a7fcc55b4ca84dbafaa1b96fb9e44ea,nfl,player_receptions,Josh Downs,Under,4.5,loss,7.0,2026_02_IND_KC,7.0,loss,7.0,loss,,False,True,True
cb365eec27c63438e47b25880b6b3a89598bfa0ed88a75d88986823e6f5ef403,nfl,player_receptions,Rashee Rice,Over,4.5,loss,4.0,2026_02_IND_KC,4.0,loss,4.0,loss,,False,True,True
99893f0e6aa81f0c93b00bbe59027120b1545465d6aa909d7438b3d52a51c602,nfl,player_receptions,Kenneth Walker III,Under,3.5,loss,6.0,2026_02_IND_KC,6.0,loss,6.0,loss,,False,True,True
384a2c7c77365936360ce2e863f27a04294ec0071c94402688ac25a128d175b1,nfl,player_receiving_yards,Tyler Warren,Under,42.5,win,21.0,2026_02_IND_KC,21.0,win,21.0,win,,False,True,True
628eb2b8c5037e452d66b77853358505a3494d9414201e4f118f809e908ca537,nfl,atd,Rashee Rice,Yes,0.5,loss,0.0,2026_02_IND_KC,0.0,loss,0.0,loss,0.0,False,True,True
42a3ed74ea71958cad8f785cb29f097cffdaa70aadac6b6d7a09eb65cd6a05e3,nfl,player_receiving_yards,Noah Gray,Over,11.5,loss,0.0,2026_02_IND_KC,0.0,loss,0.0,loss,,False,True,True
b304bd157b5f6772a6c1da80b9ad9762727bd55beff01e3e21bcf0ca4c775247,nfl,atd,Daniel Jones,Yes,0.5,loss,0.0,2026_02_IND_KC,0.0,loss,0.0,loss,0.0,False,True,True
d6072c0e78bcb53e2ec7e14f7d1e04173d1f6b00fb284e8ec46d1bb1accbbca8,nfl,player_receiving_yards,Travis Kelce,Over,42.5,win,101.0,2026_02_IND_KC,101.0,win,101.0,win,,False,True,True
54023968534b47bae39a02da4f999a5c734e4580adc76c202c6244fbbb41a3dc,nfl,player_passing_tds,Patrick Mahomes,Over,1.5,win,3.0,2026_02_IND_KC,3.0,win,3.0,win,,False,True,True
d43cf92325b144b3524f528e935b4adc1d3a4e769e994d4eaa08aab733add4c2,nfl,player_receptions,Noah Gray,Under,1.5,win,0.0,2026_02_IND_KC,0.0,win,0.0,win,,False,True,True
06e61945c65493c04d309288ede02282232aee5ad8a473c0a146a9ccb3baa3a4,nfl,player_receptions,Noah Gray,Over,1.5,loss,0.0,2026_02_IND_KC,0.0,loss,0.0,loss,,False,True,True
ac231bcf5a1d754e38f45798894cbe6fa349b2584551dcc07722c3ea96d667b8,nfl,player_receiving_yards,Travis Kelce,Under,42.5,loss,101.0,2026_02_IND_KC,101.0,loss,101.0,loss,,False,True,True
2b2e3726f8dc61ba53a58c13acbd8b67314526aee3d7c700368c326a49614bcf,nfl,player_passing_tds,Patrick Mahomes,Under,1.5,loss,3.0,2026_02_IND_KC,3.0,loss,3.0,loss,,False,True,True
72cad604483ff1a2e6695001d62eb95077a80b318d127b2c46a19a5e30b728b5,nfl,player_receiving_yards,Noah Gray,Under,11.5,win,0.0,2026_02_IND_KC,0.0,win,0.0,win,,False,True,True
09383fd180a04d1d5ea9651e4ad919849db8845b21049f0cb4f47555bd1c20f1,nfl,player_rushing_yards,Jonathan Taylor,Over,81.5,win,92.0,2026_02_IND_KC,92.0,win,92.0,win,,False,True,True
57a872fa7b682a1d2ba4de5d6e52ae7cbc7960ed2cf8c9e175a86ea1db3954d2,nfl,player_receiving_yards,Tyquan Thornton,Over,16.5,win,86.0,2026_02_IND_KC,86.0,win,86.0,win,,False,True,True
936c22a287e5480ecd1279afcf9cf9378bce22a86c81f5ce69b837d35fb519da,nfl,player_passing_yards,Daniel Jones,Over,216.5,loss,210.0,2026_02_IND_KC,210.0,loss,210.0,loss,,False,True,True
5afb3c05f27d6a24ccd53c4d23fb5bfd6c716877f6ff24fe3e5dc1f58ecb84d2,nfl,atd,Mo Alie-Cox,Yes,0.5,loss,0.0,2026_02_IND_KC,0.0,loss,,,,True,True,
6bb5bea5bcdb5876593647007d122a4cfcc9007fe96ac34c04c243df56dfe186,nfl,player_receptions,Travis Kelce,Under,3.5,loss,9.0,2026_02_IND_KC,9.0,loss,9.0,loss,,False,True,True
0c12a9a2c61d8b3de44bc8e8f54f988498c310faa0e20ce2a7a51ddd87affd83,nfl,player_receptions,Alec Pierce,Under,2.5,win,1.0,2026_02_IND_KC,1.0,win,1.0,win,,False,True,True
f9c88a7761bb28ff6345f1c1615e63059647b7cc229fd1bfbd694bf42b57493a,nfl,player_passing_tds,Daniel Jones,Under,1.5,win,1.0,2026_02_IND_KC,1.0,win,1.0,win,,False,True,True
b6b2d6816a743250950cbd5d2cd30aa5c91fbe737bf86582f51feafd85ca3a29,nfl,player_receptions,Jonathan Taylor,Over,2.5,win,4.0,2026_02_IND_KC,4.0,win,4.0,win,,False,True,True
eb60b16741353ceb9bfd5b703b3d7b3f4949e977ead63d09620ab5249638e153,nfl,player_receiving_yards,Xavier Worthy,Over,37.5,loss,25.0,2026_02_IND_KC,25.0,loss,25.0,loss,,False,True,True
8b9f5766d21f59ab26a7934efa6c00becd94ce2578befff75eb6fa060b1771e7,nfl,atd,Tyler Warren,Yes,0.5,win,1.0,2026_02_IND_KC,1.0,win,1.0,win,0.0,False,True,True
358bf75085aeef2579c9605e8a56d8164aec9efbf954de94cbfc20d6dd27a893,nfl,player_receiving_yards,Keenan Allen,Under,29.5,win,5.0,2026_02_IND_KC,5.0,win,5.0,win,,False,True,True
c886640840b8d67a48c306db18e93b00799d4ea0731302eac7632efcbd485917,nfl,player_rushing_yards,Daniel Jones,Over,9.5,win,10.0,2026_02_IND_KC,10.0,win,10.0,win,,False,True,True
8f4ea8e74750781a8c9c8a76a87f73b7effef33134d40f9897bfb07e932c5425,nfl,player_receiving_yards,Jonathan Taylor,Under,16.5,loss,40.0,2026_02_IND_KC,40.0,loss,40.0,loss,,False,True,True
a66e41f48c35f175e2d46d3dfc581d708aa9a630db16a24995c69e71c08cd32e,nfl,player_receiving_yards,Kenneth Walker III,Over,20.5,win,61.0,2026_02_IND_KC,61.0,win,61.0,win,,False,True,True
13a44bced1f2a0ab69adacf64b4200a6b6b8496325bca30bfa18d0eb1833b0d9,nfl,player_receptions,Tyler Warren,Over,4.5,win,6.0,2026_02_IND_KC,6.0,win,6.0,win,,False,True,True
a14cbf8cc2d0a721593e1a139bc55681fd45304193a4185ddf4f03e4d3b16d6e,nfl,player_receiving_yards,Rashee Rice,Under,48.5,loss,83.0,2026_02_IND_KC,83.0,loss,83.0,loss,,False,True,True
c59472555ee95e3c1fbdb6276efaa7a4b4009e03f0eaebcb96246024b9a39134,nfl,player_rushing_yards,Patrick Mahomes,Under,17.5,win,17.0,2026_02_IND_KC,17.0,win,17.0,win,,False,True,True
136f87a547308311454a9bc4f53503f94ab6394ff806f6e7736a93d1386616fc,nfl,player_receptions,Keenan Allen,Under,3.5,win,1.0,2026_02_IND_KC,1.0,win,1.0,win,,False,True,True
b62c789552bbb2b6d4f11918103e94fa60e495bcb70b0ce24342876053d2be10,nfl,player_receptions,Josh Downs,Over,4.5,win,7.0,2026_02_IND_KC,7.0,win,7.0,win,,False,True,True
9ffdd49690095bcd4682c51ed58b418312211e13359ee8299897bd4a7372d2d4,nfl,player_receptions,Xavier Worthy,Over,3.5,win,5.0,2026_02_IND_KC,5.0,win,5.0,win,,False,True,True
cbbb9943535e6a5efe169c83fcbad26d3c98a2d52befc8473071ec459eaf4a9c,nfl,atd,Travis Kelce,Yes,0.5,win,1.0,2026_02_IND_KC,1.0,win,1.0,win,0.0,False,True,True
f711000af5d3f6605bcf99cc2241a009977d33bed61bb80cd85aa2e6392904c0,nfl,player_receiving_yards,Josh Downs,Over,39.5,win,72.0,2026_02_IND_KC,72.0,win,72.0,win,,False,True,True
12af60d6a7a88164456e9bf90f87ce41f0562b28c6c7e0c2dc3a1645154eb688,nfl,player_receiving_yards,Tyler Warren,Over,42.5,loss,21.0,2026_02_IND_KC,21.0,loss,21.0,loss,,False,True,True
ecd301160365b0ad9f9f79ea0b091338822d21e6bb8452385f759844d6fcfa66,nfl,player_receptions,Rashee Rice,Under,4.5,win,4.0,2026_02_IND_KC,4.0,win,4.0,win,,False,True,True
ebc7bf4fa38487ea0b90b5265867eb6326f45c09ceb77f972537f45c86e4fdb2,nfl,player_passing_yards,Patrick Mahomes,Under,223.5,loss,382.0,2026_02_IND_KC,382.0,loss,382.0,loss,,False,True,True
b69d5a941067c165c65e028f27ab943aff8b20d3bbad7e69b33d0aa598c98edd,nfl,player_rushing_yards,Kenneth Walker III,Over,83.5,win,117.0,2026_02_IND_KC,117.0,win,117.0,win,,False,True,True
477a14eb63e9b8a8e8a9fdb48d3ddc65057ca6260cde04b5f13d46263af46427,nfl,atd,Tyquan Thornton,Yes,0.5,loss,0.0,2026_02_IND_KC,0.0,loss,0.0,loss,0.0,False,True,True
ee9de0cc8b156cff5fbaaf094aaaf376785776f73ceb8f04a49fab39cbd7cfc4,nfl,player_receptions,Tyquan Thornton,Over,1.5,win,4.0,2026_02_IND_KC,4.0,win,4.0,win,,False,True,True
7bff4725bea18a1e18204a5d935a4691b1cbaae9554b78c3c316886b5c9596e4,nfl,atd,Kenneth Walker III,Yes,0.5,loss,0.0,2026_02_IND_KC,0.0,loss,0.0,loss,0.0,False,True,True
7b2b7233b0c525b082b9625af88d01dc4acfb66c8b29638114c031cbebab2e9d,nfl,player_receptions,Kenneth Walker III,Over,3.5,win,6.0,2026_02_IND_KC,6.0,win,6.0,win,,False,True,True
66f2e689b922d9d326716372491379ad66a91440232c65124e501c79b8b3b1d0,nfl,player_receiving_yards,Alec Pierce,Under,45.5,win,11.0,2026_02_IND_KC,11.0,win,11.0,win,,False,True,True
97a9ba8015f9e22eb1803a1f311428fc7452c884f924978979f8ab4e069fedd1,nfl,atd,Keenan Allen,Yes,0.5,loss,0.0,2026_02_IND_KC,0.0,loss,0.0,loss,0.0,False,True,True
b786c5f9f2c5caa0ee8bfe79f3b3d214e0ee0ad44dee78d07269139eea47b518,nfl,atd,Xavier Worthy,Yes,0.5,win,1.0,2026_02_IND_KC,1.0,win,1.0,win,0.0,False,True,True
b0788fe88c4df7578c8dc23bcaf036347c553d8922370ac8e58ae71cee81d5ce,nfl,player_passing_tds,Matthew Stafford,Over,1.5,win,4.0,2026_02_NYG_LA,4.0,win,4.0,win,,False,True,True
9429a1460951bac934630b5822484d9f17f69462a6ba2f37c384455e59cc3665,nfl,player_receiving_yards,Terrance Ferguson,Under,24.5,loss,54.0,2026_02_NYG_LA,54.0,loss,54.0,loss,,False,True,True
b1a649320bc0b1e5635f9e858754626d1293d154ba1fd28f9de2bb43a4ed3ed3,nfl,player_rushing_yards,Kyren Williams,Over,63.5,win,85.0,2026_02_NYG_LA,85.0,win,85.0,win,,False,True,True
961f9e0f063ed3a313f67ce15bd07b9a4bd2eff556a9ce62b0c9a723d6f4fcc1,nfl,player_receiving_yards,Kyren Williams,Under,10.5,loss,12.0,2026_02_NYG_LA,12.0,loss,12.0,loss,,False,True,True
e3a79a151cd120729f2cd8ae53d78b2555b46665c859d214911c1b0c735041bf,nfl,player_receptions,Cam Skattebo,Over,3.5,win,4.0,2026_02_NYG_LA,4.0,win,4.0,win,,False,True,True
2073a6c54911dacfbfb98089251e0f4a222f220c4f54248ed5148b030598bdf9,nfl,totals,,Over,48.0,loss,34.0,2026_02_NYG_LA,34.0,loss,34.0,loss,,False,True,True
cf059ce280efbc7d7dac33dbabdbe9e79d60b6b8bbcdeca4295135d6f4eb5862,nfl,player_receiving_yards,Davante Adams,Under,49.5,loss,195.0,2026_02_NYG_LA,195.0,loss,195.0,loss,,False,True,True
268f49a36c5a3388957b479360a9df35a6270c7cda6f5e160059ea9de9337975,nfl,player_receiving_yards,Cam Skattebo,Over,24.5,loss,19.0,2026_02_NYG_LA,19.0,loss,19.0,loss,,False,True,True
0c017e9d9970deb1350fe5d7bbd35e238e245afd8ee3d9a1d548203c10a05e7e,nfl,player_rushing_yards,Kyren Williams,Over,63.5,win,85.0,2026_02_NYG_LA,85.0,win,85.0,win,,False,True,True
038415c6435f561a98740de04d6910a1da8ccc686c8d1fe6804184ed614e21b4,nfl,atd,Malik Nabers,Yes,0.5,loss,0.0,2026_02_NYG_LA,0.0,loss,0.0,loss,0.0,False,True,True
442efe474c941a3fe3ba900ead5993736dacaa95f7d3da4db4603f24ec2af80b,nfl,player_passing_tds,Jaxson Dart,Over,0.5,loss,0.0,2026_02_NYG_LA,0.0,loss,0.0,loss,,False,True,True
be8af4c8303f61a5fa925175144b74eb31fb22f9b06e05c7887b2f1cb579285f,nfl,h2h,,Away,0.0,loss,22.0,2026_02_NYG_LA,22.0,loss,22.0,loss,,False,True,True
01771f43f8297b374829a65e8a28e4c786363d5a81e6cc0a1f01cd21abcd7a14,nfl,player_receiving_yards,Odell Beckham,Under,5.5,win,0.0,2026_02_NYG_LA,0.0,win,,,,True,True,
1a1d3f52626801faac80275525abd8bc451a9465890a544820fa11208431ccd6,nfl,player_receptions,Malik Nabers,Over,5.5,loss,1.0,2026_02_NYG_LA,1.0,loss,1.0,loss,,False,True,True
74517c0dc1029d46ad9d290cfcc58e00ee628d6ea11a3315ba1f3de9e0601211,nfl,player_passing_yards,Matthew Stafford,Over,240.5,win,327.0,2026_02_NYG_LA,327.0,win,327.0,win,,False,True,True
2ec574413908b1b05fcb9fd3100e8ec6ffb87dcfca65c9b4135ffa2e9f87e976,nfl,player_receptions,Odell Beckham Jr.,Over,0.5,loss,0.0,2026_02_NYG_LA,0.0,loss,,,,True,True,
1bfeaae4f8aa7c0fec6fee257cfc74e135d4b6e492b2ebf7749b3e6b374a8169,nfl,player_receptions,Colby Parkinson,Over,2.5,loss,2.0,2026_02_NYG_LA,2.0,loss,2.0,loss,,False,True,True
cc4d27455d0c66a18060355785f91325783a3a2a24a52c1a49da62a4f9aa6831,nfl,atd,Blake Corum,Yes,0.5,loss,0.0,2026_02_NYG_LA,0.0,loss,0.0,loss,0.0,False,True,True
bc2258cc3586b2430fba83dbde4d638a66a8a2a18051936bb0e0823404e78186,nfl,atd,Terrance Ferguson,Yes,0.5,win,1.0,2026_02_NYG_LA,1.0,win,1.0,win,0.0,False,True,True
f3a078756a204664938b5c4db7bde44df14fbe0f4b24272246ea097cf252e25c,nfl,player_rushing_yards,Blake Corum,Over,48.5,win,79.0,2026_02_NYG_LA,79.0,win,79.0,win,,False,True,True
9218adb12e7be7f96fbabe8ce8f7c1c17076880d6dd3a5bf8d2b47e98923dbe8,nfl,atd,Tyrone Tracy,Yes,0.5,loss,0.0,2026_02_NYG_LA,0.0,loss,0.0,loss,0.0,False,True,True
480b0127b3dc6253ee0a589192a78b39bffecb7b310ecd17ca1002ff09eeb933,nfl,atd,Theo Johnson,Yes,0.5,loss,0.0,2026_02_NYG_LA,0.0,loss,0.0,loss,0.0,False,True,True
c655f719d80a4355a69fb866e8685e891cbd3d3d8deb412340ff454b337b31bb,nfl,atd,Devin Singletary,Yes,0.5,loss,0.0,2026_02_NYG_LA,0.0,loss,0.0,loss,0.0,False,True,True
dfcf6e1ecc776bb519ffc100bb672ace3edbed606cad8b85612a89ae86480cbb,nfl,atd,Colby Parkinson,Yes,0.5,loss,0.0,2026_02_NYG_LA,0.0,loss,0.0,loss,0.0,False,True,True
691cbe4e7dc01c9d88793d770526cf4460fbbf53415036f5bab72bc2960cea43,nfl,atd,Najee Harris,Yes,0.5,loss,0.0,2026_02_NYG_LA,0.0,loss,0.0,loss,0.0,False,True,True
af0c0bee17441ea0b1443792167219c1ed937a0e69f554550dd2328eb30c6507,nfl,atd,Tyler Higbee,Yes,0.5,loss,0.0,2026_02_NYG_LA,0.0,loss,,,,True,True,
b656eaeab50dc13cdffe40ef787273fe548b65ee6247534f09ddb63e3f6f4d79,nfl,atd,Jaxson Dart,Yes,0.5,loss,0.0,2026_02_NYG_LA,0.0,loss,0.0,loss,0.0,False,True,True
aef219a4ee6a4d9e87d8f4cb12890ddb4ed0e7e4fb96956d94ae386da0bd3845,nfl,player_receptions,Isaiah Likely,Under,4.5,loss,5.0,2026_02_NYG_LA,5.0,loss,5.0,loss,,False,True,True
5cfce90e85ecdb0214af9bf372d5aded57bb7dd2f3d7d7948f77753ec011850f,nfl,player_receiving_yards,Davante Adams,Under,62.5,loss,195.0,2026_02_NYG_LA,195.0,loss,195.0,loss,,False,True,True
f9e31690e5cfbeebb14caf58015cc8798937a3c30cf380a4afdf9fbc6cfce8d3,nfl,player_receiving_yards,Isaiah Likely,Under,44.5,win,33.0,2026_02_NYG_LA,33.0,win,33.0,win,,False,True,True
4465dfbfe7ea6229474d98a78aa1757314e061227084669be5b14d6d109feecd,nfl,atd,Konata Mumpfield,Yes,0.5,loss,0.0,2026_02_NYG_LA,0.0,loss,0.0,loss,0.0,False,True,True
ddfd9d6b0236da508af70e1ed7b90685f91b4c142a06424b1ede90b0c1f61efd,nfl,player_receiving_yards,Terrance Ferguson,Under,32.5,loss,54.0,2026_02_NYG_LA,54.0,loss,54.0,loss,,False,True,True
5f5c3c8b7902ff618f0924311b295fd6a4b72b3d0ace6da5a168301b3a3a6961,nfl,player_receptions,Tyler Higbee,Over,1.5,loss,0.0,2026_02_NYG_LA,0.0,loss,,,,True,True,
78413e54f2497997386f70e32bf1dbda620260d4dd17baf72d717207ec44e8ab,nfl,player_receiving_yards,Tyler Higbee,Over,15.5,loss,0.0,2026_02_NYG_LA,0.0,loss,,,,True,True,
820e93dcb76865b690b11cd4e8f6cf0ea2360c93f8f2bdcf37b5c0a96cbcf1d9,nfl,player_receiving_yards,Cam Skattebo,Over,11.5,win,19.0,2026_02_NYG_LA,19.0,win,19.0,win,,False,True,True
0247775ebf2bcc2dbfcdedbe0b882121a5e9abe6154a519d3a462b5f08e9b9a9,nfl,atd,Cam Skattebo,Yes,0.5,loss,0.0,2026_02_NYG_LA,0.0,loss,0.0,loss,0.0,False,True,True
264aa4d2f21b4176eaf5c7bdf9eba18de21c0b999dfce7b3b723a5fa932726ac,nfl,player_receiving_yards,Kyren Williams,Under,15.5,win,12.0,2026_02_NYG_LA,12.0,win,12.0,win,,False,True,True
8ea003a89f4d833db47ca65419154a26e61d820e32d79ba9fc4d46146f333092,nfl,player_receptions,Kyren Williams,Under,2.5,win,2.0,2026_02_NYG_LA,2.0,win,2.0,win,,False,True,True
055f4debdc00d3dfa8ae7de68fe2b5544c916b0597f95904510a7395d1159f7a,nfl,player_receptions,Davante Adams,Under,4.5,loss,8.0,2026_02_NYG_LA,8.0,loss,8.0,loss,,False,True,True
ea2fa356dc1554ec7bcaf4757a0d839adacbe3fe8bb11367ad61ea5859414c33,nfl,atd,Davante Adams,Yes,0.5,win,2.0,2026_02_NYG_LA,2.0,win,1.0,win,0.0,False,True,True
005d7414f3110ec0759a067b8ae84d38a14b802bf0f45500ec4390e41f0b5b2e,nfl,player_receptions,Cam Skattebo,Over,1.5,win,4.0,2026_02_NYG_LA,4.0,win,4.0,win,,False,True,True
0415d38b2c17c56abdfa71963a9ef1c8b6c0df016ad2c42a938283930288063b,nfl,player_passing_tds,Matthew Stafford,Over,1.5,win,4.0,2026_02_NYG_LA,4.0,win,4.0,win,,False,True,True
6f1065c3a308434ca8209fb7a49f67621c8c0a29d0d67048720f0f851e8cb925,nfl,totals,,Over,47.0,loss,34.0,2026_02_NYG_LA,34.0,loss,34.0,loss,,False,True,True
718e5db3a7e407d5ce50b8f849b8711a45df7ec2af34a9b624f5e68597e10256,nfl,player_passing_yards,Jaxson Dart,Under,213.5,win,20.0,2026_02_NYG_LA,20.0,win,20.0,win,,False,True,True
bf5cd53055aeb8cf54ad748390594ab40d784ee6a0d995768d5df062bacf3124,nfl,player_receiving_yards,Colby Parkinson,Over,26.5,loss,15.0,2026_02_NYG_LA,15.0,loss,15.0,loss,,False,True,True
efef97e60c78d67840eb2d5d83368c1a0a9e6efe418377cd90d634e687ca9e90,nfl,player_receiving_yards,Devin Singletary,Over,4.5,loss,0.0,2026_02_NYG_LA,0.0,loss,0.0,loss,,False,True,True
9ca8a789a4bcfa10633e70dc27c658d361107c0acdc084860020b57497d14cf8,nfl,player_receptions,Devin Singletary,Over,0.5,loss,0.0,2026_02_NYG_LA,0.0,loss,0.0,loss,,False,True,True
a9e84ee6c09f8c5a0bb40245b627f64975228dd72eac19e50cf3c573a8b96d45,nfl,player_rushing_yards,Jaxson Dart,Over,31.5,loss,0.0,2026_02_NYG_LA,0.0,loss,0.0,loss,,False,True,True
398f3588b926c1e7e6b4f487c9ed60c27014fe9e0f5051b9bf29bc98b6b1661a,nfl,player_rushing_yards,Cam Skattebo,Over,50.5,loss,36.0,2026_02_NYG_LA,36.0,loss,36.0,loss,,False,True,True
b22ed5d5045a1ca5c49200c2a752aa0d859aa92ca626e8189646d3fb8a8c3956,nfl,player_receptions,Davante Adams,Over,4.5,win,8.0,2026_02_NYG_LA,8.0,win,8.0,win,,False,True,True
cc11542c2a0ee1ba116861b9614c82a899496b080560e750d0c7494e1c587a17,nfl,spreads,,Away,-7.0,loss,15.0,2026_02_NYG_LA,15.0,loss,15.0,loss,,False,True,True
6a2cd746248f240c2951c912f012761d8b1554c245950d510246d1c3bbf89ab3,nfl,spreads,,Home,-6.5,win,15.5,2026_02_NYG_LA,15.5,win,15.5,win,,False,True,True
c964771b072eceb892c90804886278a0262fbcb4377095e01642106639dd3dd9,nfl,player_receiving_yards,Malik Nabers,Over,65.5,loss,1.0,2026_02_NYG_LA,1.0,loss,1.0,loss,,False,True,True
1d788a89a083d83e1fd449416ac920671b00b18db64e9674abea8089737f0051,nfl,atd,Davis Allen,Yes,0.5,loss,0.0,2026_02_NYG_LA,0.0,loss,0.0,loss,0.0,False,True,True
6effc2e5c8be22b2f0ffa5c595fe2336098af903579dc04e502001c5873a68ef,nfl,h2h,,Home,0.0,win,22.0,2026_02_NYG_LA,22.0,win,22.0,win,,False,True,True
174d522706b2312aabd425e189b3efce6c446041fc9cacdff375dd6cde882f26,nfl,player_receiving_yards,Malik Nabers,Under,65.5,win,1.0,2026_02_NYG_LA,1.0,win,1.0,win,,False,True,True
10d60d0ec7fd38f5f22daacdbbe5d52e2653350c83ddb33ad525bb8e976ab2a1,nfl,player_receptions,Colby Parkinson,Under,3.5,win,2.0,2026_02_NYG_LA,2.0,win,2.0,win,,False,True,True
497ad71b4459ca834f868634d0f99a1db8e1169d675b0af1efec129fed37af4a,nfl,player_receptions,Odell Beckham Jr.,Under,0.5,win,0.0,2026_02_NYG_LA,0.0,win,,,,True,True,
1a711a830e31ad0b24655d626c7e05ece471fac90eeac620adf4073c3aebbd8f,nfl,player_passing_yards,Matthew Stafford,Under,238.5,loss,327.0,2026_02_NYG_LA,327.0,loss,327.0,loss,,False,True,True
c9f9da6da09648b8453d555712b234ef43410d926ff8105c99a851be1d17e7dc,nfl,atd,Kyren Williams,Yes,0.5,win,1.0,2026_02_NYG_LA,1.0,win,1.0,win,0.0,False,True,True
395d52c957d11cfcf29bc821d27fd7ce1f7600282bdfff299dbe32156e212201,nfl,player_receptions,Malik Nabers,Under,5.5,win,1.0,2026_02_NYG_LA,1.0,win,1.0,win,,False,True,True
55b0fcd877af27de6172386016b35bd71aeb7918f8517203f2d0eb94cb65b4b2,nfl,player_passing_tds,Jaxson Dart,Under,1.5,win,0.0,2026_02_NYG_LA,0.0,win,0.0,win,,False,True,True
0555a31f2a6005d8154253a5d238b79bbb605d45c442a8cd7ad653f119d336f5,nfl,atd,Isaiah Likely,Yes,0.5,loss,0.0,2026_02_NYG_LA,0.0,loss,0.0,loss,0.0,False,True,True
e864caa1cbd3499328bb54115352f8a3ceae2d6eefa81751ec6d882c95a0a851,nfl,player_receiving_yards,Odell Beckham,Over,5.5,loss,0.0,2026_02_NYG_LA,0.0,loss,,,,True,True,
7170a205421c2d9e954ba479f19b861da341864d12659b732cce6561e4881721,nfl,atd,Darnell Mooney,Yes,0.5,loss,0.0,2026_02_NYG_LA,0.0,loss,0.0,loss,0.0,False,True,True
a71613b5ab24d1e01949cce3bd3d42dd223e58a7ca9b28c1229673ee29ecd5bd,nfl,atd,Tutu Atwell,Yes,0.5,loss,0.0,2026_02_NYG_LA,0.0,loss,0.0,loss,0.0,False,True,True
58551454f838ce5ca223df2e8bf747245c1d5425269a79ca9b4f3f0a9950ff0e,nfl,player_rushing_yards,Jaxson Dart,Under,31.5,win,0.0,2026_02_NYG_LA,0.0,win,0.0,win,,False,True,True
fdff134286ee234ac2c122fcb3853a3d9f463ca864ff65d28043c7aa7aea2247,nfl,totals,,Under,47.0,win,34.0,2026_02_NYG_LA,34.0,win,34.0,win,,False,True,True
1ef01bfa678a75d7120235452e125c8fa0e73d25a2b98eed45fafd0879807e35,nfl,player_passing_yards,Jaxson Dart,Over,213.5,loss,20.0,2026_02_NYG_LA,20.0,loss,20.0,loss,,False,True,True
7c18e10e2995d9a0a9daae102805668add5643ebd71be13fbd159568cf8deba0,nfl,player_passing_tds,Matthew Stafford,Under,1.5,loss,4.0,2026_02_NYG_LA,4.0,loss,4.0,loss,,False,True,True
310197c3611d4077dc3554c537903b8125bc6f7d9406f0fdd0c1ebad5957a0f6,nfl,player_receptions,Kyren Williams,Over,2.5,loss,2.0,2026_02_NYG_LA,2.0,loss,2.0,loss,,False,True,True
19ab3ed6a1bb71cebe216f6ac6b5416b7c97ce5611911cd4527cc2d4f5977377,nfl,player_receptions,Cam Skattebo,Under,1.5,loss,4.0,2026_02_NYG_LA,4.0,loss,4.0,loss,,False,True,True
af7da7e22dcc56a8c4898062ddc24f4f403942bb477da3f8be8b9027008b8d1d,nfl,player_receiving_yards,Cam Skattebo,Under,11.5,loss,19.0,2026_02_NYG_LA,19.0,loss,19.0,loss,,False,True,True
5d5ca34be71ab95af5bcbddd34fadd9e90d3988f21a91a32bed9e67a3d0d3348,nfl,player_receptions,Tyler Higbee,Under,1.5,win,0.0,2026_02_NYG_LA,0.0,win,,,,True,True,
28ed283482a5335be17cd829551b837594a70371a6c3fdae6297439ed7c9bd0d,nfl,player_receiving_yards,Davante Adams,Over,62.5,win,195.0,2026_02_NYG_LA,195.0,win,195.0,win,,False,True,True
87a06ef305ae59dba2d3452ba18ca6dc2561d0fb30cd0379c76b39567b7dc914,nfl,player_receptions,Isaiah Likely,Over,4.5,win,5.0,2026_02_NYG_LA,5.0,win,5.0,win,,False,True,True
77c3adb310692b4c6d153d4718768bc5d61c172b738b59189580c636fcaabb4d,nfl,player_receptions,Terrance Ferguson,Over,2.5,win,6.0,2026_02_NYG_LA,6.0,win,6.0,win,,False,True,True
42b4bc64bc26557455ab1492e3b2ac499cded0ee30e148b357af11feda983edf,nfl,player_receiving_yards,Darnell Mooney,Over,9.5,win,48.0,2026_02_NYG_LA,48.0,win,48.0,win,,False,True,True
6fe84058a3f429ee84612af9a10c106cf95e6d6842515b9f068c3158d54df566,nfl,player_receptions,Terrance Ferguson,Under,2.5,loss,6.0,2026_02_NYG_LA,6.0,loss,6.0,loss,,False,True,True
ad95fa5c28f3503723f859630224fc09bbb2be6ab21a69bcb9aec34f8ff2b225,nfl,player_receptions,Darnell Mooney,Over,1.5,win,2.0,2026_02_NYG_LA,2.0,win,2.0,win,,False,True,True
2fdf2fcf7eabe27a292bb4ebd9a5c6eebb340406b1e9f189daae29022aa04b8b,nfl,player_rushing_yards,Devin Singletary,Over,16.5,loss,9.0,2026_02_NYG_LA,9.0,loss,9.0,loss,,False,True,True
92c209543f801b3da394ded7724c0d9c6f41387d9a8489aff0731a4b17972394,nfl,player_rushing_yards,Matthew Stafford,Under,0.5,win,-1.0,2026_02_NYG_LA,-1.0,win,-1.0,win,,False,True,True
c6377baff387de6eccdcb4259ff8bcd3097b7c8d6189418b64f480ed3e50c866,nfl,player_rushing_yards,Blake Corum,Under,47.5,loss,79.0,2026_02_NYG_LA,79.0,loss,79.0,loss,,False,True,True
788948b9a9e0f1506f6c1ec9c37da57c0390664e45abbaedff3213e4087b9b26,nfl,player_receiving_yards,Colby Parkinson,Under,26.5,win,15.0,2026_02_NYG_LA,15.0,win,15.0,win,,False,True,True
11b84579f8163b7fadfd1f520986349d56dddf6f533e3a9dc0d3aadd3f81acd3,nfl,player_rushing_yards,Cam Skattebo,Under,51.5,win,36.0,2026_02_NYG_LA,36.0,win,36.0,win,,False,True,True
00b7521e20e8c46e307571ebb80ca835af05f54953f1d67967e2d16907b051c8,nfl,player_rushing_yards,Matthew Stafford,Over,0.5,loss,-1.0,2026_02_NYG_LA,-1.0,loss,-1.0,loss,,False,True,True
c9ffa1632ea1c60bd266dd2630548047e437c6038137cf18721837a95cd5f3a2,nfl,player_receiving_yards,Kyren Williams,Over,15.5,loss,12.0,2026_02_NYG_LA,12.0,loss,12.0,loss,,False,True,True
8766ecd47836beea4753f8fe5c351751a65bb2e66f4f71f7332e099d2b6dff40,nfl,player_rushing_yards,Kyren Williams,Under,63.5,loss,85.0,2026_02_NYG_LA,85.0,loss,85.0,loss,,False,True,True
3c123d513574ce0f6d310843bf13bd41131e2b553b075945bdf7c498e1aacecb,nfl,player_receiving_yards,Devin Singletary,Under,4.5,win,0.0,2026_02_NYG_LA,0.0,win,0.0,win,,False,True,True
c004df399b6d6ec6b75dfe6e32be781ea0c5f41f0a7cf586c9dcc78859948212,nfl,player_receptions,Darnell Mooney,Under,1.5,loss,2.0,2026_02_NYG_LA,2.0,loss,2.0,loss,,False,True,True
efc46751910921a92a68682aba0d6270e55b02a0ccf1329c29e720f84f0a30ba,nfl,player_receiving_yards,Tyler Higbee,Under,13.5,win,0.0,2026_02_NYG_LA,0.0,win,,,,True,True,
fe081805acb2ffb7393bab33a66a27a4038804e8a8e9fb6c4507cd12105b894a,nfl,player_receptions,Devin Singletary,Under,0.5,win,0.0,2026_02_NYG_LA,0.0,win,0.0,win,,False,True,True
776d236c0c60d7cc0a38a6145e7cc0be9ccc99b25c1121852319d39f1b2078ae,nfl,player_receiving_yards,Terrance Ferguson,Over,32.5,win,54.0,2026_02_NYG_LA,54.0,win,54.0,win,,False,True,True
7f70b50f1d29d56476da5c40ecf2e384e635aa51f74de7678f409cce6bc07d6d,nfl,player_receiving_yards,Isaiah Likely,Over,43.5,loss,33.0,2026_02_NYG_LA,33.0,loss,33.0,loss,,False,True,True
17b74f916bb9ebb8e89b465fb79fe4f1d5ee7e95cae5d63a6b9bb622ec977020,nfl,player_rushing_yards,Devin Singletary,Under,16.5,win,9.0,2026_02_NYG_LA,9.0,win,9.0,win,,False,True,True
6d6029354bf134604c088f7d25858b9ff7026995baa1274e9ac66c0dbdf9fe0e,nfl,player_receiving_yards,Darnell Mooney,Under,9.5,loss,48.0,2026_02_NYG_LA,48.0,loss,48.0,loss,,False,True,True
7fd9fddd87fde487e8b1e5e7023f950cce3811ec403299b9512a57472be68796,nfl,player_receiving_yards,Kyren Williams,Under,39.5,win,12.0,2026_02_NYG_LA,12.0,win,12.0,win,,False,True,True
106785b6e243644be290c76f93fd86e8b81b61662b730a146ee4ffb8aa53e11e,nfl,player_receptions,Blake Corum,Under,1.5,win,1.0,2026_02_NYG_LA,1.0,win,1.0,win,,False,True,True
3673361b61f78a473b60600b3b7226b8c87b18772288646c290c61c0b8fbfb78,nfl,player_receiving_yards,Tyler Higbee (LAR),Over,9.5,loss,0.0,2026_02_NYG_LA,0.0,loss,,,,True,True,
142446c170793d208503705cec39ea74132d9fc2febdd1ae85d0a11b850b84ce,nfl,player_receiving_yards,Konata Mumpfield,Under,9.5,loss,12.0,2026_02_NYG_LA,12.0,loss,12.0,loss,,False,True,True
2565f999c0280cdd294d1f3623335dc20f6c0c202136d6274dca561123a06b68,nfl,player_rushing_yards,Matthew Stafford,Under,0.5,win,-1.0,2026_02_NYG_LA,-1.0,win,-1.0,win,,False,True,True
23d17376307385d3a9aeef054b6bd5599c48d74d1bea5a333b0dbfb1e369b3d2,nfl,player_passing_yards,Jaxson Dart,Under,213.5,win,20.0,2026_02_NYG_LA,20.0,win,20.0,win,,False,True,True
b35271d467420f72fbcfef1a1214de040134edfeb58dcb068a2295f43ee35ac2,nfl,player_rushing_yards,Kyren Williams,Over,63.5,win,85.0,2026_02_NYG_LA,85.0,win,85.0,win,,False,True,True
090a3a351fe188083f4527c713391f1a2c44669cd691fbad38ba6de594e1e155,nfl,player_receiving_yards,Darnell Mooney,Over,19.5,win,48.0,2026_02_NYG_LA,48.0,win,48.0,win,,False,True,True
037c7944023490c1a0cc320222cfc9624f55cddd914dcde5a3f3ab18d41534b1,nfl,player_receptions,Darnell Mooney,Over,1.5,win,2.0,2026_02_NYG_LA,2.0,win,2.0,win,,False,True,True
cd568735d7117304fb4eb337515a268ff05e93c7d8491c8809b279db42c70f5d,nfl,player_receiving_yards,Devin Singletary,Over,7.5,loss,0.0,2026_02_NYG_LA,0.0,loss,0.0,loss,,False,True,True
abf6475cb91f206a0d9b9dfe7285d83617144aa79330378ca11c87f5f0f75895,nfl,player_receiving_yards,Malik Nabers,Over,60.5,loss,1.0,2026_02_NYG_LA,1.0,loss,1.0,loss,,False,True,True
e9e97ab1300a999dde3dc15fd5b78deb436016f52d8d0bc7002732a61d9249ab,nfl,player_receiving_yards,Malik Nabers,Over,61.5,loss,1.0,2026_02_NYG_LA,1.0,loss,1.0,loss,,False,True,True
4ff2996cd3289b7dc21060ad458558c083c4020663e791da2f91e94fef4e5bfc,nfl,player_rushing_yards,Jaxson Dart,Over,33.5,loss,0.0,2026_02_NYG_LA,0.0,loss,0.0,loss,,False,True,True
1a857441f19aff5aa9503b0c442f96f5de26354f8cf71bc1b6e9b04bebafc302,nfl,player_rushing_yards,Blake Corum,Under,49.5,loss,79.0,2026_02_NYG_LA,79.0,loss,79.0,loss,,False,True,True
89c9238bcc4a0a3edf9da01824b7334cdcc524ee1a13bbf52e2349df821e9ffe,nfl,player_receptions,Devin Singletary,Over,1.5,loss,0.0,2026_02_NYG_LA,0.0,loss,0.0,loss,,False,True,True
08433d6c9d0960982b0acf935d4125cc449e19931bc2748a6b1a9390a16f7f76,nfl,player_receptions,Konata Mumpfield,Under,0.5,loss,1.0,2026_02_NYG_LA,1.0,loss,1.0,loss,,False,True,True
dc634a8689374d723e2dd7fc609ffe7f45ab6c4c20570fb128eff6530d890117,nfl,player_receptions,Xavier Smith,Over,1.5,loss,0.0,2026_02_NYG_LA,0.0,loss,0.0,loss,,False,True,True
f01cb67991f00938bfce01cce9cb9749455f15dabd64b05bdecd5fcc3bb241e3,nfl,player_receptions,Davante Adams,Under,3.5,loss,8.0,2026_02_NYG_LA,8.0,loss,8.0,loss,,False,True,True
53cd52db6a967c32963f1de9ae489f7733e56d8ed9220fec43d413116e155ce9,nfl,player_rushing_yards,Kyren Williams,Over,61.5,win,85.0,2026_02_NYG_LA,85.0,win,85.0,win,,False,True,True
75c68c46f5606f58a1db8966fa9fb782aaf6c6815600f50378a1d780b059956d,nfl,atd,Davis Allen,Yes,0.5,loss,0.0,2026_02_NYG_LA,0.0,loss,0.0,loss,0.0,False,True,True
51283d0df6ac770b6174351664cb9a3eb693535abf4a327f5345abde718e1382,nfl,player_passing_tds,Jaxson Dart,Over,1.5,loss,0.0,2026_02_NYG_LA,0.0,loss,0.0,loss,,False,True,True
52054131837edbf55a50250ac27555fedda508c031108f5dc7f8796d881ae574,nfl,player_receiving_yards,Darnell Mooney,Over,19.5,win,48.0,2026_02_NYG_LA,48.0,win,48.0,win,,False,True,True
42ddba616dc269bd2caa4b1094d9fec5381bacf165f6b1710c71abfe9642a4bb,nfl,player_receptions,Xavier Smith,Over,1.5,loss,0.0,2026_02_NYG_LA,0.0,loss,0.0,loss,,False,True,True
4c6ef5906a59fa482ee416b6dac43bf99ea58e4535f1b5df8734b49682b850e1,nfl,player_receiving_yards,Malik Nabers,Over,61.5,loss,1.0,2026_02_NYG_LA,1.0,loss,1.0,loss,,False,True,True
1122e509ec4670d4271929c2012c958becd8635dc029ba5c8ffe2aa4c604f23a,nfl,player_receptions,Devin Singletary,Over,1.5,loss,0.0,2026_02_NYG_LA,0.0,loss,0.0,loss,,False,True,True
9dd3465babca2c674e9b59236c232da18857512af29051131d9869aee3ac757c,nfl,player_receptions,Theo Johnson,Over,0.5,loss,0.0,2026_02_NYG_LA,0.0,loss,0.0,loss,,False,True,True
52484072a13bdac8da27b38e08e3b4681e305042174fc33837d050755eeccae4,nfl,atd,Jaxson Dart,Yes,0.5,loss,0.0,2026_02_NYG_LA,0.0,loss,0.0,loss,0.0,False,True,True
01989d16de17ae6bf4766465062c3172f81688eb7e1fb05721d15998827915d2,nfl,player_receptions,Blake Corum,Under,1.5,win,1.0,2026_02_NYG_LA,1.0,win,1.0,win,,False,True,True
cc1e08f4abee478afbb712575ede30c20a1bd9a36d945869d0b5f4028b861680,nfl,player_rushing_yards,Devin Singletary,Over,14.5,loss,9.0,2026_02_NYG_LA,9.0,loss,9.0,loss,,False,True,True
9c2123aba42fce8a1d486b3f2e216f05fa95d0ba6c2d3876d743382b512d8cec,nfl,player_receiving_yards,Konata Mumpfield,Under,14.5,win,12.0,2026_02_NYG_LA,12.0,win,12.0,win,,False,True,True
0583000e6384ca17aaa3c5c23ba34a0ffcd72dc13a3b08191489df07ebba243d,nfl,player_receptions,Konata Mumpfield,Under,1.5,win,1.0,2026_02_NYG_LA,1.0,win,1.0,win,,False,True,True
b07983a84f8dacb02e418819de4b8e0c342aaeefce97b3121c418b90c514dbfe,nfl,player_receptions,Tyler Higbee,Over,1.5,loss,0.0,2026_02_NYG_LA,0.0,loss,,,,True,True,
0542e4344c8dee699d665f195f63dfbf615b2643ff000d931ddca263329e6f93,nfl,player_receiving_yards,Davante Adams,Under,62.5,loss,195.0,2026_02_NYG_LA,195.0,loss,195.0,loss,,False,True,True
a5758b4a3e90000d1f5dff6e7ebbe53d2bea405ae341d9c06abd5bfde2653500,nfl,player_receiving_yards,Terrance Ferguson,Under,34.5,loss,54.0,2026_02_NYG_LA,54.0,loss,54.0,loss,,False,True,True
53ef879f3a464fdf096e58db2118a01e2b58ff9c0c5724a6c5ba993979f0883c,nfl,player_receiving_yards,Isaiah Likely,Under,44.5,win,33.0,2026_02_NYG_LA,33.0,win,33.0,win,,False,True,True
ac1fcb17ddf05820287fdbe289f3dcd580eb0e89741c536e9c5943e4fe0d1212,nfl,player_receiving_yards,Kyren Williams,Under,17.5,win,12.0,2026_02_NYG_LA,12.0,win,12.0,win,,False,True,True
f272484fffabdf98edb4cd61e124d13131aac6a0d90547227bdd90cd5e4e7bfe,nfl,player_receiving_yards,Tyler Higbee,Over,13.5,loss,0.0,2026_02_NYG_LA,0.0,loss,,,,True,True,
bedd145629e4ba9645cd1d06265a312791166a7e6f92778c32d4afbf990f7880,nfl,player_receiving_yards,Cam Skattebo,Over,12.5,win,19.0,2026_02_NYG_LA,19.0,win,19.0,win,,False,True,True
9b673d38a894a4fa0e344eee5a6816e043376a5bc39c84788826690173738dd9,nfl,player_receptions,Davante Adams,Under,5.5,loss,8.0,2026_02_NYG_LA,8.0,loss,8.0,loss,,False,True,True
a5ebe8a90af1315417e208d41256e45b20b92d922b9097addb95390450c3fa18,nfl,player_receiving_yards,Blake Corum,Under,2.5,loss,13.0,2026_02_NYG_LA,13.0,loss,13.0,loss,,False,True,True
4c656fb079df5537d4bcb1768eee5684cad3ccdd28280700abcd2502c4acc61d,nfl,player_passing_yards,Jaxson Dart,Under,212.5,win,20.0,2026_02_NYG_LA,20.0,win,20.0,win,,False,True,True
efc1fd97a99af992eec6919bf91baf1ebd882b1bd6897c43b96bc78118655e25,nfl,player_receiving_yards,Odell Beckham,Under,3.5,win,0.0,2026_02_NYG_LA,0.0,win,,,,True,True,
a5f2a583e682981a59d53c63e5fbc6327f6f535cb081dbae0cd1b02b2e4bafc5,nfl,player_passing_tds,Matthew Stafford,Over,1.5,win,4.0,2026_02_NYG_LA,4.0,win,4.0,win,,False,True,True
8d1e09afe8351c9039d50ccabefa9f048d0ebc35fdc8e84e80cd8a3bf00104de,nfl,player_receiving_yards,Devin Singletary,Over,7.5,loss,0.0,2026_02_NYG_LA,0.0,loss,0.0,loss,,False,True,True
56562214e983d881e5635d5748a87fdece822640ff77ad927deb6a9f80539309,nfl,player_receiving_yards,Colby Parkinson (LAR),Over,29.5,loss,15.0,2026_02_NYG_LA,15.0,loss,15.0,loss,,False,True,True
9c2abe667ab5f95987e0763139b6b41bc1e0f3c65880252a2549cbb553ac2519,nfl,player_rushing_yards,Cam Skattebo,Under,52.5,win,36.0,2026_02_NYG_LA,36.0,win,36.0,win,,False,True,True
964943ce43c4038cdcf6538a6aadf49726a786e154bd31016a677eb4a853ec3d,nfl,player_rushing_yards,Blake Corum,Under,49.5,loss,79.0,2026_02_NYG_LA,79.0,loss,79.0,loss,,False,True,True
cbbbd53036b6d4126664344c4c9f1c66b9941c9cdcc78bc471669f870e5e3d2a,nfl,player_rushing_yards,Jaxson Dart,Over,34.5,loss,0.0,2026_02_NYG_LA,0.0,loss,0.0,loss,,False,True,True
d59a438fead3ff17e4061103f5d0c8a80419e6974ed54e5d5e3d0d4b4e22689a,nfl,player_receptions,Davante Adams,Over,3.5,win,8.0,2026_02_NYG_LA,8.0,win,8.0,win,,False,True,True
2ffb2c52b4151d367c83171d6e9fbe04ab3aa06d2ade11a6db1c8b65fa732e65,nfl,player_receiving_yards,Colby Parkinson,Under,28.5,win,15.0,2026_02_NYG_LA,15.0,win,15.0,win,,False,True,True
4233602d406b27b6c5163abbecd6e11f98e43072574fcb09bb65e38f10820793,nfl,player_rushing_yards,Cam Skattebo,Over,52.5,loss,36.0,2026_02_NYG_LA,36.0,loss,36.0,loss,,False,True,True
940e6c8c52b22111f4491ecfbfa4c2e901b4ee41ac848a0ac735692992fcf84b,nfl,player_receiving_yards,Xavier Smith,Over,14.5,loss,0.0,2026_02_NYG_LA,0.0,loss,0.0,loss,,False,True,True
4ffd16c0926e2370af4225de5a7de74a90d2df9e028d6578a9a13e2bb79c2e9d,nfl,player_receiving_yards,Xavier Smith,Under,14.5,win,0.0,2026_02_NYG_LA,0.0,win,0.0,win,,False,True,True
5ab1fef0069a188f47e7211d13f17440aa69d871ff412ab52cd303422b725697,nfl,player_receiving_yards,Odell Beckham,Over,3.5,loss,0.0,2026_02_NYG_LA,0.0,loss,,,,True,True,
1502df205305413953b4eb0883191bcca982d6fd6140ad8fdaee2c0ecad0ad03,nfl,player_receptions,Xavier Smith,Under,1.5,win,0.0,2026_02_NYG_LA,0.0,win,0.0,win,,False,True,True
48b076b47a6609efa7b2ba42412424e133e883c28c70b0eb65f796c9e3ed5ce7,nfl,player_rushing_yards,Matthew Stafford,Over,0.5,loss,-1.0,2026_02_NYG_LA,-1.0,loss,-1.0,loss,,False,True,True
6f1a71ee46b4cff794612946e3303f46e7ddf2395234504dd88f45b679cf305f,nfl,player_rushing_yards,Jaxson Dart,Under,34.5,win,0.0,2026_02_NYG_LA,0.0,win,0.0,win,,False,True,True
27be9da3348d9315d41a478d903278da0a2c5c2f84ad2232b56025f7e387afb4,nfl,player_passing_yards,Matthew Stafford,Under,235.5,loss,327.0,2026_02_NYG_LA,327.0,loss,327.0,loss,,False,True,True
796e84a5b5d0d439a03a848e5f0a7b1087cab5c31a3a7dc118d02c4201deed62,nfl,player_receptions,Devin Singletary,Under,1.5,win,0.0,2026_02_NYG_LA,0.0,win,0.0,win,,False,True,True
5925e022205d4c2da206aa8c7eedf47107e0b312a104e523e91980e93a1b7a19,nfl,player_receiving_yards,Malik Nabers,Under,60.5,win,1.0,2026_02_NYG_LA,1.0,win,1.0,win,,False,True,True
0b32535115b97b9322bb3289dffbc459c87c8d3277cb04dbc93e4b24deb39dc8,nfl,player_receiving_yards,Devin Singletary,Under,9.5,win,0.0,2026_02_NYG_LA,0.0,win,0.0,win,,False,True,True
377912741e2114903aa6cea5714219a5292c4c419c2b1401b808092298b547f8,nfl,player_receptions,Darnell Mooney,Under,1.5,loss,2.0,2026_02_NYG_LA,2.0,loss,2.0,loss,,False,True,True
164fc5145a663b0f69ca8244f1b86505fb9c0996b5ffefed1a94b18fc79ea20a,nfl,player_receiving_yards,Darnell Mooney,Under,19.5,loss,48.0,2026_02_NYG_LA,48.0,loss,48.0,loss,,False,True,True
25389ad144c4f6f6f6b3ee7701cc1823a856a1d0645a7ba9d4f51c4ec586bbf4,nfl,atd,Darnell Mooney,Yes,0.5,loss,0.0,2026_02_NYG_LA,0.0,loss,0.0,loss,0.0,False,True,True
adf147ece5c4196c6655418db06b37f1b6cbbb5da837ce3bf9a0516e3b70a094,nfl,player_rushing_yards,Kyren Williams,Under,63.5,loss,85.0,2026_02_NYG_LA,85.0,loss,85.0,loss,,False,True,True
0a3e30731bac2ee6bfe0bd55ee9401392ddf19f1e2ea0c44e88bf6e6901266d6,nfl,player_passing_yards,Jaxson Dart,Over,206.5,loss,20.0,2026_02_NYG_LA,20.0,loss,20.0,loss,,False,True,True
d1f4236b65d04ccdea206270e2f06612d081a1c0c0facf6330cfed9c0abd5353,nfl,player_receiving_yards,Blake Corum,Over,2.5,win,13.0,2026_02_NYG_LA,13.0,win,13.0,win,,False,True,True
d2038893626c4ae11ea5eed07089030297efc3b6ae7105c2d07e85eac3cfc8ed,nfl,player_receptions,Blake Corum,Over,0.5,win,1.0,2026_02_NYG_LA,1.0,win,1.0,win,,False,True,True
fba6d38e67448b81947a218298f47810b841f05fcfe65eb3e08c60ba629b5319,nfl,player_receiving_yards,Cam Skattebo,Under,11.5,loss,19.0,2026_02_NYG_LA,19.0,loss,19.0,loss,,False,True,True
a4b0a18669c48abdab30b79ee679dfd97b36782a16cdf139c7506299abf83cee,nfl,player_receptions,Tyler Higbee,Under,1.5,win,0.0,2026_02_NYG_LA,0.0,win,,,,True,True,
a7daa4934905485a9bff22dbf007391f74beb52cd9a2e09f2d3c09c61162aca8,nfl,player_receiving_yards,Isaiah Likely,Over,44.5,loss,33.0,2026_02_NYG_LA,33.0,loss,33.0,loss,,False,True,True
af39ce911a002e48ce7561c4b2aa82ab97f5e6fc992c3158eb3e184a0dadc954,nfl,player_receiving_yards,Terrance Ferguson,Over,33.5,win,54.0,2026_02_NYG_LA,54.0,win,54.0,win,,False,True,True
af8046f3f9483e3d88e1924491ef31eb1a28bf838c4282ec7c14ccc6ceee7bd4,nfl,player_receptions,Konata Mumpfield,Over,1.5,loss,1.0,2026_02_NYG_LA,1.0,loss,1.0,loss,,False,True,True
47dd5eadd89856ae4b010ab9ca564485ffb9ad4d3df32795d6ff3a09325b3b72,nfl,player_rushing_yards,Devin Singletary,Under,15.5,win,9.0,2026_02_NYG_LA,9.0,win,9.0,win,,False,True,True
f864622643d60fccb1f3597333345f94b2a1f5a3eaf9eaf465b0b5bd87aebda2,nfl,player_receiving_yards,Konata Mumpfield,Over,16.5,loss,12.0,2026_02_NYG_LA,12.0,loss,12.0,loss,,False,True,True
052af26d401ed429a87c020424b6b2211c5e1e612161bc08b81ecec68f3e0eb6,nfl,player_receptions,Theo Johnson,Under,1.5,win,0.0,2026_02_NYG_LA,0.0,win,0.0,win,,False,True,True
3d2c79e764802b55173b62b67f39043f3317911eede5b59db47fe498f3833b7d,nfl,player_receiving_yards,Theo Johnson,Under,8.5,win,0.0,2026_02_NYG_LA,0.0,win,0.0,win,,False,True,True
85f1fd6eb47b1b810d681545e19b1a49595a3db9850583536c8e8952fad8867e,nfl,player_receiving_yards,Theo Johnson,Over,7.5,loss,0.0,2026_02_NYG_LA,0.0,loss,0.0,loss,,False,True,True
dbad9280ea779e6af16edf70e3d1e30cf42eebb5fc65900e0e21768e1d5b14c3,nfl,player_receptions,Malik Nabers,Under,5.5,win,1.0,2026_02_NYG_LA,1.0,win,1.0,win,,False,True,True
89236bd87114dab75709699d0432a1cef41ca82fb3c18745b0f4a22c845eb2c0,nfl,player_rushing_yards,Justin Jefferson,Under,0.5,win,0.0,2026_03_MIN_TB,0.0,win,0.0,win,,False,True,True
a5dbb145a27df4d297ff84b1624c405308419f953ca416a8da345ef2c9740cd5,nfl,h2h,,Away,0.0,loss,2.0,2026_03_SEA_WAS,2.0,loss,2.0,loss,,False,True,True
c8837c1b9dbd332a0c6ddced50661d9ac78bf1eaafdfef586e6ea523ebe239a8,nfl,player_receptions,Kalif Raymond,Under,3.5,loss,6.0,2026_03_PHI_CHI,6.0,loss,6.0,loss,,False,True,True
b4889f7b05e3ca78b447c397d2878fa1fe74e2bfd62746894a7e6a716b487c70,nfl,atd,Derrick Henry,Yes,0.5,win,2.0,2026_03_BAL_DAL,2.0,win,1.0,win,0.0,False,True,True
dac6f2b65d09c5ca9356d542906dd4d4936e1777c4106987e632e78a87c7427c,nfl,player_passing_tds,Brock Purdy,Over,1.5,win,4.0,2026_03_ARI_SF,4.0,win,4.0,win,,False,True,True
3fd89f700fd1eb6ec4365bb6a736e716f47a0286454a667c4c1b9f65e245e007,nfl,player_receptions,Quinshon Judkins,Under,2.5,win,2.0,2026_03_CAR_CLE,2.0,win,2.0,win,,False,True,True
954d6ddf7e65c5438145a1f93b1e4a8db9c89486f44092fd872dba57d1a85654,nfl,totals,,Over,42.5,loss,36.0,2026_03_HOU_IND,36.0,loss,36.0,loss,,False,True,True
0ef13e57f00810f78a0a2e19fa168e8d37c5b3ea9d75a4cee7bd02024b709f7d,nfl,player_passing_tds,Baker Mayfield,Under,1.5,win,1.0,2026_03_MIN_TB,1.0,win,1.0,win,,False,True,True
4de32366689db050b8f1a52d1c13667e4c7b03c3175164a4b496fdba58bb07d4,nfl,player_passing_tds,Tyler Shough,Under,1.5,loss,4.0,2026_03_LV_NO,4.0,loss,4.0,loss,,False,True,True
7c442e9e485c6e4b236f843aa3c26758bc5ff72d95c93f96c7859fbcc81431e4,nfl,player_receptions,Josh Oliver,Under,1.5,win,0.0,2026_03_MIN_TB,0.0,win,0.0,win,,False,True,True
0cebdec9c2bcd341813935ca5e03bacd9f83cfc6a4e79e7525be5d6b81eecac9,nfl,player_rushing_yards,Jared Goff,Under,0.5,loss,6.0,2026_03_NYJ_DET,6.0,loss,6.0,loss,,False,True,True
e1fb474e0f900cf12f60a2c3d90d45356be4b5620370d2bfdfb1162ceaeb02ee,nfl,player_receptions,Bucky Irving,Over,2.5,loss,2.0,2026_03_MIN_TB,2.0,loss,2.0,loss,,False,True,True
33c16905fd70ce0f83a410cc45324d7dcf93e7d893ec32d8c0a015810d6c267c,nfl,player_passing_yards,Bryce Young,Under,226.5,loss,291.0,2026_03_CAR_CLE,291.0,loss,291.0,loss,,False,True,True
a1ae7ff890a9264bac3a739fe213dd0af55c16ee4a0ca093c255040c57119b50,nfl,atd,Josh Allen,Yes,0.5,win,2.0,2026_03_LAC_BUF,2.0,win,1.0,win,0.0,False,True,True
2b28c25950efaed18ca59db8ac9bb08924a8d8298ee88d7f726214f6a244ca38,nfl,atd,Jonathan Taylor,Yes,0.5,loss,0.0,2026_03_HOU_IND,0.0,loss,0.0,loss,0.0,False,True,True
cc023832aa2618e5329bedfb6ae9235334a3cca6f3b9ac2c277839db7b393365,nfl,spreads,,Away,6.5,loss,8.5,2026_03_SEA_WAS,8.5,loss,8.5,loss,,False,True,True
c5de3807fa6d9dfbf69a335bb45f38be8dcd2589fe8aa481b468a787cca5b5cd,nfl,player_receptions,Jameson Williams,Over,3.5,win,4.0,2026_03_NYJ_DET,4.0,win,4.0,win,,False,True,True
187c3046920b695dabe2fab3c029ef8c83bf3c49ed867675cac18853ffc267f9,nfl,spreads,,Away,-7.5,loss,0.5,2026_03_LAC_BUF,0.5,loss,0.5,loss,,False,True,True
c66b4e0c5ec682578af3c850572e74e66deb97ae491a43514f0effef75d645d2,nfl,player_receiving_yards,CeeDee Lamb,Under,84.5,loss,112.0,2026_03_BAL_DAL,112.0,loss,112.0,loss,,False,True,True
acde9296962767e5a0a16c4955b461cf47d659b0a5c4bb610a284a2aecf9a973,nfl,player_rushing_yards,Bucky Irving,Over,50.5,loss,46.0,2026_03_MIN_TB,46.0,loss,46.0,loss,,False,True,True
42c48c0a07fbcd9a3a46f87ec473826f5e9c4188f384f296a51a7ff7c8308742,nfl,player_rushing_yards,Baker Mayfield,Over,18.5,loss,6.0,2026_03_MIN_TB,6.0,loss,6.0,loss,,False,True,True
1a1da35a9cc0a90ececcd619c7ddb1a82b6c44ee3e556f3302cc2fd2dd3ea271,nfl,player_passing_yards,Jared Goff,Over,265.5,win,269.0,2026_03_NYJ_DET,269.0,win,269.0,win,,False,True,True
b2044027eb3369e707ddce1f2f1c686b85bfcbbc86e284586f55e2f4b33828f0,nfl,player_receiving_yards,Josh Oliver,Over,9.5,loss,0.0,2026_03_MIN_TB,0.0,loss,0.0,loss,,False,True,True
fb8d5b07b605ba02361f1db4faae40e9d89bb26ff75e83dc78908e1453cd97c7,nfl,player_receptions,Isaac TeSlaa,Under,1.5,loss,3.0,2026_03_NYJ_DET,3.0,loss,3.0,loss,,False,True,True
63cb9370b217ffd76ff099f37904afc89cea848679c365571da3fbb66829e757,nfl,player_receiving_yards,Jahan Dotson,Under,17.5,win,11.0,2026_03_ATL_GB,11.0,win,11.0,win,,False,True,True
e3cb857917a82dd1308f3bc0a39aff641654341e13ef29018eb77d93b5fccddd,nfl,player_receiving_yards,Jake Ferguson,Under,27.5,win,23.0,2026_03_BAL_DAL,23.0,win,23.0,win,,False,True,True
314df4884ce58cc9f2b69db3d74b7e0aa3af06428446629738f86017ff033252,nfl,h2h,,Away,0.0,win,-3.0,2026_03_BAL_DAL,-3.0,win,-3.0,win,,False,True,True
a2662a10086fffd7d36d3259f1b976b564bfc38cc96db45804bc3a059577b3da,nfl,player_receiving_yards,Sam LaPorta,Over,42.5,win,44.0,2026_03_NYJ_DET,44.0,win,44.0,win,,False,True,True
7c20571012d702657c63efc3dc084db5ece146164b3de11dbf6a90f0eba4893e,nfl,player_receiving_yards,Breece Hall,Under,22.5,loss,23.0,2026_03_NYJ_DET,23.0,loss,23.0,loss,,False,True,True
5c6afdc0b7e72e52fd0ad5728a86b921d63cf672578a633b89207963d3b39827,nfl,player_receptions,Cade Otton,Over,3.5,loss,3.0,2026_03_MIN_TB,3.0,loss,3.0,loss,,False,True,True
9a907674df53605f253637176c62400367a420b7c776d8582a85bbe9729e44ca,nfl,player_receptions,Jake Ferguson,Under,3.5,win,3.0,2026_03_BAL_DAL,3.0,win,3.0,win,,False,True,True
476dda96ab6d34d1db34944e40b06ef9ccdf9c3a1fe330d2292cec2da5a1e78b,nfl,player_receiving_yards,Chris Brooks,Under,7.5,win,4.0,2026_03_ATL_GB,4.0,win,4.0,win,,False,True,True
d88188749e335a21c28e7035895ebbb7b8ce8cea8f2c2162b81fa66253899bb3,nfl,player_passing_yards,Jordan Love,Under,228.5,loss,312.0,2026_03_ATL_GB,312.0,loss,312.0,loss,,False,True,True
937e731208994ce9fbcb4cd3b9b0e74f37ea06f74c885555dd2fc32915c56b21,nfl,totals,,Over,40.0,win,64.0,2026_03_SEA_WAS,64.0,win,64.0,win,,False,True,True
a3357143748abb182484502c7d8ec053738020c27f88299930191e04c6f3e8a6,nfl,totals,,Under,44.0,loss,62.0,2026_03_LV_NO,62.0,loss,62.0,loss,,False,True,True
3a5fb45d2853e86a77024e753756e97de0ac0971e4b0c63ebbff0729e777f823,nfl,totals,,Under,46.0,win,34.0,2026_03_KC_MIA,34.0,win,34.0,win,,False,True,True
749e8acb37f0a78e48070ed27f8519225d149b513db07ed3e8de1b06c5179bad,nfl,spreads,,Home,3.5,win,23.5,2026_03_PHI_CHI,23.5,win,23.5,win,,False,True,True
d868901a1fd82a4fb02ea425af7b6e7b49d103d6eb075d1b6735e3871ef904a5,nfl,player_receiving_yards,Bijan Robinson,Under,40.5,win,19.0,2026_03_ATL_GB,19.0,win,19.0,win,,False,True,True
2aac541f5dd3bcafa5a75d44e0d24b4a912662bd6386103754074b2e345a3c27,nfl,h2h,,Away,0.0,loss,2.0,2026_03_HOU_IND,2.0,loss,2.0,loss,,False,True,True
6b2941229f6599ee6f506ec9cb74e9fb5d1bc6a8ab070795825bd8b051afad14,nfl,player_passing_yards,Jordan Love,Under,226.5,loss,312.0,2026_03_ATL_GB,312.0,loss,312.0,loss,,False,True,True
0774ab57d8aa21d8958aab5d077c16389e45447081d6b404825f9973491604a9,nfl,totals,,Over,43.5,win,57.0,2026_03_CIN_PIT,57.0,win,57.0,win,,False,True,True
e456f44083660fdded29733cfd35fdd2c858a84c2f8213146eb8b55099fb9e28,nfl,player_rushing_yards,Derrick Henry,Over,90.5,loss,89.0,2026_03_BAL_DAL,89.0,loss,89.0,loss,,False,True,True
183e4b2571f7ef0e5e031afc2b2598764c63285a128c2175c4375b12a0e0165b,nfl,player_receiving_yards,Christian Watson,Under,66.5,loss,96.0,2026_03_ATL_GB,96.0,loss,96.0,loss,,False,True,True
d22861e9af1f5ffcb80bb70da889714603c66a63dee05bb68b0615d628b42b3c,nfl,atd,Chase Brown,Yes,0.5,loss,0.0,2026_03_CIN_PIT,0.0,loss,0.0,loss,0.0,False,True,True
e46f3333da80af2a0dc3285d19a1aa4eef690b74167236719fc3a60cb389109b,nfl,player_receiving_yards,Jonnu Smith,Under,10.5,loss,16.0,2026_03_ATL_GB,16.0,loss,16.0,loss,,False,True,True
1c2c35ceb8fa8ec2d76a695c2b8b40aadfd2d1e05d8d8f32a217779ecef254ad,nfl,player_passing_yards,Jalen Hurts,Under,216.5,win,153.0,2026_03_PHI_CHI,153.0,win,153.0,win,,False,True,True
a894ad97028a8846cc27aeb1c982893f99f7916276bf479b89861d2f6e24de59,nfl,totals,,Under,50.0,win,40.0,2026_03_LAC_BUF,40.0,win,40.0,win,,False,True,True
c1bf264165b59844941645984b8b9ca37e2916a91832c23b08ecce446ea30dd9,nfl,player_receptions,Kyle Pitts,Over,3.5,loss,1.0,2026_03_ATL_GB,1.0,loss,1.0,loss,,False,True,True
2a15a300db23be4942d3d08fff1fc50f220fbc75162f7bbd5cd66cc654dd8042,nfl,totals,,Over,47.5,win,66.0,2026_03_ARI_SF,66.0,win,66.0,win,,False,True,True
a0141ca630b27a98987f1e02e1defb52e9f54076becce66b0a44cfa2e2331873,nfl,totals,,Over,43.0,loss,19.0,2026_03_TEN_NYG,19.0,loss,19.0,loss,,False,True,True
bb26abdf8d98c15baf109838b4e12fb166faba19d41c02c54049afd103e310ef,nfl,player_rushing_yards,Quinshon Judkins,Under,43.5,loss,70.0,2026_03_CAR_CLE,70.0,loss,70.0,loss,,False,True,True
c72a541ae26dac9acdba160aae385b0f4409f0c02830a124a9fa3e7cb8482e29,nfl,player_rushing_yards,Kyle Monangai,Over,41.5,loss,31.0,2026_03_PHI_CHI,31.0,loss,31.0,loss,,False,True,True
1fd00000556e39fbf2b495e0d4a758b7335d9b8502d381888b45132b0059b6b0,nfl,player_receiving_yards,Isaac TeSlaa,Under,20.5,loss,66.0,2026_03_NYJ_DET,66.0,loss,66.0,loss,,False,True,True
998c288ac320dd396ea4e30ef50d9fd4edb52fb49adfc82df8ab2173cc4a44bc,nfl,h2h,,Away,0.0,win,-7.0,2026_03_MIN_TB,-7.0,win,-7.0,win,,False,True,True
f04b6cc7a12f30c79495e2a74741334dfb9f215bc783c69ac71c4b1de6216fc1,nfl,player_receiving_yards,Garrett Wilson,Under,62.5,loss,107.0,2026_03_NYJ_DET,107.0,loss,107.0,loss,,False,True,True
1235240d64ab441acff2bf74fe52d0319f4118cd115b963ca365fd9e4114bc56,nfl,spreads,,Home,3.5,win,6.5,2026_03_CIN_PIT,6.5,win,6.5,win,,False,True,True
0f7a0c8e901b7b50d5d9a0b1818d911d8343949bce70e514906464b6cf639cc1,nfl,h2h,,Away,0.0,loss,4.0,2026_03_LA_DEN,4.0,loss,4.0,loss,,False,True,True
4d74e3c9975ca2bc4b8cc2bfe50859afb1060cc53e7bcecdc471b9414bf946f4,nfl,player_receiving_yards,Quinshon Judkins,Under,12.5,win,9.0,2026_03_CAR_CLE,9.0,win,9.0,win,,False,True,True
47d516ebadb3da9fd0c05c420aaa217bc70864933435765590449c70380fd5a1,nfl,player_passing_yards,Dak Prescott,Under,263.5,loss,276.0,2026_03_BAL_DAL,276.0,loss,276.0,loss,,False,True,True
5e1d940437c76766cbace99b7a565f40d7750479ca6126a0561f62faffff8459,nfl,player_receptions,Rome Odunze,Over,2.5,win,3.0,2026_03_PHI_CHI,3.0,win,3.0,win,,False,True,True
c6940e06459eaac53c011245752de390a9da77297c0efa2fc88f9a8b91b6fca0,nfl,player_passing_yards,Josh Allen,Under,241.5,win,204.0,2026_03_LAC_BUF,204.0,win,204.0,win,,False,True,True
df547d24a35dc101485f6ce054c57d77b887237e30085a90e8d1358d38c94e05,nfl,player_receiving_yards,Luther Burden,Over,38.5,win,61.0,2026_03_PHI_CHI,61.0,win,61.0,win,,False,True,True
5d32202a505965fbc65986e5033c33f8d849fc468ff310f2784cfb7a04de2e2b,nfl,player_receptions,Emeka Egbuka,Under,3.5,loss,5.0,2026_03_MIN_TB,5.0,loss,5.0,loss,,False,True,True
487e4d11bd67dad281fa0df41341d044ebf7a5bd5ba9aa2f92c358d4bad241af,nfl,player_passing_yards,Josh Allen,Under,240.5,win,204.0,2026_03_LAC_BUF,204.0,win,204.0,win,,False,True,True
8a71062d142df81c2f06920d081d3699c7be0cb4d31efac97ad660ab9a21046b,nfl,totals,,Over,48.0,win,55.0,2026_03_NYJ_DET,55.0,win,55.0,win,,False,True,True
cbd39c98bcb23a506c9f91a81b0e2ae4e4af554118843604d648c16181490e87,nfl,totals,,Under,52.5,loss,65.0,2026_03_BAL_DAL,65.0,loss,65.0,loss,,False,True,True
254dfccd16cdbe8572bc28c127275034f66979fb70c2e878bb13fa5e36381a9a,nfl,atd,Kyren Williams,Yes,0.5,loss,0.0,2026_03_LA_DEN,0.0,loss,0.0,loss,0.0,False,True,True
80f873dadbe9fd0fdac67a7f4291ffd30fa97a4474ffe7a6e81f3834eb7b8bba,nfl,atd,Jaxon Smith-Njigba,Yes,0.5,win,2.0,2026_03_SEA_WAS,2.0,win,1.0,win,0.0,False,True,True
ce06e9c8c860b7bf8302156739b9d9a9052a620e03e996dfdab5661d214fe54b,nfl,player_rushing_yards,Jordan Love,Under,8.5,win,0.0,2026_03_ATL_GB,0.0,win,0.0,win,,False,True,True
e9f30d2cfdc89ebf86b9f895d4ebfe56e8332ec8b3aca27ca5f08c30ceabb82d,nfl,player_receiving_yards,Amon-Ra St. Brown,Over,78.5,loss,19.0,2026_03_NYJ_DET,19.0,loss,19.0,loss,,False,True,True
373b88eb1edcde0c39a5d8043f704edd5ffd5e73b0c5ac7d205234493569ee4e,nfl,player_receiving_yards,Cade Otton,Under,35.5,loss,56.0,2026_03_MIN_TB,56.0,loss,56.0,loss,,False,True,True
2e2c29a448bac5092fa7234410ad4ed10469f2409ddfedc46565813d9b71715f,nfl,player_receiving_yards,George Pickens,Over,57.5,win,82.0,2026_03_BAL_DAL,82.0,win,82.0,win,,False,True,True
71d401d0b23ae15f90d208e45a0cd5b07a0b2a36a202f066c9f287090fb8bef9,nfl,player_passing_tds,Jordan Love,Under,1.5,loss,2.0,2026_03_ATL_GB,2.0,loss,2.0,loss,,False,True,True
bcf3ff6a3a4b495382d6f17e2296c18aa3d99f94f34a67268297f5f03c1c2083,nfl,player_passing_tds,Josh Allen,Under,1.5,win,0.0,2026_03_LAC_BUF,0.0,win,0.0,win,,False,True,True
c8c051fce67dedf57e598c442d30e495c75cbddb0b068c11a1e575399ace0fe3,nfl,player_receptions,Garrett Wilson,Under,5.5,loss,10.0,2026_03_NYJ_DET,10.0,loss,10.0,loss,,False,True,True
e582670347f987823f8327d9f5c81321680df6d479e231a85f00bd7ab1f28072,nfl,spreads,,Away,1.0,win,-6.0,2026_03_MIN_TB,-6.0,win,-6.0,win,,False,True,True
c0fa064faf011965b032135c89a1d606255fa55d76e98c25fb85409fe1800284,nfl,player_receiving_yards,Kyle Pitts,Over,34.5,loss,5.0,2026_03_ATL_GB,5.0,loss,5.0,loss,,False,True,True
3129bc419bec556ecb87453dbb826f113512c7d1b6758e8817c803022c686ca5,nfl,player_receiving_yards,Kalif Raymond,Under,30.5,loss,90.0,2026_03_PHI_CHI,90.0,loss,90.0,loss,,False,True,True
988bb07b7947fe78276b412009c805b0ea34619e7368ab39484f1734fba331d2,nfl,player_passing_yards,Justin Herbert,Under,215.5,loss,226.0,2026_03_LAC_BUF,226.0,loss,226.0,loss,,False,True,True
10f77c0b9ce4976c8034690ce8e5fd18fd65c6dc163998b933d1d5a8e6d4c4a4,nfl,player_rushing_yards,Bryce Young,Over,10.5,loss,0.0,2026_03_CAR_CLE,0.0,loss,0.0,loss,,False,True,True
0fa921ac25b8971df07a1685858215673f91c8306ada7cd48000ca3285c9c14e,nfl,totals,,Over,45.5,win,56.0,2026_03_LA_DEN,56.0,win,56.0,win,,False,True,True
79b3ccbca6360a2529865bd0b610dc55d6fb46d9e6155a22873b19f9f459e50d,nfl,totals,,Under,42.5,win,39.0,2026_03_MIN_TB,39.0,win,39.0,win,,False,True,True
d790684e0fbda6e8ce263c67c1cb3c571d68c21fdb145e9971ad482f34179294,nfl,spreads,,Home,-8.0,loss,-2.0,2026_03_ARI_SF,-2.0,loss,-2.0,loss,,False,True,True
55cfb7ad06109d4c28119510bac1f772ec72bb64b1f3cc4d22eedc7e4847104b,nfl,spreads,,Away,2.5,loss,4.5,2026_03_HOU_IND,4.5,loss,4.5,loss,,False,True,True
354e83d576aa9fa6d86964f56aa8dff7064e45402470ad58811ff9f0235538dd,nfl,player_passing_tds,Jalen Hurts,Over,1.5,loss,0.0,2026_03_PHI_CHI,0.0,loss,0.0,loss,,False,True,True
1e9e5983f54f14beb7090e9d3fac1eed4fa65a02e5f79762dc3f18d0dc504083,nfl,spreads,,Away,3.0,refund,0.0,2026_03_BAL_DAL,0.0,refund,0.0,refund,,False,True,True
e92cd4fe5e53486fc6ce75014d315a19f2ff49e47f0a12b17c2b324f61a24d62,nfl,totals,,Over,45.0,loss,41.0,2026_03_NE_JAX,41.0,loss,41.0,loss,,False,True,True
df0eac8e77fe9c462142ba321f0939121c1ed84084d3b50508f6f3ee9988ea2b,nfl,player_receiving_yards,Kyle Pitts,Over,35.5,loss,5.0,2026_03_ATL_GB,5.0,loss,5.0,loss,,False,True,True
16686d0c3a628bd40562ee51371b1ca02e0c7fe4b1dad95e30b768a4b2b13187,nfl,spreads,,Home,3.0,win,6.0,2026_03_CAR_CLE,6.0,win,6.0,win,,False,True,True
ad46636ad7e59cb4d845d59eab780d98f217c8eebbf7706f43d69021f1d80fbc,nfl,spreads,,Away,-3.0,loss,26.0,2026_03_NE_JAX,26.0,loss,26.0,loss,,False,True,True
5f632ce1aee2040ccf65691e2a11297fe46a02acffe6590b85be903f5ccc56b2,nfl,atd,Christian Watson,Yes,0.5,win,1.0,2026_03_ATL_GB,1.0,win,1.0,win,0.0,False,True,True
65b19e3e093593c8bdb6a34054394a79ab37a0ec4c8ba584de05e7c582b1d306,nfl,atd,D'Andre Swift,Yes,0.5,loss,0.0,2026_03_PHI_CHI,0.0,loss,0.0,loss,0.0,False,True,True
ffc7b9791936cdbe5529a4a7e7f652fb60c424793d82f3d606dab8d11a9261e3,nfl,player_receptions,Tucker Kraft (GB),Under,3.5,loss,4.0,2026_03_ATL_GB,4.0,loss,4.0,loss,,False,True,True
36850121e2a292e6119bdaf09c0b685e760b476e35c44cdcd446e8fe01693933,nfl,player_passing_tds,Patrick Mahomes,Under,1.5,loss,2.0,2026_03_KC_MIA,2.0,loss,2.0,loss,,False,True,True
8568fb2788a415358990c7667fefa3342f034e8d80920f57496d45d3d34f3433,nfl,player_passing_tds,Dak Prescott,Under,1.5,win,1.0,2026_03_BAL_DAL,1.0,win,1.0,win,,False,True,True
2540f5b912a11e95fac0d920413bd6ab7b4190543c24af8976524ea3968cc586,nfl,player_receptions,Luther Burden,Under,3.5,loss,7.0,2026_03_PHI_CHI,7.0,loss,7.0,loss,,False,True,True
8d77b4b3be00d4ac92d50c9fdabaabf078661ea81556b50336345fe4d1db78bb,nfl,player_receptions,Bijan Robinson,Under,4.5,win,2.0,2026_03_ATL_GB,2.0,win,2.0,win,,False,True,True
aba96fbe19f8de6dd9792792fec3bcc3ebad65a56404fc2a7ec67b98d84b81f9,nfl,player_passing_tds,Bryce Young,Over,1.5,loss,1.0,2026_03_CAR_CLE,1.0,loss,1.0,loss,,False,True,True
6baed0a4b117356e71475e4d955ec102bf20365db21358b20984375b80666ec3,nfl,h2h,,Home,0.0,win,3.0,2026_03_CAR_CLE,3.0,win,3.0,win,,False,True,True
17b2a569ad53d933ebc769cb1f9836198a8fa771cab45e67b605d9c3a989cd8b,nfl,h2h,,Away,0.0,loss,29.0,2026_03_NE_JAX,29.0,loss,29.0,loss,,False,True,True
2518ef89bfce963a70de3e328adb1e06a180e580f407c904278d43083ca6e2d4,nfl,player_receptions,Jonnu Smith,Over,1.5,win,2.0,2026_03_ATL_GB,2.0,win,2.0,win,,False,True,True
53848acb6a253fef39da4f50126ff1ccf06c4d7f51c161201221f1f996543859,nfl,player_passing_tds,Justin Herbert,Over,1.5,loss,1.0,2026_03_LAC_BUF,1.0,loss,1.0,loss,,False,True,True
dc38b1e6730fb3f7860d3fb3cb3b0547559ab79e007cb40e9edde927d65c19db,nfl,player_passing_tds,Marcus Mariota,Under,0.5,loss,3.0,2026_03_SEA_WAS,3.0,loss,3.0,loss,,False,True,True
d918dc2ab1a3dceedc9fffb8144d5dc2aca7e71d43531c604dce0846557f598e,nfl,atd,Garrett Wilson,Yes,0.5,win,1.0,2026_03_NYJ_DET,1.0,win,1.0,win,0.0,False,True,True
35ac284f5e329116decb2d6e2045f61c210cfadf917d5d5ba2a4d07388e973a1,nfl,atd,Parker Washington,Yes,0.5,win,1.0,2026_03_NE_JAX,1.0,win,1.0,win,0.0,False,True,True
c450f676ca48a8453e491bc34b46f1db7576675b9b37f9c11cca34891f513e6b,nfl,atd,Tucker Kraft,Yes,0.5,loss,0.0,2026_03_ATL_GB,0.0,loss,0.0,loss,0.0,False,True,True
006bd609802ade2617c4d8ed708cd1b8c9f460d131825da5b473994f65b0732a,nfl,h2h,,Away,0.0,win,-8.0,2026_03_LV_NO,-8.0,win,-8.0,win,,False,True,True
289c992cd75eb846a9082fb8f502405640f3a3005f064b49ef17b0dbeca2f89e,nfl,atd,Jameson Williams,Yes,0.5,loss,0.0,2026_03_NYJ_DET,0.0,loss,0.0,loss,0.0,False,True,True
acee3fc1e7b83a49482c7e183ac2dbbeef771de6d0d1e98575f3ff22628e4cf5,nfl,atd,Dalton Kincaid,Yes,0.5,loss,0.0,2026_03_LAC_BUF,0.0,loss,0.0,loss,0.0,False,True,True
2e92ab229d5e41d4399b8507cc43bd10163f5bb533c0fa54ce0815a036f05a42,nfl,h2h,,Away,0.0,loss,7.0,2026_03_NYJ_DET,7.0,loss,7.0,loss,,False,True,True
48e0f377f9f3f6a6054d11dfbc70ecc1982445fe42a5c0364bf241a0989f5b7e,nfl,atd,Malik Washington,Yes,0.5,loss,0.0,2026_03_KC_MIA,0.0,loss,0.0,loss,0.0,False,True,True
1fdb2eaacc2d193feb6a51d1e246fe5aec8d9a7f9c8763b5e5e53482c5b57fdf,nfl,atd,Courtland Sutton,Yes,0.5,loss,0.0,2026_03_LA_DEN,0.0,loss,0.0,loss,0.0,False,True,True
a1bd0342ca67c63d9ff48e1a3aec83314a00b5a713f270175ace57b750bb2ba7,nfl,atd,Brenton Strange,Yes,0.5,loss,0.0,2026_03_NE_JAX,0.0,loss,0.0,loss,0.0,False,True,True
e31a47f227b8a6598fa1d5a75e22008f83a7e095018f5e04b6634cc3f2755656,nfl,atd,Tyler Shough,Yes,0.5,loss,0.0,2026_03_LV_NO,0.0,loss,0.0,loss,0.0,False,True,True
e0af72953dbfd9fbf48244bf19283e45ec520bfd5919db47e208a0395976f9c1,nfl,atd,Mike Gesicki,Yes,0.5,win,1.0,2026_03_CIN_PIT,1.0,win,1.0,win,0.0,False,True,True
886ef04246c9dad494d84ac1816a719a32b4c3580573d42311205085ba9b504c,nfl,atd,Samaje Perine,Yes,0.5,loss,0.0,2026_03_CIN_PIT,0.0,loss,0.0,loss,0.0,False,True,True
a3538aab79331c7e71b7871dec4b9da306af8621d92002e377d9ac0bb1584389,nfl,atd,Rome Odunze,Yes,0.5,loss,0.0,2026_03_PHI_CHI,0.0,loss,0.0,loss,0.0,False,True,True
f704ece7542927dbef3ae9abf49fc6d588a2eaf348fb6a73cf8697f49a66bf96,nfl,atd,Ray Davis,Yes,0.5,loss,0.0,2026_03_LAC_BUF,0.0,loss,,,,True,True,
6b21096525131252fe49eaf0a42be85e34177030ca6b831e36c0b99967a05c88,nfl,atd,Cole Kmet,Yes,0.5,loss,0.0,2026_03_PHI_CHI,0.0,loss,0.0,loss,0.0,False,True,True
bd06156561650889d340cb375ef661fd1397babda804326e2b1bb035a91dd546,nfl,atd,Baker Mayfield,Yes,0.5,loss,0.0,2026_03_MIN_TB,0.0,loss,0.0,loss,0.0,False,True,True
adc988ba3c06d256a51d55d15f5bb23b8b3337428bd853e785984b7bff18a0d5,nfl,atd,Justin Herbert,Yes,0.5,loss,0.0,2026_03_LAC_BUF,0.0,loss,0.0,loss,0.0,False,True,True
7ac69b7a393094bb59123f337f98539af1b3da6fbb69a0f287e1c17221885dba,nfl,atd,Josh Whyle,Yes,0.5,loss,0.0,2026_03_ATL_GB,0.0,loss,,,,True,True,
f5022a09fd79ee95cb09b450d59908caa615b2e5bced5d933df7b529e3d44399,nfl,atd,Luke Farrell,Yes,0.5,loss,0.0,2026_03_ARI_SF,0.0,loss,0.0,loss,0.0,False,True,True
11996e143d000864700e436b2a0e17f59e067d93e2dee89fc33af4be2b8f243f,nfl,atd,KaVontae Turpin,Yes,0.5,win,1.0,2026_03_BAL_DAL,1.0,win,1.0,win,0.0,False,True,True
1d3b15eb7149cdd72558c0c31841e04ddf963ca649ced063a6a426f477419421,ncaa,spreads,,Away,-3.5,loss,25.5,401856702,25.5,loss,,,,False,True,
a1db54fac79879c4a0a39abfe1b5ed929e08fbfc5cdd4d520c98076af29d879d,ncaa,h2h,,Away,0.0,loss,7.0,401858240,7.0,loss,,,,False,True,
b3e6194e4b53582939b0eaf1a8134599064bb382253872ea63f6e265c9488e6b,ncaa,h2h,,Away,0.0,loss,17.0,401864510,17.0,loss,,,,False,True,
fcf506985f36d387e02a5af4575e2ea871256102a8725eaa60b5fc65b941653c,ncaa,totals,,Over,37.5,win,39.0,401858463,39.0,win,,,,False,True,
40b7989c693fb626d637a6170970137be49e48730e34ca4b9edbe0310073e58b,ncaa,totals,,Over,48.5,loss,41.0,401862780,41.0,loss,,,,False,True,
d88aa7691ee6cef06c0645fb4d147731cd8a74df0c20f856f5b94ce7bc0d094b,ncaa,totals,,Over,48.0,loss,35.0,401858242,35.0,loss,,,,False,True,
f364642d12d08ee9ac5d0fd5413da496b753df3f9bcd52cb2968a7f0097fa448,ncaa,totals,,Under,55.5,loss,67.0,401856696,67.0,loss,,,,False,True,
031833563017be9adb5d30271b04cfcdd226b382c263bbd23a44d8befc203666,ncaa,spreads,,Away,-7.5,loss,2.5,401871048,2.5,loss,,,,False,True,
824ae72b79353d5b14227ea42907aee7d034e54414c53613d803c14bc91c9ddf,ncaa,spreads,,Away,-10.5,loss,17.5,401856700,17.5,loss,,,,False,True,
df3e08b252933a86b1fef763fbe3913c4ce3ea676f1448e16c8972e1a7a8da4d,ncaa,spreads,,Away,-13.0,loss,1.0,401860896,1.0,loss,,,,False,True,
984aecd2083ae5ed755600ad5d125846034ae5ee562f6cd3b800c8e1b5347ae5,ncaa,spreads,,Home,7.5,loss,-17.5,401860897,-17.5,loss,,,,False,True,
ca59e017743e6430de6cd07eeec5bd039a56527e8a883a6a020a749ae6a2a2cb,ncaa,spreads,,Home,13.5,loss,-14.5,401864512,-14.5,loss,,,,False,True,
77d1f36894cc243a7c8135a91366094a58171fe1c07413325701b2c72991e34a,ncaa,totals,,Under,60.5,loss,80.0,401856699,80.0,loss,,,,False,True,
58d452edac9859b62515902babc12be65bf76420aac90f948eb6cb7c826694ab,ncaa,totals,,Over,48.0,win,61.0,401858240,61.0,win,,,,False,True,
00942059e1636494bcf93dbe6e96fc4654517f32c7ed200d724cbc52f978fb76,ncaa,totals,,Under,56.0,win,49.0,401864511,49.0,win,,,,False,True,
75645a11b52398a82bcd04cd771be5b5283f1d71b86dd8ebc87f37494b906df8,ncaa,totals,,Under,54.5,loss,61.0,401858465,61.0,loss,,,,False,True,
93b68343b49b19e23797a3eab8df71c53b2b20413a3ea03f1d7df55675aff205,ncaa,spreads,,Home,6.5,win,11.5,401856814,11.5,win,,,,False,True,
af88ce324ac3732502bcf93cdbb4ae135e6cb362c9388a9fb37c85c94b2e3cc7,ncaa,totals,,Under,57.5,win,57.0,401858462,57.0,win,,,,False,True,
bc474c78c130f076188b6a4cd2eaa124130c27450ec52b00bdb842f60df83fa2,ncaa,spreads,,Home,5.5,win,2.5,401864509,2.5,win,,,,False,True,
54bc79003fdef6a0a5ecf02e4a3b3a7500766df68c538234cdf8bbf93bbd8f7f,ncaa,totals,,Over,48.5,loss,31.0,401860894,31.0,loss,,,,False,True,
44fa0d09663284af181c5ef7c0c39fbed94ccf4e4dc11e85c98ce1adbf4540e2,ncaa,h2h,,Away,0.0,win,-14.0,401858234,-14.0,win,,,,False,True,
bf71bdec0c3bb4adb9d60aa7fdfee182cfaa0c3854969eed6d89aab8f59beb4c,ncaa,spreads,,Away,0.0,win,-14.0,401858234,-14.0,win,,,,False,True,
0dfee1ea17b2fe24b20a601898eb103bd09cc2ac19005167246ec51644a20d86,ncaa,totals,,Under,55.5,loss,63.0,401856805,63.0,loss,,,,False,True,
ba144ec11eeec9cc6e7434011d81c78070df6be2e1e4b63bdc4c120132731ec3,ncaa,totals,,Over,44.0,win,62.0,401860891,62.0,win,,,,False,True,
8bdab43d3143d83f7488480f32bbc5f096d737ac394c9aba41338bee047da506,ncaa,h2h,,Away,0.0,win,-17.0,401869941,-17.0,win,,,,False,True,
7362c74fe9b9f6cd29f2807d6a8e319c3a932c66c250b4411ed3fcdde3317b69,ncaa,totals,,Over,48.5,loss,44.0,401858464,44.0,loss,,,,False,True,
42d1c449a699c030e35bc07fd6632f5d74ea761aa40231092814c188ce19f989,ncaa,totals,,Over,55.5,loss,37.0,401856704,37.0,loss,,,,False,True,
3f4566c68b94ee38f44179e6e60fc0beb0e7357826d395c7e5675defe44f41be,ncaa,spreads,,Away,-3.0,loss,8.0,401860894,8.0,loss,,,,False,True,
6571cc95f496f4cd2d90f7e1037ddd6174467166d922291b9be796f202c65126,ncaa,totals,,Over,51.5,loss,51.0,401869941,51.0,loss,,,,False,True,
d476e69e3eafb4a9c982c8c976ca8ad788b4e795f605ad7763a59a037e23f040,ncaa,totals,,Over,49.5,win,69.0,401864509,69.0,win,,,,False,True,
f805ea997bae527b84d84fd2c598a6fbcef1bf34f7c7e9970b5cbe7d87493f38,ncaa,totals,,Over,52.5,loss,45.0,401858239,45.0,loss,,,,False,True,
70a93af5eafba925baa35d543b7a21f566c516d9dfb6aec6080373291b318f99,ncaa,spreads,,Home,10.5,win,0.5,401856804,0.5,win,,,,False,True,
9bf1e76043c973da935fc9438266355de1c3c742bec21db4f6031a3ce280ea93,ncaa,totals,,Under,58.0,win,57.0,401858243,57.0,win,,,,False,True,
c934b1451ea8e6784af9e54b7f778705a5e460a9889726af8b0ade5ad132d452,ncaa,spreads,,Home,5.5,win,2.5,401856704,2.5,win,,,,False,True,
a3e7a23517a91ef988c9d5b707e223574dd9c4ea2b013ae5a5b9cdafa720d113,ncaa,spreads,,Away,3.5,loss,10.5,401858240,10.5,loss,,,,False,True,
bf7de8d4becd336b26f3f637af64a8517e081bf25f9a9390af1c247f34c71a75,ncaa,spreads,,Home,17.5,win,9.5,401862785,9.5,win,,,,False,True,
39886c05c9ca0313813d4a9b193d6219d5628af077c50c7546d5dd925487ccbe,ncaa,spreads,,Away,3.0,loss,20.0,401864510,20.0,loss,,,,False,True,
f81887a11fe2b27a0b0f970a56bd2c2f170a36d9ee9cf10741058c1ddd672cb2,ncaa,totals,,Under,58.5,loss,104.0,401860896,104.0,loss,,,,False,True,
009f7ecbfa7316c4016b1d52e06120439f46661d428541c70d28dba7d222c87f,ncaa,totals,,Over,52.0,loss,48.0,401864512,48.0,loss,,,,False,True,
6599f80f20eecbc9a28b782d525b2829592cd9bb2d9801bf9bb39ce65933af8c,ncaa,spreads,,Away,-10.0,refund,0.0,401856813,0.0,refund,,,,False,True,
e10a57bb9f3ba5ae7da19741e4a86fdfd1d12f4ab6e0463784c6467f891fbce0,ncaa,totals,,Over,48.5,loss,38.0,401862779,38.0,loss,,,,False,True,
1ff5718b06e9b1a4b2671f8b0fa08968eb0264460bbce0f01ba916a60de6d247,ncaa,totals,,Under,55.0,win,40.0,401860895,40.0,win,,,,False,True,
8494899e2f408b3720abd2f6063b9b293fd5c1fe450fe863b653c8536268910a,ncaa,totals,,Over,48.0,refund,48.0,401856816,48.0,refund,,,,False,True,
2945b09e1bb92c019fe59cad9e8ca3891518ded8d5f26a87c636fc142f36c7d3,ncaa,spreads,,Home,28.0,loss,-11.0,401858467,-11.0,loss,,,,False,True,
0bb5eefa2566fb290e2e5b8b69c998fd012dd5dfd24b7c6fe742e2330f3b45e0,ncaa,totals,,Under,59.0,win,55.0,401856703,55.0,win,,,,False,True,
48484d33195a3afcefc815629449ee8208f2f5a2ead6c40c77809c0d55a67cdb,ncaa,spreads,,Away,-3.5,loss,9.5,401866425,9.5,loss,,,,False,True,
efb63b01035ca45134fe3c16a420f139d63518e30fd18f9d9d73800440f98f8f,ncaa,totals,,Over,51.5,loss,36.0,401871048,36.0,loss,,,,False,True,
77e5eca6e6ed23de7364917f290af0bdabb58edf3021d8621b1762a8ff11062d,ncaa,spreads,,Away,2.5,win,-14.5,401869941,-14.5,win,,,,False,True,
8aec0dd907e9452b9d359e6368627abf03bdb41ff1616524404853ebfe579518,ncaa,spreads,,Home,11.5,loss,-12.5,401864579,-12.5,loss,,,,False,True,
09da94ebb8aa7f3359e83fc090301efe7f126721de0a5b59f68411210a5de0d6,ncaa,totals,,Over,44.5,loss,37.0,401864510,37.0,loss,,,,False,True,
40bf7441a52848613235da834dc85792bf82f1138762b1eb0477bd3ad5ee2a28,ncaa,totals,,Over,51.5,loss,45.0,401862784,45.0,loss,,,,False,True,
338a4d7012567aef14f164aaa2b0d4dae414aa231a8680d16125d429843bc86d,ncaa,h2h,,Home,0.0,loss,-17.0,401856881,-17.0,loss,,,,False,True,
aaab39b140e9a54764e91024febcbf28d4408466bdd46a8f896ddc6df789adbe,ncaa,spreads,,Away,-14.0,refund,0.0,401860891,0.0,refund,,,,False,True,
e6c51e9aa9442aba61f94793db5413251abbd2201a60f5164af3ded9fe1b931b,ncaa,totals,,Under,48.0,win,39.0,401860897,39.0,win,,,,False,True,
ec3dbcb6ee285779ffa59c37680b3af48b930d0f1da78a9082a90b1666095b1f,ncaa,spreads,,Away,-10.0,win,-13.0,401858470,-13.0,win,,,,False,True,
504e44cbf28a7c6c0170d26bac5fb7f83ac0948dd3c4d0f2f543a389c0b33256,ncaa,spreads,,Away,5.5,win,-12.5,401858464,-12.5,win,,,,False,True,
6b31e182dbeded3c8684ed517d562e85ce00a226fb7a67b19600862ec9a70b36,ncaa,totals,,Under,52.5,win,41.0,401856702,41.0,win,,,,False,True,
81978c1197f18e85da6e3701c10655957f71f2d1ae87f42da182df43db7cccd4,ncaa,spreads,,Away,3.0,win,-1.0,401862779,-1.0,win,,,,False,True,
842fa3a75d055afe4b6d8b7ebe5c8aaecd3f7120c6e1701bc9556fbcd5ec3252,ncaa,totals,,Over,48.5,win,60.0,401864579,60.0,win,,,,False,True,
de5d01dae8ac6353a7b21e73d210a08a01af8f5912de524207b2858dd81abe13,ncaa,totals,,Under,49.0,loss,52.0,401858461,52.0,loss,,,,False,True,
d0d5880e4626aea0cbc8d0a8259fa3c3b9080e8673d4b002361c422578c13711,ncaa,totals,,Under,55.5,win,36.0,401856698,36.0,win,,,,False,True,
793a760397e90c8ee5aca8f1b377bb2d4b0365e9427a59421e6668b743c9c243,ncaa,totals,,Under,57.0,loss,59.0,401858467,59.0,loss,,,,False,True,
06c33604d6b94fc437506117ff571276d7ca07845c11b5573b68062ff183ae87,ncaa,h2h,,Away,0.0,loss,13.0,401866425,13.0,loss,,,,False,True,
7bd61687960499a51ea841265fd7f7854963daff9073a7e3ec2e1c35ceaa8d41,ncaa,h2h,,Home,0.0,win,4.0,401862778,4.0,win,,,,False,True,
56736ad822addc10a8fbaa10306bd82d35e66dd6cf59f85c1bdcb74bb48cd334,ncaa,h2h,,Away,0.0,win,-4.0,401858466,-4.0,win,,,,False,True,
7fce94485a3888e9cc2099d0f2a30260abeb822bdfcdccf34545216bbe0b9350,nfl,player_rushing_yards,Kaleb Johnson,Under,49.5,win,6.0,2026_03_ATL_GB,6.0,win,6.0,win,,False,True,True
db1c3e8831d0411de4250f53a5db0fee1db9568eecb39105b308b0bcf6140fab,nfl,player_receptions,Quentin Johnston,Under,3.5,win,3.0,2026_03_LAC_BUF,3.0,win,3.0,win,,False,True,True
1aa8a7a30adf02124a0c9a6eff7f41bb732bf5f1fe3374e5399f9aa0f3e61611,nfl,player_receptions,Tucker Kraft,Under,4.5,win,4.0,2026_03_ATL_GB,4.0,win,4.0,win,,False,True,True
c785d044f2911232deb084536203e56caccaca3151a8606c5bdd7e858c34b611,nfl,totals,,Over,41.5,loss,36.0,2026_03_HOU_IND,36.0,loss,36.0,loss,,False,True,True
003ef28a00cea6936ba5c619fab566eab3b13c21da5077d152cd74431d1e6cc7,nfl,player_receiving_yards,Jahan Dotson,Under,18.5,win,11.0,2026_03_ATL_GB,11.0,win,11.0,win,,False,True,True
e084f19bb9549df8edc488c2c38465958d5354522ee1e0dbe918d714cc3becb0,nfl,atd,Josh Allen,Yes,0.5,win,2.0,2026_03_LAC_BUF,2.0,win,1.0,win,0.0,False,True,True
82a8a3b885eb5cf2d41db7e60e2293ccda14c2f7b14b772a0f6c0ecf5ab2f17d,nfl,spreads,,Away,-6.5,win,-27.5,2026_03_ATL_GB,-27.5,win,-27.5,win,,False,True,True
d2c138038bd358e1a2f989aa15f22a5fa0b80f0f37e05ce32c1e440ab1e3d78e,nfl,player_receptions,Brian Robinson,Under,0.5,win,0.0,2026_03_ATL_GB,0.0,win,0.0,win,,False,True,True
bb62fb1a4d008f6f7dbf87f1e2a82f38f6eb3e90c597f3ffd364393e226eef22,nfl,player_rushing_yards,Brian Robinson,Under,19.5,loss,50.0,2026_03_ATL_GB,50.0,loss,50.0,loss,,False,True,True
cde7c83444384803c37078a5d56197d751a1b6ddd2c0e6a025000c06913624c1,nfl,totals,,Under,46.5,win,34.0,2026_03_KC_MIA,34.0,win,34.0,win,,False,True,True
a31caec96c1d679b911940ec897485fe0f4a102c32ccc2395667facf80cff5e4,nfl,player_rushing_yards,Derrick Henry,Over,87.5,win,89.0,2026_03_BAL_DAL,89.0,win,89.0,win,,False,True,True
50ae1d24d81edb6d931534c313fe4a1841045ab37f351968cc2763990b49ac32,nfl,totals,,Over,42.0,win,57.0,2026_03_CIN_PIT,57.0,win,57.0,win,,False,True,True
15e1eb11c5a0fa34511321a82cc6a8d47236bd664bf1a69ebb974d0ba0a04ab3,nfl,player_receiving_yards,Omarion Hampton,Over,11.5,loss,0.0,2026_03_LAC_BUF,0.0,loss,0.0,loss,,False,True,True
a1f0db643834333432bde3f0a1d8642c31b3c7343686d81e7c685d084ef7d434,nfl,player_receiving_yards,Bijan Robinson,Under,41.5,win,19.0,2026_03_ATL_GB,19.0,win,19.0,win,,False,True,True
f0e38d82b2e8baf969ab425384d88d058fd6edb66007b0dffa901ce467c53397,nfl,player_receiving_yards,Quentin Johnston,Under,35.5,loss,40.0,2026_03_LAC_BUF,40.0,loss,40.0,loss,,False,True,True
018646334046f3a91c9034e02865d76c9c6d637d2d54dccefac35df8d2f16ece,nfl,player_receiving_yards,Jake Ferguson,Under,26.5,win,23.0,2026_03_BAL_DAL,23.0,win,23.0,win,,False,True,True
2b6b15bbb95f585ef7947109bfdde112bee5b7dd22c9a8ebbd38b38faebb3073,nfl,player_receiving_yards,Bijan Robinson,Under,40.5,win,19.0,2026_03_ATL_GB,19.0,win,19.0,win,,False,True,True
07b35ee8bb512dd35bd5a31038ae4ee7d35d3a4c35abe0526e053f3c5d023ac7,nfl,player_passing_yards,Dak Prescott,Under,270.5,loss,276.0,2026_03_BAL_DAL,276.0,loss,276.0,loss,,False,True,True
58eef5fb85d4b2e547f2dd1290c2d34c5dabf4732bd25b0e78aa23a3b30076a0,nfl,player_passing_yards,Jordan Love,Under,225.5,loss,312.0,2026_03_ATL_GB,312.0,loss,312.0,loss,,False,True,True
09d04f5791ffdb8b7ae0b8110e896b20a077b7d986fde5f4a31c8366d22f4468,nfl,player_receiving_yards,Christian Watson,Under,66.5,loss,96.0,2026_03_ATL_GB,96.0,loss,96.0,loss,,False,True,True
9beb3bf8c4c35aca6955f895b568d8ac5e6683b968d0ee1d0548b83039b0b696,nfl,player_receiving_yards,Christian Watson,Under,65.5,loss,96.0,2026_03_ATL_GB,96.0,loss,96.0,loss,,False,True,True
084821302f2636678e22fd614d00b5f1f02446a4fc2f71183089a63d46c5b412,nfl,player_receptions,Jahmyr Gibbs,Over,4.5,win,7.0,2026_03_NYJ_DET,7.0,win,7.0,win,,False,True,True
67b97159b481d46109d65350635ff4c819cf59fcc1e944d6213c246b350dce8f,nfl,player_passing_yards,Justin Herbert,Under,222.5,loss,226.0,2026_03_LAC_BUF,226.0,loss,226.0,loss,,False,True,True
065d147efdee125816573903799b90610db32b1ce691149f96fca0150f755f1c,nfl,player_passing_yards,Justin Herbert,Under,219.5,loss,226.0,2026_03_LAC_BUF,226.0,loss,226.0,loss,,False,True,True
bdc049871a488d740c89ceb104e884ab805d6582a8ad99876365b8e3d6a491c0,nfl,player_receiving_yards,Amon-Ra St. Brown,Over,77.5,loss,19.0,2026_03_NYJ_DET,19.0,loss,19.0,loss,,False,True,True
04a3b7784af57b8ea63b61d47e34424ff293c1e3741b50fff41831e5cfea1a5d,nfl,totals,,Under,53.0,loss,65.0,2026_03_BAL_DAL,65.0,loss,65.0,loss,,False,True,True
391074f6c642dd5a81535c088c140ab85222637e44269e2a69edde1c3c528d27,nfl,player_passing_yards,Josh Allen,Under,238.5,win,204.0,2026_03_LAC_BUF,204.0,win,204.0,win,,False,True,True
65c6b25011482aea6773e1bcebe99be5662e5ff6a388fa9323347e5bc1e66800,nfl,totals,,Over,43.5,loss,34.0,2026_03_PHI_CHI,34.0,loss,34.0,loss,,False,True,True
a0734e85636983398a474345fcc96c597ddc594630ff38b41ddf4b9542978492,nfl,totals,,Under,42.0,win,39.0,2026_03_MIN_TB,39.0,win,39.0,win,,False,True,True
dc56f5e2bfc1ff08d58c746f66920bf04173ae937b80c1ad6afb546127218bc3,nfl,player_receptions,Tucker Kraft,Under,3.5,loss,4.0,2026_03_ATL_GB,4.0,loss,4.0,loss,,False,True,True
f8ce761cc33f8be43bc8cb877b4ab62815868dd7638e7d7e82ffaa235a26b4e5,nfl,player_receptions,George Pickens,Over,5.5,win,7.0,2026_03_BAL_DAL,7.0,win,7.0,win,,False,True,True
a30bc87ccec8c5322d359cb4bf10c3fa248eaa6fb686f9d1bcc9aad603d0afaf,nfl,player_passing_tds,Jared Goff,Under,1.5,loss,2.0,2026_03_NYJ_DET,2.0,loss,2.0,loss,,False,True,True
b1a298224b9f24129d24d651a2742d9c20835d9437a588388786db0ec09a9403,nfl,atd,Dalton Kincaid,Yes,0.5,loss,0.0,2026_03_LAC_BUF,0.0,loss,0.0,loss,0.0,False,True,True
e908f4fb17141de92d80b7ee12247387e9ed7560e32bf2130d9e98e921829637,nfl,atd,Jacory Croskey-Merritt,Yes,0.5,loss,0.0,2026_03_SEA_WAS,0.0,loss,0.0,loss,0.0,False,True,True
5965ef276fa9fba05aa80204498fe9b2403598bdd804c7486e0d8605780f15e2,nfl,atd,Kyle Monangai,Yes,0.5,loss,0.0,2026_03_PHI_CHI,0.0,loss,0.0,loss,0.0,False,True,True
0970d8d087462d5d9c591b975e2bf0557132f82ab7bc175dd11f69bc2a48ec8d,nfl,atd,AJ Barner,Yes,0.5,loss,0.0,2026_03_SEA_WAS,0.0,loss,0.0,loss,0.0,False,True,True
d16552fa244125eaa9ba49018ebeba1bddb3bc2f3bd8b78796b1f92159ccebb4,nfl,atd,Quentin Johnston,Yes,0.5,loss,0.0,2026_03_LAC_BUF,0.0,loss,0.0,loss,0.0,False,True,True
bc975f0d6f499ca7e7f7b10bf75a19728770b0e7d66fd467ecc40dab02404523,nfl,atd,John Bates,Yes,0.5,loss,0.0,2026_03_SEA_WAS,0.0,loss,0.0,loss,0.0,False,True,True
0a1ce1e763afc1454fe06934f85ee8491c3430e468331ed582821144d68d4cd5,ncaa,totals,,Over,47.5,win,61.0,401858240,61.0,win,,,,False,True,
335aaeda50f909d675c13fe4318907aa0e9f702852c76cd4139f048d1db987df,ncaa,totals,,Over,38.0,win,39.0,401858463,39.0,win,,,,False,True,
d08c25687f63b7d71893f09f287db41d3c3b185191d1a135fa1c5236e5d62e7d,ncaa,totals,,Over,50.5,win,51.0,401869941,51.0,win,,,,False,True,
6c0db05fd1376d9379a92d30a0966d1d108740d08e3a6fa06351afdb2312c0e3,ncaa,totals,,Over,48.0,loss,31.0,401860894,31.0,loss,,,,False,True,
3462500a56ac7ee3bc06edcad42e24e9a8b92b14b000475302308e5b60c0f13a,ncaa,totals,,Under,55.5,win,40.0,401860895,40.0,win,,,,False,True,
24f7d1638e1c74fe20642891ca2a51da3f43a45855b4c9c9acb4dff9155d7e55,ncaa,totals,,Under,57.5,win,57.0,401858243,57.0,win,,,,False,True,
05b05db73e9dca513f839ca8b99ab32fe52ba47648d99141dc30449a5274bb87,ncaa,totals,,Under,50.0,win,39.0,401860897,39.0,win,,,,False,True,
2db23acf21053e4b5e8202bfa71314c384648c372b65c04135a36e013d772210,ncaa,totals,,Under,53.5,loss,67.0,401856696,67.0,loss,,,,False,True,
dce4907b4479e55b033c84b589e4689d924e0d14d650204c95b513f23e3a072c,ncaa,totals,,Under,54.0,loss,61.0,401858465,61.0,loss,,,,False,True,
db833c038c20f0639c29d6960ff39a56d416f083f789932c1282a12489afa8ed,ncaa,totals,,Under,56.5,loss,57.0,401858462,57.0,loss,,,,False,True,
60f280df333da43966d08ed1eac6c65365e62237ffec475aed4a0b8e55101e63,ncaa,totals,,Under,58.5,loss,80.0,401856699,80.0,loss,,,,False,True,
3c98cba5e7d7b7c6211939f98cece4fe30dc8142c287d68e0901bc31c093e284,ncaa,totals,,Over,51.0,loss,36.0,401871048,36.0,loss,,,,False,True,
39bd2466128daa75b286f3ed61079cdb5602bca7d1ec3aa43a46d173b1769743,ncaa,totals,,Under,49.5,loss,52.0,401858461,52.0,loss,,,,False,True,
23272744488983457a6e6b310f4d5ad26d7ffea13654fcca16fb6f7df5de9584,ncaa,totals,,Under,58.0,loss,104.0,401860896,104.0,loss,,,,False,True,
4d52bc662945bef5bf6b5c5c9014eaf216ab38b6596f6aa7c067515cd576f057,ncaa,totals,,Under,53.5,win,31.0,401869931,31.0,win,,,,False,True,
3b6a9bf9aea26cb418beb7644ad756a73f0d888bd763055b1c3a40f6a343ed5a,ncaa,totals,,Under,49.0,loss,58.0,401856804,58.0,loss,,,,False,True,
a3a7a01f431f5c0b666b4d3bbe7dae00f413c953d46729584ab052db19e18d77,ncaa,totals,,Under,56.0,win,36.0,401856698,36.0,win,,,,False,True,
6af0db26c85cf691d448290ec6b3fde6179ebfa0e4e4228dec562b8e48e72efb,nfl,player_rushing_yards,Pat Bryant,Under,0.5,win,0.0,2026_03_LA_DEN,0.0,win,0.0,win,,False,True,True
a15400714470484693f5611fd8d9d0ed38d769ab5ec115cc3c8d40778988cd43,nfl,player_rushing_yards,Jaylen Waddle,Under,0.5,loss,14.0,2026_03_LA_DEN,14.0,loss,14.0,loss,,False,True,True
d661e3ed4125ace97468117ba73a7181c5d9e103131c680ddc35e55c7ae801f9,nfl,player_receptions,Dontayvion Wicks,Under,3.5,win,2.0,2026_03_PHI_CHI,2.0,win,2.0,win,,False,True,True
13d069b7c5140a8e40421a216f96c3f11ae1cfc7fc22972c443d9ab60005596a,nfl,player_receptions,Brian Thomas,Under,3.5,win,1.0,2026_03_NE_JAX,1.0,win,1.0,win,,False,True,True
f417144cfe02c94e73111fdbba852e3843ea0d31820396aaf83ae82c90809211,nfl,player_passing_tds,Aaron Rodgers,Under,1.5,loss,3.0,2026_03_CIN_PIT,3.0,loss,3.0,loss,,False,True,True
1a04f93d7055d2dfa47643ee273365cf7cc17cb64116376784c11d3bb06d09d7,nfl,player_receptions,Colston Loveland,Over,2.5,win,4.0,2026_03_PHI_CHI,4.0,win,4.0,win,,False,True,True
deaeba9cb3f36d1134e7df004ef9728166968e9a6503ff48677fa8acc7a28ecc,nfl,player_receptions,Jonathan Taylor,Under,3.5,win,2.0,2026_03_HOU_IND,2.0,win,2.0,win,,False,True,True
27d43a26c6fc3c6cd47e69197639df2de8cc935749ae0529936e307052ed3a85,nfl,player_rushing_yards,Matthew Stafford,Under,0.5,loss,13.0,2026_03_LA_DEN,13.0,loss,13.0,loss,,False,True,True
0c2e2f37246d93535f4fd19578329c326953990bdcafc533ea5158583524be2e,nfl,player_receiving_yards,Chris Rodriguez,Under,0.5,win,0.0,2026_03_NE_JAX,0.0,win,0.0,win,,False,True,True
4893919478b1e6f7f4049c02e1466afbeadeee9e2cca81ff2fa203295249ab07,nfl,player_receptions,Woody Marks,Under,2.5,win,1.0,2026_03_HOU_IND,1.0,win,1.0,win,,False,True,True
d9523e358206341d1a267d7938840762fc3308d79ed585ba2b6981d75c454c3d,nfl,player_receptions,Kyren Williams,Under,2.5,loss,6.0,2026_03_LA_DEN,6.0,loss,6.0,loss,,False,True,True
066b321d452eb93170815f5b4bda61045877827263f1b5aeaceccf451e68d755,nfl,player_receptions,Tyler Warren,Under,5.5,loss,9.0,2026_03_HOU_IND,9.0,loss,9.0,loss,,False,True,True
224d3b4fa2d78c02493c3e65e5bffa58643046dcc8cafa3a9d1248331959cde2,nfl,player_receptions,Mike Evans,Under,4.5,win,3.0,2026_03_ARI_SF,3.0,win,3.0,win,,False,True,True
53410a76f9346f06f0e7e7fbfd6481af3dbbf8f8743c62bbb9033b2e63f3db61,nfl,player_receptions,George Kittle,Over,3.5,win,6.0,2026_03_ARI_SF,6.0,win,6.0,win,,False,True,True
0c7eac409671e19deaac0c6b3e0d2005d06f13a6b322ed991968170853e901db,nfl,player_receptions,Mack Hollins,Over,2.5,win,6.0,2026_03_NE_JAX,6.0,win,6.0,win,,False,True,True
f455d4e22c43a071a531bca6b8713f4a763654f376f0969bce1b0b17e2a44d95,nfl,player_receptions,Quentin Johnston,Under,3.5,win,3.0,2026_03_LAC_BUF,3.0,win,3.0,win,,False,True,True
82f6ff42fb2a97e15e5676fc7c3ece850b25e09095b7fd60c5881d0e6a07e26d,nfl,player_receptions,Brenton Strange,Over,2.5,win,3.0,2026_03_NE_JAX,3.0,win,3.0,win,,False,True,True
accf8f30b34d5931a709850a98eea849320b1d5092b76c1f97de07ada0819d65,nfl,player_receptions,Trey McBride,Over,6.5,win,9.0,2026_03_ARI_SF,9.0,win,9.0,win,,False,True,True
bbd24f3c07737e75ac208435e4a282ce685da9bc6bca3439f7f088f5fd103f88,nfl,player_receptions,Romeo Doubs,Under,3.5,win,3.0,2026_03_NE_JAX,3.0,win,3.0,win,,False,True,True
cf5859749047ae9135b7bd37bf3188218e20601fa3f9882e7bc90fa79880e15a,nfl,player_receptions,Ryan Flournoy,Under,3.5,win,2.0,2026_03_BAL_DAL,2.0,win,2.0,win,,False,True,True
9242e47facec786f9044213def799833f8bd3fa4ef052f75d4adb23feb53b038,nfl,player_receiving_yards,Olamide Zaccheaus,Over,4.5,win,9.0,2026_03_ATL_GB,9.0,win,9.0,win,,False,True,True
ecaa307a6e67513cfd2853bea51563f6a38515302c350d749459d517a6f2fcc0,nfl,player_receiving_yards,Jake Ferguson,Under,28.5,win,23.0,2026_03_BAL_DAL,23.0,win,23.0,win,,False,True,True
d69b38c6cb04026c12e60ee2ae50acb62243d0cc6ad0fb007735f2f34d626910,nfl,player_passing_yards,Jared Goff,Over,264.5,win,269.0,2026_03_NYJ_DET,269.0,win,269.0,win,,False,True,True
7b8215d347ee82d6adae0624abf7c20e0ac6946b44f5832a1aca4e0f595c14b7,nfl,player_receiving_yards,Luther Burden,Over,33.5,win,61.0,2026_03_PHI_CHI,61.0,win,61.0,win,,False,True,True
6ce5a04eda3956a8c97aece0855382c63094e351394724169a0d23165b090c10,nfl,player_receptions,James Cook,Under,2.5,win,0.0,2026_03_LAC_BUF,0.0,win,0.0,win,,False,True,True
162e2ecf7d7de9e856ad0fcb4bedab895351a7bea106c2f3b074acf6c6e19d6d,nfl,player_receiving_yards,Kendrick Bourne,Under,25.5,win,22.0,2026_03_ARI_SF,22.0,win,22.0,win,,False,True,True
a652da7b7556b67639f08f1ada31d8b914e4df719322f5773a9717d6fc07abf8,nfl,player_receiving_yards,Jordan Addison,Under,32.5,loss,90.0,2026_03_MIN_TB,90.0,loss,90.0,loss,,False,True,True
f013e8fe7a910ad7563c2540ec8062e5d06334b6bb496474b875a9bb489d3bd2,nfl,player_receptions,Ja'Marr Chase,Over,6.5,win,9.0,2026_03_CIN_PIT,9.0,win,9.0,win,,False,True,True
09b783aa898af37fbe4bbcf92f5b06210aac8a841b64f9171e3487b8ba650d47,nfl,player_receptions,Dalton Schultz,Over,4.5,loss,3.0,2026_03_HOU_IND,3.0,loss,3.0,loss,,False,True,True
a0747a5fd7dd70f05d971c6a72a74464eb5cd1b03d2d24bd09a30097a96a314b,nfl,player_receptions,George Pickens,Over,4.5,win,7.0,2026_03_BAL_DAL,7.0,win,7.0,win,,False,True,True
93ae1f9c28e8001f9dd2de8f9e70d2a6c29b405b3505dbc68cb0ef14426df8b7,nfl,player_receiving_yards,Stefon Diggs,Over,35.5,loss,33.0,2026_03_SEA_WAS,33.0,loss,33.0,loss,,False,True,True
b18b22f8bcf26817c5938a69ae163cb454ff1dbdbe138cbabbce3e15ddc25efa,nfl,player_receiving_yards,Darren Waller,Over,21.5,win,51.0,2026_03_CAR_CLE,51.0,win,51.0,win,,False,True,True
f3c1804052312a3db705b6dde178d1715f2504502c9e39e600dfab935cb5de8a,nfl,player_receiving_yards,Mack Hollins,Over,33.5,win,87.0,2026_03_NE_JAX,87.0,win,87.0,win,,False,True,True
7bdda035388389afd33a3ff511bfc4e8dcbb252e439950346838694a133a9de6,nfl,spreads,,Home,4.5,win,24.5,2026_03_PHI_CHI,24.5,win,24.5,win,,False,True,True
f965dc9ba339a68382f205a57c9fb25269dd18fe5c4317c9d9b969364b810be0,nfl,player_receiving_yards,Chase Brown,Over,21.5,loss,8.0,2026_03_CIN_PIT,8.0,loss,8.0,loss,,False,True,True
b1fbe8ccd612a82ea559e20517c64bf7c3dc0c0f6395d19c5e879f611b4c218e,nfl,player_rushing_yards,Chris Rodriguez,Over,23.5,win,37.0,2026_03_NE_JAX,37.0,win,37.0,win,,False,True,True
aefea9b20a75e8d19186b8cc873d1497a609b9b4239a00ca0c269721007d62f5,nfl,totals,,Over,42.5,win,57.0,2026_03_CIN_PIT,57.0,win,57.0,win,,False,True,True
1126695c09597920b910f4df018e9a4bb52a950a49d6f72fc73562b891403069,nfl,player_rushing_yards,Bo Nix,Under,16.5,win,7.0,2026_03_LA_DEN,7.0,win,7.0,win,,False,True,True
1a227e1ed2543f2b6b7223c7f0d1b34fbdb05df1ea2f7937c07a58c4e6338df6,nfl,player_receptions,DK Metcalf,Under,4.5,win,3.0,2026_03_CIN_PIT,3.0,win,3.0,win,,False,True,True
ddd1590df4c254d557d15535a6c622aaf5104ca643207190811744957886c4e3,nfl,player_receiving_yards,Omarion Hampton,Over,11.5,loss,0.0,2026_03_LAC_BUF,0.0,loss,0.0,loss,,False,True,True
9544d096ba37028c1f44f294255e2ed4231d42118e19bf3295059290026a9957,nfl,player_receiving_yards,Jaylen Waddle,Under,57.5,win,10.0,2026_03_LA_DEN,10.0,win,10.0,win,,False,True,True
4c4e2b8f814fe26b64f9a5ea4441a9150e88339e42b2a18a9be3dde275f99dbb,nfl,player_receiving_yards,Ryan Flournoy,Under,26.5,win,22.0,2026_03_BAL_DAL,22.0,win,22.0,win,,False,True,True
6e61aa43e3f15b5e37cc3d6b4c8dc16ddf15eacc3a8f76572c50a109cf2058f3,nfl,player_rushing_yards,Marcus Mariota,Over,18.5,loss,11.0,2026_03_SEA_WAS,11.0,loss,11.0,loss,,False,True,True
00bef778ad4f52b4aba2c04cc1df68b52eee8c116718ed101524e30a0240dca4,nfl,player_passing_yards,Jacoby Brissett,Over,227.5,win,280.0,2026_03_ARI_SF,280.0,win,280.0,win,,False,True,True
906f412adfd8808bda2bf4d747f428610194cfccd06f5b44318cd3a2cf099e9a,nfl,player_receptions,Jakobi Meyers,Under,3.5,loss,7.0,2026_03_NE_JAX,7.0,loss,7.0,loss,,False,True,True
3192ff4705b0e0c65b70ea256d891b72ba542f69e5a22566cc60a0e9a9718cd8,nfl,player_rushing_yards,Derrick Henry,Over,89.5,loss,89.0,2026_03_BAL_DAL,89.0,loss,89.0,loss,,False,True,True
95234d4fe43d3987ddd65adb75610260c87767ef2d1d1d3f069cf443df543061,nfl,player_receiving_yards,Pat Freiermuth,Under,32.5,win,30.0,2026_03_CIN_PIT,30.0,win,30.0,win,,False,True,True
1bf745989bf816d6ddd12060940b01e655d03d0c634ccb88abd68efa5df35782,nfl,totals,,Under,45.5,win,34.0,2026_03_KC_MIA,34.0,win,34.0,win,,False,True,True
ce15335cbbab977a91e71476e7158667f62dfc00e0b5ee4ee28d370e1943b6cc,nfl,player_passing_yards,Jordan Love,Under,227.5,loss,312.0,2026_03_ATL_GB,312.0,loss,312.0,loss,,False,True,True
a911422bcd67a7f5daf227e1a4f1d8717251a6ec1db15ceb52dcaeeadcbda98b,nfl,player_passing_yards,Jalen Hurts,Under,218.5,win,153.0,2026_03_PHI_CHI,153.0,win,153.0,win,,False,True,True
b722876dca89b49b51da6c7ed302c24e766feb1f93078146a699347035992474,nfl,player_rushing_yards,Justin Herbert,Over,22.5,loss,17.0,2026_03_LAC_BUF,17.0,loss,17.0,loss,,False,True,True
ddb4f6d27d954a9b785d98d473e4a7b65a01768550d298fcfd2342da275f247d,nfl,player_receiving_yards,Breece Hall,Under,21.5,loss,23.0,2026_03_NYJ_DET,23.0,loss,23.0,loss,,False,True,True
dd553b2f244dab2ff1e0b7515dd5a3dc3587a72dbddc1e935ae82d7618c6b8e6,nfl,player_receptions,Rhamondre Stevenson,Under,2.5,loss,3.0,2026_03_NE_JAX,3.0,loss,3.0,loss,,False,True,True
180fbe811b83ff543aa55533e9cf02c44bd1c30300e4a3e6410801bff830ff30,nfl,player_receiving_yards,Chase Brown,Over,22.5,loss,8.0,2026_03_CIN_PIT,8.0,loss,8.0,loss,,False,True,True
5d45abde604e7f7550496ad1ef7d0aa45af1beeb65274de96c7827362c9958b5,nfl,player_passing_yards,Dak Prescott,Under,269.5,loss,276.0,2026_03_BAL_DAL,276.0,loss,276.0,loss,,False,True,True
22fafd43c0776c23afcf6e3a8c3f258f941fbdd9e1620d736cdcfa59d9d61be8,nfl,player_rushing_yards,Chase Brown,Over,60.5,win,61.0,2026_03_CIN_PIT,61.0,win,61.0,win,,False,True,True
a9563224b80fcc8cd09c19b6666b932f44dc1cc7de417a7d4ce3456ef681f56d,nfl,atd,Chase Brown,Yes,0.5,loss,0.0,2026_03_CIN_PIT,0.0,loss,0.0,loss,0.0,False,True,True
8851d24b7ee00494727cbc1ba47bba38c0e122c321f5ec14bae1564271013628,nfl,player_receiving_yards,DeMario Douglas,Under,28.5,loss,38.0,2026_03_NE_JAX,38.0,loss,38.0,loss,,False,True,True
30825d5e2b18a456b3426bc88e479671129f260dc322477cc36ef6162945beb9,nfl,player_receiving_yards,Rhamondre Stevenson,Over,14.5,win,16.0,2026_03_NE_JAX,16.0,win,16.0,win,,False,True,True
d48c3dad27ff5cfdb006f14ef87a946c59f3fe98bb12f38ecfef5f8ff83d9ecc,nfl,player_receiving_yards,Trey McBride,Over,66.5,win,75.0,2026_03_ARI_SF,75.0,win,75.0,win,,False,True,True
aa763f7257412478608bd2379b5fa6a6ac00ecbe41cb70654c64866f39449d85,nfl,player_receptions,AJ Barner,Over,2.5,win,5.0,2026_03_SEA_WAS,5.0,win,5.0,win,,False,True,True
e1a0349e9725dd93aa99ab2ff6b41719bbcaadcd18ae34d7df6ab10c32d80f30,nfl,player_receiving_yards,Hunter Henry,Under,41.5,win,5.0,2026_03_NE_JAX,5.0,win,5.0,win,,False,True,True
65486dddecca4812e958ea9d547ec8959a0ee388cfc3022f3558647f8c37b2b2,nfl,player_rushing_yards,Drake Maye,Under,25.5,win,18.0,2026_03_NE_JAX,18.0,win,18.0,win,,False,True,True
30685c2da00b7bcc1920854e9dbb3388a4876f943170b42c6c9dbe0081f14e73,nfl,player_receiving_yards,Pat Freiermuth,Under,31.5,win,30.0,2026_03_CIN_PIT,30.0,win,30.0,win,,False,True,True
02e13e9365f797e08b7ab17f6fcd97cbf03442072e70ceb4b98d219ddcb27c49,nfl,player_passing_tds,C.J. Stroud,Under,1.5,win,1.0,2026_03_HOU_IND,1.0,win,1.0,win,,False,True,True
16fd1430852c08b4bc13e9f9be8c3facc247d13d3e1ac5cb95c8b2327e97e5c6,nfl,player_receiving_yards,Kyren Williams,Under,12.5,loss,70.0,2026_03_LA_DEN,70.0,loss,70.0,loss,,False,True,True
1c62a44447c9bda6174b51570476e34ab573a1869c6aa91f6abe98fce524e1a4,nfl,player_rushing_yards,Aaron Rodgers,Under,0.5,loss,10.0,2026_03_CIN_PIT,10.0,loss,10.0,loss,,False,True,True
c9a3fe7b69098432f60fb1a7d29e2a300d704436f7202b0263299f3f79ac31bf,nfl,totals,,Over,44.5,win,56.0,2026_03_LA_DEN,56.0,win,56.0,win,,False,True,True
c90757ad69dab9cd92d35766ac74fc1765122d5286e367dc8e8715be59e795f9,nfl,player_passing_yards,Jalen Hurts,Under,213.5,win,153.0,2026_03_PHI_CHI,153.0,win,153.0,win,,False,True,True
b9157b59bdb4515fa8b737063bd69759fe91abaf9f3bc386ff1d11d45b79bbfe,nfl,spreads,,Home,4.0,win,7.0,2026_03_CIN_PIT,7.0,win,7.0,win,,False,True,True
7e5070cfd106daa4bd78a24b9a72259cfa672f008c6c2f6f173fef807bcb54ec,nfl,player_passing_yards,Matthew Stafford,Over,243.5,win,390.0,2026_03_LA_DEN,390.0,win,390.0,win,,False,True,True
1f85ce96bda8762c11f6df706eb337a6d76133800be1edeb6c700cf2be897a1e,nfl,player_rushing_yards,Kyle Monangai,Over,42.5,loss,31.0,2026_03_PHI_CHI,31.0,loss,31.0,loss,,False,True,True
b2d5e7a03423f9b5d407dddff9584accf2747aa42222eacd3dfdddce395787a8,nfl,player_receiving_yards,Jaxon Smith-Njigba,Over,91.5,win,128.0,2026_03_SEA_WAS,128.0,win,128.0,win,,False,True,True
79c52d271ba8991d8617003e44638ffd836f1dd02a712195bc598b72e8185839,nfl,player_receiving_yards,Jonathan Taylor,Over,17.5,loss,4.0,2026_03_HOU_IND,4.0,loss,4.0,loss,,False,True,True
47fc79617ce4978582ed1b3c7039222a46ff50e03e1e44b7ba8a279a616e47dd,nfl,player_receiving_yards,Kalif Raymond,Under,31.5,loss,90.0,2026_03_PHI_CHI,90.0,loss,90.0,loss,,False,True,True
f47e9e8888daafed3bc41c5132ff268fec7b23b6c892db07f3a443be4d577cf2,nfl,player_receiving_yards,Isaac TeSlaa,Under,19.5,loss,66.0,2026_03_NYJ_DET,66.0,loss,66.0,loss,,False,True,True
602b8a71aa6021eb7fb6a7af389f4fd133899bf345684202146aad030409d8e0,nfl,player_receiving_yards,Derrick Henry,Under,11.5,win,0.0,2026_03_BAL_DAL,0.0,win,0.0,win,,False,True,True
741319769ad543efb4202ccac8eabe2b974a947476589c4c4430e826ca9d6e29,nfl,player_receiving_yards,Kayshon Boutte,Under,35.5,win,21.0,2026_03_HOU_IND,21.0,win,21.0,win,,False,True,True
927292986c9b55043c61f92a2c717d4932e61c6aa84a7e4de4f2b9d778b5892a,nfl,player_receiving_yards,Christian McCaffrey,Under,38.5,loss,41.0,2026_03_ARI_SF,41.0,loss,41.0,loss,,False,True,True
f7a8a9b00461285051c25c032aef12e0c89bdf7e84ee8af5482959d15307f59d,nfl,player_rushing_yards,Javonte Williams,Over,57.5,win,98.0,2026_03_BAL_DAL,98.0,win,98.0,win,,False,True,True
477bca5351e809191667d0b282f2a13f49631bcc770fb337c5dda26dbe09b241,nfl,totals,,Over,42.0,loss,34.0,2026_03_PHI_CHI,34.0,loss,34.0,loss,,False,True,True
d9a4c873e30cc80a2660fa51f881c6425de0a6c618979dd47d0f8724319fbf99,nfl,player_passing_yards,Josh Allen,Under,238.5,win,204.0,2026_03_LAC_BUF,204.0,win,204.0,win,,False,True,True
dd9b89304f8027c86a3c99530022b44b337b702e2828c0d2324ecbde55632017,nfl,player_receiving_yards,Deebo Samuel,Under,39.5,loss,80.0,2026_03_ARI_SF,80.0,loss,80.0,loss,,False,True,True
c3a6b400b2715861402cd489b2c8141fc370a8a2b55e5a76cf7ab6141b387f10,nfl,player_receptions,David Montgomery,Under,1.5,loss,2.0,2026_03_HOU_IND,2.0,loss,2.0,loss,,False,True,True
d4d4e40e9d6049addd8efe649b189cab44ee09ca014059e8ce983f05a08483ee,nfl,player_rushing_yards,Trevor Lawrence,Over,16.5,win,25.0,2026_03_NE_JAX,25.0,win,25.0,win,,False,True,True
afb8b5f8cfdec23fbe722f0168370f4204915e8e0b700adc724c466789973e0d,nfl,player_rushing_yards,Blake Corum,Over,46.5,loss,15.0,2026_03_LA_DEN,15.0,loss,15.0,loss,,False,True,True
265093b6cbaefbcd6246224383dd235c72e3ff956cfeb69b6cd49a182a41d48b,nfl,player_receiving_yards,Romeo Doubs,Under,41.5,loss,49.0,2026_03_NE_JAX,49.0,loss,49.0,loss,,False,True,True
4a52b93deab4d4bb0659758fc64e2ed091b11eb3988f2ebd572d0ab480016068,nfl,player_rushing_yards,Bijan Robinson,Over,77.5,win,194.0,2026_03_ATL_GB,194.0,win,194.0,win,,False,True,True
aa8d7fe49f5da324e5cc24c275ad50f150e50d7b091411b6003339ab4de1ddaf,nfl,player_receiving_yards,TreVeyon Henderson,Over,6.5,loss,6.0,2026_03_NE_JAX,6.0,loss,6.0,loss,,False,True,True
750a92519f3cf5a41e34a1e5715bf525508f21819636938d06afa245841ce60a,nfl,player_receptions,Hunter Henry,Under,3.5,win,1.0,2026_03_NE_JAX,1.0,win,1.0,win,,False,True,True
615ec507d7efdd17277ecca539858922edd5247a452e098c57fd81122778f57c,nfl,atd,Rhamondre Stevenson,Yes,0.5,loss,0.0,2026_03_NE_JAX,0.0,loss,0.0,loss,0.0,False,True,True
f1b8177732fa6536dc3fade8e6b58558e39f82fe381e3a5b928df7e7d8a90a18,nfl,player_passing_tds,Joe Burrow,Over,1.5,win,3.0,2026_03_CIN_PIT,3.0,win,3.0,win,,False,True,True
1cf76c7fd559c0a9390bed6ffaf558e7241020a9afae14e6e397fdce46221cae,nfl,player_passing_tds,Jacoby Brissett,Over,1.5,win,2.0,2026_03_ARI_SF,2.0,win,2.0,win,,False,True,True
cb5d73d52d5f59ff89ea8c48238c5607bd91ba90c696d23e039dd135d0626e83,nfl,player_receptions,Darren Waller,Over,2.5,win,5.0,2026_03_CAR_CLE,5.0,win,5.0,win,,False,True,True
a7a63c9332d2cfc3aa6ba2d0de5297755b278415e49935a8d7063a779e95ecc0,nfl,player_receptions,Tee Higgins,Over,4.5,win,6.0,2026_03_CIN_PIT,6.0,win,6.0,win,,False,True,True
1b7603f67bba0ee4316e410103340d750d729883e00b61423e4fd4353f7e4ae2,nfl,player_passing_tds,Daniel Jones,Over,1.5,loss,1.0,2026_03_HOU_IND,1.0,loss,1.0,loss,,False,True,True
ddf3b3ef1fa0e79cdd5e2a5355e6d71fbbf4f54a31b98801bc3eddff3493a608,nfl,atd,Jalen Coker,Yes,0.5,loss,0.0,2026_03_CAR_CLE,0.0,loss,0.0,loss,0.0,False,True,True
e401e049c162f1a9326198c3b03cf7bf997eed8d5b0cade4b7f0a15501a91e83,nfl,atd,Malik Willis,Yes,0.5,loss,0.0,2026_03_KC_MIA,0.0,loss,0.0,loss,0.0,False,True,True
fbef1b9e850cf418b39a3767fb5d6301d58a5aafcdd94c38b2501311dea5b67f,nfl,atd,Cam Ward,Yes,0.5,loss,0.0,2026_03_TEN_NYG,0.0,loss,0.0,loss,0.0,False,True,True
37730953c14ce0668f1d25ad3bacb6db7cba077fda0f1756b3e0a69c6949bb5d,nfl,atd,Hunter Henry,Yes,0.5,loss,0.0,2026_03_NE_JAX,0.0,loss,0.0,loss,0.0,False,True,True
ca97d7f8a0600b8c4dcf41c1644701329a13a26495bcb88883ae16702f252bcf,nfl,atd,Marvin Harrison,Yes,0.5,loss,0.0,2026_03_ARI_SF,0.0,loss,0.0,loss,0.0,False,True,True
23c1c3f62a44a08c1a7485acb58bae864e50a5a287ad8de91a96a7235a9534d8,nfl,atd,Mike Gesicki,Yes,0.5,win,1.0,2026_03_CIN_PIT,1.0,win,1.0,win,0.0,False,True,True
a9fe4db4ea2de9fbcd45d5b5bea7ab8f472e3f7be77694bd5b41003aa343504b,nfl,atd,Pat Freiermuth,Yes,0.5,loss,0.0,2026_03_CIN_PIT,0.0,loss,0.0,loss,0.0,False,True,True
77c104c44bfa9a4ccefa6abc757d97ce7580afc416cd8a7a928db3bd5ef7a188,nfl,atd,Samaje Perine,Yes,0.5,loss,0.0,2026_03_CIN_PIT,0.0,loss,0.0,loss,0.0,False,True,True
2f03b1e69a7f510e7a2c7101dae7040098430471e4e3a109979111c892c582dc,nfl,atd,Daniel Jones,Yes,0.5,loss,0.0,2026_03_HOU_IND,0.0,loss,0.0,loss,0.0,False,True,True
63f90e81690edc34d1bc270a23ef29f75709238eb3614c92343b252eaa0a0d5b,nfl,atd,Theo Johnson,Yes,0.5,loss,0.0,2026_03_TEN_NYG,0.0,loss,,,,True,True,
93037a8bd70b1f6f5ddb8f075e4a424ed3042bd28d12f9036793dba8aa765779,nfl,atd,Cole Kmet,Yes,0.5,loss,0.0,2026_03_PHI_CHI,0.0,loss,0.0,loss,0.0,False,True,True
ae9215654dde6e4e7dfd0056e2e92b5132baf53632c3df59e645621e986abd39,nfl,atd,Aaron Rodgers,Yes,0.5,loss,0.0,2026_03_CIN_PIT,0.0,loss,0.0,loss,0.0,False,True,True
d080a6ee05b605b4d5291ddf6f90606840110e171ae7a394f3f656e6f6475ebc,nfl,atd,Davis Allen,Yes,0.5,loss,0.0,2026_03_LA_DEN,0.0,loss,0.0,loss,0.0,False,True,True
168eca060469402d7ebc3b91263bd2d43107acdd968c10275db5f3dc8e0e301b,ncaa,spreads,,Away,-21.5,win,-15.5,401858461,-15.5,win,,,,False,True,
62140bab56face426b4a22c3a554ae0070e055fc1d3b78816cbdf9d3dccc5850,ncaa,totals,,Over,49.5,win,51.0,401869941,51.0,win,,,,False,True,
70704b3a305e0d31bf85998106c0e781b616576c70d4136d8d635fda18637d15,ncaa,totals,,Over,47.5,loss,31.0,401860894,31.0,loss,,,,False,True,
d13732f11395e533a738390b6c08c6d5a8da6ef84bbe4e658d613dd8ad848154,ncaa,totals,,Under,58.5,win,57.0,401858243,57.0,win,,,,False,True,
80ec201866f7c8c36c28ce9efedec90534da63d83543610ab514ecd81dc7db03,ncaa,totals,,Over,44.5,win,62.0,401860891,62.0,win,,,,False,True,
34feaddd1dce7802de31ebb66879e6860e18ee10a756265962e416e83d749cbf,ncaa,totals,,Over,39.5,loss,39.0,401858463,39.0,loss,,,,False,True,
e90d71d38596d4eb37a955b5543a0a42d24eea89013381b68f69e2eb3862370e,ncaa,totals,,Under,59.0,loss,80.0,401856699,80.0,loss,,,,False,True,
afcd83e39dab10247c959728b300d096ce6e4e7f8942525b73302807b81a61a6,ncaa,totals,,Under,58.5,loss,59.0,401858467,59.0,loss,,,,False,True,
1a4184d1814c12e9b37a9d3c63f35829a3058bcd1f4f77071b5588ec530f1b86,ncaa,totals,,Under,50.0,loss,52.0,401858461,52.0,loss,,,,False,True,
09e0a91297e051242096fc75e416d4b6ef1cc0c433fbee06ca4d144c06bb5f10,ncaa,totals,,Over,44.0,loss,37.0,401864510,37.0,loss,,,,False,True,
6e80b3c3cd49e415369f5a0ec834811f5a787372f573328627f8d33d528c3da5,ncaa,totals,,Over,49.0,loss,48.0,401856816,48.0,loss,,,,False,True,
7287a059dcb10630d5365b689519f53e2f268352b45c6ca84adf9d5749a14b12,ncaa,totals,,Over,50.0,loss,34.0,401858234,34.0,loss,,,,False,True,
958135d676bcc04b8a7d9de7cca8fa7da3656943810d6bc99d174c2f07b44ccd,nfl,player_receiving_yards,Jakobi Meyers (JAX),Over,19.5,win,64.0,2026_03_NE_JAX,64.0,win,64.0,win,,False,True,True
110535c25cf42bfc736e875ad6ca269366933e4cc6b1c6d6d85ca94e30abe180,nfl,player_passing_yards,Drake Maye (NE),Over,174.5,win,199.0,2026_03_NE_JAX,199.0,win,199.0,win,,False,True,True
306b0201b65900e0fbbd8d9135d84f0c89960b245dc53ac70b1087c350b9d8c0,nfl,player_passing_yards,Jared Goff (DET),Over,224.5,win,269.0,2026_03_NYJ_DET,269.0,win,269.0,win,,False,True,True
fd15ee453cb885d9166f432290a7e36efba8a0b3543d1c0e1e4f06a17e78fa6d,nfl,player_rushing_yards,TreVeyon Henderson (NE),Over,29.5,loss,23.0,2026_03_NE_JAX,23.0,loss,23.0,loss,,False,True,True
c91523a2767021ed98921ebb8b7120f8d2794540a823656bab038d4aeae5c6e2,nfl,player_receptions,Olamide Zaccheaus (ATL),Over,0.5,win,2.0,2026_03_ATL_GB,2.0,win,2.0,win,,False,True,True
1379571c171aa5dadb15e3f2f94fb91ae7a5dbbf98386a44c1f23a616a39e430,nfl,player_receptions,Marvin Harrison,Over,1.5,win,3.0,2026_03_ARI_SF,3.0,win,3.0,win,,False,True,True
f4aa4fb961e166fdda02788e5a0b1a588ee5587d13a88e176e4e97adee8d5d74,nfl,player_receiving_yards,Jameson Williams (DET),Over,49.5,loss,49.0,2026_03_NYJ_DET,49.0,loss,49.0,loss,,False,True,True
fee9ffc79cfc2b543ecc171c1939f41448aeb05b762c5d3cf0382bb18ced78c6,nfl,player_receptions,Emeka Egbuka,Under,4.5,loss,5.0,2026_03_MIN_TB,5.0,loss,5.0,loss,,False,True,True
8fe2c27e62d3a92179791106f75f3a3652fce884b5745678a0b45ea9d7b285ad,nfl,player_receptions,Chris Godwin,Over,2.5,win,3.0,2026_03_MIN_TB,3.0,win,3.0,win,,False,True,True
fab5f7b240aad9aefffd0472e7150adf4454bd16273881ff7e1779dd681a1cff,nfl,player_rushing_yards,Chris Rodriguez (JAX),Over,19.5,win,37.0,2026_03_NE_JAX,37.0,win,37.0,win,,False,True,True
d69de775fdb045a9c94c8c594f21d358d629fca5f8957158501ad2a97153a230,nfl,player_receptions,Kenneth Walker,Under,3.5,win,2.0,2026_03_KC_MIA,2.0,win,2.0,win,,False,True,True
3aa755044586538b9ce19362e904b8aa25f454eb6d51828c49324f5e27f07ad8,nfl,player_receptions,Rashee Rice,Over,4.5,win,7.0,2026_03_KC_MIA,7.0,win,7.0,win,,False,True,True
00f8b01f3c3e607d93720c777560267118caa1b21b60c25f47355796b4240bbe,nfl,player_receptions,Brian Thomas,Over,2.5,loss,1.0,2026_03_NE_JAX,1.0,loss,1.0,loss,,False,True,True
445c10d072f5a83fd41af388be41051c59d4ec7f6bfb152034d0bb6cd597d005,nfl,player_receiving_yards,Bo Melton,Under,0.5,win,0.0,2026_03_ATL_GB,0.0,win,0.0,win,,False,True,True
fd587af5b022a66feaa7efde3aaea329ebf897e1c0dddcb75d29e21390c3ef3b,nfl,player_passing_yards,Cam Ward,Under,194.5,win,181.0,2026_03_TEN_NYG,181.0,win,181.0,win,,False,True,True
aed5df9e45c35064021e67efeda5ea1dc722f06b7eba0a2bf386a61527821b23,nfl,player_receptions,Tre Tucker,Under,3.5,loss,4.0,2026_03_LV_NO,4.0,loss,4.0,loss,,False,True,True
272fc453f4e8131e60dfd6af1edc679c2a3331c0f84ec449317d31b0e8f5d662,nfl,player_receiving_yards,DK Metcalf,Under,49.5,win,31.0,2026_03_CIN_PIT,31.0,win,31.0,win,,False,True,True
53ff2f878adcd7c24730cf96a5c9b3615b035510d7976e6aa0cc5491220b8612,nfl,player_receiving_yards,Darren Waller,Over,20.5,win,51.0,2026_03_CAR_CLE,51.0,win,51.0,win,,False,True,True
985cdaf75cf789631348ef0243a5ff7a7226f30623cd9bd37f16b438612efdf1,nfl,player_passing_yards,Patrick Mahomes,Over,234.5,win,246.0,2026_03_KC_MIA,246.0,win,246.0,win,,False,True,True
e60acc102336c867ff15b1066355af78396dfe7b1af7f12bb2ad2633e9418e09,nfl,player_receptions,Ladd McConkey,Under,4.5,win,4.0,2026_03_LAC_BUF,4.0,win,4.0,win,,False,True,True
d71976745f10b2ee88a8b8c963c68714a7228d734bc7a03575a985ddda8b537f,nfl,player_receptions,Bo Melton,Under,0.5,win,0.0,2026_03_ATL_GB,0.0,win,0.0,win,,False,True,True
85e38c5bf9bf50a15ef1b93cd07031c7af306e8f31655f608482841b3ad82f56,nfl,player_receiving_yards,Pat Freiermuth,Under,34.5,win,30.0,2026_03_CIN_PIT,30.0,win,30.0,win,,False,True,True
17bb1a4a4ffaae28df37710b1d13bda436b70da0d085cef8f63e24c2740cc5b9,nfl,player_receptions,Elic Ayomanor,Over,1.5,loss,1.0,2026_03_TEN_NYG,1.0,loss,1.0,loss,,False,True,True
2e5312a77084f266704a73f0d2924e690623928db5805446923a4e7ddf003474,nfl,player_receiving_yards,Brian Thomas,Over,39.5,loss,8.0,2026_03_NE_JAX,8.0,loss,8.0,loss,,False,True,True
5547a4e3ab66042eacb6e245ec09d36155f71faf51ce59cee404917417b6dcfc,nfl,player_receiving_yards,Ladd McConkey,Under,52.5,loss,66.0,2026_03_LAC_BUF,66.0,loss,66.0,loss,,False,True,True
29b63c7422019ab51da12ebea10d9748db5033b2a0b7e2aa0611713bdec0a3b8,nfl,player_receiving_yards,T.J. Hockenson,Under,30.5,win,11.0,2026_03_MIN_TB,11.0,win,11.0,win,,False,True,True
743da08cbd6fb097e365a018a987e0ef34b2ea932ba8bec8c570b83302a83add,nfl,player_rushing_yards,Cam Ward,Under,12.5,win,2.0,2026_03_TEN_NYG,2.0,win,2.0,win,,False,True,True
edbb6af28a9b9312be57a5d19478334e3e245e88b567fee106225e6b00143e9b,nfl,player_receptions,Chris Olave,Over,5.5,win,9.0,2026_03_LV_NO,9.0,win,9.0,win,,False,True,True
d426f4d53ced0f578208d4bce8289a67ebff3ccd900eedec0b4a1ec6968522c0,nfl,player_receiving_yards,Ladd McConkey,Under,51.5,loss,66.0,2026_03_LAC_BUF,66.0,loss,66.0,loss,,False,True,True
cb64a07a608ba5d4587667b919d3e0cdcee1969e3ed4fc3205253d57e17e65c8,nfl,player_receiving_yards,Chase Brown,Over,21.5,loss,8.0,2026_03_CIN_PIT,8.0,loss,8.0,loss,,False,True,True
1c0f2ed10a52942e1dd38cbaa5f32c3de348180565fd2decca5f43d4b115e119,nfl,player_rushing_yards,Quinshon Judkins,Under,46.5,loss,70.0,2026_03_CAR_CLE,70.0,loss,70.0,loss,,False,True,True
2b21a7754558990f30c72d08e541cae11f8b0e3cbacfffcbd7fddaac25fdaaad,nfl,player_receiving_yards,Gunnar Helm,Under,24.5,win,14.0,2026_03_TEN_NYG,14.0,win,14.0,win,,False,True,True
7ec9e0f3f602c4025abdc6077bfeb9568ec661c75be9b5b818f95f37541c5870,nfl,player_receiving_yards,Keenan Allen,Under,33.5,loss,63.0,2026_03_HOU_IND,63.0,loss,63.0,loss,,False,True,True
f3829b9eb91c818340c935e4403fe0a1608979d1bb9fdafa9b0d3de5f8c2b798,nfl,player_rushing_yards,Brian Robinson,Over,22.5,win,50.0,2026_03_ATL_GB,50.0,win,50.0,win,,False,True,True
a86d7d896cf72ddbecf750671fdee560509f20f663db6fbd57e08e879b729270,nfl,spreads,,Away,-5.5,win,-26.5,2026_03_ATL_GB,-26.5,win,-26.5,win,,False,True,True
31b21b3bc6fc4abe412c7a0c61f665e505344eab1d9ad3d455a53fffd6ad371d,nfl,spreads,,Away,7.5,loss,9.5,2026_03_SEA_WAS,9.5,loss,9.5,loss,,False,True,True
2385138ae8807020f14003f8cc0bb6d39f25b03e113bb8c8b98d187ed43898fc,nfl,player_receiving_yards,T.J. Hockenson,Under,29.5,win,11.0,2026_03_MIN_TB,11.0,win,11.0,win,,False,True,True
4db5d3a09978092be057c7a6757e0e59f4ec346629dd531aa391f2b9cf1f15ad,nfl,player_passing_yards,Jacoby Brissett,Over,225.5,win,280.0,2026_03_ARI_SF,280.0,win,280.0,win,,False,True,True
d4ba1d73400d0f9be6f1b698d2746cc2f24b22c698e0a0045736e4bae760714a,nfl,totals,,Under,50.5,win,40.0,2026_03_LAC_BUF,40.0,win,40.0,win,,False,True,True
253bc9049d4f602196e39a49b51722e98ceeb0243473f16ae788c2564614bd6f,nfl,player_receiving_yards,Kyren Williams,Under,13.5,loss,70.0,2026_03_LA_DEN,70.0,loss,70.0,loss,,False,True,True
2238c94cbdacba0877e72498664ea8ba4c572ac7f657532cf4690bf0dd6a50f4,nfl,player_receiving_yards,Stefon Diggs,Over,36.5,loss,33.0,2026_03_SEA_WAS,33.0,loss,33.0,loss,,False,True,True
23e6513815b5af8a3dbff02b6895584108011de0df527657e47239e47d8c6c00,nfl,player_rushing_yards,Tyjae Spears,Under,22.5,win,5.0,2026_03_TEN_NYG,5.0,win,5.0,win,,False,True,True
4feb772c89491dce9e530b483acfae3387205d5a52f26607cb03914714faa3d5,nfl,player_receiving_yards,Christian Watson,Under,68.5,loss,96.0,2026_03_ATL_GB,96.0,loss,96.0,loss,,False,True,True
9e6e8dac4e4645d0bb773124e6c73d973938f2fbf13a0f0f00e03bbbe6f7ef6d,nfl,player_receiving_yards,Jahan Dotson,Under,16.5,win,11.0,2026_03_ATL_GB,11.0,win,11.0,win,,False,True,True
8f36ce5830b8d91d8df73286d7ca711747ce2ffff21281f74efa48bf818bb3e4,nfl,player_receiving_yards,DeMario Douglas,Under,29.5,loss,38.0,2026_03_NE_JAX,38.0,loss,38.0,loss,,False,True,True
bb0e674074818ee55872d2f7b79b5f938c35efc5283aee050e65f6b52fe022b4,nfl,player_receptions,Darnell Washington,Over,1.5,win,3.0,2026_03_CIN_PIT,3.0,win,3.0,win,,False,True,True
d7c8473a357f41fafb37e2003c93d25159809b1691e6ec11c0cecfdaebc877c8,nfl,player_passing_tds,Bo Nix,Under,1.5,loss,2.0,2026_03_LA_DEN,2.0,loss,2.0,loss,,False,True,True
613a521192ef120bfc07e290ea03b7d5af3ba8580b64b68532b0c2c263d25271,nfl,player_passing_yards,Joe Burrow,Under,253.5,loss,282.0,2026_03_CIN_PIT,282.0,loss,282.0,loss,,False,True,True
21ad645730b673ec0d17ca35c1025b9931298b454dce1beb9547de204ad9c41f,nfl,player_receiving_yards,Tre Tucker,Under,38.5,loss,43.0,2026_03_LV_NO,43.0,loss,43.0,loss,,False,True,True
e48385900597e96b99008d1cd3e1fc256850382b770e24a2f666f8a7474ee61d,nfl,player_receiving_yards,Breece Hall,Under,21.5,loss,23.0,2026_03_NYJ_DET,23.0,loss,23.0,loss,,False,True,True
a0004c8d559c5c521c57685c7a0a3985e6e772eca2e0ad8da1b10c8d4bdd3b72,nfl,player_receptions,Kayshon Boutte,Under,2.5,win,2.0,2026_03_HOU_IND,2.0,win,2.0,win,,False,True,True
c19b5a2878bb71fc5d379b7dd62db026331280c422ca72740d25c8bbd3505fa6,nfl,player_receiving_yards,Malik Nabers,Under,53.5,win,26.0,2026_03_TEN_NYG,26.0,win,26.0,win,,False,True,True
36fc8a96d01d9e4ee9cba672477361b6e385000abdb1860be370889f46f5d28f,nfl,player_receiving_yards,Chase Brown,Over,22.5,loss,8.0,2026_03_CIN_PIT,8.0,loss,8.0,loss,,False,True,True
9d25ec64d3e040110abbeead7ec95958b6d9adef5b1678f23c9c386ff72a14ff,nfl,player_passing_yards,Joe Burrow,Under,251.5,loss,282.0,2026_03_CIN_PIT,282.0,loss,282.0,loss,,False,True,True
a73393b7f41bc56d5803116291bb81017ae1f1f7bb7a31f3b2c7aaaa2aa9c568,nfl,player_receiving_yards,Pat Bryant,Over,26.5,win,44.0,2026_03_LA_DEN,44.0,win,44.0,win,,False,True,True
79784ae59a53d3c23767bcb872be51911885f8caa4699e0d44f32a33ba9b6755,nfl,player_receiving_yards,Cade Otton,Over,27.5,win,56.0,2026_03_MIN_TB,56.0,win,56.0,win,,False,True,True
9ba8ef8f99b67f33c6c36722de18ddbc898c4ed1039131f8b1316212bc75bc8b,nfl,player_receiving_yards,Demario Douglas,Under,28.5,loss,38.0,2026_03_NE_JAX,38.0,loss,38.0,loss,,False,True,True
e31c71062c15a311984ec16b636b5a354e3f4677c5597e1a00ff70f6c4c17460,nfl,totals,,Over,47.5,win,55.0,2026_03_NYJ_DET,55.0,win,55.0,win,,False,True,True
1c7338dadb263fc3b77e5b898ec3eed2dd317ce676eed4a4d3b7248d4ef9f096,nfl,player_receptions,Ashton Jeanty,Over,3.5,loss,3.0,2026_03_LV_NO,3.0,loss,3.0,loss,,False,True,True
c141eb66ec8a626e251d9806ac347f8ce08410ecc59379bc6bdd0a521a57bda5,nfl,player_passing_yards,Matthew Stafford,Over,240.5,win,390.0,2026_03_LA_DEN,390.0,win,390.0,win,,False,True,True
aa3c9ea73d005aa7d2272d6ab34a44d09f5fdc3dc777abe5098459c72ad2cc77,nfl,player_receptions,Gunnar Helm,Over,2.5,loss,2.0,2026_03_TEN_NYG,2.0,loss,2.0,loss,,False,True,True
91b2b32287631e24009510787b0d45d7f08bbf6464f4d883ac3ad51b4e43a339,nfl,player_receiving_yards,Amon-Ra St. Brown,Over,75.5,loss,19.0,2026_03_NYJ_DET,19.0,loss,19.0,loss,,False,True,True
bc73777a427d263f86b4e9fa131b75d58f001a8ee850aa21e698f43db712816d,nfl,player_passing_tds,Joe Burrow (CIN),Over,1.5,win,3.0,2026_03_CIN_PIT,3.0,win,3.0,win,,False,True,True
c1128d95da9e86485f3917c5957fcef964b33e2479b206bbcf78fd5136a72c84,nfl,player_passing_tds,Trevor Lawrence,Over,1.5,win,3.0,2026_03_NE_JAX,3.0,win,3.0,win,,False,True,True
1dc5dce19fca8f46f970ceaae4e3c82e3fd79d263894e1bc7ff84c4d03c26526,nfl,player_passing_yards,Kyler Murray,Under,209.5,win,168.0,2026_03_MIN_TB,168.0,win,168.0,win,,False,True,True
6d164c3e19d5475c44f6256cafee21a2a04a665efa5ed3cf9300dba4ab8c0f13,nfl,player_receptions,T.J. Hockenson,Under,3.5,win,2.0,2026_03_MIN_TB,2.0,win,2.0,win,,False,True,True
2c8d3e4a1b1d77d3a959ae67a4f92e36b24306bfd47f22b8e05ed6f223a90dc0,nfl,totals,,Over,41.0,loss,34.0,2026_03_PHI_CHI,34.0,loss,34.0,loss,,False,True,True
c9618f87e0261fe01a5287a4e70e4ceb564fb48400643d9d5556c0f9495ccceb,nfl,player_receiving_yards,Breece Hall,Under,20.5,loss,23.0,2026_03_NYJ_DET,23.0,loss,23.0,loss,,False,True,True
145de0cd206a554f2065e60db181c477d1e54a3c890b52c36deb236bb2959113,nfl,player_passing_yards,Kyler Murray,Under,208.5,win,168.0,2026_03_MIN_TB,168.0,win,168.0,win,,False,True,True
837a2de1f804d0c85e960a9e5a599c2762e3306c1d131d1c894d934ef68f2ba9,nfl,player_passing_yards,Josh Allen,Under,243.5,win,204.0,2026_03_LAC_BUF,204.0,win,204.0,win,,False,True,True
42080675f7ee0a8d3e08a456ebdaccf302bab820a017710ac5709990b98e90d8,nfl,player_rushing_yards,Tyler Shough,Under,17.5,loss,36.0,2026_03_LV_NO,36.0,loss,36.0,loss,,False,True,True
7326ce17fbf2cd29faf0d87d915a43a64b51cfc87a1d089dc6042171cd1c0690,nfl,player_rushing_yards,Bucky Irving,Over,53.5,loss,46.0,2026_03_MIN_TB,46.0,loss,46.0,loss,,False,True,True
ff12c1861e7140ad81613acb1de58fb183582d6dcc9a0d3630480196f3c56886,nfl,player_receptions,Jakobi Meyers,Over,3.5,win,7.0,2026_03_NE_JAX,7.0,win,7.0,win,,False,True,True
ded043fedb74214d49eb637775279eefe13dc4b37c95ec656a0de92d235a8e96,nfl,player_receiving_yards,Trey McBride,Over,67.5,win,75.0,2026_03_ARI_SF,75.0,win,75.0,win,,False,True,True
883ec3defedfa36fd98c4d0ddee9ffef9e92c64fab57cfb0ad5b114f4c592c66,nfl,player_passing_yards,Matthew Stafford,Over,243.5,win,390.0,2026_03_LA_DEN,390.0,win,390.0,win,,False,True,True
ba0f5427e1858418b7f395a50b8026011f11ff49159a3fd15f509e107dd27b7c,nfl,player_rushing_yards,Jameis Winston,Over,5.5,win,14.0,2026_03_TEN_NYG,14.0,win,14.0,win,,False,True,True
161407935eedd5569d90af1d8452eced7cb0861126cf0af40949b9fdb30019c5,nfl,totals,,Over,44.5,loss,41.0,2026_03_NE_JAX,41.0,loss,41.0,loss,,False,True,True
a73229c061695c117c720c5140b1df6edd507d3e1b1f944353801d52204c17e0,nfl,player_receptions,Drake London,Under,5.5,loss,9.0,2026_03_ATL_GB,9.0,loss,9.0,loss,,False,True,True
dd3175a61f2322249a34ad6775712f00fe7a8a3304304972da051a42295093da,nfl,player_rushing_yards,Omarion Hampton,Under,60.5,win,56.0,2026_03_LAC_BUF,56.0,win,56.0,win,,False,True,True
9a45092621ca92e0b6d7cabe3f4c6678d1b18e43a40c2d50fcb6eb7bdbbec453,nfl,player_receiving_yards,Sam LaPorta,Over,45.5,loss,44.0,2026_03_NYJ_DET,44.0,loss,44.0,loss,,False,True,True
a4f5386984f6a803be2e8aea0913ccb91e0ea6e0755d74802cf09dcf8725b1fb,nfl,player_receiving_yards,Chris Olave,Over,75.5,win,107.0,2026_03_LV_NO,107.0,win,107.0,win,,False,True,True
05fa6bd76c89724319db69db1e9be261356d4bfe23593f28c8f71bdf7d05d050,nfl,player_rushing_yards,Christian McCaffrey,Over,54.5,win,75.0,2026_03_ARI_SF,75.0,win,75.0,win,,False,True,True
a6c87988923c966d7722b54fe233bcfd3e518b266180d92559d763901d46121d,nfl,player_receiving_yards,Romeo Doubs,Under,42.5,loss,49.0,2026_03_NE_JAX,49.0,loss,49.0,loss,,False,True,True
9e5b5c94f3db75007866d57241b522681f0451f1f6b1e6c991c30a9fa44cbfa7,nfl,player_rushing_yards,Kyle Monangai,Over,43.5,loss,31.0,2026_03_PHI_CHI,31.0,loss,31.0,loss,,False,True,True
301f02c18776c9424e648667e80c832eb844b089273a5e08adcdbec2f283f8df,nfl,player_receiving_yards,Garrett Wilson,Under,61.5,loss,107.0,2026_03_NYJ_DET,107.0,loss,107.0,loss,,False,True,True
089bcb2527cd9fc89ecf909457d16f737824e6fa8d330610f028fa6ff8299db5,nfl,player_passing_yards,Dak Prescott,Under,260.5,loss,276.0,2026_03_BAL_DAL,276.0,loss,276.0,loss,,False,True,True
50caa7e864b2c81ed86520ddb4777e0f95bf39903f170ba9437fbcf28ce53ded,nfl,player_passing_yards,Jalen Hurts,Under,210.5,win,153.0,2026_03_PHI_CHI,153.0,win,153.0,win,,False,True,True
45bfa21fa7b86641c89e87da8203bbf73a6575e8cef699db8e98bf3488735a95,nfl,player_rushing_yards,Josh Allen,Under,33.5,win,22.0,2026_03_LAC_BUF,22.0,win,22.0,win,,False,True,True
2bdab2ec619e1c6ddee7d51ae22bf6bf1a62b03deb4210c716a22a366351043a,nfl,player_rushing_yards,Omarion Hampton,Under,59.5,win,56.0,2026_03_LAC_BUF,56.0,win,56.0,win,,False,True,True
79d27cfbefc023503a3a7f871b54e8ef2f518051315bf482e65038674103bf74,nfl,player_passing_yards,Daniel Jones,Under,216.5,loss,235.0,2026_03_HOU_IND,235.0,loss,235.0,loss,,False,True,True
db33ee48ae7d33513a854d8920b290c945847592f1812529d7542bf2f82ec468,nfl,player_passing_yards,Trevor Lawrence,Over,223.5,loss,182.0,2026_03_NE_JAX,182.0,loss,182.0,loss,,False,True,True
e7a53bf986e20ceb63adda71735f01697af7f4736fd35d549811a402598ed735,nfl,atd,Cam Skattebo,Yes,0.5,loss,0.0,2026_03_TEN_NYG,0.0,loss,0.0,loss,0.0,False,True,True
9b30841e9f0791c731e014408ff6a02392493de1ce00880b66fd44ae051bcd75,nfl,player_receptions,Chris Godwin,Over,3.5,loss,3.0,2026_03_MIN_TB,3.0,loss,3.0,loss,,False,True,True
7aa0f6d9a4d5e9da102fcabe98b8819158fa52a561659b04bc66be4abbedec5b,nfl,player_rushing_yards,Chase Brown,Over,63.5,loss,61.0,2026_03_CIN_PIT,61.0,loss,61.0,loss,,False,True,True
9e2758dfa9920a1bc32877a31f5aa7261ca05ff83b12859603fa85e99ef9d0d2,nfl,player_receptions,Trey McBride,Over,7.5,win,9.0,2026_03_ARI_SF,9.0,win,9.0,win,,False,True,True
86bd4a8ef9e8ee7e9b936dda99df81de4b73b6b704b3baccdebfd442af032d79,nfl,player_rushing_yards,Jalen Hurts,Under,24.5,loss,25.0,2026_03_PHI_CHI,25.0,loss,25.0,loss,,False,True,True
b31a6d4299f522a60264c1835e713e08a8e16f0b2cb7611308a8d3e07f21fb9b,nfl,spreads,,Away,3.5,loss,0.5,2026_03_BAL_DAL,0.5,loss,0.5,loss,,False,True,True
59ab7a07b09ea26a7396ba936cbe9289ba0ec2733531d8a42b134ec1c420e448,nfl,player_passing_yards,Tyler Shough,Under,248.5,loss,255.0,2026_03_LV_NO,255.0,loss,255.0,loss,,False,True,True
3f4b5d29761d56a21733e0957571cac1f6c38528b293127eb3270bf83268ec3b,nfl,player_passing_yards,Brock Purdy,Over,235.5,win,297.0,2026_03_ARI_SF,297.0,win,297.0,win,,False,True,True
5fcb1e013cf2b555e94f378f466a4eb15d1cc9be252f2ef4a4752f897d0669c0,nfl,player_receiving_yards,Olamide Zaccheaus,Under,10.5,win,9.0,2026_03_ATL_GB,9.0,win,9.0,win,,False,True,True
7bc98c15fcd0a05f9f43466a82d4e4236dd3e095af93f415e4980a77ee2bce25,nfl,player_receptions,Malik Nabers,Under,4.5,loss,5.0,2026_03_TEN_NYG,5.0,loss,5.0,loss,,False,True,True
cdc9d394fc45eb5c55ad2d4c01538cebb32d3ebcd0c65c0202e5ff0e5503a0f8,nfl,spreads,,Away,-6.5,loss,0.5,2026_03_NYJ_DET,0.5,loss,0.5,loss,,False,True,True
983cb94e7f907291d1e7240a90a1b3321d5aa05c4f61e0118f612c7fc1fa1c82,nfl,totals,,Over,43.0,win,49.0,2026_03_ATL_GB,49.0,win,49.0,win,,False,True,True
c540e53e361e70a2a747effe7031884e630e12d0a53e193d1723d7cd0b71dac9,nfl,player_receptions,Travis Kelce,Over,4.5,loss,2.0,2026_03_KC_MIA,2.0,loss,2.0,loss,,False,True,True
274de8616f01098ab5111bf56599983934ff1481537f533a8c384decadb87db8,nfl,player_receptions,Keenan Allen,Under,3.5,loss,6.0,2026_03_HOU_IND,6.0,loss,6.0,loss,,False,True,True
95fdf09c3e71c076c742c66a4182d4a73ed69a01469b07d741b9c5239a6a0d76,nfl,atd,Rashee Rice,Yes,0.5,loss,0.0,2026_03_KC_MIA,0.0,loss,0.0,loss,0.0,False,True,True
5019a09491f3d568a497ac3b4cbb9e210cdce6eb5e144f8faadf9476a53e686d,nfl,player_receptions,Parker Washington,Under,4.5,win,3.0,2026_03_NE_JAX,3.0,win,3.0,win,,False,True,True
fb1fa8d540dd0e93e067befee9a43597ac0e9c45457160bc0de4dc2effb3f6a7,nfl,player_receptions,Jameson Williams,Over,4.5,loss,4.0,2026_03_NYJ_DET,4.0,loss,4.0,loss,,False,True,True
de47d8a27256e68dacf72106a7dfa79749112bc363c5b0a04e95f02eea188c14,nfl,player_receptions,Brian Thomas Jr.,Over,3.5,loss,1.0,2026_03_NE_JAX,1.0,loss,1.0,loss,,False,True,True
b4d7fa7271625ecd74d65a668c99f870fccaeeee68eec1bb9ca2bf4a79dfff48,nfl,player_receptions,Ryan Flournoy,Under,2.5,win,2.0,2026_03_BAL_DAL,2.0,win,2.0,win,,False,True,True
b786eccf6ba49c3d04c68ddcc0c374ec3f72e0e3234485f267abafc8a76e82a6,nfl,player_receiving_yards,Brenton Strange (JAX),Over,39.5,loss,32.0,2026_03_NE_JAX,32.0,loss,32.0,loss,,False,True,True
c1285539a2992392e4a7a5f5aeaf909eeb23631ce069b8e6db87983f68773e00,nfl,atd,Malik Nabers,Yes,0.5,loss,0.0,2026_03_TEN_NYG,0.0,loss,0.0,loss,0.0,False,True,True
7921716ef4997e6514b4a41545c4e8d395a119f117e17ddc5cbdf3fb436236b5,nfl,atd,Brock Purdy,Yes,0.5,loss,0.0,2026_03_ARI_SF,0.0,loss,0.0,loss,0.0,False,True,True
9ea41f88c595bad964f45791dd79a4ac4632b4609dac01d039c369a5d57fc955,nfl,atd,Ladd McConkey,Yes,0.5,loss,0.0,2026_03_LAC_BUF,0.0,loss,0.0,loss,0.0,False,True,True
feb81d02d5eacbcf076e46c0f062ba2e39679417d2ec7bed45cd4a5ecdf4455b,nfl,atd,Jake Ferguson,Yes,0.5,win,1.0,2026_03_BAL_DAL,1.0,win,1.0,win,0.0,False,True,True
580c2465a20ec35e05984ff1e0883b9102b534651b1abb1f3e726aeea4a8f237,nfl,atd,Jalen Nailor,Yes,0.5,loss,0.0,2026_03_LV_NO,0.0,loss,0.0,loss,0.0,False,True,True
5931e734c83aaf35b81385268b0caffd985e2211ea61654a3c4c080c70bd4487,nfl,atd,Keon Coleman,Yes,0.5,loss,0.0,2026_03_LAC_BUF,0.0,loss,0.0,loss,0.0,False,True,True
d06c3bdc35290378ae43aa05e4a82cf757397022998a5aa9e190caf1ab40675d,nfl,atd,Pat Freiermuth,Yes,0.5,loss,0.0,2026_03_CIN_PIT,0.0,loss,0.0,loss,0.0,False,True,True
fbf1765a5f63a30e205cb003a64f940ddbd46dbac32020186ea8389d2d9f0585,nfl,atd,Jameis Winston,Yes,0.5,loss,0.0,2026_03_TEN_NYG,0.0,loss,0.0,loss,0.0,False,True,True
091b2cea421dcaee13baac806fbad25ca015126308e48d0c093cbf4280fe4ab1,nfl,atd,Isaiah Williams,Yes,0.5,loss,0.0,2026_03_NYJ_DET,0.0,loss,0.0,loss,0.0,False,True,True
e5f91f8a53d9808079a3ca3340a06e24563b037923bb7f5997fea14a647d6df8,nfl,atd,Jaylin Lane,Yes,0.5,loss,0.0,2026_03_SEA_WAS,0.0,loss,0.0,loss,0.0,False,True,True
183376e49882e7b31da7b15e7ffd769a0f776cd2812331ed8ec5c963ea91af89,ncaa,totals,,Over,50.5,loss,45.0,401861970,45.0,loss,,,,False,True,
69abee967d5add66e25c84dd4244861826f0ae33ebcb3453142f7cc96fe059f7,ncaa,totals,,Over,48.5,loss,35.0,401858242,35.0,loss,,,,False,True,
c7fbbce6dcae9ede33b1fdebb07ee9b136feebbc2422e3563a8023c45a8a1bd1,ncaa,totals,,Over,38.5,win,39.0,401858463,39.0,win,,,,False,True,
7e812b666573be610285661108710f0b391613074b03a376d70aae7a5239ebf0,ncaa,totals,,Over,54.5,loss,37.0,401856704,37.0,loss,,,,False,True,
95ba086ddd0285044f01047b1eec24efd1ab69bb36eeec1c0f4bfaeb3f69c13d,ncaa,totals,,Under,50.5,win,39.0,401860897,39.0,win,,,,False,True,
2b816fc72f5ea224e737ecea6664e251a807dfe64606f66b7ae8b9915e543dc7,ncaa,spreads,,Home,7.0,loss,-18.0,401860897,-18.0,loss,,,,False,True,
906f2a05955eeedd74c4aedf41ddbeb3402d1cdaf9ea35b322f6490248656461,ncaa,spreads,,Home,13.0,loss,-15.0,401864512,-15.0,loss,,,,False,True,
946071b1bbbf12374b9e6740f0e1f90b2110eea4407fadf50903662c1dca0421,ncaa,totals,,Over,51.0,refund,51.0,401869941,51.0,refund,,,,False,True,
ef68efb14b9dcec38b7cf011f8544e7024a3b59212c4e380cce28d21b0e9c19d,ncaa,spreads,,Home,5.0,win,2.0,401856704,2.0,win,,,,False,True,
4ae9a3eb88058a1770baf673ac644807c9b5b0fb32db7ecb7b27b9b18b172c56,ncaa,spreads,,Away,-3.0,loss,10.0,401866425,10.0,loss,,,,False,True,
b5e4377a1f6db831b17f1608662d7bcd5a69f5d9eaaa7a46d12e87ace2c3845e,nfl,player_rushing_yards,Matthew Stafford,Under,5.5,loss,13.0,2026_03_LA_DEN,13.0,loss,13.0,loss,,False,True,True
f867a3e277fce906575e5ae43b59238063cdb35ba2091c90be7dde587fd0437e,nfl,player_receiving_yards,Jameson Williams (DET),Over,39.5,win,49.0,2026_03_NYJ_DET,49.0,win,49.0,win,,False,True,True
dda175e3d21a4a9b729fe74cb3960c676bb1630170f54ce884b24468cb978122,nfl,player_passing_yards,Drake Maye (NE),Over,199.5,loss,199.0,2026_03_NE_JAX,199.0,loss,199.0,loss,,False,True,True
7e687885f5ee2fd22a61837911b0b108ce4b7238a8a734c8c448f2347db591d7,nfl,player_passing_tds,Deshaun Watson,Under,1.5,loss,2.0,2026_03_CAR_CLE,2.0,loss,2.0,loss,,False,True,True
3b32919073385d960e8a9f31f9a75666ccad8763f2df6b68d91cc4d492c50e7d,nfl,player_passing_tds,Patrick Mahomes,Under,2.5,win,2.0,2026_03_KC_MIA,2.0,win,2.0,win,,False,True,True
06235af87fdad342283b527cf69f81c50994c90170ac37d7e8b9333fe141f676,nfl,player_receptions,Hunter Henry,Under,4.5,win,1.0,2026_03_NE_JAX,1.0,win,1.0,win,,False,True,True
544cad8e397663e261ad2e43cca43ff88eeaeed583322ca4897ce1521d15de0b,nfl,player_receptions,Jerry Jeudy,Over,1.5,loss,0.0,2026_03_CAR_CLE,0.0,loss,,,,True,True,
55b4b4a3127922dfc7517b13decfa034cb9b147d04598be943b69c429fb2c2c7,nfl,player_receptions,Dalton Kincaid,Under,4.5,win,2.0,2026_03_LAC_BUF,2.0,win,2.0,win,,False,True,True
b548f9447f5a0ba790b293e3bf04c2445a374fad7c708ecbe42481c0b0a83a9a,nfl,player_receptions,Davante Adams,Under,5.5,loss,7.0,2026_03_LA_DEN,7.0,loss,7.0,loss,,False,True,True
b7ddb0853fcb38de13501e12ca05012ab5bbec0101fed15f7145154faddfe3e9,nfl,player_rushing_yards,Brian Robinson,Over,20.5,win,50.0,2026_03_ATL_GB,50.0,win,50.0,win,,False,True,True
1af31960f92a35c9f90fd1ec6d05eb5fafe55c22af450b05754e60399d42ac1a,nfl,totals,,Over,41.0,loss,36.0,2026_03_HOU_IND,36.0,loss,36.0,loss,,False,True,True
c47615fab333bf27e74245d30bc8b1b533ebb7392d5f2a3cde2ce7b308a48245,nfl,player_receiving_yards,Pat Freiermuth,Under,35.5,win,30.0,2026_03_CIN_PIT,30.0,win,30.0,win,,False,True,True
37a8a5d15bda75e069e0678746725c8d95949577cf824758006cb202a22b26a5,nfl,player_receiving_yards,Terry McLaurin,Over,42.5,win,77.0,2026_03_SEA_WAS,77.0,win,77.0,win,,False,True,True
d1d36694c4350d932e838e8bb63d62b34a5041d4b953704fbeb13571c4e9d21a,nfl,player_rushing_yards,Tyler Allgeier,Under,33.5,win,-1.0,2026_03_ARI_SF,-1.0,win,-1.0,win,,False,True,True
08983a4d62c3d0cb14c253ab59838310b34ce0be172ba3a33cbbce1b3b484db7,nfl,player_passing_yards,Aaron Rodgers,Under,215.5,loss,292.0,2026_03_CIN_PIT,292.0,loss,292.0,loss,,False,True,True
46671d121f834b1b9076e4fd0996ee3da29abaef96fc5ed52755a33e93c180c0,nfl,player_receiving_yards,Brenton Strange,Over,30.5,win,32.0,2026_03_NE_JAX,32.0,win,32.0,win,,False,True,True
bcda77377b86803d59abf19526e85b61abf6e0df496da40554332c13b1589433,nfl,player_receiving_yards,Gunnar Helm,Under,25.5,win,14.0,2026_03_TEN_NYG,14.0,win,14.0,win,,False,True,True
5c69d98bdaca12aee416ea5d2377f1093f1bd1f9868e0b41643ffdbd0667d990,nfl,player_receiving_yards,Chuba Hubbard,Under,13.5,loss,28.0,2026_03_CAR_CLE,28.0,loss,28.0,loss,,False,True,True
0d185d7844871853abf0e8f09f71d75b24ac8f9eade9e116c688916dec05999e,nfl,player_receptions,Khalil Shakir,Over,3.5,loss,1.0,2026_03_LAC_BUF,1.0,loss,1.0,loss,,False,True,True
82958df20361fdd5489de31de55febb58222445e7b1ccdcdf776a3f306acbcab,nfl,player_passing_yards,Patrick Mahomes,Over,235.5,win,246.0,2026_03_KC_MIA,246.0,win,246.0,win,,False,True,True
364e6889b0ac00c34db22da8fadd57da47e5e4a49d50365230f65c6b1e1ed892,nfl,player_passing_yards,Bryce Young,Under,223.5,loss,291.0,2026_03_CAR_CLE,291.0,loss,291.0,loss,,False,True,True
5048d3174baeb7bbe6092d17d3c780eb0755208576178c47f816e17a1c903907,nfl,player_receiving_yards,Tyler Allgeier,Under,8.5,loss,10.0,2026_03_ARI_SF,10.0,loss,10.0,loss,,False,True,True
fb852bf0493d2d85971b4a2589275adcd10f4f49a3b1d03486edd475fd136171,nfl,player_rushing_yards,Patrick Mahomes,Over,18.5,loss,1.0,2026_03_KC_MIA,1.0,loss,1.0,loss,,False,True,True
1a81ea338626f32bb13c6d2253865edfd18f8bd01a58ab82017269329792c725,nfl,player_receiving_yards,T.J. Hockenson,Under,30.5,win,11.0,2026_03_MIN_TB,11.0,win,11.0,win,,False,True,True
011d6272be95ea5c12a3bee09af68c1d2b1d2e9196fe1f130f69c081f9777750,nfl,player_rushing_yards,Tyler Allgeier,Under,32.5,win,-1.0,2026_03_ARI_SF,-1.0,win,-1.0,win,,False,True,True
19e8017c475a290a70f27fec399fc93f846e5d8fc384e1548182454d3f579b30,nfl,player_receiving_yards,CeeDee Lamb,Under,83.5,loss,112.0,2026_03_BAL_DAL,112.0,loss,112.0,loss,,False,True,True
21fe45901e85f964ad84aa97ec1a92626769908cca0576afa02054afeac52793,nfl,player_receiving_yards,Rashee Rice,Over,48.5,win,88.0,2026_03_KC_MIA,88.0,win,88.0,win,,False,True,True
ba088ca7be2d18603fa56c91a490a6bba42e43ca87283b80366527cb06dcb84f,nfl,player_passing_yards,Bryce Young,Under,220.5,loss,291.0,2026_03_CAR_CLE,291.0,loss,291.0,loss,,False,True,True
2e663a9f1eac61c1c635304c5cedadfa16ba848c352d1eba23f4f5a44e91b1e5,nfl,player_receiving_yards,Tre Tucker,Under,40.5,loss,43.0,2026_03_LV_NO,43.0,loss,43.0,loss,,False,True,True
03685cf115dec6ef907f21eac7befe75f309655f2904e8922cab7b0197d16cee,nfl,player_receiving_yards,Rachaad White,Under,14.5,win,6.0,2026_03_SEA_WAS,6.0,win,6.0,win,,False,True,True
ee34557ceec0ebb849fac1b1f8ca302fb58ac2d021aa96f0101d5dc7c7189de4,nfl,player_receiving_yards,Malik Nabers,Under,56.5,win,26.0,2026_03_TEN_NYG,26.0,win,26.0,win,,False,True,True
d2969e68634687b40d6c39224f5ab25d389d542f203a1cc1e1ef58bccbb44b7d,nfl,player_rushing_yards,Brian Robinson Jr.,Over,22.5,win,50.0,2026_03_ATL_GB,50.0,win,50.0,win,,False,True,True
9ad1b8a026d335efd50baecce8152522ba9abc01d89aa4bd1e621f108851dd7d,nfl,player_receiving_yards,Christian Watson,Under,69.5,loss,96.0,2026_03_ATL_GB,96.0,loss,96.0,loss,,False,True,True
57101d113c8ccab4fa9ab37764eee8709167a1ad8a7ed2bf31a551a1143d6bbb,nfl,player_passing_yards,Deshaun Watson,Under,185.5,win,144.0,2026_03_CAR_CLE,144.0,win,144.0,win,,False,True,True
d7dd86fa16e37f837978e0ff81e625c5f32124fff24ff37a9089ef97cc750a72,nfl,player_receptions,Xavier Worthy,Under,3.5,win,2.0,2026_03_KC_MIA,2.0,win,2.0,win,,False,True,True
d392ee62f94aa87016aedf07eb13e196cfc8c87614d985fe2273577d36eca6e2,nfl,player_receiving_yards,Pat Bryant,Over,25.5,win,44.0,2026_03_LA_DEN,44.0,win,44.0,win,,False,True,True
2c1e8dc313d259bd6ac7115348ff871adbc088a3a65daafcbf3a0144bbe0bb43,nfl,player_rushing_yards,Tyler Shough,Under,18.5,loss,36.0,2026_03_LV_NO,36.0,loss,36.0,loss,,False,True,True
38931df130816a511159e6b0f9ad42e1cad24129d8fd76427a6c4ce5bd8c0fd4,nfl,player_receptions,Harold Fannin,Over,3.5,win,7.0,2026_03_CAR_CLE,7.0,win,7.0,win,,False,True,True
6fe9146581fd2214c851bbeae9ade1348ae67917f0326f8ec7fef944c83dc46d,nfl,totals,,Under,43.5,loss,62.0,2026_03_LV_NO,62.0,loss,62.0,loss,,False,True,True
a1649bc775541db534716fafbae22154851176e0a9a48cedd4121ef8c8afba6c,nfl,player_passing_yards,Joe Burrow,Under,253.5,loss,282.0,2026_03_CIN_PIT,282.0,loss,282.0,loss,,False,True,True
3505d3920e7cdf437c74ddeba74350b916cf5f09254194941535d5e36715c1d8,nfl,spreads,,Away,-5.0,win,-26.0,2026_03_ATL_GB,-26.0,win,-26.0,win,,False,True,True
2bbd1605a23041b014284934ef042049f29ead9ffe284d5db7d331db3f8fdf24,nfl,player_rushing_yards,Bryce Young,Under,14.5,win,0.0,2026_03_CAR_CLE,0.0,win,0.0,win,,False,True,True
d64b13788122c1cf9890032fc4e20c894abed2d1c8e4f1c5565138089242be90,nfl,player_rushing_yards,D'Andre Swift,Under,70.5,loss,84.0,2026_03_PHI_CHI,84.0,loss,84.0,loss,,False,True,True
8253931d8f99cba564613bfb562e7e1a28a148ce4351718fdb716572ae70a29f,nfl,player_rushing_yards,Deshaun Watson,Under,25.5,loss,45.0,2026_03_CAR_CLE,45.0,loss,45.0,loss,,False,True,True
fd91fa2370bbaa3e8f279bab247b07fce5507f6bd6695f4cd3f2d06f8eb570ee,nfl,player_passing_yards,Justin Herbert,Under,224.5,loss,226.0,2026_03_LAC_BUF,226.0,loss,226.0,loss,,False,True,True
8ce8a71a86ec4b0b1a60dda06c0920755e97413c2ed78a1acf6b38eda2531da3,nfl,player_receptions,Tetairoa McMillan,Under,4.5,win,2.0,2026_03_CAR_CLE,2.0,win,2.0,win,,False,True,True
55db2502a9c950c819cce4ca6e2f83f02c665a172c706e8906f04bf668f33624,nfl,player_receiving_yards,Bijan Robinson,Under,39.5,win,19.0,2026_03_ATL_GB,19.0,win,19.0,win,,False,True,True
43e6c175b0ac297c29572891ee65d6faae4ebe939f1d931c23f267bc40e96e72,nfl,player_receiving_yards,Amon-Ra St. Brown,Over,75.5,loss,19.0,2026_03_NYJ_DET,19.0,loss,19.0,loss,,False,True,True
29f7c4c48b0495f54d3651d62f102c2dc3a935c96367c58b4e91c76d46737fa5,nfl,player_passing_yards,Jalen Hurts,Under,215.5,win,153.0,2026_03_PHI_CHI,153.0,win,153.0,win,,False,True,True
1e4d5d77ffaa3f1f6a7caf83e8d783a35088332c746dd5a3ad06277f00f3fc05,nfl,player_receptions,Mike Gesicki,Under,2.5,loss,3.0,2026_03_CIN_PIT,3.0,loss,3.0,loss,,False,True,True
c67d055a9dc3ec99953d16fbc520ac225bf55dce29ca6ee26670a6238f80580e,nfl,player_receiving_yards,Travis Kelce,Under,51.5,loss,59.0,2026_03_KC_MIA,59.0,loss,59.0,loss,,False,True,True
18e8cebe1c802c80952a569723d34caa4364f691ac0e51ddf6f5c677e79bf44a,nfl,player_passing_yards,Dak Prescott,Under,264.5,loss,276.0,2026_03_BAL_DAL,276.0,loss,276.0,loss,,False,True,True
1bc53d470328d4c417d9a3566abcd5e27dd3514f87ce03ea089c72982b8c6fc9,nfl,player_receiving_yards,Quinshon Judkins,Under,12.5,win,9.0,2026_03_CAR_CLE,9.0,win,9.0,win,,False,True,True
2f9a91abd8e40820deb5b630d0fe3c4b3a97e6c62df2e96a6c715e157699bc95,nfl,player_receiving_yards,Romeo Doubs,Under,43.5,loss,49.0,2026_03_NE_JAX,49.0,loss,49.0,loss,,False,True,True
6832cbbbc30dc19ad4e5cc2cfd7b169bfed245b0684d439574d4e51cb806f88d,nfl,player_receiving_yards,Darren Waller,Over,24.5,win,51.0,2026_03_CAR_CLE,51.0,win,51.0,win,,False,True,True
a7aa90e12bcc01c58101327d761502bd9c83827464109dcb89280d207be7b9f0,nfl,player_receiving_yards,Mike Gesicki,Under,26.5,loss,37.0,2026_03_CIN_PIT,37.0,loss,37.0,loss,,False,True,True
f7d28612edb47dcb41b3dd848316a42e172c4e89f4e7d63f5ef998a0d4e0c52f,nfl,player_rushing_yards,Omarion Hampton,Under,60.5,win,56.0,2026_03_LAC_BUF,56.0,win,56.0,win,,False,True,True
e2aa53301c8b718ae256e14a61de6e8bf4748e17bb035abff426251af39f664e,nfl,player_receiving_yards,Bucky Irving,Over,16.5,loss,12.0,2026_03_MIN_TB,12.0,loss,12.0,loss,,False,True,True
efb4f4f0578d23c9500805ab0a61892e72e06f3185409813152c1d7b12e487de,nfl,player_receiving_yards,Travis Kelce,Under,50.5,loss,59.0,2026_03_KC_MIA,59.0,loss,59.0,loss,,False,True,True
9b0b777c4e08fe3fb0ed994c4036f0c5dd31144716b196e3071256a089529425,nfl,h2h,,Home,0.0,win,5.0,2026_03_TEN_NYG,5.0,win,5.0,win,,False,True,True
c665c8671b76be3eccd489077541ec7f08df3d35da1a018b177b8dc806947abd,nfl,player_receiving_yards,Kenneth Walker,Under,22.5,win,3.0,2026_03_KC_MIA,3.0,win,3.0,win,,False,True,True
7e9ed063d56e6709ce54d9d26636fdfb70be3ee7b725cb3db1592c2704aac844,nfl,player_rushing_yards,C.J. Stroud,Over,10.5,loss,10.0,2026_03_HOU_IND,10.0,loss,10.0,loss,,False,True,True
66c4adedc4cc02a29ba22a9781c217c3b3a0ab3563ff3510582bd5beacfdb9ec,nfl,player_passing_yards,Tyler Shough,Under,252.5,loss,255.0,2026_03_LV_NO,255.0,loss,255.0,loss,,False,True,True
2ec1fc91dd9309d72b7c380549173beeb954c062ad136bb65aacebc63780309a,nfl,player_rushing_yards,Marcus Mariota,Over,20.5,loss,11.0,2026_03_SEA_WAS,11.0,loss,11.0,loss,,False,True,True
cd41b70882f6c5b4a0f6cb39acb7bdea74e680a44c0f32827fc87d3952bb4299,nfl,player_receiving_yards,Harold Fannin Jr.,Over,37.5,win,51.0,2026_03_CAR_CLE,51.0,win,51.0,win,,False,True,True
5da02a1cb24560ada2cb9dbc3d0004da3a50dff78e61ced25e8e30d69c29b00f,nfl,player_receiving_yards,Quinshon Judkins,Under,11.5,win,9.0,2026_03_CAR_CLE,9.0,win,9.0,win,,False,True,True
1ae475485e511bf9528fc10ff77a9277b96f427a89be41df9ee3a193b8adc791,nfl,player_receptions,Tyler Warren,Under,4.5,loss,9.0,2026_03_HOU_IND,9.0,loss,9.0,loss,,False,True,True
17fe747abcfad876d9d93b8ebd03a3fdac1dc51040151f54118cc76cf7fc3b93,nfl,player_receiving_yards,Tetairoa McMillan,Under,61.5,win,17.0,2026_03_CAR_CLE,17.0,win,17.0,win,,False,True,True
25bb4b0ec45ec2b9d62f270a8255effb82669d32b0ef13ef044d743eec776132,nfl,player_rushing_yards,Kyle Monangai,Under,41.5,win,31.0,2026_03_PHI_CHI,31.0,win,31.0,win,,False,True,True
cfe99ebd05ffeaa59d15b159f309aa24d439f107a880501435479a11b0ec28b4,nfl,player_passing_yards,Daniel Jones,Under,217.5,loss,235.0,2026_03_HOU_IND,235.0,loss,235.0,loss,,False,True,True
d02f500aecc8c2130d9c1b91a4b38c359abfb12b13ecf85e25b72643fefc54b1,nfl,player_receiving_yards,Darren Waller,Over,25.5,win,51.0,2026_03_CAR_CLE,51.0,win,51.0,win,,False,True,True
0c652f3089eb8d715ff2b1429489f1d98f985d039eea965627922c51edadb4a1,nfl,player_receptions,Marvin Harrison Jr.,Over,2.5,win,3.0,2026_03_ARI_SF,3.0,win,3.0,win,,False,True,True
2a1ef55cf9f6d45fa01aa222f3a712c1b171e960e5f1a49869aa4a694ad4ca51,nfl,player_passing_tds,Josh Allen,Under,1.5,win,0.0,2026_03_LAC_BUF,0.0,win,0.0,win,,False,True,True
59c45459bf6d8b275c8e51d65cfb12ff7730fc86ffb7bf86c765996f61ed5b6f,nfl,player_rushing_yards,Christian McCaffrey,Over,55.5,win,75.0,2026_03_ARI_SF,75.0,win,75.0,win,,False,True,True
9c00f765974ceba7605c87406fd0f44f6e7ee1269cc6770faf12335685a47809,nfl,player_rushing_yards,Rhamondre Stevenson,Over,35.5,loss,22.0,2026_03_NE_JAX,22.0,loss,22.0,loss,,False,True,True
a83a64b85b421ea0f48dbd66de3efdc0154d4b8feaa30a4e3c7c3872a28ad397,nfl,player_passing_yards,C.J. Stroud,Under,235.5,win,167.0,2026_03_HOU_IND,167.0,win,167.0,win,,False,True,True
628fb58358311085e849ade8d21c765f066048d83b2a6e3c23e9e23d882aedb7,nfl,player_receiving_yards,Amon-Ra St. Brown (DET),Over,79.5,loss,19.0,2026_03_NYJ_DET,19.0,loss,19.0,loss,,False,True,True
e4c92ac0d0a9b222b8f662073e2766e1c5fc06c69eb145cbbae12c0fab1eadf2,nfl,player_receptions,Chris Godwin,Over,3.5,loss,3.0,2026_03_MIN_TB,3.0,loss,3.0,loss,,False,True,True
294506508ff8c480dcdb716c8782c0e2dd02c7aeaf087b2b4fe2d6a402f037ce,nfl,player_receiving_yards,Garrett Wilson,Under,60.5,loss,107.0,2026_03_NYJ_DET,107.0,loss,107.0,loss,,False,True,True
94f40c2edd399f39cc84735888695aedfd04d75d1aef77c928cb1cf42777ea6d,nfl,player_receptions,Trey McBride,Over,7.5,win,9.0,2026_03_ARI_SF,9.0,win,9.0,win,,False,True,True
a3afb96c3e27af4b13113548977edf0e01dc82b4ba9bafc1ca5d67a80088272c,nfl,player_rushing_yards,Christian McCaffrey,Over,56.5,win,75.0,2026_03_ARI_SF,75.0,win,75.0,win,,False,True,True
2fbde34561e1d9142897a0657cdcd66199cba8e0a83ee5112d6b2c22ee7a992e,nfl,totals,,Under,52.0,loss,65.0,2026_03_BAL_DAL,65.0,loss,65.0,loss,,False,True,True
8f9f0e2346a09d8094c110b29749eb6e23001a537092608f051c4fdbf11785fb,nfl,player_receptions,Courtland Sutton,Over,3.5,loss,3.0,2026_03_LA_DEN,3.0,loss,3.0,loss,,False,True,True
ac7cc6ead3ca350c5ae47b6de63963683c97b3ce8ba89ced82480c3acfacb698,nfl,player_receptions,TreVeyon Henderson,Under,1.5,win,1.0,2026_03_NE_JAX,1.0,win,1.0,win,,False,True,True
b9008c160ceb62c0bfbf3cb2d45ef9ab87f1d6728f42a68b5e0e4e9428bec136,nfl,player_receptions,De'Von Achane,Over,3.5,loss,0.0,2026_03_KC_MIA,0.0,loss,0.0,loss,,False,True,True
f3ca869484dda822404540d61296ab935d4a76f22f919f58f47ee9f39444b380,nfl,player_receptions,Chris Olave,Over,6.5,win,9.0,2026_03_LV_NO,9.0,win,9.0,win,,False,True,True
9c8dbc02b9fd22dc11a79b8db22fe68b5ca507c6cbee703bb7cd68751b20d5ed,nfl,player_receiving_yards,Brian Thomas (JAX),Over,49.5,loss,8.0,2026_03_NE_JAX,8.0,loss,8.0,loss,,False,True,True
6b1cd42a24479072d827a51ae9eec60d1260328b441a94cdc2f84b91db8ff241,nfl,player_passing_tds,Cam Ward,Under,0.5,loss,1.0,2026_03_TEN_NYG,1.0,loss,1.0,loss,,False,True,True
1f0c3d0ac9a7183151faa8eec8688706669201582c7129d00b16878de0aee32e,nfl,atd,Patrick Mahomes,Yes,0.5,loss,0.0,2026_03_KC_MIA,0.0,loss,0.0,loss,0.0,False,True,True
999738f3b3eee7c3bb5605fa9f0fb725c3df4428ca13c6f5957186041f2b0466,nfl,atd,Terrance Ferguson,Yes,0.5,loss,0.0,2026_03_LA_DEN,0.0,loss,0.0,loss,0.0,False,True,True
b1b16ac55eb0d6ee851d0b4b119c731d31815b1fe015232d4fdbe3824e4d1f6d,nfl,atd,Raheim Sanders,Yes,0.5,loss,0.0,2026_03_CAR_CLE,0.0,loss,0.0,loss,0.0,False,True,True
743c75f7b5a790e3c38b6ef666d4162948ccf8cd1c8304e7f2305328a45a15df,nfl,atd,Brashard Smith,Yes,0.5,loss,0.0,2026_03_KC_MIA,0.0,loss,0.0,loss,0.0,False,True,True
c31e2cb2248f44a763d0611a66f22e4bfd9af1685bd76f8a62b9707c5e0a4094,nfl,atd,Jaleel McLaughlin,Yes,0.5,loss,0.0,2026_03_CAR_CLE,0.0,loss,,,,True,True,
72f814ea5487c81da6d31011535686df7124ac8e4a8a0f967ef038cceb88a1f2,nfl,atd,Blake Whiteheart,Yes,0.5,loss,0.0,2026_03_CAR_CLE,0.0,loss,,,,True,True,
78e62ce8ddf3a57886c001dd685d444ef7c989b854c60707ec00729f2f96cc83,ncaa,totals,,Over,50.0,win,51.0,401869941,51.0,win,,,,False,True,
32d8ed1d73351a6bbe459877555164c9b60ccdeca6bcfc7e7c4df3b8632d4ce0,ncaa,spreads,,Away,-7.0,loss,3.0,401871048,3.0,loss,,,,False,True,
6e61858d74ab4be14604f5e630769cfee8b6afd1c78864088a988a819051a66e,ncaa,spreads,,Home,6.0,win,11.0,401856814,11.0,win,,,,False,True,
bb0b964b4a7b874fc291ec147273b634f6b1d1a0f539a0551dfc487a6f6665b6,ncaa,totals,,Under,54.0,loss,67.0,401856696,67.0,loss,,,,False,True,
f85399e601bb5eefd2c6a8d7346ee9a9b9071d126250fd4707e50380b1ab28a9,ncaa,totals,,Over,48.0,loss,38.0,401862779,38.0,loss,,,,False,True,
7382403d0c796dadcd0bc81c0cdd5a77bb27609756a2d1cb83f01ded6651f1ca,ncaa,spreads,,Home,4.5,win,1.5,401856704,1.5,win,,,,False,True,
2483898c8c83c7b89f1f1398e5ab7d0859e1e631da1310b81683d284cbf3fe48,ncaa,totals,,Over,53.0,loss,48.0,401864512,48.0,loss,,,,False,True,
135f42e0925ad0787d7fc38be8b9868ae83499c152ef712db1f9de0218c8f766,nfl,player_receiving_yards,Juwan Johnson (NOR),Over,19.5,win,53.0,2026_03_LV_NO,53.0,win,53.0,win,,False,True,True
19092c3db5f7d15332241abc13a83ba7dadc1414a07af8d2e44960fcc824a022,nfl,player_receiving_yards,Michael Wilson (ARI),Over,29.5,win,89.0,2026_03_ARI_SF,89.0,win,89.0,win,,False,True,True
92813e59cb278565aa1342b80e930ef0303ceb87eeacab15979994a6ef9d8185,nfl,player_passing_yards,Lamar Jackson (BAL),Under,267.5,win,186.0,2026_03_BAL_DAL,186.0,win,186.0,win,,False,True,True
bdb3593a4584f7fca2c2d4c64ace8f944b63ff4d31c43e851cedfa1788ccb9b4,nfl,player_receptions,Tre' Harris,Under,3.5,loss,6.0,2026_03_LAC_BUF,6.0,loss,6.0,loss,,False,True,True
b86357b0df868a872cb152bbf72be6012a5e2015e33ad509f8525f7202189f3e,nfl,player_receptions,Isaiah Likely,Under,4.5,win,2.0,2026_03_TEN_NYG,2.0,win,2.0,win,,False,True,True
162e102beb6b6b3864b66f8e334d1fe8a290612c9c2edbc12d4daec23e1d13e1,nfl,player_receptions,Jared Wayne,Under,1.5,win,1.0,2026_03_HOU_IND,1.0,win,1.0,win,,False,True,True
a260769e5f8f7236b25336806274fecda8a655dc8b80f1849be82dfa82ca24c8,nfl,player_receiving_yards,Josh Downs,Under,49.5,loss,77.0,2026_03_HOU_IND,77.0,loss,77.0,loss,,False,True,True
824d56a7484543cec19cdac4d52630593b4b3fdf200f75be51fa5e959e56bd41,nfl,player_receptions,Cooper Kupp,Under,2.5,loss,4.0,2026_03_SEA_WAS,4.0,loss,4.0,loss,,False,True,True
cb92c698f27f7c1e3f803dbddca1c10a553312d93768d2c3167cbb845713e5d2,nfl,player_rushing_yards,Baker Mayfield (TB),Over,14.5,loss,6.0,2026_03_MIN_TB,6.0,loss,6.0,loss,,False,True,True
480b4cc27c9979ed808c04884b6faebd58eb47fdf570b10ec6ec9ed265fbdaf2,nfl,player_receptions,Dyami Brown,Under,1.5,win,0.0,2026_03_SEA_WAS,0.0,win,0.0,win,,False,True,True
bff80bbe120d228dedde3cdb8cd7b6b48696a059f45797236f246180e3da7a90,nfl,player_receptions,Austin Hooper,Over,0.5,win,2.0,2026_03_ATL_GB,2.0,win,2.0,win,,False,True,True
abc7529c5699671097b32484a9ecd6606893432b1628d14f85b8f62f517873e6,nfl,player_receptions,Tyquan Thornton,Under,1.5,loss,2.0,2026_03_KC_MIA,2.0,loss,2.0,loss,,False,True,True
97162a97c0561a89ad163e6268e712ba4ddc53e8db06052e04b81819bbeb4003,nfl,player_receptions,Oronde Gadsden,Under,3.5,win,0.0,2026_03_LAC_BUF,0.0,win,0.0,win,,False,True,True
ac521d037afa3ac253a91c71b90e0b0d51d672d73c45d2e611ccc2cb3f491728,nfl,player_receptions,Raheim Sanders,Over,0.5,win,4.0,2026_03_CAR_CLE,4.0,win,4.0,win,,False,True,True
1989b2d463c618820adecfd2328572336836e351fcc35095e8c25cb2ed11ec95,nfl,player_receptions,Rashid Shaheed,Under,2.5,win,2.0,2026_03_SEA_WAS,2.0,win,2.0,win,,False,True,True
2b83c79407caedefe6572825811c2ea21a0d7658c3ce805da4bae6c37cdd0241,nfl,player_receptions,Quinshon Judkins,Under,2.5,win,2.0,2026_03_CAR_CLE,2.0,win,2.0,win,,False,True,True
a1400b7a41feba77688bad1027d677577761bf4c1b4d9105772ff2da2b927714,nfl,player_receptions,D'Andre Swift,Under,2.5,win,2.0,2026_03_PHI_CHI,2.0,win,2.0,win,,False,True,True
4ef143f4b8021538d1891827212bedf25d2c9a62e0b1925333f405c4db3091fc,nfl,player_receptions,Justice Hill,Under,2.5,win,0.0,2026_03_BAL_DAL,0.0,win,0.0,win,,False,True,True
ed36597a480f4a425a8761ce7b32e241f024d4f4b2b61ec15108314b5aecd6f0,nfl,player_receptions,Derrick Henry,Under,1.5,win,1.0,2026_03_BAL_DAL,1.0,win,1.0,win,,False,True,True
0df1a218a99e1f1a36fe2d9036dc5644ef74eec87457bdabb21fc09196bfdf25,nfl,player_receptions,Stefon Diggs,Over,3.5,win,4.0,2026_03_SEA_WAS,4.0,win,4.0,win,,False,True,True
908974333cab942f4ea453c8fa964cee0524809617e556d1e168992be3eece9a,nfl,player_receiving_yards,Kendrick Bourne,Under,26.5,win,22.0,2026_03_ARI_SF,22.0,win,22.0,win,,False,True,True
30289dd25f343b183e5a6f361d7954ef29b39282e68101f7e6521a6ae07478d0,nfl,player_receiving_yards,Davante Adams,Under,65.5,loss,137.0,2026_03_LA_DEN,137.0,loss,137.0,loss,,False,True,True
e7f142ebeb44c552d76ae24a6af03743108202dc987d205ef39d86a2ebafc216,nfl,player_receiving_yards,Blake Corum,Under,0.5,win,0.0,2026_03_LA_DEN,0.0,win,0.0,win,,False,True,True
a7d1f44e19add26a5c7fe111f924cea96181da6cb214060e03d0266c7dcaaea4,nfl,player_receiving_yards,Johnny Mundt,Under,11.5,win,4.0,2026_03_PHI_CHI,4.0,win,4.0,win,,False,True,True
740d7f29e645cabf32c3faef12e1fb4891d7cc3a74fbe5dbb5980388e2e0ccf1,nfl,player_receiving_yards,Terry McLaurin,Over,42.5,win,77.0,2026_03_SEA_WAS,77.0,win,77.0,win,,False,True,True
67f9d72b9a7568c62791f23e52b607816594ccc190004b51a0e3039aa7938a92,nfl,player_receiving_yards,Noah Fant,Over,9.5,win,33.0,2026_03_LV_NO,33.0,win,33.0,win,,False,True,True
375cd15fc7a093b9ba171c70ee47428673ab58ccf08f53e54905f806078a0f61,nfl,player_receiving_yards,Ryan Flournoy,Under,29.5,win,22.0,2026_03_BAL_DAL,22.0,win,22.0,win,,False,True,True
b3d65ff124f11f4bec73763d33669aa4d39c826bf316ecc93a795172be793b78,nfl,player_passing_yards,Deshaun Watson,Under,188.5,win,144.0,2026_03_CAR_CLE,144.0,win,144.0,win,,False,True,True
edeb1a65cb07c119e05741cf90b7a4200621916397d459f1f1da7302370956bf,nfl,player_rushing_yards,Daniel Jones,Under,9.5,win,5.0,2026_03_HOU_IND,5.0,win,5.0,win,,False,True,True
f38a7a5f66754bc442a235f42ac06fa8ff4f3023700e35fdc9adff7b9b69f268,nfl,player_receiving_yards,Darren Waller,Over,20.5,win,51.0,2026_03_CAR_CLE,51.0,win,51.0,win,,False,True,True
b280f4bf8f0a35a021e468d7ce267420bfc2bd2bc7d3da7a8802fb43321ab2ef,nfl,player_receiving_yards,Samaje Perine,Over,6.5,loss,5.0,2026_03_CIN_PIT,5.0,loss,5.0,loss,,False,True,True
dcc95b64b07fb4836b30864eb3a5fb0ef714b96744904730674f5b986b247205,nfl,player_receiving_yards,Deebo Samuel,Under,44.5,loss,80.0,2026_03_ARI_SF,80.0,loss,80.0,loss,,False,True,True
3ad79a0b37593744c9e4df3f8bfceb41a76ad16c813e763c41362bb8e03a4bf2,nfl,player_receptions,Blake Corum,Under,0.5,loss,2.0,2026_03_LA_DEN,2.0,loss,2.0,loss,,False,True,True
190dc985af2bfc69dca196b536c9720e453ef12337faeef326baf87a61c1ec42,nfl,player_receiving_yards,George Kittle,Over,43.5,win,82.0,2026_03_ARI_SF,82.0,win,82.0,win,,False,True,True
bab0de3bbf00866e941151980a8a59219fb8251c2c535bcd17c81e8e5f47e86d,nfl,player_receiving_yards,Stefon Diggs,Over,34.5,loss,33.0,2026_03_SEA_WAS,33.0,loss,33.0,loss,,False,True,True
71509eb1ce3a06e0bc9d509d1faa84946411c79ecf93be489bf397db58a54097,nfl,player_receiving_yards,Woody Marks,Under,10.5,win,6.0,2026_03_HOU_IND,6.0,win,6.0,win,,False,True,True
1023fe94c148efd171c5a073b9fd1872a0b85acdafede2f6640ea239462a090c,nfl,player_passing_yards,Patrick Mahomes,Over,235.5,win,246.0,2026_03_KC_MIA,246.0,win,246.0,win,,False,True,True
721e9f952113c8bc15193dfa982590311fd47369b9d96fb863dfae0a254484bb,nfl,player_receiving_yards,Tommy Tremble,Under,12.5,loss,41.0,2026_03_CAR_CLE,41.0,loss,41.0,loss,,False,True,True
bc70d93b6c092fc9629230e45b2b097a0ed4ce1c807fc533801f3b867effcdb2,nfl,player_receiving_yards,Pat Bryant,Over,24.5,win,44.0,2026_03_LA_DEN,44.0,win,44.0,win,,False,True,True
5e1651a9c0bbdc57d1b1ab39a5bae6babd5c2a28c3f43670884ccdeefc0c4b65,nfl,player_receiving_yards,Jerry Jeudy,Over,19.5,loss,0.0,2026_03_CAR_CLE,0.0,loss,,,,True,True,
40abaf701dfef0da94291e401c09e538d1dbd6d1b994f110311fdb011c3f66d3,nfl,player_receiving_yards,Bucky Irving,Over,13.5,loss,12.0,2026_03_MIN_TB,12.0,loss,12.0,loss,,False,True,True
28b8258918d5930cd2f81acc301d598a013009108ffd8fb8165afefe10a650d8,nfl,player_passing_yards,Aaron Rodgers,Under,213.5,loss,292.0,2026_03_CIN_PIT,292.0,loss,292.0,loss,,False,True,True
d1e7a04cda991a5f876943208bda6c9f8004309e91e7172b58ab52ac7282afd6,nfl,player_passing_yards,Cam Ward,Under,191.5,win,181.0,2026_03_TEN_NYG,181.0,win,181.0,win,,False,True,True
bd85256562f2ee4232f1aa522c14eb3f2385a3a2461a7be15c3efdc89e7392da,nfl,player_passing_yards,Marcus Mariota,Under,168.5,loss,183.0,2026_03_SEA_WAS,183.0,loss,183.0,loss,,False,True,True
b53180da87707acf124b65111a3bbabdbb3ef79c2f62dea4ce72bdaeb81fd296,nfl,player_receiving_yards,Christian Watson,Under,70.5,loss,96.0,2026_03_ATL_GB,96.0,loss,96.0,loss,,False,True,True
10918db4cd4fb03ca6c0a0e73a45514bbcd384894696770f846eadcba1138641,nfl,player_passing_tds,Kyler Murray,Under,1.5,win,1.0,2026_03_MIN_TB,1.0,win,1.0,win,,False,True,True
5dfd00ecb0637f751083a971cc479ceda40f005fc950e901ab46f3bba976dc5e,nfl,player_rushing_yards,C.J. Stroud,Over,8.5,win,10.0,2026_03_HOU_IND,10.0,win,10.0,win,,False,True,True
7e7aa781c48b83e4309ab32c8633d6f1d4cea7cb59ccc7a133b239b16d1b2eb1,nfl,player_receiving_yards,Rashee Rice,Over,48.5,win,88.0,2026_03_KC_MIA,88.0,win,88.0,win,,False,True,True
a9a40c357b24d065cbfc0b696f85985e56eb3fa5a99be2ece18338c08f250f58,nfl,player_receiving_yards,Terry McLaurin,Over,43.5,win,77.0,2026_03_SEA_WAS,77.0,win,77.0,win,,False,True,True
118c90c899ebebe8aaae4caf2e77b98459c792a32bc8374b882f320a2ee07bdd,nfl,player_receiving_yards,Austin Hooper,Over,7.5,win,11.0,2026_03_ATL_GB,11.0,win,11.0,win,,False,True,True
1c7b549f3e08d86c5961b4a3877cb2473e321d5f0193fd214ffb1f1b1f2ae5a4,nfl,player_rushing_yards,Justin Herbert,Over,21.5,loss,17.0,2026_03_LAC_BUF,17.0,loss,17.0,loss,,False,True,True
d57acd8229249a75572adc693490f8671f9bbe38ec273a7e89806b39d1b55687,nfl,player_receiving_yards,Malik Nabers,Under,56.5,win,26.0,2026_03_TEN_NYG,26.0,win,26.0,win,,False,True,True
25f66956a2ea9b57f4dc6e765cc4fa35737fcb30ec84165cf616bcdb5af4cf24,nfl,player_rushing_yards,Deshaun Watson,Under,26.5,loss,45.0,2026_03_CAR_CLE,45.0,loss,45.0,loss,,False,True,True
e851902ebf42d7d55984939f8a482d8f40bf861e693039f0e36301558cff4fbf,nfl,player_receiving_yards,CeeDee Lamb,Under,82.5,loss,112.0,2026_03_BAL_DAL,112.0,loss,112.0,loss,,False,True,True
1a62586708b472a7281a90d71f0f1ebefe77dfb1ae5e085d7c027164a2f73941,nfl,player_passing_yards,Drake Maye,Over,226.5,loss,199.0,2026_03_NE_JAX,199.0,loss,199.0,loss,,False,True,True
17f64e1a8e5aad6d64e90a2cf987ae5186e01ff9d2f273e1297f69b6f3b4e20d,nfl,spreads,,Away,7.0,loss,9.0,2026_03_SEA_WAS,9.0,loss,9.0,loss,,False,True,True
1ff1b3e0f9b54b2688c3de0f36fd7ab50d43c67b8e048780cb9d74e4ad4d7be2,nfl,player_receiving_yards,Rashee Rice (KC),Over,49.5,win,88.0,2026_03_KC_MIA,88.0,win,88.0,win,,False,True,True
f46ce3f6e7213b83a8143b8e08f4b2d3db20663c26086f49ae0afb8bdd1bf159,nfl,player_rushing_yards,Bo Nix,Under,16.5,win,7.0,2026_03_LA_DEN,7.0,win,7.0,win,,False,True,True
f74d0aa9b775644a5c4ba3329fb8926e2f047704922f64e4d710040a8c2b4cae,nfl,player_receiving_yards,Malik Nabers,Under,55.5,win,26.0,2026_03_TEN_NYG,26.0,win,26.0,win,,False,True,True
f0a2dbac3611ba54152e231b821ea87470d7113a054ebc283004474be511e014,nfl,player_receiving_yards,Dyami Brown,Under,8.5,win,0.0,2026_03_SEA_WAS,0.0,win,0.0,win,,False,True,True
22a14a3173048aabee5b137965580e885da08f9f0e8a70097f5ceac760c3616f,nfl,player_rushing_yards,Tony Pollard,Under,46.5,loss,74.0,2026_03_TEN_NYG,74.0,loss,74.0,loss,,False,True,True
7f232091d88b0af7c24fa083ca9a702ea1a7dccc688d442961f1f01ed520ea38,nfl,player_passing_yards,Cam Ward,Under,186.5,win,181.0,2026_03_TEN_NYG,181.0,win,181.0,win,,False,True,True
a0b3790ad20efbf26592be25ad7379dcc2af361fbd199b51e187dea5dd748a07,nfl,player_receiving_yards,Oronde Gadsden II,Under,35.5,win,0.0,2026_03_LAC_BUF,0.0,win,0.0,win,,False,True,True
5a5baa27206dd5a1c32ce0994a9e76968bb02b4323552c6d0dd0b17889aac67e,nfl,player_receptions,Colby Parkinson,Over,2.5,loss,0.0,2026_03_LA_DEN,0.0,loss,0.0,loss,,False,True,True
64d40d468f0932dbbf1c8f320d1415bb5d1b491d8d32418a73c495ca611a9015,nfl,player_rushing_yards,Patrick Mahomes (KC),Over,19.5,loss,1.0,2026_03_KC_MIA,1.0,loss,1.0,loss,,False,True,True
613420a3fd1bd44a32cd26e3fe20c1fd987e5f50ad89021f3f5786fa4aa8c81f,nfl,spreads,,Away,-1.0,win,-8.0,2026_03_MIN_TB,-8.0,win,-8.0,win,,False,True,True
8e344e5ccb39fca95d7012a3e7c81a4f212e50cd13cae1368f5ebd5b473755c4,nfl,player_receiving_yards,Christian Watson,Under,67.5,loss,96.0,2026_03_ATL_GB,96.0,loss,96.0,loss,,False,True,True
b5faf4e5a245d6e3ba8867888de5045614a18f5f7a078a127ed9af1d5973a8ba,nfl,player_receiving_yards,Elijah Arroyo,Over,5.5,loss,0.0,2026_03_SEA_WAS,0.0,loss,,,,True,True,
b25f92b3358fb67a8ea089aef5c78e3737013bdfe68a9c26e843de4c44fb2ff8,nfl,player_receiving_yards,Isaiah Williams,Under,20.5,loss,21.0,2026_03_NYJ_DET,21.0,loss,21.0,loss,,False,True,True
e4fa555c25ee77c769f73e14a5610d81e1b03c54304ee773b1951059a146783e,nfl,player_passing_yards,Jalen Hurts,Under,218.5,win,153.0,2026_03_PHI_CHI,153.0,win,153.0,win,,False,True,True
e6524d24033741cd85bc3221cacfb583409b716e688b42b99d03c65fa5737405,nfl,player_rushing_yards,Tony Pollard,Under,45.5,loss,74.0,2026_03_TEN_NYG,74.0,loss,74.0,loss,,False,True,True
96dc364e9d9357c0eccda8a027f1a3755d996d765e84fbc2da567eca2ad4df73,nfl,player_receiving_yards,Keenan Allen,Under,32.5,loss,63.0,2026_03_HOU_IND,63.0,loss,63.0,loss,,False,True,True
fa8f3d17d91b4d53a4e529e90775f4bd3d41fa95b8bb08b9dc48dd48788e4b5e,nfl,player_rushing_yards,Cam Ward,Under,11.5,win,2.0,2026_03_TEN_NYG,2.0,win,2.0,win,,False,True,True
3d41f3fc7dd693a6c4aa4deade48fcc9da94ec1d553f7d64ef79890750c8a68a,nfl,player_receiving_yards,Jared Wayne,Under,13.5,loss,20.0,2026_03_HOU_IND,20.0,loss,20.0,loss,,False,True,True
ae11848f0e9072f5e4e6519bfa905dadc08333089c47059d1d832478c494000d,nfl,player_rushing_yards,C.J. Stroud,Over,9.5,win,10.0,2026_03_HOU_IND,10.0,win,10.0,win,,False,True,True
4e3d6eef559edbfc756bde15a3ae12a512312bad1f3061e385db0c3b227db24c,nfl,player_rushing_yards,Cam Skattebo,Under,57.5,loss,60.0,2026_03_TEN_NYG,60.0,loss,60.0,loss,,False,True,True
ee7bd68bb6b7730396ef71f4e709f081663a3bbdf56e8295bf998f703c21f851,nfl,player_receiving_yards,James Cook,Over,10.5,loss,0.0,2026_03_LAC_BUF,0.0,loss,0.0,loss,,False,True,True
5fa5b9fa634ae33f63cf0d7ff6910a7193f2201c3649fac405898c9e0345ed41,nfl,player_rushing_yards,Bo Nix,Under,15.5,win,7.0,2026_03_LA_DEN,7.0,win,7.0,win,,False,True,True
f3e1e4deccb2b486fac74fd5ddd996c206240f29976c925deefba7c905824676,nfl,player_receiving_yards,Jaxon Smith-Njigba,Over,89.5,win,128.0,2026_03_SEA_WAS,128.0,win,128.0,win,,False,True,True
72cec1b6ec6d1c0d85fc214f66b0db9add4422dd8a22305f29e7f15a945ad8d8,nfl,player_receiving_yards,Rachaad White,Under,13.5,win,6.0,2026_03_SEA_WAS,6.0,win,6.0,win,,False,True,True
7d4cf87616cfe57b21992c18df321a11380dafe0a3fae4411bd3c6103a8a1767,nfl,player_receiving_yards,Darren Waller,Over,23.5,win,51.0,2026_03_CAR_CLE,51.0,win,51.0,win,,False,True,True
e0aa0482d024d32d89418e17f17849082fba3c7fb6794b8f2b1cfcb5ca17d144,nfl,player_receiving_yards,Derrick Henry,Over,6.5,loss,0.0,2026_03_BAL_DAL,0.0,loss,0.0,loss,,False,True,True
2de91a5431c93d2083d6010bc78d771a5b4f8c2899fef57d6d21cd153f33bd16,nfl,player_rushing_yards,Deshaun Watson,Under,25.5,loss,45.0,2026_03_CAR_CLE,45.0,loss,45.0,loss,,False,True,True
2418a25d9256e9345ef2185e3d21ec0e7c5e31ba923d9cdab2c7ca96d6c8b791,nfl,player_receiving_yards,Kayshon Boutte,Under,37.5,win,21.0,2026_03_HOU_IND,21.0,win,21.0,win,,False,True,True
eb751d3cf6d48f89a370d84465d021e7934cea243c4c85b59077a5bb04033ae3,nfl,player_receptions,Tetairoa McMillan,Under,4.5,win,2.0,2026_03_CAR_CLE,2.0,win,2.0,win,,False,True,True
2f5dd8add1e34082563d0c51938e7f0273a74344697fc568a1cc7388dbd1d17b,nfl,player_receiving_yards,Bijan Robinson,Under,39.5,win,19.0,2026_03_ATL_GB,19.0,win,19.0,win,,False,True,True
31656fad658c9aaa42736015f5806acc47a5d1e0e0fcc6f52d47dd164775f804,nfl,player_receptions,Gunnar Helm,Over,2.5,loss,2.0,2026_03_TEN_NYG,2.0,loss,2.0,loss,,False,True,True
12b1c1b6930dd5823fd956a7b1a4262353c8bb43eef3941f8bb367978119d0be,nfl,player_receiving_yards,Stefon Diggs,Over,38.5,loss,33.0,2026_03_SEA_WAS,33.0,loss,33.0,loss,,False,True,True
f7beb3dad0ad2761dd86c68b0c0649c879e4eb93780401a1e716fa655d04a747,nfl,player_receiving_yards,Adam Trautman,Over,6.5,loss,0.0,2026_03_LA_DEN,0.0,loss,,,,True,True,
c54635d29006573bd8fca84806d18059aa72fe9c5daeb0eddd57abc6acf028ce,nfl,player_receiving_yards,Jaxon Smith-Njigba,Over,90.5,win,128.0,2026_03_SEA_WAS,128.0,win,128.0,win,,False,True,True
8ab13cb89578f72ef65fa1b1888cb93efcefc4916e2d01f7bf8e5cbc53269b35,nfl,player_receiving_yards,Christian McCaffrey,Under,39.5,loss,41.0,2026_03_ARI_SF,41.0,loss,41.0,loss,,False,True,True
a89dd1e5f73e0a0241ed7f3a31c3e57c9eb92624db0a526929bb114a76a1a757,nfl,player_receiving_yards,Gunnar Helm,Under,22.5,win,14.0,2026_03_TEN_NYG,14.0,win,14.0,win,,False,True,True
439b499a0a03f557770277b99536136570ac1d33261e6289852fbc44cf74a9a3,nfl,player_rushing_yards,Aaron Rodgers,Under,1.5,loss,10.0,2026_03_CIN_PIT,10.0,loss,10.0,loss,,False,True,True
e545aa22fa4a295ee00b6bb6b1d9826cbbb10a2477556a9596074d77055aecbe,nfl,player_receiving_yards,Travis Kelce,Under,51.5,loss,59.0,2026_03_KC_MIA,59.0,loss,59.0,loss,,False,True,True
f0399fdf5c589cecef232d79460a3a10f6df4edaa7b9262c930e70f862a07d54,nfl,player_passing_yards,Daniel Jones,Under,221.5,loss,235.0,2026_03_HOU_IND,235.0,loss,235.0,loss,,False,True,True
38c06e0b87cebc939fe6afc8499ccb8b22f22625bc3c4da3553a8d556eee998c,nfl,player_receiving_yards,Garrett Wilson,Under,62.5,loss,107.0,2026_03_NYJ_DET,107.0,loss,107.0,loss,,False,True,True
4920e1b40c805c34589ce39d29b05b69a0aefde98938b2c2ccc1bdd89e58a150,nfl,player_receiving_yards,Bijan Robinson,Under,38.5,win,19.0,2026_03_ATL_GB,19.0,win,19.0,win,,False,True,True
f16352f8cb373fba56d44616ce0446518ced05d12de822eac20e5ba63a29fbc1,nfl,player_receiving_yards,Dalton Schultz,Under,50.5,win,30.0,2026_03_HOU_IND,30.0,win,30.0,win,,False,True,True
417ef6ca9e65659cb08a4dc1f5f731feaede74f6ad032462fdb53abcfe43a486,nfl,player_passing_yards,Daniel Jones,Under,220.5,loss,235.0,2026_03_HOU_IND,235.0,loss,235.0,loss,,False,True,True
1998ef6de21f990ea031eb66fa8f1a6949ddc92bc53618d51cecb93e1b0014a0,nfl,player_rushing_yards,D'Andre Swift,Under,68.5,loss,84.0,2026_03_PHI_CHI,84.0,loss,84.0,loss,,False,True,True
06a92456e6aedc0ff85cb404ef8926dba0ee0e8575c7889476b72c7e93248a20,nfl,player_receptions,Jaxon Smith-Njigba,Over,6.5,win,10.0,2026_03_SEA_WAS,10.0,win,10.0,win,,False,True,True
9d303c46f2fd32418edfca3831a3c0748955b04344f64e4bfd2ae40a84b55607,nfl,player_receptions,Amon-Ra St. Brown,Over,6.5,loss,4.0,2026_03_NYJ_DET,4.0,loss,4.0,loss,,False,True,True
3229486419cf144e8425c9ffcec1fbfe8bba7b248732d19ff9b9a7a6bb179228,nfl,player_receiving_yards,Jonathan Taylor,Under,21.5,win,4.0,2026_03_HOU_IND,4.0,win,4.0,win,,False,True,True
bf5f546d68ba02b9a29a5dece4215dc4a377f9406b7ea84a555863b3fd502fdf,nfl,player_receiving_yards,Tyjae Spears,Under,14.5,win,0.0,2026_03_TEN_NYG,0.0,win,0.0,win,,False,True,True
9170a1d879baf849e767286b63a2c09e3a85ed8b03aaf8e93e3439e1fc8043c7,nfl,player_receiving_yards,Courtland Sutton,Over,36.5,win,46.0,2026_03_LA_DEN,46.0,win,46.0,win,,False,True,True
a1500b4d15bb41301f4b5466e55c058ebfcd48f68b1c1f8063bf022f2b341459,nfl,player_receiving_yards,Sam LaPorta,Over,45.5,loss,44.0,2026_03_NYJ_DET,44.0,loss,44.0,loss,,False,True,True
987902f576af9b9d9ba3d77951d456adc7123b9e2424e17b822a5fce050887a6,nfl,player_receiving_yards,Evan Engram,Over,21.5,loss,0.0,2026_03_LA_DEN,0.0,loss,0.0,loss,,False,True,True
09f9cf6bfe78d47725dd24f8a80c8f7fbdcf2b6c08300a5ca3a8dfbc8c66e579,nfl,player_receptions,Colston Loveland,Over,3.5,win,4.0,2026_03_PHI_CHI,4.0,win,4.0,win,,False,True,True
015a62d5a62bf2eb0ecb6ca5fd4c495ceaf6aa16f52c1a39912b9b8681f25574,nfl,player_receiving_yards,Dalton Schultz,Under,49.5,win,30.0,2026_03_HOU_IND,30.0,win,30.0,win,,False,True,True
98123e82587b63797cc3db8ec1dafe97c013e28274bef9ea8ca8fa4a26bcd692,nfl,player_passing_yards,C.J. Stroud,Under,237.5,win,167.0,2026_03_HOU_IND,167.0,win,167.0,win,,False,True,True
e6492126de4e6d9159b2a6027f147a37967f1462d6b93b35e1d8f9154c7c960d,nfl,player_receiving_yards,AJ Barner,Over,21.5,win,69.0,2026_03_SEA_WAS,69.0,win,69.0,win,,False,True,True
ee87958e12c23627017a1d3aee992cfe78ac89ef68352a2b2bfc7a9d1d6f4e22,nfl,player_receiving_yards,Tetairoa McMillan,Under,61.5,win,17.0,2026_03_CAR_CLE,17.0,win,17.0,win,,False,True,True
b5201cbc1a766c29a56ab64a2cadd090877c891e2e5a36919fb71b993dfdf6ed,nfl,player_receiving_yards,James Cook,Over,11.5,loss,0.0,2026_03_LAC_BUF,0.0,loss,0.0,loss,,False,True,True
1dd7fca3c3b16a1c6c4f01c8b470935f47f96d402e9c7796e7462c9e3e81841a,nfl,player_receiving_yards,Jeremy Ruckert,Over,7.5,win,39.0,2026_03_NYJ_DET,39.0,win,39.0,win,,False,True,True
94d34e2c6045eb52b0006dd2733a5034e8e874995135f9af29fe6cc8358724e1,nfl,player_rushing_yards,Trevor Lawrence,Over,16.5,win,25.0,2026_03_NE_JAX,25.0,win,25.0,win,,False,True,True
5518ba6d9ca69ea2561861664d47db08e1f3a1c23ee3f778d0c30209bf9e75d6,nfl,player_rushing_yards,Christian McCaffrey,Over,55.5,win,75.0,2026_03_ARI_SF,75.0,win,75.0,win,,False,True,True
e6e53a1ac69cc76a8484a6ae2b5aa8af970fa6cec8e2e0f7f3141cb6825c3df1,nfl,player_receiving_yards,Gunnar Helm,Under,21.5,win,14.0,2026_03_TEN_NYG,14.0,win,14.0,win,,False,True,True
4ca48ef87e41553abdad1b91e427286b5b93e72112f40a3000546d90854b16bc,nfl,player_rushing_yards,Jonathan Taylor,Under,81.5,win,68.0,2026_03_HOU_IND,68.0,win,68.0,win,,False,True,True
acea8080369f55f349525b23036e7d99297a8dd5dfcd5eb774967eefaea20860,nfl,totals,,Under,43.0,win,39.0,2026_03_MIN_TB,39.0,win,39.0,win,,False,True,True
93329df7cfabdeed5ee7e61e1dcb7a24bbca126944874d7d7e969b761ee38128,nfl,player_receiving_yards,Sam LaPorta,Over,46.5,loss,44.0,2026_03_NYJ_DET,44.0,loss,44.0,loss,,False,True,True
20baaad24e641663576e40128198e4ba5e63d5ecaddce758972f574902bef363,nfl,player_receiving_yards,Tetairoa McMillan,Under,60.5,win,17.0,2026_03_CAR_CLE,17.0,win,17.0,win,,False,True,True
e507134f8b0f4ef219e80fc4e835a8d7ffd42cbea4861f98c52bf5ad7b11819d,nfl,player_passing_yards,Trevor Lawrence,Over,223.5,loss,182.0,2026_03_NE_JAX,182.0,loss,182.0,loss,,False,True,True
d033774d5d5be488cfc10831c843c680255365c41ad1b834a8f5ae0910b05d0f,nfl,spreads,,Away,2.0,loss,4.0,2026_03_HOU_IND,4.0,loss,4.0,loss,,False,True,True
93eb63e1db7421a116800c7e254be82377c7dd066d7701ccf0125133f5cba234,nfl,player_receiving_yards,Kayshon Boutte,Under,34.5,win,21.0,2026_03_HOU_IND,21.0,win,21.0,win,,False,True,True
51b8ffab891ba5336660e44ff76b70275eb7ba3b227f23e1879ec575f62d45fd,nfl,player_receptions,Jonathan Taylor,Under,2.5,win,2.0,2026_03_HOU_IND,2.0,win,2.0,win,,False,True,True
d8d2e5eefbf3fd9cca0dd98f4da2cd4e6ab2acb66db9662a3cca916b0a0ffb40,nfl,totals,,Over,45.5,loss,41.0,2026_03_NE_JAX,41.0,loss,41.0,loss,,False,True,True
c2f01469d9d12cf480d4e45e99c409fa8cf446aa4fb7915a161cfd452ced82ce,nfl,player_passing_yards,Josh Allen,Under,235.5,win,204.0,2026_03_LAC_BUF,204.0,win,204.0,win,,False,True,True
221e49481c0a95635b26c533b4bc8c2f06e34875050e76d4a1e498a7bd2281c8,nfl,player_rushing_yards,Josh Allen,Under,32.5,win,22.0,2026_03_LAC_BUF,22.0,win,22.0,win,,False,True,True
ef29e3a1fdbed1a2646e132ba0528896b40b1bbb6160eb8626cce4dc34703356,nfl,player_receptions,Kalif Raymond,Under,2.5,loss,6.0,2026_03_PHI_CHI,6.0,loss,6.0,loss,,False,True,True
08c80ad320e4808ae960c99cf009c986094a0b0af9c2540112955f7d0b8986b6,nfl,player_receptions,Isaiah Williams,Over,2.5,loss,1.0,2026_03_NYJ_DET,1.0,loss,1.0,loss,,False,True,True
00c6c440cd823a2eb6628c63f2720f102a92c1e1cb77638c8c1a1c8e8dae81b7,nfl,player_receptions,Jalen Nailor,Under,1.5,win,1.0,2026_03_LV_NO,1.0,win,1.0,win,,False,True,True
551fc0a53c91b727686d8ad72bdebda1bef98acb83ab2e8636ff7362484ce602,nfl,player_passing_tds,Drake Maye,Over,1.5,loss,0.0,2026_03_NE_JAX,0.0,loss,0.0,loss,,False,True,True
8626d13d625f4496f04b999e895ea3e20c2f20bbceb5cc7e51af00e26e190eb7,nfl,player_receiving_yards,Cam Skattebo (NYG),Over,19.5,win,40.0,2026_03_TEN_NYG,40.0,win,40.0,win,,False,True,True
f61138ff87552eff95bbbec570205d19825202c6e21f96bfc6d33feab1cfa915,nfl,player_receptions,Woody Marks,Under,1.5,win,1.0,2026_03_HOU_IND,1.0,win,1.0,win,,False,True,True
383bb2c71e269c8fa2ba0024aa7803c5957d397ea0bbc03d3e2cb9cb168a1050,nfl,h2h,,Home,0.0,win,3.0,2026_03_CIN_PIT,3.0,win,3.0,win,,False,True,True
35a86b0a1cf44ad3e3940f1c1afa15e0ccee1002086c99a2489d8fd388fa0a3d,nfl,player_receptions,Jeremy Ruckert,Over,1.5,win,5.0,2026_03_NYJ_DET,5.0,win,5.0,win,,False,True,True
879a8ef76954451c46ab5201f5aa255412902db90a406a635ce4c1a0facef5de,nfl,atd,Jacory Croskey-Merritt,Yes,0.5,loss,0.0,2026_03_SEA_WAS,0.0,loss,0.0,loss,0.0,False,True,True
34ec127276fd5ed33b36125b1e649a36cfceb57330c888595f52bfed315bfe2f,nfl,player_receiving_yards,Elic Ayomanor (TEN),Over,49.5,loss,11.0,2026_03_TEN_NYG,11.0,loss,11.0,loss,,False,True,True
5c7921caf928ee86745de6b91308df009b930780ec482626675241ef18e4d88d,nfl,atd,Efton Chism III,Yes,0.5,loss,0.0,2026_03_NE_JAX,0.0,loss,0.0,loss,0.0,False,True,True
c5047955fd892bf174e6026332b1fed6909528b293c97b37ce9aff3bd94304a7,nfl,atd,Mo Alie-Cox,Yes,0.5,loss,0.0,2026_03_HOU_IND,0.0,loss,0.0,loss,0.0,False,True,True
d4ed3265176e1b4eefcdb56392551f1832b6bc5328854091eebcfe8df7a9dbaf,ncaa,totals,,Over,47.0,loss,31.0,401860894,31.0,loss,,,,False,True,
95296381171c792e14a82d6e4ab7f2a0f2efb3e6846c811e0300a7cc78cee025,ncaa,totals,,Over,52.0,loss,45.0,401858239,45.0,loss,,,,False,True,
2efc9e0ba517cdeaf8b1c9a39809cb560faee5badf645db8706850fef9d6a78f,ncaa,totals,,Over,47.5,win,48.0,401856816,48.0,win,,,,False,True,
5dda64ea7626f298f6d867cad98cc7a5cf05251a028afc89a30e3ac99fa0671b,ncaa,totals,,Under,55.0,loss,63.0,401856805,63.0,loss,,,,False,True,
25a5ba07a34728ff4ca150750af84a721b40ad09b1419a67f6f43ed6114bee5c,ncaa,spreads,,Home,5.5,loss,-8.5,401858469,-8.5,loss,,,,False,True,
499518bb95b925d9f67bfd464cbd00a403fe39c5e571ca8320646d17b49bed3b,ncaa,totals,,Over,49.0,loss,44.0,401858464,44.0,loss,,,,False,True,
cb6cfe991f3db49c11e2cabdad5c3fe7a7717c1250026d5d46e19dc458a8c271,ncaa,totals,,Under,58.0,loss,59.0,401858467,59.0,loss,,,,False,True,
cc8e3de50fe47858d9b685c4cdda4fe0a165831f4dd1f7e96ad6650ce180dd3c,ncaa,spreads,,Home,4.0,win,1.0,401856704,1.0,win,,,,False,True,
4dc57e53d2ddfb0de414f10f1e7ce999fa11bc28312438346cff96250149c100,ncaa,totals,,Over,45.0,loss,37.0,401864510,37.0,loss,,,,False,True,
93bdc99d5efcae4f5fd1fb7bd2f55f9ca7df60d15d83e22a40769ed2b23a3aeb,nfl,player_receptions,Kyle Pitts,Over,3.5,loss,1.0,2026_03_ATL_GB,1.0,loss,1.0,loss,,False,True,True
64c04f02223c6fb6c098ebb75f99d667dccbe6e326b468f14acebe25b85aece4,nfl,atd,Tucker Kraft,Yes,0.5,loss,0.0,2026_03_ATL_GB,0.0,loss,0.0,loss,0.0,False,True,True
4ad1e89cdcec0ef1c9a337ee5efea242bacffcbbf38ae5f374f3f47e7194160d,nfl,player_rushing_yards,Brian Robinson,Over,21.5,win,50.0,2026_03_ATL_GB,50.0,win,50.0,win,,False,True,True
f4d2e55e53a38b3ddb6ee6b44eb7dfb6d4738e8ad39635a22e65a3560616de7e,nfl,spreads,,Away,-5.0,win,-26.0,2026_03_ATL_GB,-26.0,win,-26.0,win,,False,True,True
6f2aabea4167ebe07c2472ddd49647fcde56e43a3ba012016a482250df056905,ncaa,totals,,Over,50.0,win,51.0,401869941,51.0,win,,,,False,True,
cd3946760b4e34fc54890deebb33faa076276e237fc4f3a23d6baa181046d9f0,nfl,player_receiving_yards,Chris Brooks,Under,7.5,win,4.0,2026_03_ATL_GB,4.0,win,4.0,win,,False,True,True
19e77d67c8b1b0bc3b73b3048d96753f7e03fba4e942f297c06020fb272ef7aa,nfl,player_receptions,Tucker Kraft,Under,3.5,loss,4.0,2026_03_ATL_GB,4.0,loss,4.0,loss,,False,True,True
03d0a341546efed4abcb4bc76fb2e745cd76b14b737be797ef81a02b65944263,nfl,player_receiving_yards,Bijan Robinson,Under,38.5,win,19.0,2026_03_ATL_GB,19.0,win,19.0,win,,False,True,True
27534f5ddac6774501cefdaee47479b04dc57ac06b3c58a7aca483a82bf7de6b,nfl,player_passing_tds,Jordan Love,Under,1.5,loss,2.0,2026_03_ATL_GB,2.0,loss,2.0,loss,,False,True,True
dd6f77b0ff253d4ca6c12b6f88494fc01ca02c7f34468fec1146fc0f1ba4fadd,nfl,player_receptions,Jonnu Smith,Over,1.5,win,2.0,2026_03_ATL_GB,2.0,win,2.0,win,,False,True,True
adccd3df19596b4e9bf964052041c522a9ceeff2c087ffc985009556b014e3be,nfl,player_rushing_yards,Bijan Robinson,Over,77.5,win,194.0,2026_03_ATL_GB,194.0,win,194.0,win,,False,True,True
8d7ed7f1ba4d4eaa2d200f0cee5bd9ea6cfd99bb9ef6b82ca8ab1374edb61d5c,nfl,player_receptions,Drake London,Under,5.5,loss,9.0,2026_03_ATL_GB,9.0,loss,9.0,loss,,False,True,True
f69ed09efc4bf124f0947d33d540ac96250f6ee630a02a68cb419116bc5a28ba,nfl,totals,,Over,43.0,win,49.0,2026_03_ATL_GB,49.0,win,49.0,win,,False,True,True
6fc76008aa2e0d6ad3cd9ea7961168ec0eaa1c0b460fe215ab6af3e2b45df927,nfl,player_receiving_yards,Kyle Pitts,Over,36.5,loss,5.0,2026_03_ATL_GB,5.0,loss,5.0,loss,,False,True,True
45be24fa2c975f9c6903bfaa53b5a3dcf83be89dbd199d22c25dbac510d498b9,nfl,player_receiving_yards,Jonnu Smith,Under,8.5,loss,16.0,2026_03_ATL_GB,16.0,loss,16.0,loss,,False,True,True
cde40ac13cb91dc33420895189ae71b4a5820beda4273ed088a2855719d5fa5c,nfl,player_receptions,Bijan Robinson,Over,4.5,loss,2.0,2026_03_ATL_GB,2.0,loss,2.0,loss,,False,True,True
a11791f574686788e9ee152677765eef56a0e6b188f750803a54b7f16b08a9d0,nfl,player_receiving_yards,Drake London,Over,66.5,win,194.0,2026_03_ATL_GB,194.0,win,194.0,win,,False,True,True
9c90267d745baac001f1d1c21715b1c75008f63ebea81d577b76afc6e5376512,nfl,player_receptions,Drake London,Over,5.5,win,9.0,2026_03_ATL_GB,9.0,win,9.0,win,,False,True,True
58d0893f721daa4c636cf21bc8e206f5d70d71f5b3133314a8c06ac18c3d7eed,nfl,player_receiving_yards,Bijan Robinson,Over,40.5,loss,19.0,2026_03_ATL_GB,19.0,loss,19.0,loss,,False,True,True
0e8f5df5671a82b6e554264e98e2fe408f0f162a5506a4171d19405d3b775479,nfl,atd,Austin Hooper,Yes,0.5,win,1.0,2026_03_ATL_GB,1.0,win,1.0,win,0.0,False,True,True
870c64d6f8cea4c5f82e6db94f888634eeef7586430da49ff1db06422a6692fe,nfl,player_receiving_yards,Skyy Moore,Under,9.5,loss,31.0,2026_03_ATL_GB,31.0,loss,31.0,loss,,False,True,True
984238457a26fd7cd63e555deda7603ff69d9c23561ed077b4271bbbe48bf341,nfl,player_rushing_yards,Kaleb Johnson,Under,37.5,win,6.0,2026_03_ATL_GB,6.0,win,6.0,win,,False,True,True
7d55ab64912e4fb92208a0e038f84c3b9be9e5a2c66e21f42c203e540e350cfd,nfl,player_receptions,Jahan Dotson,Under,1.5,win,1.0,2026_03_ATL_GB,1.0,win,1.0,win,,False,True,True
8b9c0e15fc1409717aba371d82c1eba9c356b50f54b18c54c8ee42137e2b716a,nfl,player_receptions,Matthew Golden,Under,4.5,loss,5.0,2026_03_ATL_GB,5.0,loss,5.0,loss,,False,True,True
b8469fdff268eb6353312a1b4e480771d4afbab79f641fed8c5526487b72a6b2,nfl,player_receptions,Christian Watson,Under,4.5,loss,7.0,2026_03_ATL_GB,7.0,loss,7.0,loss,,False,True,True
cd2a0c11d3dcca247645b2a90727bd44c6294cfa170e2c1baf0ecd3bc094d053,nfl,h2h,,Away,0.0,win,-21.0,2026_03_ATL_GB,-21.0,win,-21.0,win,,False,True,True
5540f76defeb110985f6997b3a97e729481ce9ae5e0c815c2261007226083013,nfl,player_receptions,Skyy Moore,Under,1.5,loss,3.0,2026_03_ATL_GB,3.0,loss,3.0,loss,,False,True,True
447d8e391d7406e14dc631efeb59298ae2921c2ac22b1966d93d45936017f3a5,nfl,atd,Olamide Zaccheaus,Yes,0.5,loss,0.0,2026_03_ATL_GB,0.0,loss,0.0,loss,0.0,False,True,True
baa6e35d22a0773d1e778289946258ca10c1caf06e6d072d61cf62c99ec7ab2a,nfl,atd,Kyle Pitts,Yes,0.5,loss,0.0,2026_03_ATL_GB,0.0,loss,0.0,loss,0.0,False,True,True
4e1b63e11231e15892d4db8845c4cc130d988442f9764d2788ea2b7432d7d872,nfl,player_receptions,Chris Brooks,Under,1.5,win,1.0,2026_03_ATL_GB,1.0,win,1.0,win,,False,True,True
393d756b04a55889046b31b646f1be19a6f7f93ccfe96e238b656d18dc682c3b,nfl,player_rushing_yards,Chris Brooks,Under,15.5,win,0.0,2026_03_ATL_GB,0.0,win,0.0,win,,False,True,True
aa0d05342ac8ef2ce4f39a78ffce4146ce8fc275204cb5575a02742836eb7f89,nfl,atd,Christian Watson,Yes,0.5,win,1.0,2026_03_ATL_GB,1.0,win,1.0,win,0.0,False,True,True
a94eaf7103c3e30ed00ee278bba8db496d73a8e347aefc944b57296df8012005,nfl,player_receptions,Olamide Zaccheaus,Over,1.5,win,2.0,2026_03_ATL_GB,2.0,win,2.0,win,,False,True,True
39378c0d8fc3db366b21334ec51b0ef928181570037ec5d0920b5392f68c3a66,nfl,atd,Drake London,Yes,0.5,loss,0.0,2026_03_ATL_GB,0.0,loss,0.0,loss,0.0,False,True,True
c3bfee6dfe02b5539ac1475d440605ad57c80987ad1f99ff7e20616254375596,nfl,atd,Josh Whyle,Yes,0.5,loss,0.0,2026_03_ATL_GB,0.0,loss,,,,True,True,
51251869ac9f4f63144ca77434c4db881436f59e1085caa97bd35da66a70d672,nfl,player_receiving_yards,Jahan Dotson,Under,19.5,win,11.0,2026_03_ATL_GB,11.0,win,11.0,win,,False,True,True
aad30f7cb094831a60b47ee057b2e1ce8c65550118c169988aa9284e415dc6e7,nfl,player_receiving_yards,Christian Watson,Under,69.5,loss,96.0,2026_03_ATL_GB,96.0,loss,96.0,loss,,False,True,True
4c7acfb55ccdcc16ea0a8e761b5d5da9b97994b7c291fd2013c73184159591ba,nfl,player_passing_yards,Jordan Love,Under,228.5,loss,312.0,2026_03_ATL_GB,312.0,loss,312.0,loss,,False,True,True
f9a677dc4780879584689c235b24a431705908ee64054232b11c7662affb8567,nfl,player_rushing_yards,Michael Penix,Over,3.5,loss,-2.0,2026_03_ATL_GB,-2.0,loss,-2.0,loss,,False,True,True
a8b5660dfeb730b6b5f8fe62699688ad491531dfbe7a05fa8e6aaadedad9d963,nfl,player_receptions,Brian Robinson,Under,0.5,win,0.0,2026_03_ATL_GB,0.0,win,0.0,win,,False,True,True
5a88c1e2e36f6eb8225926719627f8fdacb9e2168d413555ccdb7a3459ce17d3,nfl,player_receiving_yards,Bo Melton,Under,0.5,win,0.0,2026_03_ATL_GB,0.0,win,0.0,win,,False,True,True
6378a156eecd241fc8c2d1278981e6ad082974d7b4262e515ce2bc3293940f16,nfl,player_receiving_yards,Austin Hooper,Over,7.5,win,11.0,2026_03_ATL_GB,11.0,win,11.0,win,,False,True,True
65e3a228fc6301be78034f06814bef3eed659a90865691ef82858705798f6ae0,nfl,player_passing_yards,Michael Penix,Over,205.5,win,256.0,2026_03_ATL_GB,256.0,win,256.0,win,,False,True,True
5adc58ae3a116f39d163f3fcf424619fae4c9635b40da88cc5f8613900bf276f,nfl,player_receptions,Austin Hooper,Over,0.5,win,2.0,2026_03_ATL_GB,2.0,win,2.0,win,,False,True,True
c4acefc398f2671de345f55e40228f66e17ca892b01476b08b97e2248a3aa079,nfl,player_receptions,Bo Melton,Under,0.5,win,0.0,2026_03_ATL_GB,0.0,win,0.0,win,,False,True,True
7a9562e9655e0f4d458044cdd1637df2a337344034dd2894fda4b4c8b8a28194,nfl,player_passing_tds,Michael Penix,Under,1.5,win,1.0,2026_03_ATL_GB,1.0,win,1.0,win,,False,True,True
726c35dd632eddc6727a3dacf0d4d3f93dae93bceb4f3bdffd9bf3281174739b,ncaa,spreads,,Away,2.5,win,-14.5,401869941,-14.5,win,,,,False,True,
443ac0940dd56ace9e0b409eff8d4cb21be92b4ff2b659f2d00528b60e92d19a,ncaa,h2h,,Away,0.0,win,-17.0,401869941,-17.0,win,,,,False,True,
f3a9f3bc4be8d13b80c1024ca040ef5bb1a3cd3048b011bc8c23391ac5bedbed,nfl,player_receiving_yards,Drake London,Under,68.5,loss,194.0,2026_03_ATL_GB,194.0,loss,194.0,loss,,False,True,True
408aae72424c476120aed3b57e9fb2ef555165076de8a1f4f151b49630f4120b,nfl,player_rushing_yards,Jordan Love,Under,7.5,win,0.0,2026_03_ATL_GB,0.0,win,0.0,win,,False,True,True
55bf0948cab91f0d150084466e46e230d67067ec12001e2d8245999c42754296,nfl,player_receiving_yards,Olamide Zaccheaus,Under,10.5,win,9.0,2026_03_ATL_GB,9.0,win,9.0,win,,False,True,True
93cf635caa5c1299c5af069d24a4b8909b61002195cff511f781c5cf9965047d,nfl,player_receptions,Bijan Robinson,Under,4.5,win,2.0,2026_03_ATL_GB,2.0,win,2.0,win,,False,True,True
39f1c25c83e8133263f04c8964f9b2c289501620c885aea45b3c625dcd604d31,nfl,player_receiving_yards,Tucker Kraft,Under,45.5,win,26.0,2026_03_ATL_GB,26.0,win,26.0,win,,False,True,True
5c45ac28f96f9afbfd75d8ad46aa30e9dee852522635a6de72ad5245ee57ceaa,nfl,player_receiving_yards,Jonnu Smith,Over,7.5,win,16.0,2026_03_ATL_GB,16.0,win,16.0,win,,False,True,True
9b0aed735631c118a5f2b6e9c3020d1b0f7cd86f0bf2881ee2a97f22f42a8e0e,nfl,player_receiving_yards,Olamide Zaccheaus,Over,10.5,loss,9.0,2026_03_ATL_GB,9.0,loss,9.0,loss,,False,True,True
07df8cebefab020608c308105d21b44e0b6eb740dcde5581cf094c05bd53ca51,nfl,totals,,Under,43.0,loss,49.0,2026_03_ATL_GB,49.0,loss,49.0,loss,,False,True,True
95fa71b071f1a638a4fe0bc0c9aea01cb10e86f92df24c83f8d0e799a165946e,nfl,player_receiving_yards,Kyle Pitts,Under,37.5,win,5.0,2026_03_ATL_GB,5.0,win,5.0,win,,False,True,True
f2081cf58695cfd1a1bfbff75819ded5dbd91639df15c15313a32b90f421edfd,nfl,player_receptions,Jonnu Smith,Under,1.5,loss,2.0,2026_03_ATL_GB,2.0,loss,2.0,loss,,False,True,True
4dd77188fa84236dc2847055f4df9c169f01f39f03964a59fe40ffa6b5dab542,nfl,player_rushing_yards,Jordan Love,Over,7.5,loss,0.0,2026_03_ATL_GB,0.0,loss,0.0,loss,,False,True,True
654f1273160f07aea94c79584481ed93939e682f682e2184757868ffb6090d71,nfl,player_passing_tds,Michael Penix,Over,0.5,win,1.0,2026_03_ATL_GB,1.0,win,1.0,win,,False,True,True
43d9974d6f99f05bfceddc91b8940f871dab926a56454fd258008165118181ca,nfl,player_rushing_yards,Bijan Robinson,Under,77.5,loss,194.0,2026_03_ATL_GB,194.0,loss,194.0,loss,,False,True,True
6c9803ed28511d9fd9f924a9326f8f1a97426e6de51c9015754865331b533728,nfl,player_receptions,Tucker Kraft,Over,3.5,win,4.0,2026_03_ATL_GB,4.0,win,4.0,win,,False,True,True
f617bbde6c7656119e394a9e0d2275ac3d5c62dcd3a8cb593be8d7e62e090018,nfl,player_receptions,Kyle Pitts,Under,3.5,win,1.0,2026_03_ATL_GB,1.0,win,1.0,win,,False,True,True
f4cc505d2030b31f2554c7433f3e84188f0af682c617582eec8b1e2ca0937863,nfl,player_rushing_yards,Michael Penix,Under,4.5,win,-2.0,2026_03_ATL_GB,-2.0,win,-2.0,win,,False,True,True
1ef5c5c1d3acb0a35b7886663e2f2cbc718d265b0776c5e9bdd5b73700a195ad,nfl,spreads,,Home,-5.0,loss,-26.0,2026_03_ATL_GB,-26.0,loss,-26.0,loss,,False,True,True
b109d34f10f4ce56dc6cc45641c37016a8db264110a1e2e4769961d490abea9d,nfl,h2h,,Home,0.0,loss,-21.0,2026_03_ATL_GB,-21.0,loss,-21.0,loss,,False,True,True
f918bbb58cd09f6c33e241be427ed7f33f612523e1e9e57f68d28e7955520d5d,nfl,player_receiving_yards,Chris Brooks,Over,7.5,loss,4.0,2026_03_ATL_GB,4.0,loss,4.0,loss,,False,True,True
594c8af3d51c1d8cf0f810e9f02ea3693005739450b85c525079db53f855d6e2,nfl,player_rushing_yards,Brian Robinson,Under,21.5,loss,50.0,2026_03_ATL_GB,50.0,loss,50.0,loss,,False,True,True
6ddd757d1f2e2d5e98ff4501a593e7ce668922258ccea9fda738ee77cb14389e,nfl,player_receptions,Olamide Zaccheaus,Under,1.5,loss,2.0,2026_03_ATL_GB,2.0,loss,2.0,loss,,False,True,True
af4616a2ee99379df1825780ea27c3caf1161bffed8e8279b337367d68d9f81c,nfl,atd,Jahan Dotson,Yes,0.5,loss,0.0,2026_03_ATL_GB,0.0,loss,0.0,loss,0.0,False,True,True
18c56b80f34ac8e8b47f91dfcd8cd4795e370b5178064390855bea3591c3bed1,nfl,player_receiving_yards,Jahan Dotson,Over,18.5,loss,11.0,2026_03_ATL_GB,11.0,loss,11.0,loss,,False,True,True
de37690c2216ad4b20873be233033eaac7fda64daab9da9ef640560abdf4a2c0,nfl,player_rushing_yards,Chris Brooks,Over,14.5,loss,0.0,2026_03_ATL_GB,0.0,loss,0.0,loss,,False,True,True
4fdeea6c44cdabe3b50f6a02f8ea2a1f1d109a8edb45c4b15bb6be71bcd16a73,nfl,player_receptions,Christian Watson,Over,4.5,win,7.0,2026_03_ATL_GB,7.0,win,7.0,win,,False,True,True
2e7a81c016f7eec10931d13c5ab4a97237f271bd117186dc630d2c8996976c12,nfl,atd,Jonnu Smith,Yes,0.5,loss,0.0,2026_03_ATL_GB,0.0,loss,0.0,loss,0.0,False,True,True
7f891fd0d750ed6a8eb11b0ebca0aa7977f955acc29d6a773327c0be24073b37,nfl,player_receptions,Jahan Dotson,Over,1.5,loss,1.0,2026_03_ATL_GB,1.0,loss,1.0,loss,,False,True,True
1361db60ba9d8be323c43956ce57aeb1940b099a09d4c15de728841728ba9f2c,nfl,player_receptions,Chris Brooks,Over,1.5,loss,1.0,2026_03_ATL_GB,1.0,loss,1.0,loss,,False,True,True
2fdf1613ae84fc023277973af07c7b09aa5c842acf8f29a3ce6477f9a8f56de9,nfl,player_receptions,Matthew Golden,Over,4.5,win,5.0,2026_03_ATL_GB,5.0,win,5.0,win,,False,True,True
f9fa0b91245e1b27eb4fbd0bc503f1d1cf56e77daad0fdd258d0fb864fe2f31d,nfl,player_receptions,Skyy Moore,Over,1.5,win,3.0,2026_03_ATL_GB,3.0,win,3.0,win,,False,True,True
e1711e87fc443ea0f828eb9b0a77ae455b5f57b4eaa04e9442b0a105e1dfc003,nfl,player_rushing_yards,Kaleb Johnson,Over,35.5,loss,6.0,2026_03_ATL_GB,6.0,loss,6.0,loss,,False,True,True
4a68466205a93e4ef74f30618588e1820adbea62827209748b7936cba6eb92d0,nfl,atd,Michael Penix,Yes,0.5,loss,0.0,2026_03_ATL_GB,0.0,loss,0.0,loss,0.0,False,True,True
15da8a33d49d3c1acabf9dbd8bbff7b385c0e60378c43ae96d7e2628b77ed144,nfl,player_receiving_yards,Kaleb Johnson,Under,0.5,loss,10.0,2026_03_ATL_GB,10.0,loss,10.0,loss,,False,True,True
4710e786e9467eebd62233eb2618b3e4fb81596307e3de8f6f7e76fae60fd9d5,nfl,player_receptions,Kaleb Johnson,Under,0.5,loss,1.0,2026_03_ATL_GB,1.0,loss,1.0,loss,,False,True,True
cd36c589f7db322d4635e5ce907458bbbaba912f043c033f921a46cbad53b058,nfl,player_receiving_yards,Matthew Golden,Under,52.5,loss,100.0,2026_03_ATL_GB,100.0,loss,100.0,loss,,False,True,True
17051f5059bf41fec08a2f8b72321d620789f8850b4ec553fb82f59fe0d6dc8f,nfl,player_receiving_yards,Brian Robinson,Under,0.5,win,0.0,2026_03_ATL_GB,0.0,win,0.0,win,,False,True,True
099d556416e84f9cd1ed352ddcd06277dc217294d9817846cf559864aa18692b,nfl,player_receiving_yards,Tucker Kraft,Over,45.5,loss,26.0,2026_03_ATL_GB,26.0,loss,26.0,loss,,False,True,True
b4d693715daf450813c734f6a94fc8c9415ee66e13caf036691ddf5762b94284,nfl,atd,Bo Melton,Yes,0.5,loss,0.0,2026_03_ATL_GB,0.0,loss,0.0,loss,0.0,False,True,True
e9753d90ef39203920f7b09e2fd2e2a9dd3e918cd3c6fef58e70a90fd31bb785,ncaa,spreads,,Home,2.0,loss,-15.0,401869941,-15.0,loss,,,,False,True,
d61b4c542e95064dc07c41b9d94b25aaf3cfd7a787594a2b9970e8c4e0a4b2ec,nfl,player_passing_tds,Jordan Love,Over,1.5,win,2.0,2026_03_ATL_GB,2.0,win,2.0,win,,False,True,True
8a10a78b74f10860a8b7c7f2e94adef18338002e695aa29ae2fecfa0f165f8dc,nfl,atd,Bijan Robinson,Yes,0.5,win,2.0,2026_03_ATL_GB,2.0,win,1.0,win,0.0,False,True,True
a931fb7f6a182b54fddfeb0ca745615a26cd5619fa5bbd10c7a3015a3cf8754a,ncaa,h2h,,Home,0.0,loss,-17.0,401869941,-17.0,loss,,,,False,True,
3a726333fd63684c672ca93c33ddc69b3d5a7772810838ac75bdf0782d230aa2,nfl,atd,Brian Robinson Jr.,Yes,0.5,win,1.0,2026_03_ATL_GB,1.0,win,1.0,win,0.0,False,True,True
f406f7ab1a5fd1f31299ed6e8d98524e93878efa5fab84b9a0277d722f0819e8,nfl,player_receiving_yards,Christian Watson,Over,71.5,win,96.0,2026_03_ATL_GB,96.0,win,96.0,win,,False,True,True
43bbb246a4cfc8fac36e3b7add16009e81043dd05189ec336644ff74010ab4e4,nfl,player_passing_yards,Michael Penix,Under,206.5,loss,256.0,2026_03_ATL_GB,256.0,loss,256.0,loss,,False,True,True
3d5b4623fef30fc5282741866671276bd8b85304f0b36f88efe298bc370bf99c,nfl,player_receptions,Austin Hooper,Under,0.5,loss,2.0,2026_03_ATL_GB,2.0,loss,2.0,loss,,False,True,True
e2c6997df311a15b2044cd58761f8f16ea21f5ae5d1f4631454a2222268d97cc,nfl,player_passing_yards,Jordan Love,Over,226.5,win,312.0,2026_03_ATL_GB,312.0,win,312.0,win,,False,True,True
db4939576008f5a21ddf620ffc43f0b22d50017bfb41b7e6e2421bffad9dd0db,nfl,player_receptions,Bo Melton,Over,0.5,loss,0.0,2026_03_ATL_GB,0.0,loss,0.0,loss,,False,True,True
daf4234dd3127f51833ee1f052c5170afb5502d30ffc19d0696069d956de43a7,ncaa,totals,,Under,50.5,loss,51.0,401869941,51.0,loss,,,,False,True,
4aadff8c6e8db2233404b9f32681ac4175a9633d14af297ec6b82cd1a5d89370,nfl,player_receiving_yards,Austin Hooper,Under,7.5,loss,11.0,2026_03_ATL_GB,11.0,loss,11.0,loss,,False,True,True
a8e2d94c972a97a4aa5c3429f062b02cac507a9ac83a35b39f2e9ea5893d70c3,nfl,player_receptions,Brian Robinson,Over,0.5,loss,0.0,2026_03_ATL_GB,0.0,loss,0.0,loss,,False,True,True
8ce1bb6cd6729030f857abae04822be51b622ccbf60e3f292b53c0d5fa1611be,nfl,player_receiving_yards,Bo Melton,Over,0.5,loss,0.0,2026_03_ATL_GB,0.0,loss,0.0,loss,,False,True,True
a368e5e3d3060a9a2c1c04f2c1536331862f333201bbf45f4be7b20b0c66ec56,nfl,player_receiving_yards,Brian Robinson,Over,0.5,loss,0.0,2026_03_ATL_GB,0.0,loss,0.0,loss,,False,True,True
e46cbc917b022308d1fdd696ae144a1df81f86b53f38c5b32273b8b9ce171985,nfl,player_receiving_yards,Matthew Golden,Over,52.5,win,100.0,2026_03_ATL_GB,100.0,win,100.0,win,,False,True,True
da695cbb4f06c7c01e640547bee3d41f46e4cfae12f59c0e7d42b948a3da0421,nfl,player_receiving_yards,Kaleb Johnson,Over,0.5,win,10.0,2026_03_ATL_GB,10.0,win,10.0,win,,False,True,True
933ce77592c9f69b17c57ddc3305838e1eaba530b1621523595143eb8458fe66,nfl,player_receptions,Kaleb Johnson,Over,0.5,win,1.0,2026_03_ATL_GB,1.0,win,1.0,win,,False,True,True
6ee30c063f4d899c5c6d6dc24109541cad2fde3691f3319db9212ddacaee2593,nfl,player_receiving_yards,Skyy Moore,Over,10.5,win,31.0,2026_03_ATL_GB,31.0,win,31.0,win,,False,True,True
0afede0e56c598a9c983e8e84fdd496a305fdb21a7b9b2e170d5d0d2631dc2bc,nfl,player_receiving_yards,Wan'Dale Robinson,Over,24.5,win,57.0,2026_03_TEN_NYG,57.0,win,57.0,win,,False,True,True
d4cf97af5a38290d77379d5c5213ac826b97602bfb8943d338865aea83b53f82,nfl,player_rushing_yards,Chris Rodriguez (JAX),Over,14.5,win,37.0,2026_03_NE_JAX,37.0,win,37.0,win,,False,True,True
1df330c59c104b2b9094867ea634b256f103bda978709454e2e77f158b689207,nfl,player_receptions,Jared Wayne,Under,1.5,win,1.0,2026_03_HOU_IND,1.0,win,1.0,win,,False,True,True
a5b8f2b7247f62c32975b520bd871fb296bb9c99844c223d495a1b06998d9869,nfl,player_rushing_yards,Jacoby Brissett,Over,5.5,loss,4.0,2026_03_ARI_SF,4.0,loss,4.0,loss,,False,True,True
8ef8bb32d3ea7cd03e6c42d6fa53833a4d406eeb4b921a50c7216ef963ef7f3f,nfl,player_receptions,Cooper Kupp,Under,2.5,loss,4.0,2026_03_SEA_WAS,4.0,loss,4.0,loss,,False,True,True
b8adbfad45b0b58021bdc1976768cc9a5b432736d0b37a40ba57ba7baf5c1839,nfl,player_receptions,Kendrick Bourne,Under,2.5,win,2.0,2026_03_ARI_SF,2.0,win,2.0,win,,False,True,True
9acb47961d877f74759e11ae7f17ee7e253fb4ca9a8bee98cd7304aa013628ed,nfl,player_receiving_yards,Chuba Hubbard,Under,15.5,loss,28.0,2026_03_CAR_CLE,28.0,loss,28.0,loss,,False,True,True
34b65ae50b3ca1459921510ff4f94ad3f5df24772f2ad2117348af654711999d,nfl,player_receptions,Tyquan Thornton,Under,1.5,loss,2.0,2026_03_KC_MIA,2.0,loss,2.0,loss,,False,True,True
8e38f400025ffe244a469a2f40b7588b149e93ed74d8203eeecba96991d93fac,nfl,player_receptions,Drew Sample,Under,1.5,win,1.0,2026_03_CIN_PIT,1.0,win,1.0,win,,False,True,True
9fff463ac6e51c8993ab62faaba669e39b6271b4adb35a3ffaa60eff240b70d1,nfl,player_receptions,RJ Harvey,Under,3.5,loss,6.0,2026_03_LA_DEN,6.0,loss,6.0,loss,,False,True,True
7805a712e0d592629a1021dd3f222f045cf49ecbbd62a9a7cc73aaf13a62c58a,nfl,player_passing_tds,Sam Darnold,Under,1.5,loss,4.0,2026_03_SEA_WAS,4.0,loss,4.0,loss,,False,True,True
8635fd39b28e06c10e8d6a650175540333bb8457e0f0890ac1474a64a6a791a5,nfl,player_passing_tds,Geno Smith,Under,1.5,loss,3.0,2026_03_NYJ_DET,3.0,loss,3.0,loss,,False,True,True
88c9d43d9735497f8465df1f98441741a872d2af9cf0a8c8bed98ed86c26f154,nfl,player_receiving_yards,Garrett Wilson,Under,67.5,loss,107.0,2026_03_NYJ_DET,107.0,loss,107.0,loss,,False,True,True
5739fc787fe29d821ab679695aa9e5b398ecb5d6baf0aebd14d43386ed2f73a3,nfl,player_receptions,Elijah Arroyo,Over,0.5,loss,0.0,2026_03_SEA_WAS,0.0,loss,,,,True,True,
ecf27e4c2962a637adf73248988db8c2d3e8e46a764024742e6c2601446feb98,nfl,player_passing_yards,Drake Maye,Over,222.5,loss,199.0,2026_03_NE_JAX,199.0,loss,199.0,loss,,False,True,True
faaf09a4ed7245f882d96368a7b3ed13f7868c0e768caf066a3eef3c3f6163d8,nfl,player_receptions,Parker Washington,Under,5.5,win,3.0,2026_03_NE_JAX,3.0,win,3.0,win,,False,True,True
e89bf835a7bcb427a67674a917cffff0b3ca23adae094f194cd8de2005bb801a,nfl,player_receiving_yards,Tre Tucker,Under,41.5,loss,43.0,2026_03_LV_NO,43.0,loss,43.0,loss,,False,True,True
5beb7e56030e7bd4fb048a49317965559559e2544bc978aaa66c3043efed0a47,nfl,player_receptions,Aaron Jones,Under,2.5,loss,5.0,2026_03_MIN_TB,5.0,loss,5.0,loss,,False,True,True
afdc3b6a470b5d130e6a9af4bdcd01fc52d970ee84db79b26c48ad5b1f41c92d,nfl,player_passing_yards,Marcus Mariota,Under,169.5,loss,183.0,2026_03_SEA_WAS,183.0,loss,183.0,loss,,False,True,True
117d3380cc59c531dd12d4875409fe6ed9904586ebf50a38b720807862347a27,nfl,player_receiving_yards,Oronde Gadsden,Under,37.5,win,0.0,2026_03_LAC_BUF,0.0,win,0.0,win,,False,True,True
8518a2e5cf9a0f474838f0d3cb6bf0d3d8eef0442f82d695d534bac6527e720e,nfl,player_receiving_yards,Marvin Harrison Jr.,Over,33.5,win,40.0,2026_03_ARI_SF,40.0,win,40.0,win,,False,True,True
751ea2b49e0f9414e6bfb9feb1f992dd00ca44ab6bed85f306d45a3c850032db,nfl,player_passing_yards,Patrick Mahomes,Over,237.5,win,246.0,2026_03_KC_MIA,246.0,win,246.0,win,,False,True,True
fb3c1e291161b962923518533aee307033cc9e9f82850747d54ed42d1eec5b37,nfl,player_receiving_yards,Deebo Samuel,Under,43.5,loss,80.0,2026_03_ARI_SF,80.0,loss,80.0,loss,,False,True,True
744d315a67694c89d98a0cb04b2a41f645224c03e3d42388ce74691743c1ad36,nfl,player_receiving_yards,Colby Parkinson,Under,24.5,win,0.0,2026_03_LA_DEN,0.0,win,0.0,win,,False,True,True
be44d76bd06b805caa9d5dbebd4215b1fd29e907377cb4c2c946276fa88e0b10,nfl,player_rushing_yards,Tony Pollard,Under,47.5,loss,74.0,2026_03_TEN_NYG,74.0,loss,74.0,loss,,False,True,True
240c3d1c64261e5338a7869055b87bdb34f9a846d5fc9574125553137ad85ba7,nfl,player_passing_yards,Jacoby Brissett,Over,224.5,win,280.0,2026_03_ARI_SF,280.0,win,280.0,win,,False,True,True
025f11d7809208ccf7486ea1380138567715fc1e35aa655b71e9c772862d9ccd,nfl,player_receiving_yards,Jerry Jeudy,Over,20.5,loss,0.0,2026_03_CAR_CLE,0.0,loss,,,,True,True,
9d5ffceac08284c1756ead901dbd9c804d80882b14fccf6552ae80373d1d2036,nfl,player_passing_yards,Jacoby Brissett,Over,225.5,win,280.0,2026_03_ARI_SF,280.0,win,280.0,win,,False,True,True
dbcfaad60e6ea29227b11567cb7ef2c4dc2d73f10cfd9565d07d5046e7693f66,nfl,player_receiving_yards,Jaylen Waddle,Under,57.5,win,10.0,2026_03_LA_DEN,10.0,win,10.0,win,,False,True,True
5ea33d61e9e6b8d636e8df9007e806f9d4de974d93262af099aed755f8365784,nfl,player_receiving_yards,Bucky Irving,Over,14.5,loss,12.0,2026_03_MIN_TB,12.0,loss,12.0,loss,,False,True,True
04e2913cfbc9f6e8ffe01caf1d5dcc21b530fb5a9ec4fde6db523fd51cfc67d9,nfl,player_receiving_yards,Woody Marks,Under,9.5,win,6.0,2026_03_HOU_IND,6.0,win,6.0,win,,False,True,True
06eeb85263a3f2580e54d980ac439555e58bf078ac1131206c63e2f740826813,nfl,player_receiving_yards,Oronde Gadsden,Under,35.5,win,0.0,2026_03_LAC_BUF,0.0,win,0.0,win,,False,True,True
4788c74b443afe20ab7bc1aa1a676316eafc39de398aed3c79cd5eeac38043e8,nfl,player_receiving_yards,Adam Trautman,Over,5.5,loss,0.0,2026_03_LA_DEN,0.0,loss,,,,True,True,
11f910986f549e747b2fa0fe34cf1969e36f28a14c88d06f6e7d592eeec92547,nfl,player_passing_yards,Joe Burrow,Under,254.5,loss,282.0,2026_03_CIN_PIT,282.0,loss,282.0,loss,,False,True,True
b9f870a08a4927bdec1700cd4df29317878d449a99508a56a478cff60dc88dac,nfl,player_receiving_yards,CeeDee Lamb,Under,80.5,loss,112.0,2026_03_BAL_DAL,112.0,loss,112.0,loss,,False,True,True
3fdff8d45a50f1630c8730a76b85af1038e6bcd67a948ace5d70d96706d725ac,nfl,player_receptions,Darnell Mooney,Over,1.5,win,2.0,2026_03_TEN_NYG,2.0,win,2.0,win,,False,True,True
8053e8396bda2947a74120177c5bb67e69a1dcfa36a56471a057a965e8b26d1a,nfl,player_receiving_yards,Jaylen Waddle,Under,56.5,win,10.0,2026_03_LA_DEN,10.0,win,10.0,win,,False,True,True
2e5a4f741d8d2b06ccc5c467ab7d8c7c24d187a4128f489f4140184b47aef1c8,nfl,player_receiving_yards,RJ Harvey,Under,17.5,loss,41.0,2026_03_LA_DEN,41.0,loss,41.0,loss,,False,True,True
ae6b626c73dff16559b46a8e66c1cdedf1d350dafaa5bca369c14326701173b0,nfl,player_receiving_yards,Garrett Wilson,Under,64.5,loss,107.0,2026_03_NYJ_DET,107.0,loss,107.0,loss,,False,True,True
80c93e09fb9e6ca47d3887b79ba6ff2428b02ea85533c177068cac86f0155b78,nfl,player_receiving_yards,Dyami Brown,Under,7.5,win,0.0,2026_03_SEA_WAS,0.0,win,0.0,win,,False,True,True
73310bc4b9704d879b9f505c5d3866617b3a9a76ec95e612a1baec08649ff4be,nfl,player_passing_yards,Cam Ward,Under,184.5,win,181.0,2026_03_TEN_NYG,181.0,win,181.0,win,,False,True,True
b9aaff3b581f5daeb6f26c89802c8d7275a7e8847cc0530465e5ead2edcaf76e,nfl,player_rushing_yards,Cam Ward,Under,11.5,win,2.0,2026_03_TEN_NYG,2.0,win,2.0,win,,False,True,True
8427b178764a2ea51a613eb6e519668f78db02b5bc97a3add80cb93ed0f79579,nfl,player_receiving_yards,Jonathan Taylor,Under,22.5,win,4.0,2026_03_HOU_IND,4.0,win,4.0,win,,False,True,True
1ee99e6356708bc7b152dc399cdd6bfbd4c5adae1bb02bda13748876aff17d0b,nfl,player_rushing_yards,C.J. Stroud,Over,9.5,win,10.0,2026_03_HOU_IND,10.0,win,10.0,win,,False,True,True
578b28ad61fac1121f321564124e4ce157cf9e2833c0a8b848773ee91485a23c,nfl,player_receiving_yards,Rhamondre Stevenson,Over,14.5,win,16.0,2026_03_NE_JAX,16.0,win,16.0,win,,False,True,True
b1ee76ee2a55c39862a68aa81ba0564cc29f44cc53d85e0782e2525a2ac3dc7e,nfl,player_passing_yards,C.J. Stroud,Under,243.5,win,167.0,2026_03_HOU_IND,167.0,win,167.0,win,,False,True,True
12262c6fa7e9327cb6e4c40a9f0da3150c878bee732f9af67d9d851b5229f6a0,nfl,player_passing_yards,Justin Herbert,Under,224.5,loss,226.0,2026_03_LAC_BUF,226.0,loss,226.0,loss,,False,True,True
1f7668b86c71bf1c558d60594e3a178d8ddc25d26efae850c49133cbccb352fb,nfl,player_receiving_yards,Bucky Irving,Over,15.5,loss,12.0,2026_03_MIN_TB,12.0,loss,12.0,loss,,False,True,True
d14f175c2d3e9b744a8ea76684e40e2439f2d2680c89b64ba6ef1f2d7fec2505,nfl,player_receiving_yards,Tommy Tremble,Under,10.5,loss,41.0,2026_03_CAR_CLE,41.0,loss,41.0,loss,,False,True,True
89fef9f0cb5808704258a19cc3c694e43380c702568a4639b8fc2711a4dcb2af,nfl,player_passing_yards,Matthew Stafford,Over,241.5,win,390.0,2026_03_LA_DEN,390.0,win,390.0,win,,False,True,True
aa64d2628ea3749b27064d109db6b56fee025d41eb361bbed3ea7304323db4ba,nfl,player_receiving_yards,Hunter Henry,Under,41.5,win,5.0,2026_03_NE_JAX,5.0,win,5.0,win,,False,True,True
b7672b6589ba85a88d12879ef49898f72df5245dca21ffc150785ec4ece018fc,nfl,player_rushing_yards,D'Andre Swift,Under,69.5,loss,84.0,2026_03_PHI_CHI,84.0,loss,84.0,loss,,False,True,True
71655d1b5f85c40bac39382bcbf54664976ea44d41799014a3e8286a79463d2c,nfl,player_receiving_yards,Jaxon Smith-Njigba,Over,90.5,win,128.0,2026_03_SEA_WAS,128.0,win,128.0,win,,False,True,True
1c40449679bcc4a66a117303bf50bb63c010106e1e828a9b858fa96850aaa03e,nfl,player_rushing_yards,Omarion Hampton,Under,61.5,win,56.0,2026_03_LAC_BUF,56.0,win,56.0,win,,False,True,True
6a61d5e279fb981f294a5a0f281321bfdfb46516d0b7910c09cf41778fd82cf3,nfl,player_passing_yards,Justin Herbert,Under,221.5,loss,226.0,2026_03_LAC_BUF,226.0,loss,226.0,loss,,False,True,True
124b97449a5ec4f2c27a1d9532a02dcd812228ed4b307b408a6322bf8b62bed1,nfl,player_receiving_yards,Kayshon Boutte,Under,36.5,win,21.0,2026_03_HOU_IND,21.0,win,21.0,win,,False,True,True
bf25bed4b8d91beb8d21c58ac688fd74436e5acf2122cb2fe78af33d4cfdd97a,nfl,player_receiving_yards,Dalton Schultz,Under,50.5,win,30.0,2026_03_HOU_IND,30.0,win,30.0,win,,False,True,True
b25bc6158ac3302a6cce924d6550468a6d8173f5648a63609cfc0d6279d19844,nfl,spreads,,Away,1.5,loss,3.5,2026_03_HOU_IND,3.5,loss,3.5,loss,,False,True,True
abf5587552baf1be0ba654355e93d5fe26a11743081d48837e4565e495682d69,nfl,player_receiving_yards,Hunter Henry,Under,40.5,win,5.0,2026_03_NE_JAX,5.0,win,5.0,win,,False,True,True
a6247aba9ca8d67baf49325a3156f13fbb9be3a21f9835c9267d5b423f299cb8,nfl,player_rushing_yards,Jameis Winston,Over,5.5,win,14.0,2026_03_TEN_NYG,14.0,win,14.0,win,,False,True,True
22eef69209f693a151cc509a81bfba0ebee93a09eca4ba6fe62bd57f5e5b7ef3,nfl,player_receiving_yards,Xavier Worthy,Under,37.5,win,20.0,2026_03_KC_MIA,20.0,win,20.0,win,,False,True,True
005dfd79e5de9961c652549f128f8497f393c858913d8662c984e1248f57e460,nfl,player_passing_yards,Kyler Murray,Under,205.5,win,168.0,2026_03_MIN_TB,168.0,win,168.0,win,,False,True,True
f739bc62189d179ef604abaad3f16f02155a736b60aa61034f9f1bf1f9adfed1,nfl,player_passing_yards,Tyler Shough,Under,253.5,loss,255.0,2026_03_LV_NO,255.0,loss,255.0,loss,,False,True,True
5e171819a1e6a76216fb475e1b98f879dafa3c50004ce2f6967120aa982361ee,nfl,player_receiving_yards,Evan Engram,Over,21.5,loss,0.0,2026_03_LA_DEN,0.0,loss,0.0,loss,,False,True,True
8d77a8e04c85a42282cb00ed5d16874fe223699c08b97f31e56a6d78da360c51,nfl,player_receiving_yards,Rhamondre Stevenson,Over,15.5,win,16.0,2026_03_NE_JAX,16.0,win,16.0,win,,False,True,True
cec4cf36c0a88db602cb68ecca1055bf62fdd34219ec43c3372cb30805d24f89,nfl,player_passing_yards,Daniel Jones,Under,218.5,loss,235.0,2026_03_HOU_IND,235.0,loss,235.0,loss,,False,True,True
50569a1d3863674de39c2002e4aafb31e22afd855a710d5a6308add1c972a226,nfl,player_passing_yards,Josh Allen,Under,239.5,win,204.0,2026_03_LAC_BUF,204.0,win,204.0,win,,False,True,True
07df4b1e125a2da8adeff37227ed2aabe12dd38da24bf4d2cd1c693c7653f289,nfl,player_receiving_yards,Khalil Shakir,Under,43.5,win,6.0,2026_03_LAC_BUF,6.0,win,6.0,win,,False,True,True
4990ad57dbfb8213a77482efab648a8e40d7a7ee449c35e3ac13c691f55c1e66,nfl,player_receiving_yards,Jared Wayne,Under,11.5,loss,20.0,2026_03_HOU_IND,20.0,loss,20.0,loss,,False,True,True
1c7f79df981b0578a91480abe6e7c53354e9b685dd57c09e2d95624d1ca9cf7e,nfl,player_receiving_yards,D'Andre Swift,Over,12.5,loss,4.0,2026_03_PHI_CHI,4.0,loss,4.0,loss,,False,True,True
86eff1f1e09108fecc6699edfa634123958f067e49c1967a4f37f2da6db23036,nfl,player_receiving_yards,Tommy Tremble,Under,9.5,loss,41.0,2026_03_CAR_CLE,41.0,loss,41.0,loss,,False,True,True
3839b18d0cfa051c8e00a02b25ff4ac57d43f316ce8163d4f34c48c408e34cd4,nfl,player_rushing_yards,Bucky Irving,Over,54.5,loss,46.0,2026_03_MIN_TB,46.0,loss,46.0,loss,,False,True,True
040aed756a4788f8a8f2588ae18fdc7459669d66969d1130004a9cb181939602,nfl,player_receiving_yards,Josh Oliver,Over,11.5,loss,0.0,2026_03_MIN_TB,0.0,loss,0.0,loss,,False,True,True
9f50e9741ca70a6b513f244cf0fd4297b724654769d9efcbf30bdd9d1a085dff,nfl,player_rushing_yards,Dak Prescott,Over,11.5,win,19.0,2026_03_BAL_DAL,19.0,win,19.0,win,,False,True,True
3460125de7060bf39cec285223b8f34d28f381fbbb83c141e8abf7cabf81f78a,nfl,player_receiving_yards,Justice Hill,Under,14.5,win,0.0,2026_03_BAL_DAL,0.0,win,0.0,win,,False,True,True
f0db9e3ccc684c95e24b1a1c0e7a1e1069c272a131a2f300afe74be334e30d83,nfl,player_receiving_yards,Gunnar Helm,Under,21.5,win,14.0,2026_03_TEN_NYG,14.0,win,14.0,win,,False,True,True
5aafddd696c65a241524c1be4c28138341a7e5e20ebd54bf4747f33101f63d72,nfl,player_receiving_yards,Courtland Sutton,Over,37.5,win,46.0,2026_03_LA_DEN,46.0,win,46.0,win,,False,True,True
4c01086c616eb32e307a1e82fe1c102cc4bfedf2fbbeb1a049385ff18bfcacb3,nfl,player_rushing_yards,Jonathan Taylor,Under,81.5,win,68.0,2026_03_HOU_IND,68.0,win,68.0,win,,False,True,True
f3319ff0824a2196fd0ec1c6d606b16b3c7680a2c3956b9d97710e362b9292bd,nfl,player_receiving_yards,Foster Moreau,Over,5.5,win,7.0,2026_03_HOU_IND,7.0,win,7.0,win,,False,True,True
63b97b95bf93763f9d04a2bd2942b4ee649556c3eaaf894e199c6ef8fdde847d,nfl,spreads,,Home,2.5,win,5.5,2026_03_CAR_CLE,5.5,win,5.5,win,,False,True,True
bbc927ad179224f713bfcc3631501b8832314fbf0fbf98017e8627c947c8a89d,nfl,player_receptions,Tony Pollard,Over,1.5,win,4.0,2026_03_TEN_NYG,4.0,win,4.0,win,,False,True,True
b18a4d23f23bf3e8218aad1d5e446f57fec126eb2e0e0927103f2ea661e919d0,nfl,atd,George Kittle,Yes,0.5,win,2.0,2026_03_ARI_SF,2.0,win,1.0,win,0.0,False,True,True
fbcc30d5f2cc6a367288972802333e47e97fe2e7359bff89f3c1a37808881185,nfl,player_receiving_yards,Darnell Mooney (NYG),Over,29.5,loss,20.0,2026_03_TEN_NYG,20.0,loss,20.0,loss,,False,True,True
2c73acd515f94175fe2e4b40535af942c228e2aca48def66bba8077364c400df,nfl,atd,Garrett Wilson,Yes,0.5,win,1.0,2026_03_NYJ_DET,1.0,win,1.0,win,0.0,False,True,True
5946154ae06a35ccd790094463b4cc3e2475f277fb659f3bac796e31182ed464,nfl,atd,Blake Corum,Yes,0.5,loss,0.0,2026_03_LA_DEN,0.0,loss,0.0,loss,0.0,False,True,True
3a92202050ea3922d828ee9f4ff0edc24b258e36bcf43a831c797dba8fa80f7f,nfl,atd,Ollie Gordon II,Yes,0.5,win,1.0,2026_03_KC_MIA,1.0,win,1.0,win,0.0,False,True,True
20bc337b1ad4d1932f75d047ad0343fff81aa670a18e5c56ee8c2ed2b47f6874,nfl,atd,Terry McLaurin,Yes,0.5,win,1.0,2026_03_SEA_WAS,1.0,win,1.0,win,0.0,False,True,True
c904cf0ce9255a3d26193106aee10f36955633a53396fc25755d6ca7a6cf9277,nfl,atd,Kendre Miller,Yes,0.5,loss,0.0,2026_03_LV_NO,0.0,loss,0.0,loss,0.0,False,True,True
8f0d2199eb40262fff647111a7c028edc798a45a3699912f9bfe44dc0fc9747f,nfl,atd,Josh Oliver,Yes,0.5,loss,0.0,2026_03_MIN_TB,0.0,loss,0.0,loss,0.0,False,True,True
c735876c951f04f3ead89aae8cece436cf687c64307f93e68aaa5b26ed2f8c07,nfl,atd,Kyle Juszczyk,Yes,0.5,loss,0.0,2026_03_ARI_SF,0.0,loss,0.0,loss,0.0,False,True,True
79a3b8278e4521267c77503084780c0cf5dd4966ecf232ebb7a3fa2cdb41aa29,nfl,atd,Jalen Royals,Yes,0.5,loss,0.0,2026_03_KC_MIA,0.0,loss,0.0,loss,0.0,False,True,True
b58fddacb0cafb99c4bbbbe2b0305a2a397de949c509fd53f0c54710a1f85e4e,nfl,atd,Treylon Burks,Yes,0.5,win,1.0,2026_03_SEA_WAS,1.0,win,1.0,win,0.0,False,True,True
c0631db5da8f91f58bf2a5dff277d3fb7d64832d8d9ff7460ae2ebe28cfb2c5c,nfl,atd,Darius Cooper,Yes,0.5,loss,0.0,2026_03_PHI_CHI,0.0,loss,0.0,loss,0.0,False,True,True
38548bf6ad2b9f433a8eb3b4bb2d5bf2d16c415c7194af206fc46c2c5b11b2c4,nfl,atd,Ryan Miller,Yes,0.5,loss,0.0,2026_03_KC_MIA,0.0,loss,0.0,loss,0.0,False,True,True
06ad59409f51c2b95bf86254b3a0901848d004635288519cec063990373ac269,ncaa,totals,,Under,56.5,win,49.0,401864511,49.0,win,,,,False,True,
61b30a810adf36ed5ee87c926bb250120d3eb8dc3e9ddea863ac0600b1129829,ncaa,spreads,,Away,-8.0,loss,2.0,401871048,2.0,loss,,,,False,True,
340f4bc1966e9b005f24a8c269575112aa1216df759ce162be87ec2da8af03f2,ncaa,totals,,Under,56.5,win,40.0,401860895,40.0,win,,,,False,True,
abecde4cd46159232eb71ef04edec34601354449ab9613b19474f4920ed3b68f,ncaa,totals,,Under,54.5,loss,67.0,401856696,67.0,loss,,,,False,True,
ff080d38fa67313d61d8d6f8b51ebd98573e3b3016b674720c093a3af50960dc,ncaa,totals,,Under,56.0,loss,63.0,401856805,63.0,loss,,,,False,True,
2e75fb1eff7c7d9c0ace8ee6765695aaed10b758efd6c821641cac30e6574948,ncaa,totals,,Under,49.5,win,39.0,401860897,39.0,win,,,,False,True,
1e0c218aa343830063e8deda8e9eab8ced3f113041f7265034439c7acddecc78,ncaa,spreads,,Home,18.0,win,10.0,401862785,10.0,win,,,,False,True,
9986762215b7c646e7b37f220c76830ea8c756d9ed3754f43bf3ce1587958c97,ncaa,totals,,Over,52.5,loss,48.0,401864512,48.0,loss,,,,False,True,
e344d34db9207af326afd2e02ec70ed191fe3078e6b5ad8575fa3f0aa904ac98,ncaa,totals,,Over,43.5,loss,37.0,401864510,37.0,loss,,,,False,True,
b2fff243bb18d73eca498c647738e53cbab415ffa4f390ceaa066f7a94aa2b0d,ncaa,totals,,Under,58.5,win,55.0,401856703,55.0,win,,,,False,True,
8afd5cb34b5d0ef7f7797111182c07c2af50d8986fd4c9800e9de00f091f6665,ncaa,totals,,Over,43.5,win,44.0,401858466,44.0,win,,,,False,True,
c45ca9da4ffceb0c8a5c845b2e6c9ec2c6593180e972e3c4dc85cd5f3e042773,ncaa,spreads,,Away,-13.5,loss,0.5,401860891,0.5,loss,,,,False,True,
27abed141898940ae8c9ebf929c8f9955a4a4c3f4c1b0bc0a0891ec5dca8bd2b,ncaa,h2h,,Home,0.0,win,8.0,401856815,8.0,win,,,,False,True,
ab47d5e23308ba2c81cacdd5ef4ca01e6b8ab1e0b283f870ea63110df669afe1,nfl,player_rushing_yards,Keaton Mitchell (LAC),Over,9.5,win,52.0,2026_03_LAC_BUF,52.0,win,52.0,win,,False,True,True
00300430e50760968d5ace9e12cf431bc955f5aaefbebae910b513dfe9e12500,nfl,player_receptions,Davante Adams,Under,6.5,loss,7.0,2026_03_LA_DEN,7.0,loss,7.0,loss,,False,True,True
b568de955c54565a15d94ee95521d5ca766a5ad8543b2fd81edb9627bbb59aaa,nfl,player_receiving_yards,A.J. Dillon,Under,0.5,win,-2.0,2026_03_CAR_CLE,-2.0,win,-2.0,win,,False,True,True
bcbc8bf7e5f58520105edb9156e36350170c6f47fe77b747e74422db521a8a99,nfl,player_receptions,George Kittle,Over,3.5,win,6.0,2026_03_ARI_SF,6.0,win,6.0,win,,False,True,True
cf91650fe67416a802632daee552b56856652add52710cd042a47b4ebf5c9ead,nfl,player_receptions,Kendrick Bourne,Under,2.5,win,2.0,2026_03_ARI_SF,2.0,win,2.0,win,,False,True,True
252e0a9bfdae2e687eff1d72be343e45ec9f83d28e4120772bfe091a985dd7f6,nfl,player_receptions,A.J. Dillon,Under,0.5,loss,1.0,2026_03_CAR_CLE,1.0,loss,1.0,loss,,False,True,True
8a2787d378f903b3a1f492b569ab92c9092d0d15affca22577aacf85c088c456,nfl,player_receptions,Dalton Kincaid,Under,4.5,win,2.0,2026_03_LAC_BUF,2.0,win,2.0,win,,False,True,True
d36388ea3f9d56fb65f9d3ac51ef716a5bce8c77e38635b1bb59022c043bc54e,nfl,player_passing_yards,Drake Maye,Over,221.5,loss,199.0,2026_03_NE_JAX,199.0,loss,199.0,loss,,False,True,True
efc0fc7bede22b5488873c66e013a30ba98971aecd7841b506b88eee689b6aad,nfl,player_receptions,Bucky Irving,Over,2.5,loss,2.0,2026_03_MIN_TB,2.0,loss,2.0,loss,,False,True,True
b57c4207d9a3b3abfec30b3438044720fc2fbfe248ae2dbc8761cba6bd404a5a,nfl,player_receiving_yards,Colby Parkinson,Under,25.5,win,0.0,2026_03_LA_DEN,0.0,win,0.0,win,,False,True,True
1ba646b19b362396192813224a70a81f61f5e1bc912df4088310c96770805c8b,nfl,player_receiving_yards,Woody Marks,Under,10.5,win,6.0,2026_03_HOU_IND,6.0,win,6.0,win,,False,True,True
705bda5aae2a5ef483420c5738789265ab29094718797c19b877a07ee95c0894,nfl,player_receptions,Malik Nabers,Over,4.5,win,5.0,2026_03_TEN_NYG,5.0,win,5.0,win,,False,True,True
269b8dee148a5dfe53f58abc6beb6ae940d3d5f9ac6511e8879866eebeb935f8,nfl,player_receiving_yards,Colston Loveland,Over,33.5,loss,31.0,2026_03_PHI_CHI,31.0,loss,31.0,loss,,False,True,True
d65b5661c29bacd61f5c4e6c924cbab27ecdc5e6013442adc0a24f2c638fcd9d,nfl,player_rushing_yards,Tony Pollard,Under,48.5,loss,74.0,2026_03_TEN_NYG,74.0,loss,74.0,loss,,False,True,True
538692ed62090988dd1dcfc57080b78deba7bdf2cf734a56db853e0b1c51fbb9,nfl,player_passing_yards,Bryce Young,Under,221.5,loss,291.0,2026_03_CAR_CLE,291.0,loss,291.0,loss,,False,True,True
df98efbf4ee321b564366b85c4a645405bffb98526391349681fa63afbdd1660,nfl,player_receiving_yards,Garrett Wilson,Under,66.5,loss,107.0,2026_03_NYJ_DET,107.0,loss,107.0,loss,,False,True,True
3c230f64dbd3c6db54ac1eba21f5a08ae3d7f32bead5466f07edcce02967c8f6,nfl,player_receiving_yards,George Kittle,Over,44.5,win,82.0,2026_03_ARI_SF,82.0,win,82.0,win,,False,True,True
367f1ec26ea8c1bb1680d95bf257ffd20a589c28a947f88b0491654f06af8aad,nfl,player_receiving_yards,Marvin Harrison,Over,33.5,win,40.0,2026_03_ARI_SF,40.0,win,40.0,win,,False,True,True
81bfd3203988890aedcb7d6f0fb210b2307dcb6ac9901687adfd5a6edcc6b773,nfl,player_receiving_yards,Mack Hollins,Over,33.5,win,87.0,2026_03_NE_JAX,87.0,win,87.0,win,,False,True,True
a8a0b49d5acec5d2c307f59af4355eb22ab435a06a96f7d3e03f3a7a36f5fb68,nfl,player_passing_yards,Cam Ward,Under,189.5,win,181.0,2026_03_TEN_NYG,181.0,win,181.0,win,,False,True,True
e165aba2b97fef141052a816ea4e71ce8e6fa1fca705159bee9c21803aec282f,nfl,player_receiving_yards,Isaiah Williams,Under,21.5,win,21.0,2026_03_NYJ_DET,21.0,win,21.0,win,,False,True,True
ffe4144e9d47fed08fd958259d43f2011bd70302d7da77f207fbe95d58f493d6,nfl,player_receiving_yards,Oronde Gadsden,Under,36.5,win,0.0,2026_03_LAC_BUF,0.0,win,0.0,win,,False,True,True
702fba7f68a03570c3fae699640408d697b29734673e3f27b4c50090eb12c5f1,nfl,player_rushing_yards,Raheim Sanders,Over,8.5,win,17.0,2026_03_CAR_CLE,17.0,win,17.0,win,,False,True,True
bc664d77ae175d69e2020a55de439230c1030fff7b207035cd22216d37574508,nfl,player_passing_yards,Sam Darnold,Under,222.5,loss,379.0,2026_03_SEA_WAS,379.0,loss,379.0,loss,,False,True,True
679bfdd84ed98808708a820da20578a2f22987b48115104120d227bef81e4a2e,nfl,player_receiving_yards,Quentin Johnston,Under,36.5,loss,40.0,2026_03_LAC_BUF,40.0,loss,40.0,loss,,False,True,True
cb456590c3385991b3da180419b2769522c4596672f1713c4c0b176d5f81cddd,nfl,player_receiving_yards,Jerry Jeudy,Over,20.5,loss,0.0,2026_03_CAR_CLE,0.0,loss,,,,True,True,
f8518c7eb85209714f287ee2a6b97f42f9f0da5c6573fead9b3bb1e1361ef6f4,nfl,player_receiving_yards,Tre Tucker,Under,39.5,loss,43.0,2026_03_LV_NO,43.0,loss,43.0,loss,,False,True,True
a305aa55e645ab8e6a2b007dd01a99ea26d1849069e8a798a2383ff9eb3084f7,nfl,player_rushing_yards,Daniel Jones,Under,8.5,win,5.0,2026_03_HOU_IND,5.0,win,5.0,win,,False,True,True
3ddc02de8bb3d04fd4a0082548eac0e3b22d2ce1691230039c827a70d0f70322,nfl,player_receiving_yards,Quentin Johnston,Under,35.5,loss,40.0,2026_03_LAC_BUF,40.0,loss,40.0,loss,,False,True,True
a4a3fca4cb3e16abce2d922d8cf7c6064850e050a6ff39100a1e879577afb718,nfl,player_receiving_yards,Mack Hollins,Over,34.5,win,87.0,2026_03_NE_JAX,87.0,win,87.0,win,,False,True,True
411319cd350a8aeac572ee86063fc61a0f548f94aae30c4a11845c893b6da664,nfl,player_rushing_yards,RJ Harvey,Over,24.5,loss,6.0,2026_03_LA_DEN,6.0,loss,6.0,loss,,False,True,True
b0afd4653623e0a4b49baa4cd5896a9567d932b8fda664a56df890bb3232985e,nfl,player_receiving_yards,Tyler Allgeier,Under,7.5,loss,10.0,2026_03_ARI_SF,10.0,loss,10.0,loss,,False,True,True
8685bef4af24db37152bc663015620f42f7623263f4ce933c0ed2779ef04e5e5,nfl,player_receptions,James Cook,Over,1.5,loss,0.0,2026_03_LAC_BUF,0.0,loss,0.0,loss,,False,True,True
ab2d9e1374f25479b7a0abfd0a75fe24e4013dee0262165cf7009dac6a012afd,nfl,player_rushing_yards,Sam Darnold,Under,4.5,loss,5.0,2026_03_SEA_WAS,5.0,loss,5.0,loss,,False,True,True
5ea6b826a6fded459a490adfbf189c18e1de530c87811b3149c458fb143bba2e,nfl,totals,,Over,43.5,win,56.0,2026_03_LA_DEN,56.0,win,56.0,win,,False,True,True
04771fdf6671cedd7920b687403bfe703603c140797ae39c96954212063c7d49,nfl,player_receiving_yards,T.J. Hockenson,Under,28.5,win,11.0,2026_03_MIN_TB,11.0,win,11.0,win,,False,True,True
dd8594d6f17cc9a0d4ba8ca6f4c45c062f42ff75e1df7108ed9f808006fdde72,nfl,player_passing_yards,Matthew Stafford,Over,238.5,win,390.0,2026_03_LA_DEN,390.0,win,390.0,win,,False,True,True
8714eda7eab7b4cb5fb29668fcef2f6a67e216e065a4727f8e2acef1f1c696a3,nfl,player_receiving_yards,Jeremy Ruckert,Under,7.5,loss,39.0,2026_03_NYJ_DET,39.0,loss,39.0,loss,,False,True,True
2223f99e3d697afb12c4c6c6e74f32017fa084de148bc4e3b0ac3565d392eb03,nfl,player_receiving_yards,Dalton Schultz,Under,52.5,win,30.0,2026_03_HOU_IND,30.0,win,30.0,win,,False,True,True
66124b0a641274b2b7f1076002abeefd561ca3973b653821e4e7135938f34b9e,nfl,player_receiving_yards,Josh Oliver,Over,10.5,loss,0.0,2026_03_MIN_TB,0.0,loss,0.0,loss,,False,True,True
aca8a515bac1069a65b92fcb4c21ab0cd84645a74af63726a1c0221f7abd22d4,nfl,player_passing_yards,Sam Darnold,Under,215.5,loss,379.0,2026_03_SEA_WAS,379.0,loss,379.0,loss,,False,True,True
c5d990647714cce2b02126c2251cf2a98809f2a1ab36682a97b7b514d787702e,nfl,player_receiving_yards,James Cook,Over,10.5,loss,0.0,2026_03_LAC_BUF,0.0,loss,0.0,loss,,False,True,True
893a08701a22dc76cc480bf87fe268ca670d92b3ac2db2f19dbcda8fd8c3d0b8,nfl,spreads,,Away,8.0,loss,10.0,2026_03_SEA_WAS,10.0,loss,10.0,loss,,False,True,True
6978cf5bbbf858bd7b12f006727addc86ec28aa312b55ff6989878dfe1917a44,nfl,player_receptions,J.K. Dobbins,Over,0.5,win,1.0,2026_03_LA_DEN,1.0,win,1.0,win,,False,True,True
d69d410d8c73fa7a59b8dbbe58508aaea2262000bcc8a1fa3a1c4711e03ae249,nfl,totals,,Under,53.5,loss,65.0,2026_03_BAL_DAL,65.0,loss,65.0,loss,,False,True,True
22e489d69a69cd90086c69f9ed57a938c521901c26edd9a22cd587951a04c275,nfl,player_receptions,Samaje Perine,Under,1.5,win,1.0,2026_03_CIN_PIT,1.0,win,1.0,win,,False,True,True
6d7404caa7421f1738d771f3ae97baec9f72a59e5e3bc167c81f12595ceeefec,nfl,player_receiving_yards,Kyle Juszczyk,Over,7.5,loss,0.0,2026_03_ARI_SF,0.0,loss,0.0,loss,,False,True,True
94a61f4653d0bce329aabf84728d13064ad0b441d4692d939ffbc14fcf06cbef,nfl,player_receiving_yards,George Kittle,Over,48.5,win,82.0,2026_03_ARI_SF,82.0,win,82.0,win,,False,True,True
2a4e5c2fa58339a99b26d770a8851e094ece2844139170f866c3375a23d2c4a2,nfl,player_rushing_yards,Josh Allen,Under,34.5,win,22.0,2026_03_LAC_BUF,22.0,win,22.0,win,,False,True,True
02f93e6ed3938e941eb1551e5f7f098deccdcb814ec421e0de5f087d81a08776,nfl,player_receiving_yards,Keenan Allen,Under,31.5,loss,63.0,2026_03_HOU_IND,63.0,loss,63.0,loss,,False,True,True
6a0d24f58730a3aec353eb7e04cb748b7caf3e48bfa45d51349c37992f7eb89c,nfl,player_rushing_yards,Braelon Allen,Under,17.5,win,14.0,2026_03_NYJ_DET,14.0,win,14.0,win,,False,True,True
88171e7d5b5a2194d9cea3a24be65f02b8b07250b1b78ecdfa135a6949333e9d,nfl,player_receiving_yards,Xavier Worthy,Under,37.5,win,20.0,2026_03_KC_MIA,20.0,win,20.0,win,,False,True,True
750694952f2ef2f2a793f466312de328b01daf88a2b0cc571434a740d3ca5bc1,nfl,player_receiving_yards,Courtland Sutton,Over,36.5,win,46.0,2026_03_LA_DEN,46.0,win,46.0,win,,False,True,True
49ee85698b52780b05c1124abfd576cf240890eccec53310b677d74518344919,nfl,player_passing_yards,Daniel Jones,Under,218.5,loss,235.0,2026_03_HOU_IND,235.0,loss,235.0,loss,,False,True,True
8010791828c726556781c1c264f01af6ce67447e4869ce95d90abf93640b8893,nfl,player_receiving_yards,Romeo Doubs,Under,42.5,loss,49.0,2026_03_NE_JAX,49.0,loss,49.0,loss,,False,True,True
51cf2338e1b7321525ee5e923355aa6d2b1ef169cf9adf096a069f78f7573207,nfl,player_rushing_yards,D'Andre Swift,Under,67.5,loss,84.0,2026_03_PHI_CHI,84.0,loss,84.0,loss,,False,True,True
7da1a594a583a24a3eed05e2ba7dd9ebf395202a07a9ca493a7f6636937b5508,nfl,player_receiving_yards,Josh Oliver,Over,11.5,loss,0.0,2026_03_MIN_TB,0.0,loss,0.0,loss,,False,True,True
f89ea4fdde524c6461ca8948054ebf2ebe215679c38a4b7ddde16a9771745554,nfl,player_receptions,Marvin Harrison,Over,2.5,win,3.0,2026_03_ARI_SF,3.0,win,3.0,win,,False,True,True
9d5340014135d85d4dfae050b56dcbdc7d8ba9039a80a05e3a3b937c5de3098f,nfl,player_receiving_yards,Kalif Raymond,Over,24.5,win,90.0,2026_03_PHI_CHI,90.0,win,90.0,win,,False,True,True
1fa1fe28f565a454a6e5e63a505daea85abb4780609c9f1709ae3483d3f69e9e,nfl,spreads,,Away,1.0,loss,5.0,2026_03_LA_DEN,5.0,loss,5.0,loss,,False,True,True
1d4219ac1febf883116078b5ef3b9bbff943e3ac3b5bc5007fafea510f1dbbff,nfl,player_passing_yards,Daniel Jones,Under,215.5,loss,235.0,2026_03_HOU_IND,235.0,loss,235.0,loss,,False,True,True
3881f3d753a8e95d1779cdad1049bd9cb3f38a745ac65d0da32488b4b948189a,nfl,player_receiving_yards,Xavier Worthy,Under,36.5,win,20.0,2026_03_KC_MIA,20.0,win,20.0,win,,False,True,True
45479e664edcfc7ea30c8bed3816b15d28c152099eccf8f1d15909e3bc825701,nfl,player_rushing_yards,Javonte Williams,Over,58.5,win,98.0,2026_03_BAL_DAL,98.0,win,98.0,win,,False,True,True
845202d51bd177c2e8a06ab19bfb28f2de82b1a324095a5afd025a3987af81e6,nfl,player_receptions,George Kittle,Over,4.5,win,6.0,2026_03_ARI_SF,6.0,win,6.0,win,,False,True,True
d45df1eb0e80e3ab5aab8441b7d5e08e12773a0e245e92c62b7b9d8d968746c6,nfl,player_receiving_yards,Mike Gesicki,Under,24.5,loss,37.0,2026_03_CIN_PIT,37.0,loss,37.0,loss,,False,True,True
e0981cc56e686afced3a05878deb5435e94c4418facb4e1a7cd142be6fb3eacf,nfl,player_rushing_yards,Jonathan Taylor,Under,79.5,win,68.0,2026_03_HOU_IND,68.0,win,68.0,win,,False,True,True
0e15c373b5524cc77508f301022f7161ea01dd991ac58ca016cdd2a8ee7c020c,nfl,atd,Travis Etienne,Yes,0.5,loss,0.0,2026_03_LV_NO,0.0,loss,0.0,loss,0.0,False,True,True
1b39d4f37720d43f6f4ee8b3eddcfe81d1ab257a4bff2babb3eb20f899b477a6,nfl,player_receiving_yards,Quintin Morris,Over,0.5,loss,0.0,2026_03_NE_JAX,0.0,loss,,,,True,True,
84099843326482cc54534ea1af1686e4f4c6b78e3dbdc71bfa7d4df3c8734ae1,nfl,player_passing_tds,Drake Maye,Over,1.5,loss,0.0,2026_03_NE_JAX,0.0,loss,0.0,loss,,False,True,True
a81ec215728060d59a78a26621dd271f74546c79e529a683b2ab1739bb641325,nfl,player_receiving_yards,Greg Dulcich (MIA),Over,29.5,win,55.0,2026_03_KC_MIA,55.0,win,55.0,win,,False,True,True
09bb1574895c4ee2f1014ba25df3e415f5addb30cd619fa6fe8d67f4d7f9137e,nfl,player_receptions,Parker Washington,Under,4.5,win,3.0,2026_03_NE_JAX,3.0,win,3.0,win,,False,True,True
995b5523fe9634b65e95463ecf83baa74d8538a234c18f9ec477b2e583d6cc66,nfl,player_receptions,Greg Dulcich,Over,2.5,win,5.0,2026_03_KC_MIA,5.0,win,5.0,win,,False,True,True
7093ae1d4f92e2ec459a2593a9cf88743e7abe338ce82dfdedc2be1fca11b4c7,nfl,player_receptions,Tony Pollard,Over,1.5,win,4.0,2026_03_TEN_NYG,4.0,win,4.0,win,,False,True,True
d71927a767c0e7e0deaa6427b9bae6414470bd4b5cf0f41700693df4472efede,nfl,player_receiving_yards,Tee Higgins (CIN),Over,69.5,win,90.0,2026_03_CIN_PIT,90.0,win,90.0,win,,False,True,True
d1fa3dcaac4be90ce1fa11bc64957cd2dbf808d2515a4b800c623dbdca70cfe2,nfl,atd,D.J. Moore,Yes,0.5,loss,0.0,2026_03_LAC_BUF,0.0,loss,0.0,loss,0.0,False,True,True
4f21c07bf3ed33148a78c0faf9b145dd9a02d198e3d9153606b34ed57ae9e0d0,nfl,atd,Blake Corum,Yes,0.5,loss,0.0,2026_03_LA_DEN,0.0,loss,0.0,loss,0.0,False,True,True
09c69243ca3b17472b9df3a31d2225805b3874452e62e6c020ed61e83bca2b53,nfl,atd,Malik Washington,Yes,0.5,loss,0.0,2026_03_KC_MIA,0.0,loss,0.0,loss,0.0,False,True,True
fb874c7b6564c41f30bb360d5cd775cbfe825cda28a3f452bd0f81bc7f8d84b0,nfl,atd,Tyler Higbee,Yes,0.5,win,1.0,2026_03_LA_DEN,1.0,win,1.0,win,0.0,False,True,True
1e67bf148a8bf0515a10b7c232e0bfa05f164cc3e9c89f00318f1ad81cd3d7fd,nfl,atd,Kyle Juszczyk,Yes,0.5,loss,0.0,2026_03_ARI_SF,0.0,loss,0.0,loss,0.0,False,True,True
9e438801597b479195f0aba4c065efb4a0be77f028ee4eb83ba1b320e10efd5d,ncaa,spreads,,Away,-20.5,win,-14.5,401858461,-14.5,win,,,,False,True,
9d96ed7f566bf30c8e568053e3b321e58da31ab3da9959e40642af1e0ed4e068,ncaa,totals,,Over,52.0,loss,45.0,401861970,45.0,loss,,,,False,True,
fd8063635f8ba4e451b33175445d33aff8a587d6f3478289bb228d4fdbf9911c,ncaa,spreads,,Away,2.5,loss,19.5,401864510,19.5,loss,,,,False,True,
92b7cdfffb74399b91e3d0d49e64f49e6467a54fcdb6b77d66f3c54ad864af1a,ncaa,totals,,Under,59.5,loss,80.0,401856699,80.0,loss,,,,False,True,
75383f6c32f9984ce4470310df2d926d40a8e7f3a00fb5000c29163c146d5793,ncaa,totals,,Over,47.5,loss,38.0,401862779,38.0,loss,,,,False,True,
f47afd7b566269b4ef7b76adb6bf473b5ffa95c35fe7feb13c99a1119400aef0,ncaa,totals,,Under,56.0,win,40.0,401860895,40.0,win,,,,False,True,
b17c19b2f9b9302652178d99e05982e09c60d2a2940fb0677a42b590b4cf86db,ncaa,spreads,,Away,1.0,win,-13.0,401858234,-13.0,win,,,,False,True,
7d5341e63998f6a7afc896ac4f584aee80814c4ee6d5d9a904322de8777d5342,ncaa,totals,,Over,50.5,win,69.0,401864509,69.0,win,,,,False,True,
df47d6b61c94b7d8f768d9db5ecb42e8c41a36d5b1e449a9ff3888e471f73392,ncaa,h2h,,Away,0.0,win,-14.0,401858234,-14.0,win,,,,False,True,
131e83bfdd2b7cc298ea9e6637e46e3bad8e76042eaa761ecf6ec0a832a7aee9,ncaa,totals,,Over,47.5,loss,38.0,401862779,38.0,loss,,,,False,True,
1e2cd8bcd3e820e5a45e1a59b10da4f652fba64c8ee64e48e9acf9d107196bce,ncaa,h2h,,Home,0.0,win,4.0,401862778,4.0,win,,,,False,True,
26e8236833ee1522be505d10b5109a7078cb56949210d61a8593e8c9c45dba8d,ncaa,spreads,,Away,3.0,win,-1.0,401862779,-1.0,win,,,,False,True,
f1b85bba48522df59262350487aacb09fe45271e07116a31ba47f9c382ce1c97,ncaa,h2h,,Away,0.0,loss,6.0,401858461,6.0,loss,,,,False,True,
994b6c86e56f15302019ddddf3033d7c7d97fb77cce55df2effc6c2c2fa96bd2,ncaa,spreads,,Away,-20.5,win,-14.5,401858461,-14.5,win,,,,False,True,
af28f14d4c3355178986a4760deecd034dadc8730d98dc7f24eb7d01b1602cae,ncaa,spreads,,Away,1.0,win,-13.0,401858234,-13.0,win,,,,False,True,
bb500155d7bba0a9caef5070919d167aa465e5d47f8457d039c1c654c279f8fe,ncaa,totals,,Under,50.5,loss,52.0,401858461,52.0,loss,,,,False,True,
3cd9719f62e93989a0a13e204227846d2c390a575c2e3445bd5ee17e4f528384,ncaa,h2h,,Away,0.0,win,-4.0,401862779,-4.0,win,,,,False,True,
5dec72bdd183b564d6b4e33831841e0465bbe7c898eb558222bea2bf97e8305e,ncaa,totals,,Under,51.5,win,34.0,401858234,34.0,win,,,,False,True,
808242ef8f77a7681aefb82b26cd5f451e5a0c2b91dba8f4cecbe99a7c887504,ncaa,h2h,,Home,0.0,loss,-4.0,401862779,-4.0,loss,,,,False,True,
4c01c736e11f2ef99ff8479ee0cb09ac8e709f0259f0ad20a9799da2255cc745,ncaa,h2h,,Away,0.0,loss,4.0,401862778,4.0,loss,,,,False,True,
3aadf75732282078c2da0dea5e3ce64c2b2104fee4de94bc1a7d5900b2648e67,ncaa,totals,,Under,48.0,win,38.0,401862779,38.0,win,,,,False,True,
d5fee12d02019de4c150da4555ffd8e805cd7f6516f140fdceb9cf1f0c8bf495,ncaa,totals,,Under,51.5,win,44.0,401862778,44.0,win,,,,False,True,
e3fa00db6980f94d73951b296dd1887c8d7824baa0381a20e0e975afa405f566,ncaa,totals,,Over,51.0,loss,44.0,401862778,44.0,loss,,,,False,True,
980b7e594e1326c972344f043153db306355d63931e6056825321ad3a98f04dd,ncaa,totals,,Over,50.5,loss,34.0,401858234,34.0,loss,,,,False,True,
2c019ad3553549d97bccf81010ce4a36ea735bb482969370ddecce0200652e7f,ncaa,spreads,,Away,6.5,loss,10.5,401862778,10.5,loss,,,,False,True,
3830dadde6591416e925b10e911eceda370d0410aa19e18262b349967b21cf6a,ncaa,spreads,,Home,6.5,win,10.5,401862778,10.5,win,,,,False,True,
589d0da0341b393b347256cd2c333f8f3f0ca4a62cc8498dcb539f2071d543fa,ncaa,spreads,,Home,3.5,loss,-0.5,401862779,-0.5,loss,,,,False,True,
36504ffed89779eb7349c5c8e13549e14b2d99e06e01862c5acd21d29b12735c,ncaa,totals,,Over,49.5,win,52.0,401858461,52.0,win,,,,False,True,
01595c36fea676e8dea701760a4dc838284e66eb6be5fd737656d9b16234e8d2,ncaa,spreads,,Home,1.5,loss,-12.5,401858234,-12.5,loss,,,,False,True,
31fe91004a01b3354377b8037c7f90c1af98384d94654f1386f4f143537269de,ncaa,h2h,,Home,0.0,loss,-14.0,401858234,-14.0,loss,,,,False,True,
7bc11a318cf0dd0fd29d64a5f9cb2402d4bc66ef21252ff1b0fd161e247e8e31,ncaa,spreads,,Home,-21.0,loss,-15.0,401858461,-15.0,loss,,,,False,True,
af26f4bc8176c783c83e9f9a3d5a438ae5b2a6ed45439a180d94071852a7e06a,nfl,player_receiving_yards,Tee Higgins (CIN),Over,39.5,win,90.0,2026_03_CIN_PIT,90.0,win,90.0,win,,False,True,True
3ba206b1b3269f4c4b5962d1f1335711df32a6d04bd7ac922b346a9d8838a68b,nfl,player_receptions,Jeremy Ruckert,Over,0.5,win,5.0,2026_03_NYJ_DET,5.0,win,5.0,win,,False,True,True
5fb5e0b67a678049d2c6ff140861deccdb42a496a7f9d51076beb490b42fd1ec,nfl,player_rushing_yards,Baker Mayfield (TB),Over,9.5,loss,6.0,2026_03_MIN_TB,6.0,loss,6.0,loss,,False,True,True
45f4287b57e35b87c25bccd6f68f68f7fbee6ada6e24514e291f7957de09fdd2,nfl,player_rushing_yards,Justin Herbert (LAC),Over,14.5,win,17.0,2026_03_LAC_BUF,17.0,win,17.0,win,,False,True,True
065a265917618d037666d9f07eb1ce7bd6ea79f0edbef34deb753ff7bcbcff32,nfl,player_receptions,Ollie Gordon,Under,0.5,loss,3.0,2026_03_KC_MIA,3.0,loss,3.0,loss,,False,True,True
d340a74a3e1a19fe4124f71cc57b25df2b24107bf2886279f6f9702a033e67d4,nfl,player_receptions,Cam Skattebo,Over,1.5,win,3.0,2026_03_TEN_NYG,3.0,win,3.0,win,,False,True,True
17dbf0457411318ce446a499449bd603cd9791ef99f6f52a9c624be2ee097bee,nfl,player_receiving_yards,Ollie Gordon,Under,0.5,loss,14.0,2026_03_KC_MIA,14.0,loss,14.0,loss,,False,True,True
09d8bbe0decb80fe4ef40dd77663f6ddf30c73c4c683051158d8dcc7f39cde57,nfl,player_receptions,Kenneth Walker III,Under,3.5,win,2.0,2026_03_KC_MIA,2.0,win,2.0,win,,False,True,True
c93ef3ab6aaa83f1742356c0e1d48bb9edc03241b66907825f372133a141ffda,nfl,player_receiving_yards,Chuba Hubbard,Under,15.5,loss,28.0,2026_03_CAR_CLE,28.0,loss,28.0,loss,,False,True,True
fc56476abe88c3e8eb0aeec0ba2bbb71dd43791557bc160e5aeebb1fea636578,nfl,player_receptions,Oronde Gadsden,Under,3.5,win,0.0,2026_03_LAC_BUF,0.0,win,0.0,win,,False,True,True
993e41986ce7c5e158232981b4de4259dc6865ae09ab33b25bc3831df4cd1834,nfl,player_receptions,Michael Pittman,Over,2.5,loss,2.0,2026_03_CIN_PIT,2.0,loss,2.0,loss,,False,True,True
bf21e3199091a9415ff2d40be2a25cd6b859f53db3adc1a3318606003558758a,nfl,player_receptions,Kyle Monangai,Under,1.5,win,0.0,2026_03_PHI_CHI,0.0,win,0.0,win,,False,True,True
083029ed15934f699b64cc269de78b6d8cd796491bb09f893323b6b8a522c007,nfl,player_rushing_yards,RJ Harvey,Over,22.5,loss,6.0,2026_03_LA_DEN,6.0,loss,6.0,loss,,False,True,True
56e69c8eb2fe05a7ec6d58c2b804e3655bcb44cd475267311fd0a7745494f541,nfl,player_rushing_yards,A.J. Dillon,Under,12.5,loss,16.0,2026_03_CAR_CLE,16.0,loss,16.0,loss,,False,True,True
7dfd6ab762762c628d474e88472ca2de04c6d955b48a561c4b13e9cf82fe018a,nfl,player_receiving_yards,Stefon Diggs,Over,34.5,loss,33.0,2026_03_SEA_WAS,33.0,loss,33.0,loss,,False,True,True
d897aca3b43b20aa9656a058a00c72b1bcc9a18bbd7af2adc035f1b0c25968ba,nfl,player_passing_yards,Marcus Mariota,Under,170.5,loss,183.0,2026_03_SEA_WAS,183.0,loss,183.0,loss,,False,True,True
f320d3c82acbc0c84edb2a5c828e2ced017f37c60a7b4e1829c729432093b583,nfl,player_receiving_yards,Marvin Harrison,Over,32.5,win,40.0,2026_03_ARI_SF,40.0,win,40.0,win,,False,True,True
ff575fde5fadcb19c6cb30ae8062564e06a79fca4ce936b0212e5fab421178b7,nfl,player_rushing_yards,Bo Nix,Under,17.5,win,7.0,2026_03_LA_DEN,7.0,win,7.0,win,,False,True,True
7a0daa8bfc2c54cdd40858c403c9b37aa71d451af51fe65549a27b0a3e637f2b,nfl,player_receiving_yards,Jared Wayne,Under,15.5,loss,20.0,2026_03_HOU_IND,20.0,loss,20.0,loss,,False,True,True
dc26fb83b84808d5c1b5aa6e73bb0dd85ec5d24872f09ab352041b4c34ea76b0,nfl,player_receiving_yards,Pat Bryant,Over,24.5,win,44.0,2026_03_LA_DEN,44.0,win,44.0,win,,False,True,True
3d860fa32a1237db34f4ed4676e5ed7808a95de07c47da4338e8b0b6de346df9,nfl,player_passing_yards,Bryce Young,Under,223.5,loss,291.0,2026_03_CAR_CLE,291.0,loss,291.0,loss,,False,True,True
32342951e17ea79dc2c16da4c49f92908521cf45038db30d7af75c7fce728a35,nfl,player_rushing_yards,George Holani,Under,12.5,win,10.0,2026_03_SEA_WAS,10.0,win,10.0,win,,False,True,True
b08bd2c6669059485a1ccaa93d1205517f95077e6546cd73bb60f37fec32e0ab,nfl,player_rushing_yards,Ameer Abdullah,Under,5.5,win,2.0,2026_03_NE_JAX,2.0,win,2.0,win,,False,True,True
da8cfbb23e7b7b00fd44d3d9d0fb9821665292ed9e05b81e47ea333855bce18d,nfl,player_receptions,Deebo Samuel,Under,4.5,win,0.0,2026_03_ARI_SF,0.0,win,0.0,win,,False,True,True
ea76ddbba68a34dbfb981d545de2b66cd1726629822fae2ddbada1421d003387,nfl,player_passing_yards,Deshaun Watson,Under,186.5,win,144.0,2026_03_CAR_CLE,144.0,win,144.0,win,,False,True,True
139218c5508df9cddc490949cc6379822be582371e8f4eb2e962370c33fd7bb1,nfl,player_receiving_yards,D'Andre Swift,Over,10.5,loss,4.0,2026_03_PHI_CHI,4.0,loss,4.0,loss,,False,True,True
1fadad52bbe891abea62c04131e404dd0ab5bf32f134c7171fc9a9d190925490,nfl,spreads,,Home,5.0,win,25.0,2026_03_PHI_CHI,25.0,win,25.0,win,,False,True,True
fd2b559fe326e4d23e7e06f9b5db8e5404ea848e2e74d29212731b15a8b88529,nfl,player_receiving_yards,Ryan Flournoy,Under,27.5,win,22.0,2026_03_BAL_DAL,22.0,win,22.0,win,,False,True,True
600d13f75bfc0eac84d104fc358bf66de3c1d9b2d46cd8e1b21ab04d9a63e283,nfl,player_receiving_yards,Colston Loveland,Over,34.5,loss,31.0,2026_03_PHI_CHI,31.0,loss,31.0,loss,,False,True,True
8dc3510dcaee5a7801c4cbbb9eac33ee92ea4d7cc7d7588d00faed3516324e74,nfl,player_passing_yards,Cam Ward,Under,188.5,win,181.0,2026_03_TEN_NYG,181.0,win,181.0,win,,False,True,True
54bf8032a3062585f2c733e3e9025a34df7a01e70d57e1c5ac18c23cc3b13287,nfl,player_rushing_yards,Tyler Allgeier,Under,31.5,win,-1.0,2026_03_ARI_SF,-1.0,win,-1.0,win,,False,True,True
ae45f6f8633cf7e61f2049df973693da43e5b975edbe94ef884dec1882c67533,nfl,player_passing_yards,Cam Ward,Under,187.5,win,181.0,2026_03_TEN_NYG,181.0,win,181.0,win,,False,True,True
19fe41bb366f590e9d786cdd88e3db8ed3e827bb054210432cf934689472edcc,nfl,player_rushing_yards,Saquon Barkley,Under,72.5,loss,82.0,2026_03_PHI_CHI,82.0,loss,82.0,loss,,False,True,True
9e96dfcf4bc354213584f6f708bda067968e08b6ad2fbad47c0085dfd892e773,nfl,player_rushing_yards,Daniel Jones,Under,8.5,win,5.0,2026_03_HOU_IND,5.0,win,5.0,win,,False,True,True
420002c169f2300156ee152913cf817779d402570de7c9859f6a4a47dbc95fe8,nfl,player_rushing_yards,Cam Skattebo,Under,58.5,loss,60.0,2026_03_TEN_NYG,60.0,loss,60.0,loss,,False,True,True
5448bc1598853936f58173b843d151c1578feb0cddc937293020c750660104a1,nfl,player_receptions,Darnell Mooney,Over,1.5,win,2.0,2026_03_TEN_NYG,2.0,win,2.0,win,,False,True,True
b63f2e64c4f7e76a63d0f24f3d6cc46d0a58072c357bafbbb1b21934df827766,nfl,totals,,Over,40.5,win,64.0,2026_03_SEA_WAS,64.0,win,64.0,win,,False,True,True
6813fded353f9b046855393183f38bf6e528629ab777c632715bd0a446c9c9da,nfl,player_rushing_yards,Alvin Kamara,Over,27.5,win,36.0,2026_03_LV_NO,36.0,win,36.0,win,,False,True,True
b491bb97e29ab8922b4195396a51790b6952ce5781286a058c7de0ff4c0332ce,nfl,player_passing_yards,Matthew Stafford,Over,237.5,win,390.0,2026_03_LA_DEN,390.0,win,390.0,win,,False,True,True
5db6837fd4f824feb89fd0206a375a01ef6f120315712f63520bc2d89bc49188,nfl,player_receiving_yards,Travis Etienne,Over,9.5,win,13.0,2026_03_LV_NO,13.0,win,13.0,win,,False,True,True
49490f8f6095e1c328ffc5617c5b7efd29282fa286db5782eeaaf48b49a74ae7,nfl,player_receiving_yards,Jalen Nailor,Under,24.5,win,16.0,2026_03_LV_NO,16.0,win,16.0,win,,False,True,True
f92cb051448e6b126de2d760c544c7ea0132ea983ccd320d61a6a0ad73c56c3e,nfl,player_passing_yards,Joe Burrow,Under,252.5,loss,282.0,2026_03_CIN_PIT,282.0,loss,282.0,loss,,False,True,True
b2d002894b69ec75051b3d4c2cc34f64963fda8c5fef2587b3c45e415e2805e6,nfl,player_receiving_yards,Jared Wayne,Under,13.5,loss,20.0,2026_03_HOU_IND,20.0,loss,20.0,loss,,False,True,True
8a2f0903f34801c9a0c9716d4f0856fd186b213411ebe72b3b5b1bc3f02c90b4,nfl,player_rushing_yards,Cam Skattebo,Under,57.5,loss,60.0,2026_03_TEN_NYG,60.0,loss,60.0,loss,,False,True,True
f69506f92de44ff7d32dfe8daed91bf34e50fa76b3232ea31b2cb8fff029ba20,nfl,player_rushing_yards,Bryce Young,Under,14.5,win,0.0,2026_03_CAR_CLE,0.0,win,0.0,win,,False,True,True
7fd90c9b426b2e56a9d718ed5163e1270b7c31f4ad19da145b87d8a7394e6d98,nfl,player_receiving_yards,Cade Otton,Over,27.5,win,56.0,2026_03_MIN_TB,56.0,win,56.0,win,,False,True,True
f34326b61a12d6b7d2fe0ef017a2b14c03c7c75a60c6312dc8c95a863e54cc26,nfl,player_passing_yards,Sam Darnold,Under,214.5,loss,379.0,2026_03_SEA_WAS,379.0,loss,379.0,loss,,False,True,True
d0ddae7aa1ee9e6c2e3e501b33f418210433345d85ebeee0de1da7cfaf7ce366,nfl,player_rushing_yards,Emanuel Wilson,Under,30.5,win,14.0,2026_03_SEA_WAS,14.0,win,14.0,win,,False,True,True
4beb0ca43f47ae57c78b66b84d9e9cb14f0564edcc32bf0d01db322d8f747cb4,nfl,player_receiving_yards,Samaje Perine,Over,7.5,loss,5.0,2026_03_CIN_PIT,5.0,loss,5.0,loss,,False,True,True
e9f4d7dc6daff1d8f5222836a6374a876e8c321ab6a245cdc8e10bda23589ca1,nfl,player_rushing_yards,Javonte Williams,Over,55.5,win,98.0,2026_03_BAL_DAL,98.0,win,98.0,win,,False,True,True
1a65d9a131e505c062f54cd73c8b79dab0cedc379c87196f0ac20f99e29d578a,nfl,player_receiving_yards,George Kittle,Over,47.5,win,82.0,2026_03_ARI_SF,82.0,win,82.0,win,,False,True,True
5843434cc6cc607444979a02450ea51446ddf5b2a907547dea01e4e12be239c7,nfl,player_receiving_yards,Evan Engram,Over,20.5,loss,0.0,2026_03_LA_DEN,0.0,loss,0.0,loss,,False,True,True
10e8be676df3d4b858600f043b46a1e447e2c00fb237a8c3d34f155def0c8050,nfl,player_receiving_yards,Kayshon Boutte,Under,37.5,win,21.0,2026_03_HOU_IND,21.0,win,21.0,win,,False,True,True
60abe91d2ac73e7214151e2f7ce090cb193e536eafb0fcd3af8b691aa3708d94,nfl,player_receiving_yards,Alvin Kamara,Under,14.5,win,5.0,2026_03_LV_NO,5.0,win,5.0,win,,False,True,True
4614d4efea770963ede3aaf279738331254a4e2014673e5a31e2fa12e2ba0bc0,nfl,player_receptions,D'Andre Swift,Over,1.5,win,2.0,2026_03_PHI_CHI,2.0,win,2.0,win,,False,True,True
b51db5e349081437751900fecd6b80417bfec52ee98b0645d850707ca7d8b824,nfl,player_passing_yards,Dak Prescott,Under,266.5,loss,276.0,2026_03_BAL_DAL,276.0,loss,276.0,loss,,False,True,True
d294a2a49306dc3ac6054c455707366c7ed758aabf1821bad83a4af08f98c3a0,nfl,player_receiving_yards,Kenneth Walker III,Under,23.5,win,3.0,2026_03_KC_MIA,3.0,win,3.0,win,,False,True,True
f0debd99e6ab19b0e7d93c84534fff3330f842c7feca9a669c60adc2d7cde4f4,nfl,player_receiving_yards,Woody Marks,Under,8.5,win,6.0,2026_03_HOU_IND,6.0,win,6.0,win,,False,True,True
92aaa3b3b8cd5caada034d24491452b0510b0d041b60dfb35e1aa36159e5c911,nfl,player_passing_yards,C.J. Stroud,Under,241.5,win,167.0,2026_03_HOU_IND,167.0,win,167.0,win,,False,True,True
7c9da69d7f9f1258bc55e63cce12c8854d3fa1dbc13c7725d04cc8e80f4b3184,nfl,player_receiving_yards,Kyren Williams,Under,12.5,loss,70.0,2026_03_LA_DEN,70.0,loss,70.0,loss,,False,True,True
ef9bb161166e03276945f72e731e0e72ddd86b97a9da1d817ce6e35b837d3e4d,nfl,player_rushing_yards,Emanuel Wilson,Under,29.5,win,14.0,2026_03_SEA_WAS,14.0,win,14.0,win,,False,True,True
0f10366ec130c98eef4e1ce4370525eb2d329e25aa4a836a19b8389ab3c3b5df,nfl,player_receiving_yards,Trey McBride,Over,67.5,win,75.0,2026_03_ARI_SF,75.0,win,75.0,win,,False,True,True
3b752e39316719503143af2b77d8e3096d327c04ce646cbdd96766cbd8cb9302,nfl,player_receiving_yards,Deebo Samuel,Under,40.5,loss,80.0,2026_03_ARI_SF,80.0,loss,80.0,loss,,False,True,True
21fa527e8ad424997890e221e935ac83222294c2d54bd1e0bca2e4aa65632105,nfl,player_receiving_yards,Tetairoa McMillan,Under,62.5,win,17.0,2026_03_CAR_CLE,17.0,win,17.0,win,,False,True,True
670c0f67bfb11fe07ec1322deefa7a6cee3dcd106000dab5870255652f9f3424,nfl,player_receiving_yards,Kendrick Bourne,Under,21.5,loss,22.0,2026_03_ARI_SF,22.0,loss,22.0,loss,,False,True,True
ce491810fd75e64924d65b48207b97415466afaa99ae1eb861ec90e38a5a6833,nfl,player_receptions,Jaxon Smith-Njigba,Over,6.5,win,10.0,2026_03_SEA_WAS,10.0,win,10.0,win,,False,True,True
13367fc1db125e3d72e55273ba7f36decff6e1dd8cc1bf62f092e63af12138d5,nfl,player_receptions,Cole Kmet,Over,1.5,loss,0.0,2026_03_PHI_CHI,0.0,loss,0.0,loss,,False,True,True
098013376f0f8023e0a16f07c19e977f9719660daf6b117b91c4ebb63382be29,nfl,player_rushing_yards,Joe Burrow,Under,6.5,loss,13.0,2026_03_CIN_PIT,13.0,loss,13.0,loss,,False,True,True
2cbe37d816822e442b86669cdcbdb28844e4fc57e5bef9d7cf248054ec4914e0,nfl,player_rushing_yards,Tony Pollard,Under,50.5,loss,74.0,2026_03_TEN_NYG,74.0,loss,74.0,loss,,False,True,True
7e32e598c5f057967e52b25730ea97c01478ab7074e7f2bf5a6c6983b7db2cbd,nfl,player_receiving_yards,Kenneth Walker III,Under,22.5,win,3.0,2026_03_KC_MIA,3.0,win,3.0,win,,False,True,True
8f747a8e3ab52300b7bc4a494a9d6624957152c0cc14a39575a8daf9e7a10938,nfl,player_receiving_yards,Trey McBride,Over,68.5,win,75.0,2026_03_ARI_SF,75.0,win,75.0,win,,False,True,True
2e607f842b3a752b230a17713c6dcc911c0667f285a1ed90f18feef18641a522,nfl,player_rushing_yards,Bryce Young,Under,13.5,win,0.0,2026_03_CAR_CLE,0.0,win,0.0,win,,False,True,True
cab9dbf5d13fdbfcc71762d6b6dae43cb8cdaebd3790af679ec856b11fd5726c,nfl,player_rushing_yards,Brock Purdy,Under,18.5,loss,34.0,2026_03_ARI_SF,34.0,loss,34.0,loss,,False,True,True
f1e1b197cdab28a00c658256a639916bab3e7d09490661f34ea590406fc912cb,nfl,player_rushing_yards,Chase Brown,Over,62.5,loss,61.0,2026_03_CIN_PIT,61.0,loss,61.0,loss,,False,True,True
6d8a011ae770ab86f6c1eaa4721e626b501dcc507737d4a05fee974dd83572e0,nfl,player_receiving_yards,Harold Fannin Jr.,Over,37.5,win,51.0,2026_03_CAR_CLE,51.0,win,51.0,win,,False,True,True
3af04433612170191cd38b0a7b6ee2bf421c3b88067cdc127b39cfb90f1c7b17,nfl,player_receiving_yards,Jaxon Smith-Njigba,Over,92.5,win,128.0,2026_03_SEA_WAS,128.0,win,128.0,win,,False,True,True
0149794fe458414610de65d46f498e896326c0e1f1100bc76ed440a7017d5f93,nfl,player_receiving_yards,Christian McCaffrey,Under,38.5,loss,41.0,2026_03_ARI_SF,41.0,loss,41.0,loss,,False,True,True
0d51844ab229b0c3a6c4917593373fd322b801b7fcef388e67ab5f2a804257f1,nfl,player_receiving_yards,Darnell Washington,Over,19.5,win,67.0,2026_03_CIN_PIT,67.0,win,67.0,win,,False,True,True
6e2d6e2d44f032e0a48f477335ea91792bca9dde5f775b1bfbf6d9060c4a0ac1,nfl,player_receiving_yards,Dalton Kincaid,Under,57.5,win,38.0,2026_03_LAC_BUF,38.0,win,38.0,win,,False,True,True
f7350d26405b0d79cf0e1fe9a2b194f017887a22579aaca65343f2b3bfb49a13,nfl,player_receiving_yards,Chris Olave,Over,76.5,win,107.0,2026_03_LV_NO,107.0,win,107.0,win,,False,True,True
64d8a9aa56ccc004a9f66ffed309afee417af2159da1bc28b979a1fa41b7d8b3,nfl,player_rushing_yards,D'Andre Swift,Over,58.5,win,84.0,2026_03_PHI_CHI,84.0,win,84.0,win,,False,True,True
3075bfe320f850e3a5643c3f6c77fa95b950305091af22896fc840a84daa228d,nfl,player_rushing_yards,Tony Pollard,Under,49.5,loss,74.0,2026_03_TEN_NYG,74.0,loss,74.0,loss,,False,True,True
89dcf8a5173664b656e71ddc23f9170779d4c3ccadc860c37be021c8926c9264,nfl,player_receiving_yards,Cade Otton,Over,29.5,win,56.0,2026_03_MIN_TB,56.0,win,56.0,win,,False,True,True
b9744efdd3f668539b4176f02901fc02d4f6f37252466e86c64375a3e9b89d32,nfl,player_receiving_yards,De'Von Achane,Under,27.5,win,0.0,2026_03_KC_MIA,0.0,win,0.0,win,,False,True,True
e5a534365c799270599d98c94eedff0b860cdd2cccb45cf9bf397610558f2629,nfl,player_receiving_yards,Jeremy Ruckert,Under,6.5,loss,39.0,2026_03_NYJ_DET,39.0,loss,39.0,loss,,False,True,True
bf977924db42d206aee75a7283d0912abef08cfac85c550411784dba0d8e239b,nfl,player_rushing_yards,Ollie Gordon,Under,8.5,loss,41.0,2026_03_KC_MIA,41.0,loss,41.0,loss,,False,True,True
3db0aaeabe15b1de5144bcae9cdb935deefea770837ca1de0d643adb0e1b4112,nfl,player_receiving_yards,Bucky Irving,Over,17.5,loss,12.0,2026_03_MIN_TB,12.0,loss,12.0,loss,,False,True,True
80a3e30ec23e9b371689b5e8e216146f6758f02aa9c251e4d9134a18f282148e,nfl,player_receptions,Jonathan Taylor,Under,2.5,win,2.0,2026_03_HOU_IND,2.0,win,2.0,win,,False,True,True
5a1bc04dd215951faf8b84c00c5192b3db2ece86fcf8bb53c181b4fff084f0cf,nfl,player_receiving_yards,Harold Fannin,Over,38.5,win,51.0,2026_03_CAR_CLE,51.0,win,51.0,win,,False,True,True
d662d0d36372740c0e8889517e156568ac672724d483dabbbb1f437e8337f4b1,nfl,player_receiving_yards,Ashton Jeanty,Under,22.5,loss,37.0,2026_03_LV_NO,37.0,loss,37.0,loss,,False,True,True
8ee3fbb9db52c7aae96ffbbec7582aa863e86b496cc7246f2a96ff169374754f,nfl,player_rushing_yards,Jacory Croskey-Merritt,Under,39.5,win,36.0,2026_03_SEA_WAS,36.0,win,36.0,win,,False,True,True
954bce5e87a980dea2ad3738bb82b36fceb9a6560c8b6c9850024df38d1bcf12,nfl,player_receiving_yards,Kendrick Bourne,Under,19.5,loss,22.0,2026_03_ARI_SF,22.0,loss,22.0,loss,,False,True,True
0c9673ab4dbb5bb7631248c78c29f5a485aaef975592f6a061d28c148db7dce0,nfl,player_passing_yards,Jameis Winston,Over,202.5,loss,118.0,2026_03_TEN_NYG,118.0,loss,118.0,loss,,False,True,True
4bd43e3ecd75b455a24d3b3b89b81ff13fdd45fe17d1ea438a45380d5a22cb5c,nfl,player_receiving_yards,J.K. Dobbins,Over,0.5,win,4.0,2026_03_LA_DEN,4.0,win,4.0,win,,False,True,True
8b5d7c67efd1a0dfc585537a8d0e89b41875530ab78000ee22f25dc10272901b,nfl,player_receptions,Luther Burden,Over,3.5,win,7.0,2026_03_PHI_CHI,7.0,win,7.0,win,,False,True,True
2a8ea90df7a837589e4de0f6565f026bd21d407f1977097b2ce7f80a0841c974,nfl,player_receptions,Keaton Mitchell,Under,0.5,loss,3.0,2026_03_LAC_BUF,3.0,loss,3.0,loss,,False,True,True
5eeaaca2f015d0863e44ffb9f3cd3da0da3d5a708d6066ef6798ac87e56db05a,nfl,player_receptions,Will Shipley,Under,0.5,loss,1.0,2026_03_PHI_CHI,1.0,loss,1.0,loss,,False,True,True
45fb42ddfb926198c5e735f7a57fd33ae202eaaf83147bfefe4c0e38294bfc0f,nfl,player_passing_tds,Daniel Jones,Over,1.5,loss,1.0,2026_03_HOU_IND,1.0,loss,1.0,loss,,False,True,True
cdda374d24f4fe21914ffcaeae4796e9e55397c7c1b29cef6b456f2bb2c36184,nfl,atd,Brock Purdy,Yes,0.5,loss,0.0,2026_03_ARI_SF,0.0,loss,0.0,loss,0.0,False,True,True
c96e4643c10ca1200b7a621103178b9003990bd72ebf8b369cbafd9731fe2bdb,nfl,atd,Tank Bigsby,Yes,0.5,loss,0.0,2026_03_PHI_CHI,0.0,loss,0.0,loss,0.0,False,True,True
38aab2e53c398e5b8df3c8c8b3e11fef79902a2f70b8ddc2972d6c5a3466e1f7,nfl,atd,Josh Oliver,Yes,0.5,loss,0.0,2026_03_MIN_TB,0.0,loss,0.0,loss,0.0,False,True,True
df0bab38a196dc258c19459cf0acc63caaba02cdeff5e54b5cdcb86186b17cd9,nfl,atd,John Metchie,Yes,0.5,win,1.0,2026_03_CAR_CLE,1.0,win,1.0,win,0.0,False,True,True
3dc5ffb1b5a853210ecf17d45d19d259dadba7a301da33e1ffe3c83cf4d9e33c,nfl,player_receiving_yards,Wan'dale Robinson (TEN),Over,149.5,loss,57.0,2026_03_TEN_NYG,57.0,loss,57.0,loss,,False,True,True
b32035a51588efbf67806c59e9d2201644a99b44e6c43b314251992372b01f72,ncaa,spreads,,Away,-3.5,win,-0.5,401861970,-0.5,win,,,,False,True,
286641a8d7835fd32bdb0564900b543df671ce684fea96c149f29bf4827ed93d,ncaa,totals,,Over,51.5,loss,45.0,401861970,45.0,loss,,,,False,True,
428f87ce162aa12ea4f08209c37eca688da14f25835ecb28d1f6b0d93dcf5f09,ncaa,totals,,Over,49.0,loss,41.0,401862780,41.0,loss,,,,False,True,
1c99b0fc9b9b7b82361b03dac48d0d2996d68e44bf34ab7980810da1cc4f9189,ncaa,spreads,,Home,6.0,win,3.0,401864509,3.0,win,,,,False,True,
6f9030ee68af8e955a66aec4df14fa5b49101eabdddac7963cc9eb9e13376546,ncaa,spreads,,Home,27.5,loss,-11.5,401858467,-11.5,loss,,,,False,True,
f5bb58128c7fde5c82c8bebafae5227c2dbf8eb0c018ed08a429d57c389d90ff,ncaa,spreads,,Away,2.5,win,-11.5,401858234,-11.5,win,,,,False,True,
748d1e87547cc94cdab449e99d67cfe23982d5a35806b297bb13e3264e78638c,ncaa,spreads,,Away,-10.5,win,-13.5,401858470,-13.5,win,,,,False,True,
b7c41aad88f239be7dfad56675b175e11758bfd24b08414449b2b54aac144a4e,ncaa,spreads,,Away,2.5,win,-11.5,401858234,-11.5,win,,,,False,True,
aac93c23dbc73d93d3008aad8a240e74be23b5cdb83cce3dd8374150914af68c,ncaa,totals,,Over,51.5,loss,34.0,401858234,34.0,loss,,,,False,True,
48081e3fe847f309abedac0ac644a3cc1cc91c44b9302719ae3b5ca9fab4addd,ncaa,spreads,,Home,2.5,loss,-11.5,401858234,-11.5,loss,,,,False,True,
1da8132b5fcd76c54c44270a96ed220fb733494fd9aa356b2298f9d012af972c,nfl,player_receiving_yards,Brenton Strange,Over,14.5,win,32.0,2026_03_NE_JAX,32.0,win,32.0,win,,False,True,True
582867fc8ec2ce2e297a1dd6d23e25146bbc88847a72ab6d9e3fbef72df26b0b,nfl,player_rushing_yards,Bhayshul Tuten,Under,69.5,loss,73.0,2026_03_NE_JAX,73.0,loss,73.0,loss,,False,True,True
898b8a3ad801595a5472c2860fc4702604eb2b324860458fef0c57646f8627f9,nfl,player_receiving_yards,Josh Downs,Under,59.5,loss,77.0,2026_03_HOU_IND,77.0,loss,77.0,loss,,False,True,True
891af0fff65b0f786bb1e39510913a09504bf59f361565feac2b7d4d10bbd822,nfl,player_receiving_yards,DJ Moore,Under,39.5,loss,67.0,2026_03_LAC_BUF,67.0,loss,67.0,loss,,False,True,True
f8c2f49365f92940992f6503ca8992172bd5e9f43d04cfe4990c71861c7c4a8a,nfl,player_receptions,Juwan Johnson (NOR),Over,2.5,win,8.0,2026_03_LV_NO,8.0,win,8.0,win,,False,True,True
bc4157dd3190a1dcd1146f1ce4bcd1010683da98c9e78cc9153b96b76e6424b8,nfl,player_receiving_yards,Jaylin Noel,Under,19.5,win,17.0,2026_03_HOU_IND,17.0,win,17.0,win,,False,True,True
e334d0a70b70e3c56f71f3834815a821c16a18159aa46dba20623eff6187309b,nfl,player_receptions,Jahmyr Gibbs,Over,3.5,win,7.0,2026_03_NYJ_DET,7.0,win,7.0,win,,False,True,True
c7ba2bacd18928c3877cea9da55f3d712226c108602867fd2d5874873e96ee4a,nfl,player_rushing_yards,Matthew Stafford,Under,0.5,loss,13.0,2026_03_LA_DEN,13.0,loss,13.0,loss,,False,True,True
fb57d75d5a131193d132b36d9fd16bdd6853e5e8eac3a7bbb60dee5cb018d3bc,nfl,player_receptions,Mike Evans,Under,4.5,win,3.0,2026_03_ARI_SF,3.0,win,3.0,win,,False,True,True
4e3f997c305b12fa382fe25f5bfbd264dba989d7f594290ddd93f10d56c590f3,nfl,player_receptions,Jalen Coker,Under,3.5,win,2.0,2026_03_CAR_CLE,2.0,win,2.0,win,,False,True,True
f5f50e21428d5d3fa517c190f778beb736d29e99c30017af1ca2f72c6857f5a6,nfl,player_receiving_yards,Colston Loveland,Over,32.5,loss,31.0,2026_03_PHI_CHI,31.0,loss,31.0,loss,,False,True,True
69c7eb56474f39e04d2b92eafcfbe259748161a8aef59c864335e9b3a0ddced1,nfl,player_receiving_yards,Travis Etienne,Over,11.5,win,13.0,2026_03_LV_NO,13.0,win,13.0,win,,False,True,True
183c9e7b6654485d7a9169cf141cbad312a4554eae8bc2a46d0377b57a297864,nfl,player_receiving_yards,Breece Hall,Under,23.5,win,23.0,2026_03_NYJ_DET,23.0,win,23.0,win,,False,True,True
91522d34c4d251dc0050f52873253dd7bf93ab1dff501db56a995064aacbc6ab,nfl,player_passing_yards,Drake Maye,Over,224.5,loss,199.0,2026_03_NE_JAX,199.0,loss,199.0,loss,,False,True,True
e69132ffb9f2ac9dc917f563bb1a88b3c565a3e9ffa7354111cdb43c24a55624,nfl,player_passing_yards,Marcus Mariota,Under,165.5,loss,183.0,2026_03_SEA_WAS,183.0,loss,183.0,loss,,False,True,True
1d6c77213f454d3d34f56b1345f6c73ed96250fe5424cd29bc6cab167fef7af6,nfl,player_receiving_yards,Brian Thomas,Over,40.5,loss,8.0,2026_03_NE_JAX,8.0,loss,8.0,loss,,False,True,True
cbb90d888804adbe188ae254e6fd3e3f03f6dd89220c9110054680584ae5d75b,nfl,player_receiving_yards,Saquon Barkley,Under,13.5,win,-2.0,2026_03_PHI_CHI,-2.0,win,-2.0,win,,False,True,True
4e624bdfee269d6a6e36141233f750fe2579e15ce36c64e0170a471ef6f4007c,nfl,player_receiving_yards,Elijah Arroyo,Over,4.5,loss,0.0,2026_03_SEA_WAS,0.0,loss,,,,True,True,
993add113d6ea11ae9d175caa8da0e1f16f566a3f0888ff050d49e55379030cb,nfl,player_passing_yards,Sam Darnold,Under,222.5,loss,379.0,2026_03_SEA_WAS,379.0,loss,379.0,loss,,False,True,True
fc55888e680574a54045310ce935feea4ec67e7e8d41873cb4186e0d3c824f23,nfl,player_passing_yards,Sam Darnold,Under,221.5,loss,379.0,2026_03_SEA_WAS,379.0,loss,379.0,loss,,False,True,True
4bc1374e8b364a60f2054891a07eb2a66eda712e0c1441c2d78a7712bc57a862,nfl,player_receiving_yards,Alvin Kamara,Under,15.5,win,5.0,2026_03_LV_NO,5.0,win,5.0,win,,False,True,True
113fdd456baae86ba59c5acffaec6a97eaa6c74272d4552dca79c0555b3b5a53,nfl,player_passing_yards,Cam Ward,Under,187.5,win,181.0,2026_03_TEN_NYG,181.0,win,181.0,win,,False,True,True
083c4639fc060ae9045c89dc82e4945f041b8682d2d4d29865cb6adee607d5d3,nfl,player_receiving_yards,CeeDee Lamb,Under,81.5,loss,112.0,2026_03_BAL_DAL,112.0,loss,112.0,loss,,False,True,True
31bb6ab74d42e2671bb421b594530c5f76d55187b228af6780746c0fab9ae27f,nfl,player_receiving_yards,Bucky Irving,Over,14.5,loss,12.0,2026_03_MIN_TB,12.0,loss,12.0,loss,,False,True,True
f2cae5c0316469919159375f7ad9bd3a8ed3b67bf60ef525f5387ad6fd7d2110,nfl,player_rushing_yards,Jacoby Brissett,Over,8.5,loss,4.0,2026_03_ARI_SF,4.0,loss,4.0,loss,,False,True,True
b5d3e0b48a0126c99211c6ad9a1d9f7e17a42498898b9e0fa4918cd90fc86c11,nfl,player_rushing_yards,Drake Maye,Under,26.5,win,18.0,2026_03_NE_JAX,18.0,win,18.0,win,,False,True,True
e902f2c9352c72538d5d477e5a4b589ee845ea579b9d7d34010ecb2724b4fb09,nfl,player_receiving_yards,Kendrick Bourne,Under,23.5,win,22.0,2026_03_ARI_SF,22.0,win,22.0,win,,False,True,True
0566d7e19061edaa998a8b8fb13f764a5b6f043bc56e33567a1b66ea332014d1,nfl,player_receiving_yards,Jerry Jeudy,Over,21.5,loss,0.0,2026_03_CAR_CLE,0.0,loss,,,,True,True,
7593ad898f53330c30738766775af87070f8ef43c9fb97386e552e4290608040,nfl,totals,,Over,43.0,win,57.0,2026_03_CIN_PIT,57.0,win,57.0,win,,False,True,True
1b65a9cfcf1e97eec5f3c9f03488a4e5083f60df2296bb1d7c221b73d232d883,nfl,player_rushing_yards,Kyle Monangai,Over,40.5,loss,31.0,2026_03_PHI_CHI,31.0,loss,31.0,loss,,False,True,True
49367669a12684a4b440691baeba1dcbc1a2d6e3eac0e2d1a79724d782a5da23,nfl,player_passing_yards,Justin Herbert,Under,225.5,loss,226.0,2026_03_LAC_BUF,226.0,loss,226.0,loss,,False,True,True
fb92815edf734717d5deaee0278780cd9d79e86416eaae06421da43775c63822,nfl,player_passing_yards,C.J. Stroud,Under,243.5,win,167.0,2026_03_HOU_IND,167.0,win,167.0,win,,False,True,True
35976e063f61ecee3a807e2062fead5fb7af9be146a954a6a1cb2248e7a3e5a8,nfl,player_receiving_yards,Xavier Worthy,Under,38.5,win,20.0,2026_03_KC_MIA,20.0,win,20.0,win,,False,True,True
341117ef8fdee0f1e37d72bbfcd2d3a8ec3235e85702ce320f17b3e2d0a827ae,nfl,player_receiving_yards,Bucky Irving,Over,15.5,loss,12.0,2026_03_MIN_TB,12.0,loss,12.0,loss,,False,True,True
2a544d18af2ee03a948aad4929f2087fe1b4b2dec7e1234c8ad13594daf2af37,nfl,player_receiving_yards,Travis Kelce,Under,52.5,loss,59.0,2026_03_KC_MIA,59.0,loss,59.0,loss,,False,True,True
a716e24afa406c4b5a23ca133090e2dbb1ffedb08aad0390a6e2fb6c933acfb1,nfl,player_receiving_yards,Chris Moore,Under,17.5,win,4.0,2026_03_BAL_DAL,4.0,win,4.0,win,,False,True,True
7c8b47c175340d1f03943d84df37ee8445830e10e85d48664ccc5d7ce19b4961,nfl,player_receptions,Jahmyr Gibbs,Over,4.5,win,7.0,2026_03_NYJ_DET,7.0,win,7.0,win,,False,True,True
2658bd5c7023b6178eab7b95c9ba4122ef40cf3b5dfe2abc1787afc6a8243130,nfl,totals,,Over,44.0,win,56.0,2026_03_LA_DEN,56.0,win,56.0,win,,False,True,True
3bf4de759cc1585449590441c6a710f9d35d8171a2752c6e989633265aabc58c,nfl,player_rushing_yards,Aaron Jones,Under,52.5,loss,58.0,2026_03_MIN_TB,58.0,loss,58.0,loss,,False,True,True
1091ee67c8c34e359bacac9fedf6f1289953292bbf93b098379c20fdc19a3b95,nfl,spreads,,Home,-7.5,loss,-1.5,2026_03_ARI_SF,-1.5,loss,-1.5,loss,,False,True,True
e9943d0bce40f4b9cfd881e92b5d69adceae9716f00b1be8185829b79aeae87b,nfl,player_receiving_yards,Deebo Samuel Sr.,Under,40.5,loss,80.0,2026_03_ARI_SF,80.0,loss,80.0,loss,,False,True,True
82eec2c92651687aa661c69182425997fb51b23c41f556e1b912a1fdb63954a5,nfl,player_receiving_yards,Cade Otton,Over,28.5,win,56.0,2026_03_MIN_TB,56.0,win,56.0,win,,False,True,True
ad0672bd31f5b947e9da8e41e09f3bc0dfc06e6f7b6d90b08f1366a56250f65f,nfl,player_passing_yards,Joe Burrow,Under,245.5,loss,282.0,2026_03_CIN_PIT,282.0,loss,282.0,loss,,False,True,True
ee9e8a49a2ac0f3d38a6a91f192310e6623117a19c2137a080c9cae6074c328c,nfl,player_rushing_yards,Braelon Allen,Under,17.5,win,14.0,2026_03_NYJ_DET,14.0,win,14.0,win,,False,True,True
a9ebfad9cfb5aa32e1b0969f11d0b1b051dec91d92e8ba63d7ecb56fab7cc6dd,nfl,player_receiving_yards,Jonathan Taylor,Under,21.5,win,4.0,2026_03_HOU_IND,4.0,win,4.0,win,,False,True,True
ed552a61b89741cfbea99b85e86d485efe46eb04644574d8fe237afc02063ce0,nfl,player_receiving_yards,Cooper Kupp,Over,20.5,win,46.0,2026_03_SEA_WAS,46.0,win,46.0,win,,False,True,True
5196fe0cae9249e4eba5a41b8936a3558574dab9d3a32176884d892195960478,nfl,player_rushing_yards,Emanuel Wilson,Under,28.5,win,14.0,2026_03_SEA_WAS,14.0,win,14.0,win,,False,True,True
32c715e8c9b74f9cfb9ea5b5214942ea064107b9dcd45744547595e695aca384,nfl,player_receiving_yards,Garrett Wilson,Under,61.5,loss,107.0,2026_03_NYJ_DET,107.0,loss,107.0,loss,,False,True,True
2e926f59d87c2306b5b89a307c5744e6424d5203918297799f93472fb6c82fa7,nfl,player_passing_yards,Jameis Winston,Over,195.5,loss,118.0,2026_03_TEN_NYG,118.0,loss,118.0,loss,,False,True,True
00f5c39bc0e9096b4dd060514a7358d66cb8ebfc99c3831e60abf1b2e2627030,nfl,player_receptions,RJ Harvey,Over,2.5,win,6.0,2026_03_LA_DEN,6.0,win,6.0,win,,False,True,True
4059c46a5e70298097b773fa260dee2a25704b3cbdbb82f76a327827d298113e,nfl,player_receiving_yards,Tory Horton,Over,0.5,win,48.0,2026_03_SEA_WAS,48.0,win,48.0,win,,False,True,True
30e62f0e6a162274072f6ee7c221dd9f9fa2a4b932ea172d0632248037d7960d,nfl,player_rushing_yards,Saquon Barkley,Under,70.5,loss,82.0,2026_03_PHI_CHI,82.0,loss,82.0,loss,,False,True,True
f4103dc877e7da825effba429d94d9def780d60c41789453c348b562954710fc,nfl,player_rushing_yards,Tony Pollard,Under,48.5,loss,74.0,2026_03_TEN_NYG,74.0,loss,74.0,loss,,False,True,True
20516a2b305a753fbed8d0f6773b88755e8e122a090d7d0d3f8be9a288531b46,nfl,player_receiving_yards,Kyren Williams,Under,11.5,loss,70.0,2026_03_LA_DEN,70.0,loss,70.0,loss,,False,True,True
ee5d8546108cd7aef047ced624b413bbb51e3c15ef78292f649bdf7d209e6ba1,nfl,player_rushing_yards,Braelon Allen,Under,16.5,win,14.0,2026_03_NYJ_DET,14.0,win,14.0,win,,False,True,True
43bb70764c583714c051cf123e7c1a2f064ac3da5c4c662edfaeb11eb75c879d,nfl,player_receiving_yards,Harold Fannin Jr.,Over,39.5,win,51.0,2026_03_CAR_CLE,51.0,win,51.0,win,,False,True,True
798ed27795d307a7302f97fbd9da9bbc9d9cda4231106fb51be998c33b415aa5,nfl,spreads,,Away,2.0,loss,6.0,2026_03_LA_DEN,6.0,loss,6.0,loss,,False,True,True
8a92a33558bc018ff5f70d78ee5cb07188a76b4cbe5dc3acbd114a8f6202c2f7,nfl,player_receptions,Chuba Hubbard,Under,1.5,loss,4.0,2026_03_CAR_CLE,4.0,loss,4.0,loss,,False,True,True
11dde2123562d966f536bb0c335ec777585498c7d33a8274d9a6987ea335178c,nfl,player_receptions,Dalton Schultz (HOU),Over,5.5,loss,3.0,2026_03_HOU_IND,3.0,loss,3.0,loss,,False,True,True
bb025e23bbe74e10024f244f18c8c3cd96992cff79215467535728b74f7ff753,nfl,player_receptions,Christian McCaffrey,Under,4.5,win,4.0,2026_03_ARI_SF,4.0,win,4.0,win,,False,True,True
7ce1360bc6a4e82bcf056428cd8a27eea084503dfea68b8422e7e52fec63b399,nfl,atd,George Kittle,Yes,0.5,win,2.0,2026_03_ARI_SF,2.0,win,1.0,win,0.0,False,True,True
6aaf6fd49cfcb2b6c982549b44bd212497390b44f12fb19d1132cf04f1299b4e,nfl,player_receptions,Emanuel Wilson,Over,0.5,loss,0.0,2026_03_SEA_WAS,0.0,loss,0.0,loss,,False,True,True
053d24b417538b73ec904e1eb04127abf7ffffc96bfaf2088b1b5e60e7c5032f,nfl,player_receiving_yards,Jalen Coker,Under,24.5,win,18.0,2026_03_CAR_CLE,18.0,win,18.0,win,,False,True,True
5914a3405b1ff5b2ca4bd643a0f56a458cf67a72e316fb8719a85990f2cf395b,nfl,atd,Ladd McConkey,Yes,0.5,loss,0.0,2026_03_LAC_BUF,0.0,loss,0.0,loss,0.0,False,True,True
dde14c52d191eab33589f79ebad5554e931f6a1b03c676710c85ffac60fce8f6,nfl,atd,Patrick Mahomes,Yes,0.5,loss,0.0,2026_03_KC_MIA,0.0,loss,0.0,loss,0.0,False,True,True
d350af75f268c27f93028dbe7429251684b98b1966d6ddaca05387243776c5c1,nfl,atd,Raheim Sanders,Yes,0.5,loss,0.0,2026_03_CAR_CLE,0.0,loss,0.0,loss,0.0,False,True,True
1beb1ae8eb656fb3f2a1da05291ac60a21308d8b7468997a1d607bab9fb63174,nfl,atd,Baker Mayfield,Yes,0.5,loss,0.0,2026_03_MIN_TB,0.0,loss,0.0,loss,0.0,False,True,True
960012bfb07f3dc849dc7da3772dc89bb16775edd2850de871d57372aaa5bb0c,nfl,atd,Roman Wilson,Yes,0.5,win,1.0,2026_03_CIN_PIT,1.0,win,1.0,win,0.0,False,True,True
36b3957dbeb6c2b11987f58db07a71c0458d161b2d8384bf0a7e97439b3fa8dc,nfl,atd,Mo Alie-Cox,Yes,0.5,loss,0.0,2026_03_HOU_IND,0.0,loss,0.0,loss,0.0,False,True,True
fcbccfb0ed7f9b4e4e0f395079b51e8d0238852453b1972d90bd8925fa543c09,nfl,atd,Jaylin Lane,Yes,0.5,loss,0.0,2026_03_SEA_WAS,0.0,loss,0.0,loss,0.0,False,True,True
86488c6efa6cf3522444694ce70d95576ad90a7282ce122829aa755280890de7,ncaa,totals,,Over,49.5,loss,20.0,401862785,20.0,loss,,,,False,True,
48cbb5a75fdf5d5f6550c76a3e6327d2e71a454dc3e4d6cfe4a4809881d84700,ncaa,totals,,Under,55.0,loss,61.0,401858465,61.0,loss,,,,False,True,
bb1697a556ba556eb074ab140f96de7d48c9fa07b8fd26e15dc1498cc96b9b00,ncaa,spreads,,Home,18.5,win,10.5,401862785,10.5,win,,,,False,True,
a78a148898a760809f2b324ddb184584b444d5e1d59026d81f0cd7336218c872,ncaa,spreads,,Away,2.0,loss,19.0,401864510,19.0,loss,,,,False,True,
7eb89d4863e589864e60f7f6fb0c9e2c7c184ea167aa39b009e7c7328ee6175a,ncaa,totals,,Over,49.5,win,61.0,401858240,61.0,win,,,,False,True,
9f058751c00496f6cce8d8a2cdab47bb21c58d90212ebba10b3c79ad88a41b5a,ncaa,totals,,Over,47.0,win,48.0,401856816,48.0,win,,,,False,True,
e6630a6b71633f40b5536bf377e0cbac63735fbe6dd75649ee14c0dcdcf0a1d5,ncaa,spreads,,Away,3.0,loss,10.0,401858240,10.0,loss,,,,False,True,
f4c9637a9221aa56d2477878d688558df67489b6e9adf1c1ba4e95ac67b6d75d,ncaa,spreads,,Away,-9.5,loss,0.5,401856813,0.5,loss,,,,False,True,
7372c2878f56155a58595f0a3701368fde863cb64f952c78be84c84ba7d9fe47,ncaa,totals,,Over,50.0,win,69.0,401864509,69.0,win,,,,False,True,
e9115ff1194226f98599173822a2a5645bd7ff05d0bceca2ec71a8f7f6708832,ncaa,totals,,Over,47.5,win,60.0,401864579,60.0,win,,,,False,True,
9acb2afeb1be9a7925f414b0fe7b4c10b22322eaf5a653f98ed121ffd0a9c70c,ncaa,totals,,Over,51.5,loss,45.0,401861970,45.0,loss,,,,False,True,
e247bbe42e790f1b140779b735fcc9f45ad1191442d395f05bf1357642a5131a,ncaa,totals,,Under,55.5,loss,63.0,401856805,63.0,loss,,,,False,True,
0f91c40549c3ca9fae13aba65f40e55d2384c533865e57c0540e6ed9bc0e9c8e,ncaa,totals,,Over,47.0,win,48.0,401856816,48.0,win,,,,False,True,
9b4fe4abd6f28f4174b89fa7b26b4e9cd0bb1c29274b004dbf4d835223bb99c9,ncaa,totals,,Over,49.5,win,61.0,401858240,61.0,win,,,,False,True,
bb95ee3bfa9fe805d73b25f22a0ccc43abcf0cd6fe0ec67b788685d8959f39a9,ncaa,totals,,Under,50.0,win,39.0,401860897,39.0,win,,,,False,True,
ac26690d5f1e825b5cb7174dad068efebb92927815498df49060414365281d57,ncaa,totals,,Under,54.5,loss,67.0,401856696,67.0,loss,,,,False,True,
e1863b13c960dd19301fabc40b193c2054564d892f456fad06c15a110f06f0f7,ncaa,totals,,Over,54.5,loss,37.0,401856704,37.0,loss,,,,False,True,
6153a401d9bddf6f5c9911748a07302ef141a4cde9175e5be7b2cd96c005d3c1,ncaa,totals,,Over,52.0,loss,45.0,401858239,45.0,loss,,,,False,True,
ebd7311f889ed53964ba73d43f149d1b8cc8ed1d64a1799e0cb7aec77135fa2b,ncaa,totals,,Under,58.0,win,57.0,401858243,57.0,win,,,,False,True,
ee856366391dc68f58a8a0e9e06ae12841f8fd4cb4afedf61caefbb3c2dd0070,ncaa,totals,,Under,55.0,loss,61.0,401858465,61.0,loss,,,,False,True,
65d2a015839ae04ca670c4895f6a2cb9104bc3f204b00af55b394ee819a1fff9,ncaa,h2h,,Away,0.0,win,-4.0,401858466,-4.0,win,,,,False,True,
fae8a59bfd080765cec7e8da3ba84f464b902deeff360c41a8fa89a2e7324e43,ncaa,spreads,,Away,3.0,loss,10.0,401858240,10.0,loss,,,,False,True,
b7f530078acdb7e3cdfd3a6d2924a9cd441d189fff97c7cc5f3f871a611227e9,ncaa,spreads,,Away,2.0,loss,19.0,401864510,19.0,loss,,,,False,True,
369cc65b43fed48cd250552c182f371751f482d455645ecfef316c18ccd2ea0f,ncaa,totals,,Under,59.5,loss,80.0,401856699,80.0,loss,,,,False,True,
5191a29dd466d858c3f1ff08669b53d3dd47f18835e927380fd8fac01ac8f5fe,ncaa,totals,,Under,55.5,win,40.0,401860895,40.0,win,,,,False,True,
a4013be32d2720dfb3f76db874cde20168341d38167811736848ed79e1d1da8e,ncaa,totals,,Over,50.0,win,69.0,401864509,69.0,win,,,,False,True,
8700f09bc1c10251154167952d4ce8cac15796f4050f756495cdf4d76b0264d4,ncaa,totals,,Under,58.5,win,55.0,401856703,55.0,win,,,,False,True,
020eb4bfd2a1ce4088f67f449bf919fe738cca02531bc3ee320b2a7d51d12a94,ncaa,totals,,Over,51.0,loss,36.0,401871048,36.0,loss,,,,False,True,
198db212d56a5d085a29359cc9d73a59cbe9720c2de6e9d4dceccdb37fc15a37,ncaa,totals,,Over,43.5,loss,37.0,401864510,37.0,loss,,,,False,True,
45d19a6c38c002670ac0f2caa52c16add69a1b0b49bd632be2476e8854de5445,ncaa,totals,,Under,56.5,loss,57.0,401858462,57.0,loss,,,,False,True,
6f0b0cdc711e4ce894c0cfe5a7660d68d5d36b7bfe53f377d90d46b644606cc2,ncaa,totals,,Over,52.5,loss,48.0,401864512,48.0,loss,,,,False,True,
e824cb2f91548ba7a52d32829b7b7900bb7dbcc6a33acc85dc771bdf0a222003,ncaa,spreads,,Home,27.5,loss,-11.5,401858467,-11.5,loss,,,,False,True,
78235a3854c839a4725331d540a30048d8fcaf3775914356ec394dea94261dc3,ncaa,totals,,Under,58.0,loss,104.0,401860896,104.0,loss,,,,False,True,
89ea9df0a4b10ac5a518dc727773dbb70fde775b1e3a39701af850228f9735c2,ncaa,totals,,Over,47.5,win,60.0,401864579,60.0,win,,,,False,True,
e9c31c92361abcf5d72fcb134b6e414d34904c41e76b45f35849d69a76c2fd97,ncaa,totals,,Over,50.5,loss,39.0,401866425,39.0,loss,,,,False,True,
141b35d79bca5c66afe203bc459374c695d76345d9c649af5c8f8800d1e16525,ncaa,totals,,Over,55.5,loss,36.0,401856813,36.0,loss,,,,False,True,
d9fc5f162afda7d488bbcfa9dd90ee620fecd26097c18d51bc3322c3f018b4af,ncaa,totals,,Under,52.0,win,41.0,401856702,41.0,win,,,,False,True,
72c55228b8b9fbe496f02c58242bd3f4fdeb695fc2969e99554500863813a1d0,ncaa,totals,,Under,56.0,win,36.0,401856698,36.0,win,,,,False,True,
db615561a3f47bf1e47d5854874c2b6876478484b8dda4e84dcb0fae73bca156,ncaa,totals,,Over,46.5,win,51.0,401858470,51.0,win,,,,False,True,
3235b418b437204e7ce0ef32543a7c2c37f79fc6bcf35695fd8b17cbea1a2b07,ncaa,spreads,,Away,-13.5,loss,0.5,401860891,0.5,loss,,,,False,True,
f20a86f8bee6c99d04399c8e50a3465afc970227f262d7214f796bbe3f721eb0,ncaa,spreads,,Away,3.0,loss,11.0,401856815,11.0,loss,,,,False,True,
1568a1ed906567cb74dfb4c77ecc21b14db1764cda7b8247d42f2350c956f3de,ncaa,totals,,Over,48.0,loss,34.0,401856815,34.0,loss,,,,False,True,
452620dac37dc8685fe689583112706e3bd041391f0f2021dfb4c1905a76f449,ncaa,spreads,,Away,5.5,win,-12.5,401858464,-12.5,win,,,,False,True,
68ee7735b68258412bbab7a51c0a809cf4b2f1b92f8bc249e7ba4aa0e371d3a6,ncaa,h2h,,Home,0.0,win,8.0,401856815,8.0,win,,,,False,True,
3ff022f45e8865e28cd286727d996e1bf63c77d42fbd661c83e1eb8c1fe21524,ncaa,h2h,,Away,0.0,loss,10.0,401858241,10.0,loss,,,,False,True,
909e0af8a988af4a6c54e43cf5a4107a044e614c98efcce3fb05cff1ca627d8e,ncaa,h2h,,Away,0.0,loss,35.0,401856805,35.0,loss,,,,False,True,
158876579df1716cf3360206c828b6a70801013da64bf102f3b10cacd3dbccc4,ncaa,h2h,,Away,0.0,loss,24.0,401864576,24.0,loss,,,,False,True,
776b5abd4dc9caca88ce5c1e5fab6c9aa15a7af85f02d9e4289b7aa8602bba25,ncaa,h2h,,Away,0.0,loss,23.0,401858465,23.0,loss,,,,False,True,
6522d3738aaffa1ea9531d236c59fc34e48f2f2969c8fe6db4e933ee0f39958c,ncaa,h2h,,Away,0.0,loss,39.0,401858239,39.0,loss,,,,False,True,
90a0a39d3cd20c99791531d68abb3332230ad9cde6e0da32f7e9526da59a10b8,ncaa,h2h,,Away,0.0,loss,3.0,401862784,3.0,loss,,,,False,True,
fb885b1d5005fbb1d87682fd623084260efdc5120b64aee4274927c226341d0e,ncaa,h2h,,Home,0.0,loss,-14.0,401856806,-14.0,loss,,,,False,True,
2327ac7f677e00d010ca9bf218b7f197294d31512920755a8d42c7a360287cc0,ncaa,h2h,,Home,0.0,loss,-7.0,401858242,-7.0,loss,,,,False,True,
f32d1f4047f4f559e068decbf56b46cd163c746dacdbcc62ce44629e3ed0f116,ncaa,h2h,,Away,0.0,loss,6.0,401856698,6.0,loss,,,,False,True,
d5178a08d67da061ce9c8307670b63dda547e1ffb3c6849c753972478d1aa442,ncaa,h2h,,Away,0.0,win,-3.0,401858243,-3.0,win,,,,False,True,
e963638226d7e82e3744aad0fc43c11c9748fb8c99e4a19b6fd19c92d4170e0f,ncaa,h2h,,Away,0.0,loss,21.0,401864511,21.0,loss,,,,False,True,
071f044ac2bc94686c1d5eaff72ec358b1a9ef73eb2fac832a762fd91c60cd14,ncaa,h2h,,Home,0.0,loss,-26.0,401860895,-26.0,loss,,,,False,True,
722ec6fbc2b2e9a5226dcc12c17142a27946f6ab36366777d221fa079d495a4b,ncaa,h2h,,Away,0.0,loss,29.0,401856702,29.0,loss,,,,False,True,
3f59b19ce223158643d5df0b499232cd22e221bdb1c548197e19fc51cf2a17c4,ncaa,h2h,,Away,0.0,loss,28.0,401856700,28.0,loss,,,,False,True,
3951c6a3be3b97d480c00dbd7a6afb31e1e05f981eebb0da4cc37eb1052de7c4,ncaa,h2h,,Away,0.0,loss,14.0,401860896,14.0,loss,,,,False,True,
d590660f04f0521c7c8aab3897170c43ba0906992fd5f348ad1ac197b4b3d80f,ncaa,h2h,,Away,0.0,loss,31.0,401856696,31.0,loss,,,,False,True,
4c1958f0541c74f3054eadca9636275a842f810b8ef219adef163131574208ee,ncaa,h2h,,Home,0.0,loss,-8.0,401862785,-8.0,loss,,,,False,True,
c53bc511f250926578ab3e1194570c285b465f2e1f338f398f475efe3ab988d8,ncaa,h2h,,Away,0.0,loss,28.0,401856697,28.0,loss,,,,False,True,
86a27d69bd02fa90fd3096b33664c20571a6bda2ac362c4c43907211731c86b8,ncaa,h2h,,Home,0.0,loss,-28.0,401864512,-28.0,loss,,,,False,True,
5456d94b396b82cf407600c54170f670c140ded9b222c99b947dbb74c1425b22,ncaa,h2h,,Away,0.0,loss,7.0,401856703,7.0,loss,,,,False,True,
c288505facffec4c88a9fa89c14a0e6793b6ad2c9a6e8a1b1a5a139e7fac9c9a,ncaa,h2h,,Home,0.0,loss,-39.0,401858467,-39.0,loss,,,,False,True,
b34d9fe57fabf7ea7e541c5a1b8e8388e89bdacf0d09a82af9b004cdc62c4f84,ncaa,h2h,,Away,0.0,loss,24.0,401856699,24.0,loss,,,,False,True,
d7b41a64356146c90921d4f46666f379376730875972331be286aae8837702b0,ncaa,spreads,,Away,-34.5,loss,0.5,401856805,0.5,loss,,,,False,True,
4883e4d2e898ae3210e6adcf2636fb85f16ae62e6a3b6c14ca1481a427180af4,ncaa,h2h,,Away,0.0,loss,10.0,401871048,10.0,loss,,,,False,True,
8a2544b815f4e9cac3c5e9dc91623add2d58166100d1a68bf8f5f3de75f764a3,ncaa,spreads,,Away,-10.0,win,-4.0,401856698,-4.0,win,,,,False,True,
e0ddb0710001b9ddf83b92f99d2df4807150c5659745f4291c8488ed107f93a3,ncaa,h2h,,Home,0.0,loss,-10.0,401856804,-10.0,loss,,,,False,True,
baab05f6127c15ef2af412a6d9b2267fc7e50e42daf4c93b2b1605016145c79f,ncaa,h2h,,Home,0.0,loss,-25.0,401860897,-25.0,loss,,,,False,True,
3af3790800f85f4987608280251005009167258247459b8d84436a906ee3e394,ncaa,spreads,,Away,-20.0,loss,19.0,401858239,19.0,loss,,,,False,True,
0beddb120c0a252a71da9ffee10646d91279f23ec820d6f9e6a303c815c6c5cf,ncaa,h2h,,Home,0.0,loss,-24.0,401864579,-24.0,loss,,,,False,True,
d850d3b39470438ed1c10b8b99d96ec495c6e52dd5cc4dd311cb1135fd6e8f7a,ncaa,h2h,,Away,0.0,loss,10.0,401856813,10.0,loss,,,,False,True,
e6ce116766765dab6080d825ce087986fd21290257858381a4b1ce5be0a24b87,ncaa,h2h,,Away,0.0,win,-3.0,401858470,-3.0,win,,,,False,True,
d7fef42a36ac1c955717f159a9838316685c72b6b62b98f3c2eca1265e9ab76e,ncaa,spreads,,Home,14.5,win,7.5,401858242,7.5,win,,,,False,True,
b5f7ed4ad2e1f23cef404f9f623e6766cd3a0e321bea1cca9730d3c252962141,ncaa,spreads,,Away,-4.0,loss,20.0,401856699,20.0,loss,,,,False,True,
4e23be5244e6287e0b02ba43b6174fcdd0c5c1191277cbdef5de9cbf1dc395e5,ncaa,spreads,,Away,-7.0,loss,21.0,401856697,21.0,loss,,,,False,True,
2328376e46ad3404e2e1011326e11669bbbf862d8e0265b09ccd26f48e6b825d,ncaa,totals,,Under,59.5,win,58.0,401858241,58.0,win,,,,False,True,
4a247e97305ec77d0593684a01dc28f5b2815ad7235990ff2249c5871b43543d,ncaa,h2h,,Away,0.0,loss,3.0,401861970,3.0,loss,,,,False,True,
e4f5a346ab06e55e383a034d067c9bf89010e3e4c7dac4e6c8022fb87f5a7f0a,ncaa,h2h,,Home,0.0,loss,-3.0,401856704,-3.0,loss,,,,False,True,
a005fe371423a3f25f1ae29e05ca1a2d4b2389fbb536257bc48946c04d6feea6,ncaa,spreads,,Away,-6.0,loss,1.0,401856703,1.0,loss,,,,False,True,
66c845a5c0a7a2d07be81a16184d8c84f4b2d626c42c5c1f251a20f1ab67bf8c,ncaa,totals,,Under,50.5,loss,57.0,401860893,57.0,loss,,,,False,True,
cedac7b0f460fb837cbe710f341e49d51e350d1082c116ddb3023613bd94d9be,ncaa,totals,,Over,45.5,loss,35.0,401858242,35.0,loss,,,,False,True,
a779ec923daa9cceacbc9e62e275c9cb864e68202866174b3048cfd9a3afa3cc,ncaa,totals,,Over,44.5,win,66.0,401869961,66.0,win,,,,False,True,
9a787b1ddabc87b1c57fd441b701110b60d46ad4a8ebd979d0d0607817d009b7,ncaa,spreads,,Away,-14.0,loss,14.0,401856700,14.0,loss,,,,False,True,
912268c20501a3355433fb9ec8b95bae9e983daa399e9d726f28243c287824b3,ncaa,totals,,Over,49.5,loss,20.0,401862785,20.0,loss,,,,False,True,
89165c2d0dfee508649ddbd79430b1ed65f4d5c487503487251f29916da131c0,ncaa,h2h,,Away,0.0,loss,14.0,401860891,14.0,loss,,,,False,True,
95c160077019583ac613ed1cbbb512db938a6de34cfe5aa08a967f08ed5fe591,ncaa,totals,,Under,60.5,loss,68.0,401858469,68.0,loss,,,,False,True,
b170e2a60ed37a535065572bd0b67eec12005c86e359c5ce48e0dcc1dfc03147,ncaa,h2h,,Home,0.0,loss,-27.0,401862780,-27.0,loss,,,,False,True,
82543812ba524a0f747061dd006b6ad160aa99cfcbde0c2539410e7e854218eb,ncaa,totals,,Under,56.5,win,49.0,401864511,49.0,win,,,,False,True,
db8664e1e8c0911438a45260e50c79215dd470f4434068611ab073c7d2b91755,ncaa,h2h,,Home,0.0,loss,-14.0,401858469,-14.0,loss,,,,False,True,
c7ef291e2a8e02a8c2d59c1041668c009beda23c574ff257cffba99837fbea7d,ncaa,spreads,,Away,-14.0,refund,0.0,401860896,0.0,refund,,,,False,True,
b9c2f98db9681f162e5bb7ccd3eddd28557ba0f9bffc3370ae39975164122d64,ncaa,totals,,Over,49.0,loss,41.0,401862780,41.0,loss,,,,False,True,
feb3b48d3a87e4f934f17743155e159a4459e2f5d1e1c1846b0cde97745b285d,ncaa,totals,,Over,44.5,win,62.0,401860891,62.0,win,,,,False,True,
873d66a69a676b075aeecfb0f4dced3d688207ddcb574ea966f1c5bc4e867eff,ncaa,h2h,,Away,0.0,loss,11.0,401860894,11.0,loss,,,,False,True,
7de3a7be3275879ba97fbce276349d467b79936d17936d51ca3fe000d0ac8017,ncaa,spreads,,Away,-3.0,refund,0.0,401861970,0.0,refund,,,,False,True,
0927ba00293182388a4f3685b1cd7b5258fe52ea858f17b87df9e5d0a5b820b5,ncaa,totals,,Over,47.0,loss,31.0,401860894,31.0,loss,,,,False,True,
d784420b304206c1a45eeddfd04e1d02e0c880152f8554a1649aa1d77f3ea4e7,ncaa,spreads,,Away,-7.5,loss,2.5,401871048,2.5,loss,,,,False,True,
83ec63fc0325b6264ae9b1b0476039bc6afab12acefea3208cb2f5822cc6febd,ncaa,totals,,Over,38.5,win,39.0,401858463,39.0,win,,,,False,True,
c8e939a6ee077b437fa7b44d8b6681c4c5099ffd8bd29280649b92430ce5d443,ncaa,spreads,,Home,13.5,loss,-14.5,401864512,-14.5,loss,,,,False,True,
e1e0c75617f451a916e46081b051a50bc39f3f694b5bb3fcffa32319150d7e87,ncaa,spreads,,Home,7.5,loss,-17.5,401860897,-17.5,loss,,,,False,True,
8e7ee0a0681254d2b0a75cf60632aa9d58aa0e16f49dfcf536e9e57f53748245,ncaa,spreads,,Away,-8.5,loss,20.5,401856702,20.5,loss,,,,False,True,
fbc387623ec3da118658855e43fa14822cf7f1e1b5553ed1f7f5f600cc0fc829,ncaa,spreads,,Home,5.0,win,2.0,401856704,2.0,win,,,,False,True,
d074429f236bfcd855883adc331932fd1f5533ec8abdb8005c8a5bccb3ad8aae,ncaa,h2h,,Away,0.0,loss,17.0,401864510,17.0,loss,,,,False,True,
3a7e39ba4ecebf163127bad489518f4df9fe3f3771150f1da939fa94b1b4bd6e,ncaa,spreads,,Home,6.0,win,3.0,401864509,3.0,win,,,,False,True,
8ec842ae51eca350aa1febe5ab9eddb9434d2407c57911d79f5e73791d45b4b0,ncaa,spreads,,Away,-3.0,loss,8.0,401860894,8.0,loss,,,,False,True,
ad9a1519f579f75285cf46737084c42a3f7ac63f181286f1270f4011762c2da3,ncaa,spreads,,Home,18.5,win,10.5,401862785,10.5,win,,,,False,True,
2673931747338e9827e0b271d9b3809ef7d39e0d17a120f45694b65e6ae0b7e5,ncaa,totals,,Over,49.0,loss,44.0,401858464,44.0,loss,,,,False,True,
807d838afd4007afe45bfed9fbe1ff4251574e83a5624cb4067c3905ed118cfe,ncaa,spreads,,Home,6.0,win,11.0,401856814,11.0,win,,,,False,True,
eb402dee541f4213ad88e3a0d72f73981fd84af8cf27c847119b33c5ac1c4f68,ncaa,spreads,,Home,10.5,win,0.5,401856804,0.5,win,,,,False,True,
9e4c590a8641f7f5a486015a8306bac5d2638d403be27216e0fdd13a8ba613ce,ncaa,spreads,,Away,-9.5,loss,0.5,401856813,0.5,loss,,,,False,True,
2967bbf4beb40750781090f328e2cab764910196b1c8887f99a9a6a337eff45d,ncaa,spreads,,Home,3.5,loss,-10.5,401858469,-10.5,loss,,,,False,True,
e36062641c5c2e212697e1fd5c2510ee47626fb1ce358b3b35672c997080c26b,ncaa,h2h,,Away,0.0,loss,13.0,401866425,13.0,loss,,,,False,True,
d91168e20725c0e1b0f40cdc6de733cbd58a6b49f18feb5aa131f74018714346,ncaa,h2h,,Away,0.0,loss,7.0,401858240,7.0,loss,,,,False,True,
6035f2e1c16665403b7923522b84b64c15b9b8123ee4c4476d95b16b34c517c3,ncaa,spreads,,Away,-3.0,loss,10.0,401866425,10.0,loss,,,,False,True,
ec642b73d56435dd30719d92a11a2d6746e30cbf848251c99112ea289714c127,ncaa,spreads,,Away,-10.5,win,-13.5,401858470,-13.5,win,,,,False,True,
cbcca30ad5346cc99c2080760e84f9c3f376aa183fa45d669bb4087b44e800f2,ncaa,totals,,Under,57.0,loss,59.0,401858467,59.0,loss,,,,False,True,
ecc10e8826be4d00703a18c0ed0f96d17ad9376c73b7fe6643e31a829b921009,ncaa,totals,,Over,43.5,win,44.0,401858466,44.0,win,,,,False,True,
7222506e9698dfcbf032c590e5a9df9c33cefc98a3df053e9a0129ccf9e34e45,ncaa,spreads,,Home,11.5,loss,-12.5,401864579,-12.5,loss,,,,False,True,
013bb7c5b72db3daebd3badd6a14fa62863f2d75d455d293be38f92dbe9cc899,ncaa,totals,,Over,55.0,win,57.0,401856814,57.0,win,,,,False,True,
9d737f79c79d748eff258316f3ace12320f35d6f33db0cac9b89197769a54ecc,ncaa,totals,,Under,53.0,win,31.0,401869931,31.0,win,,,,False,True,
0f61a26553ee6dce6a6d554ef8faac6a57acdb2fd496a0105a0a1eda61be24b1,ncaa,spreads,,Home,3.5,win,11.5,401856815,11.5,win,,,,False,True,
6be7899c30379798b0af2532a0539f6dce6e645866b8d3a033fbf19f2d5d0697,ncaa,totals,,Over,44.0,win,54.0,401856700,54.0,win,,,,False,True,
482f99e2d42e76b624f0feb1f1c0e98221db96ba5e14dc65d1149f383eb96bb6,ncaa,totals,,Over,54.0,win,66.0,401864576,66.0,win,,,,False,True,
19fdc70d94e07d0dee7a052fd17be0adf5d42ef655a0d1f447de2ad600aa8d8c,ncaa,totals,,Over,56.0,win,70.0,401856806,70.0,win,,,,False,True,
ec47afa98d4f37fae0f3bc7afa7a3f75f02e4a7d86cf6b11a83bdade72bb8389,ncaa,totals,,Under,56.0,loss,70.0,401856806,70.0,loss,,,,False,True,
43c45aae5367881e52e3d2657df98ff7c175b52e49fc10f8ed5ac55ee2b560a6,ncaa,h2h,,Home,0.0,loss,-51.0,401858462,-51.0,loss,,,,False,True,
0f32644df2432f774d23e9d417a01528dc7354d83f0ed223b58de8dda0d0d14a,ncaa,spreads,,Home,-10.0,loss,-14.0,401858466,-14.0,loss,,,,False,True,
88bd4047345176b9352e5c9f9c307dba79ed4ba7f59f8c9531a4e6e9cd262a73,ncaa,totals,,Under,44.0,loss,54.0,401856700,54.0,loss,,,,False,True,
421f9833760c4eab061a0444510241c3ac7b9ca5777110c53658d3e39f40def7,ncaa,totals,,Under,55.5,loss,57.0,401856814,57.0,loss,,,,False,True,
bbf5e5b33e2df451bac0cbed28667586d980c9acef544a48afcf6bb153f8b082,ncaa,totals,,Over,47.5,win,58.0,401856804,58.0,win,,,,False,True,
722215541efd4bf27350a06e986a7159760f6d35b568c2190bee0bdce5b1d7f0,ncaa,h2h,,Away,0.0,loss,25.0,401860893,25.0,loss,,,,False,True,
dfe313fa62b93bf1331e778c66506d8c15b8041d0bb9d868a12d1ceb9a49491c,ncaa,totals,,Over,53.0,loss,31.0,401869931,31.0,loss,,,,False,True,
aca44b865ddf17de20a162217add42e0194ca8ca2b1a3ad7eb4bb76ee2e0ea91,ncaa,totals,,Under,48.0,win,34.0,401856815,34.0,win,,,,False,True,
7758951d76075ee68ca698688d24b25484e9dd0f43a04dac09806039e3cd988e,ncaa,totals,,Under,46.5,loss,51.0,401858470,51.0,loss,,,,False,True,
f7651171f5153d37afc8010e5ffc663e71a77e2b3f2f19736ee45c3a826a5f50,ncaa,totals,,Over,52.0,loss,41.0,401856702,41.0,loss,,,,False,True,
5666af0b283b88fd446fc618aa9e291cfab0cf45a73f32146202d71e2ccf7409,ncaa,totals,,Over,55.5,loss,36.0,401856698,36.0,loss,,,,False,True,
38ac42ffa8ca566fffa8e79f9966a49c1e53450e11523034df4f74ddd77b7bf9,ncaa,totals,,Under,55.5,win,36.0,401856813,36.0,win,,,,False,True,
aa4f3214f800df1030ee90ec09123ae7a369341727e8a0ea60706acbd12ca868,ncaa,h2h,,Away,0.0,win,-17.0,401856881,-17.0,win,,,,False,True,
1be0877e9a4a8c334312aeb899f251b7788efccf0b3797365fc42c5ce14558c8,ncaa,spreads,,Home,-12.5,win,1.5,401860891,1.5,win,,,,False,True,
cba4ca99ddf867c440166cad752aede599a2e26a5105654bbf7c831d61ec6f8f,ncaa,totals,,Under,44.0,refund,44.0,401858466,44.0,refund,,,,False,True,
dd76536c80f960a52b0ed21f8cf8519685fd55951885cf0f7d6233fb3991f7d8,ncaa,spreads,,Home,6.0,loss,-12.0,401858464,-12.0,loss,,,,False,True,
a74bfbc4ae29258e129a663cd42c95fb015909966fc01590962fd7f50ccc499b,ncaa,totals,,Over,57.0,win,59.0,401858467,59.0,win,,,,False,True,
124e26d613da79208d8d5e21233c1f90243a4b560c93df93f470fbd584e10a22,ncaa,totals,,Over,57.5,win,104.0,401860896,104.0,win,,,,False,True,
9cf9562b44a28c53f26268468bb77ed574a9f6cd33f2882d7ef4c689951b4884,ncaa,totals,,Under,48.5,loss,60.0,401864579,60.0,loss,,,,False,True,
38820158e0cb6e613fb85b7f5c7b3c176e399f9cebb6c6da09caf23fc8103898,ncaa,spreads,,Home,-2.5,win,10.5,401866425,10.5,win,,,,False,True,
1dc80a9083cb62b8f5da93d1abe276369ff5b97afc646cf95d5ba31407a7c146,ncaa,totals,,Under,52.5,win,48.0,401864512,48.0,win,,,,False,True,
87a7387f7e769a97482a4e87238449419ea6ea315af1128bd88db4aa618f34a8,ncaa,totals,,Under,51.5,win,36.0,401871048,36.0,win,,,,False,True,
e8781ec6e23b2de976fd83185d7d1e0a827d122f8db9f8922a0ec6d9144f002a,ncaa,totals,,Over,55.5,win,57.0,401858462,57.0,win,,,,False,True,
d25e9d21e70fc45fbd557e6c9187568c72f56cd9b99727e4cdc17231fed0687c,ncaa,totals,,Over,58.0,loss,55.0,401856703,55.0,loss,,,,False,True,
c826efe9ea673097887ad638a3782fb424eefab3d9f06c1e9649d00b8805014e,ncaa,totals,,Under,44.0,win,37.0,401864510,37.0,win,,,,False,True,
573896e80130254327773dc6a49272fb6424e09c70cef44ff170b5c542efe527,ncaa,totals,,Under,50.5,loss,69.0,401864509,69.0,loss,,,,False,True,
482d250592c69542ca3caa223c7fa1f99ac75d0a9be6a572b829dd8dbe6e0e88,ncaa,totals,,Under,49.0,win,44.0,401858464,44.0,win,,,,False,True,
12c6a189a82d0daa7f811d4caf2ccc2b8640da8e66590893b70d0d073a3105ca,ncaa,totals,,Over,59.5,win,80.0,401856699,80.0,win,,,,False,True,
23452dcc07fda953b9e6c3593362e086a1d87667d0e0f090aa247ced74e14f13,ncaa,h2h,,Home,0.0,win,7.0,401858240,7.0,win,,,,False,True,
70f4d2c5a8133aea04e3cd1f5df7f97e937d15918e7d4923756e462be56a327a,ncaa,totals,,Under,48.0,refund,48.0,401856816,48.0,refund,,,,False,True,
c2c8c5482f34f6e8d4df3acc9b76065f5a7229f9b056c7b0b3d61c711b341d4c,ncaa,totals,,Over,55.5,loss,40.0,401860895,40.0,loss,,,,False,True,
606bb656c5321ece9d4c3a285e5886acedc6104707702025f39c281921c819b6,ncaa,totals,,Over,53.5,win,67.0,401856696,67.0,win,,,,False,True,
8fe4ba536fc76b48563448ec3e52a8206728f4bca1012ffbcf61702545d93602,ncaa,totals,,Over,54.0,win,61.0,401858465,61.0,win,,,,False,True,
88be5c52d26e5865ae383f855d894cbe4bf261f4a574df417fb02ebe0d9472e8,ncaa,h2h,,Home,0.0,win,11.0,401860894,11.0,win,,,,False,True,
3f8b0722019adcec872876c5c3ce16736e6f6e143ab4460bba8cd7a292fc0e45,ncaa,spreads,,Home,3.5,win,10.5,401858240,10.5,win,,,,False,True,
973a19a5b2f1c2ee5b27e10863d268a77e3ed5e8714976f7a8cf0a7c00a2b4e4,ncaa,spreads,,Away,18.0,loss,10.0,401862785,10.0,loss,,,,False,True,
143bbeda81616f34e12c7ecfb63529d5430a134078a389bbf00970fbda6c855f,ncaa,totals,,Over,49.5,loss,39.0,401860897,39.0,loss,,,,False,True,
990a7ef310af39c8d095cd2e398d81602e2f3ee951fc41b6451b80b07e0c4bea,ncaa,totals,,Under,55.0,win,37.0,401856704,37.0,win,,,,False,True,
ab3995105cb7db2a52d5c787c6e21d33b92ac789776529dc984c90b15fea06da,ncaa,h2h,,Home,0.0,win,28.0,401856700,28.0,win,,,,False,True,
91a31d8582fe23b05a14597dae4b95594b8e63ddc866ef84c82ccfe95a762b01,ncaa,totals,,Under,47.5,loss,61.0,401858240,61.0,loss,,,,False,True,
fdb28b1c4dd8a22db680c8faae62c2b0b1ac9a678b8fc899b7a341965ac1fa47,ncaa,totals,,Under,39.0,refund,39.0,401858463,39.0,refund,,,,False,True,
b58179026d377718bd8ba3a825ce4cbda1570225f59401933cabce6ceddc69bb,ncaa,totals,,Over,56.0,win,63.0,401856805,63.0,win,,,,False,True,
3331943cfebcfb597266ed6df9256f89c63e8565375184535a85f2f549b0c6c4,ncaa,totals,,Under,47.0,win,31.0,401860894,31.0,win,,,,False,True,
3ae510e3775e4b61a3466a83af46fdbfd7d684a66c734f5c82a9ed4a86fcbcc0,ncaa,totals,,Under,48.5,win,41.0,401862780,41.0,win,,,,False,True,
377f3ce4b000a3f93eea81805e84b8ca75d59a67d68cb9f8a23b01e962ceee77,ncaa,h2h,,Home,0.0,win,17.0,401864510,17.0,win,,,,False,True,
0c82642e81f997170fc215c7d8937de66f0d02c0b7cb35ab83ae9fa51b427559,ncaa,totals,,Over,55.5,loss,49.0,401864511,49.0,loss,,,,False,True,
e96224897c7a40b67f40b353f1200f58304240a7741a9892d0634aeca50dac53,ncaa,totals,,Under,52.0,win,45.0,401861970,45.0,win,,,,False,True,
3964da5dbd445bada52acfa8dcb12be8d743236790191cbf74233750920a08ea,ncaa,spreads,,Home,-3.0,refund,0.0,401861970,0.0,refund,,,,False,True,
3b4760206aba130cf19167aec57c44426119e52e42febb2134faab4afb3ef2d5,ncaa,h2h,,Home,0.0,win,3.0,401861970,3.0,win,,,,False,True,
1392bb953cfe172e0b7413922be1efc312e797989f1ceb3d22c3128b2b11b296,ncaa,h2h,,Home,0.0,win,29.0,401856702,29.0,win,,,,False,True,
e4a32be3e83f924b377ed205e8fad8d1345b534e6b52b64c6d0394661da5340a,ncaa,totals,,Under,49.0,win,20.0,401862785,20.0,win,,,,False,True,
08cd92c8bc9789e1fc6ec6345ac7a2edbf4c5b8183ca2e199fd2ef54d3d905df,ncaa,totals,,Over,60.5,win,68.0,401858469,68.0,win,,,,False,True,
bffaae39347972ead3387031dc81c80aae3894a81d9daeba9bcd6b8cabc17e1f,ncaa,spreads,,Home,-14.0,refund,0.0,401860896,0.0,refund,,,,False,True,
74a9e37bc82b0e7e41b8bbb2b8243fec5be70f70f95b502eae3edbce640722b7,ncaa,totals,,Under,46.0,win,35.0,401858242,35.0,win,,,,False,True,
046c1a53c63a52109c92161a547ee32d235a7fe4df294088fd5c3669b64f6c0f,ncaa,totals,,Under,51.0,win,40.0,401856697,40.0,win,,,,False,True,
6a30fdd32e1dab4f0a62544e128dd11cb584b1c6f5a3076cceaa1a84451550d2,ncaa,totals,,Under,44.5,loss,66.0,401869961,66.0,loss,,,,False,True,
5c14c54c73c3ccd050a01707e751930dd61b14ac66b4bc0011ba12d06d97fbb9,ncaa,totals,,Over,49.5,win,57.0,401860893,57.0,win,,,,False,True,
35a93d525557e1894d0fb9961f59dcd98b5363977d8f91910c925353b025f3e1,ncaa,totals,,Over,60.5,win,65.0,401856881,65.0,win,,,,False,True,
40da67ebfd28798b964fd13991c0b86132bfc971bd8cede68c2894eacbd362c4,ncaa,spreads,,Home,-5.5,loss,-6.5,401858463,-6.5,loss,,,,False,True,
e3aa67c02d45426fe0546b03231026be5f69fc29a05c4861f1c9545d2a253510,ncaa,h2h,,Home,0.0,win,24.0,401856699,24.0,win,,,,False,True,
2b64488d7ee3e7c12ecfb2973184a514953ddab727f6edb857418e723c1f93a3,ncaa,totals,,Over,60.0,loss,58.0,401858241,58.0,loss,,,,False,True,
7f06c6ac2780b777b15f38e1bf9f28b9308d193697d9f54d18860e2c000ae5b3,ncaa,spreads,,Home,-3.5,win,20.5,401856699,20.5,win,,,,False,True,
d65c4b175ba7a66a990298d6d2407452c68c9b38d254c0f556d214dd1fe5cc57,ncaa,spreads,,Home,-6.0,loss,-3.0,401869931,-3.0,loss,,,,False,True,
6c75874ca0052a4d8658a9360fa958ba0a9d4eec34949994e40f592652f68490,ncaa,spreads,,Away,14.0,loss,7.0,401858242,7.0,loss,,,,False,True,
b66a910c3ef7a9b97ab6a9e1edde113395b98499cad9ca75a5c65df06ba44b72,ncaa,spreads,,Home,-12.0,loss,-15.0,401858243,-15.0,loss,,,,False,True,
33f53bb401c0943bf11f4335ec16faa0d40a6119f201a8e0ccb37d7f76a88c0a,ncaa,spreads,,Home,-17.5,loss,-14.5,401862784,-14.5,loss,,,,False,True,
bd70d722c52e88be2f108e50921d2c122940bf1f5e3f6afb9056a3efd8821309,ncaa,spreads,,Home,-33.0,loss,-23.0,401858241,-23.0,loss,,,,False,True,
ece08989c5091d0fe94313002e136563fd6e1929cc43e4d8c59bdeef0901f2d9,ncaa,spreads,,Away,-34.5,win,-24.5,401858241,-24.5,win,,,,False,True,
67df79492b3005f3d09b7e7e737c985bd038b3206ec5f0061639e4a57e8469d3,ncaa,h2h,,Away,0.0,loss,3.0,401869931,3.0,loss,,,,False,True,
a617fa117bf92666000400cc5e9b8c8c7b780e5dc8d466dcd9b0bf805b2ab894,ncaa,spreads,,Away,-21.0,loss,3.0,401864576,3.0,loss,,,,False,True,
a554d9da97f279bb6665b62ea23ec222a6b953d1a815dcd541665168de01925b,ncaa,h2h,,Away,0.0,win,-1.0,401858463,-1.0,win,,,,False,True,
84bbda2d8d7e004a2693998a53737162bb80cb4cdc4ba3d30377dbe55042d08a,ncaa,spreads,,Away,-18.5,win,-15.5,401862784,-15.5,win,,,,False,True,
9cc1c47f3509e83cb09e662b6a60a756ee34ae6a8b7e2a68c5a1291f9ac76be6,ncaa,spreads,,Away,-26.5,win,-3.5,401858465,-3.5,win,,,,False,True,
c345d72350f8fe11f94541d17323d68ff54931dce67c4c1118fa9f7e19a61fdf,ncaa,spreads,,Away,-12.0,win,-15.0,401858243,-15.0,win,,,,False,True,
95747ba18ee9a1f80468e031403218d8273ec0f4da994b872bd5ac9bd0cbf568,ncaa,h2h,,Home,0.0,loss,-3.0,401864509,-3.0,loss,,,,False,True,
9215f03994a397e5622eb28881139c4aef7440de6629912d5748f6a276cd631b,ncaa,spreads,,Home,17.5,win,3.5,401856806,3.5,win,,,,False,True,
ebf9dd88815f87aea36bb2e3bb1df579dc55493286b87f8bb9cf8a8b9e206954,ncaa,spreads,,Away,-10.0,loss,11.0,401864511,11.0,loss,,,,False,True,
f6128cfbf4e97888a1481020099f9799e6ec793e1970f468f3999c8c9f379e6b,ncaa,spreads,,Home,11.5,loss,-14.5,401860895,-14.5,loss,,,,False,True,
5e74f589c928c2340b14b571bab524b39b8b518919bd90fb73c396dd6c3fed91,ncaa,spreads,,Away,-6.5,win,-3.5,401869931,-3.5,win,,,,False,True,
3b40a32d55faab6dd85a78e5500adc770498202220693da9b49a3e3cc31c7857,ncaa,totals,,Under,61.0,loss,65.0,401856881,65.0,loss,,,,False,True,
ee5e87bd232f0eb2223def8dc0fe2396578d988d19a661dbbc09a9e58176f070,ncaa,totals,,Over,50.5,loss,40.0,401856697,40.0,loss,,,,False,True,
9d9e3a36b1e0349d83d3f2ccd2c4c31a50cd4232f40711b5add0529dcccf93ba,ncaa,h2h,,Home,0.0,win,5.0,401856814,5.0,win,,,,False,True,
0852dcbe64b98461cb2638c527de27a492469f3f252055d8f14a8c05b95783d3,ncaa,spreads,,Away,-5.5,win,-6.5,401858463,-6.5,win,,,,False,True,
2c0ac356e970f14a5db21475f87d6a06a85ee44381d2b6c65d854abac36a50ea,ncaa,spreads,,Away,-12.0,loss,19.0,401856696,19.0,loss,,,,False,True,
b47eb42e4261ecfb0378ab6eb1424c21c077cc9c9aa4c096404565ab22551394,ncaa,h2h,,Home,0.0,loss,-14.0,401856816,-14.0,loss,,,,False,True,
23c50e9858e6a62c50da4358be1d50baf8fae8347cfed9d4ed9cd00accdbea17,ncaa,h2h,,Home,0.0,loss,-17.0,401856881,-17.0,loss,,,,False,True,
dd70704f6ee8611935a2f2e3dc0020e76ce99561641f6395d132ed61ea88cb03,ncaa,totals,,Under,48.5,loss,58.0,401856804,58.0,loss,,,,False,True,
172f7c7ccc0428a1d856f25682b4f398afe1856975075d7c02b8a47fdf2199b2,ncaa,spreads,,Home,10.0,loss,-17.0,401862780,-17.0,loss,,,,False,True,
241724dc75fa414d537c9e1553b594bc4ea7e33e2e16a71aa6e84ddca01be4cc,ncaa,totals,,Over,52.5,loss,45.0,401862784,45.0,loss,,,,False,True,
3362847d6dfe0d75eb51e04712bd10ec3c7a4b43d5a2dc110d37269503116919,ncaa,h2h,,Home,0.0,loss,-26.0,401869961,-26.0,loss,,,,False,True,
b2397601183b1e01767f4ecf6ab14bc4ac23c1c9703ee7195d1b6e9b56835672,ncaa,spreads,,Home,1.5,loss,-49.5,401858462,-49.5,loss,,,,False,True,
6edc19ea8147e3a5320a5ea6013661ca6b2940fa2d045c34cc0ab96e8f5ab994,ncaa,spreads,,Away,6.0,win,-20.0,401869961,-20.0,win,,,,False,True,
3296b0871ffcc7d5a9bec965cecba5f37bccf14ecd695b0d08acfc91992b78c2,ncaa,spreads,,Home,7.5,loss,-6.5,401856816,-6.5,loss,,,,False,True,
924d3606dd6fa17682647470d32135f7c4357488240a64a1d0fcc6b2d4c7eec2,ncaa,spreads,,Home,-2.0,loss,-19.0,401856881,-19.0,loss,,,,False,True,
439a7907d5f309bbcb25dfb42a03f161eb69d0cb92f7ddcd443c06b3426620d7,ncaa,spreads,,Home,-3.0,win,22.0,401860893,22.0,win,,,,False,True,
e54fa0aef728bc6145fb88281aa0e0585809e71f1a4b1e64fe7ddab12bc48766,ncaa,h2h,,Home,0.0,win,25.0,401860893,25.0,win,,,,False,True,
85a7ce25149205c58a5c3658aa1a2725ff69c8e4cff27d3398d965bf16fd4119,ncaa,totals,,Under,54.0,loss,66.0,401864576,66.0,loss,,,,False,True,
250702cf4bfceff74afc4b8f24bc0824ec728cf9951181f1f9a8e26fbaeacda6,ncaa,h2h,,Away,0.0,win,-18.0,401858464,-18.0,win,,,,False,True,
586e0e753032a9419a8a4aa3aac93329debb28ae56e021837230c30803815cec,ncaa,h2h,,Home,0.0,loss,-18.0,401858464,-18.0,loss,,,,False,True,
d7b335b2469b1eb5cdd7670a167a33a8ac0fae2898632691332e7d3fc8bbb450,ncaa,spreads,,Away,-3.0,loss,22.0,401860893,22.0,loss,,,,False,True,
c9a796ded8a76a78456c5837211b15f6020175150b682566cc314659f16280d9,ncaa,h2h,,Away,0.0,loss,8.0,401856815,8.0,loss,,,,False,True,
5e9e58e6c9c00e8b7b5b3c4957d8c07fba069a41c1c2072eb1e90a5e764dfcdb,ncaa,spreads,,Away,-10.0,win,-14.0,401858466,-14.0,win,,,,False,True,
1476e33592dfe6f55e06e9b8ebf01459dcac1a27f47f973bba03ac4ebb59d438,ncaa,h2h,,Away,0.0,win,-26.0,401869961,-26.0,win,,,,False,True,
806ea03a5487d02ed9e08613ce35de609a24d3fcd7fa6756aa200ea6e9d986e8,ncaa,h2h,,Away,0.0,win,-51.0,401858462,-51.0,win,,,,False,True,
7f70a77d56a10d7a9366e00b1a948703aab5a01a60ef2de313ac43599d8d4018,ncaa,spreads,,Away,7.5,win,-6.5,401856816,-6.5,win,,,,False,True,
7d223080536a61f2c078e78d05b88838955cade980485ef3a8cf7a5d53c240e0,ncaa,spreads,,Home,6.0,loss,-20.0,401869961,-20.0,loss,,,,False,True,
c5095f85f71f01cc88622102e50ea65914c7fd7a4cdd69ce957c90d027f28a1d,ncaa,spreads,,Away,10.0,win,-17.0,401862780,-17.0,win,,,,False,True,
d4f6ae305e8a4f0209b5a17aee6d04892e543976dbc4af010b477c5628f2dd5b,ncaa,totals,,Under,51.0,win,39.0,401866425,39.0,win,,,,False,True,
5f0ea584a7a2b415dd12c5f66a54c0f03acd1c0c2199cfdb43f11350dd7b151c,ncaa,spreads,,Away,-2.0,win,-19.0,401856881,-19.0,win,,,,False,True,
acb2592c1573fb0f890bb51f36ca3ff325fb027920ee3e0f5689c5b24290436e,ncaa,h2h,,Home,0.0,loss,-4.0,401858466,-4.0,loss,,,,False,True,
51b1d5daf179fbe478474987f2b7c3116ce80288dcc4f1bc7bdcc2b07740989c,ncaa,totals,,Under,52.5,win,45.0,401862784,45.0,win,,,,False,True,
4991c3be39a5592e5993ef9ee69836f21efac5f14088962d3fc6871dc16e7256,ncaa,spreads,,Away,1.5,win,-49.5,401858462,-49.5,win,,,,False,True,
60f0e1ef84a572128867282e094179160046f99872857793c4dbbb94af2357ea,ncaa,spreads,,Away,5.5,win,-8.5,401858469,-8.5,win,,,,False,True,
01640eff7f0d6f6812aec8925817be2c3a7cb66f072839f93a81853d95fdd5ce,ncaa,h2h,,Away,0.0,win,-27.0,401862780,-27.0,win,,,,False,True,
711138f4c7f4514952a1f222553f9aa52fe8b49975d2fb7b09a59e8633e28b25,ncaa,spreads,,Away,11.0,win,-13.0,401864579,-13.0,win,,,,False,True,
8d68c83c5767789812ca5aacbe643217e48a2d2567373785c9ba872a3c62160a,ncaa,h2h,,Away,0.0,win,-14.0,401858469,-14.0,win,,,,False,True,
bd070ee273c6c9fa49c4b6584fe36c16c5fc924cc73106c2f028a09e9fbe16d3,ncaa,h2h,,Away,0.0,win,-14.0,401856816,-14.0,win,,,,False,True,
dce43269f18be313e19c2a9f1e29bb7aed6bb0cb51c9a9fe3dacc52b92f1f8ad,ncaa,h2h,,Home,0.0,win,13.0,401866425,13.0,win,,,,False,True,
7a657d503675105b90d8417b44e2702813261fa28a27e71c04ba0e6f744df417,ncaa,h2h,,Away,0.0,win,-24.0,401864579,-24.0,win,,,,False,True,
e3cadf1bb859d6ec798e25a664dac7da2dccd1e46cd946f3e132b940d3fcfa30,ncaa,spreads,,Home,-10.0,loss,-13.0,401858470,-13.0,loss,,,,False,True,
8e1a3cb32657d4012287e341573da0398836ef05f2e960c8ceb3652aea8f1927,ncaa,h2h,,Home,0.0,loss,-3.0,401858470,-3.0,loss,,,,False,True,
5bbf849b34b72262d7175a0bd40564bd53aa3660188a5364096cfd08e6909e02,ncaa,spreads,,Away,27.5,win,-11.5,401858467,-11.5,win,,,,False,True,
9602f0b61d59583df1a2f187b799be098ae6ab1f9853a0c6341858d8f869e0c3,ncaa,h2h,,Home,0.0,win,10.0,401856813,10.0,win,,,,False,True,
100376dc867469267146317e134c8b75f507c12fce3b9efafdef263609b49479,ncaa,totals,,Over,57.5,loss,57.0,401858243,57.0,loss,,,,False,True,
d8eb665a55b751adf1e08413b79e170d10b9ec5eb44255c0331fb257d6f45432,ncaa,spreads,,Away,5.0,loss,2.0,401856704,2.0,loss,,,,False,True,
b68ec2346bde1dcc57a0bc4bd8656ad8bc131821929c9ba6ef0ec63c6c965a77,ncaa,h2h,,Away,0.0,win,-3.0,401856704,-3.0,win,,,,False,True,
d1d98473b126b4258ebeb2084eb0f873ef91802af489e80d8c0d8c9ab3d8fa1c,ncaa,spreads,,Home,-9.5,win,0.5,401856813,0.5,win,,,,False,True,
0c3319b64f5411ff7a3a01cdaa009cceebea563c9abfd79e33aba7e48cea14f9,ncaa,h2h,,Away,0.0,win,-10.0,401856804,-10.0,win,,,,False,True,
95e23fe919ae2b29d8f113c71a65afe23fa98bcae2bbe01ff8b35a51c93d9a70,ncaa,totals,,Under,52.5,win,45.0,401858239,45.0,win,,,,False,True,
8b9ad1b1e8299f0f50f1af925e9d66e356f3ce8734de410bee880ea01c00c28d,ncaa,spreads,,Home,-3.0,win,8.0,401860894,8.0,win,,,,False,True,
fda65f7075caa53fe091b790a501272f7b2a298c239514d1173e5b14fad78b6b,ncaa,spreads,,Away,10.5,loss,0.5,401856804,0.5,loss,,,,False,True,
edbbc97647f0634542aa21c53d105192f1086340ddb50a415b4b3868842f7930,ncaa,h2h,,Away,0.0,loss,5.0,401856814,5.0,loss,,,,False,True,
f75fe32e95217a3bff0299e29000e634aa6763f6eab8db098d005822702be889,ncaa,spreads,,Away,6.0,loss,11.0,401856814,11.0,loss,,,,False,True,
09e8f8279f2f86e70efd71245664789d7c184283a97aabca4aa0d8dcc1ec7521,ncaa,spreads,,Away,12.5,win,-15.5,401864512,-15.5,win,,,,False,True,
ab01fe8e0232c75d20eae0485d997d6f4f0f9fe34a050d4fa4365e38a91d5a9a,ncaa,spreads,,Home,2.5,win,19.5,401864510,19.5,win,,,,False,True,
2288605fca3a8d3f1209bf50b419fb2bbf8dc1dde1b3f858211571fff2ef6746,ncaa,h2h,,Away,0.0,win,-3.0,401864509,-3.0,win,,,,False,True,
21a7e742611f5c2d34a8113eb67981a5347c9cb85c06c024f8e5b7c5ffc6daae,ncaa,spreads,,Away,5.5,loss,2.5,401864509,2.5,loss,,,,False,True,
055db627b713c0ceb412cdbd538a13c10767eefdc12c30fea1c67bb665fe2cfd,ncaa,spreads,,Away,7.0,win,-18.0,401860897,-18.0,win,,,,False,True,
2097dcd2bad3e10f8d32ee0660ee1bf9280b996b57a3b41910405e7a3121970f,ncaa,h2h,,Away,0.0,win,-25.0,401860897,-25.0,win,,,,False,True,
5dc0aa79c179659fe5b98ae2ce848a35d20de686ff126c1e8d61341fdc8f0be8,ncaa,totals,,Under,44.0,loss,62.0,401860891,62.0,loss,,,,False,True,
96b0c1254d25d31ec5f025a783b7765f05d77287804446a4bd4d82439b084d98,ncaa,h2h,,Home,0.0,win,31.0,401856696,31.0,win,,,,False,True,
efcfcaaefbc3472bfc75215e7b126a05ec047f7fdebc9a2616611e96c1634d10,ncaa,h2h,,Home,0.0,win,10.0,401871048,10.0,win,,,,False,True,
94d7f02ade0f78caa11d1b465a2e961f30860b3db0b71a99411b21a4ac044c69,ncaa,spreads,,Home,-7.0,win,3.0,401871048,3.0,win,,,,False,True,
b01899cff9cbd7240039fe1e54d84a942f47425a8d5719023b4956e330a02adc,ncaa,spreads,,Home,-13.5,win,14.5,401856700,14.5,win,,,,False,True,
b43809bc8bdb207d7df5f9573cf02664f0d39d68c64f42d9f8332ce3c12d0890,ncaa,spreads,,Home,-8.0,win,21.0,401856702,21.0,win,,,,False,True,
5ffff3529365e5f6bec99998a17e5eff0c60eab4a8d67b447e12c1225ba66f57,ncaa,h2h,,Away,0.0,win,-26.0,401860895,-26.0,win,,,,False,True,
dd937a5ea2e9808068784d3a77137272fa09a0c7f506f8340478cf966fae0db4,ncaa,spreads,,Home,-12.5,win,18.5,401856696,18.5,win,,,,False,True,
8cc2b3a5f217cad36211a65fb4342172af7f80bdd2e47b242e4a5137be38db20,ncaa,h2h,,Home,0.0,loss,-3.0,401858243,-3.0,loss,,,,False,True,
ba9707fc9e00016ffcd76e169cbb0c92a6e46be99a2ba8ef47867d0c366ee872,ncaa,h2h,,Home,0.0,loss,-1.0,401858463,-1.0,loss,,,,False,True,
ac757ee7362e60614e0b1d061549276737971e08226e37056e37b02f9575886a,ncaa,h2h,,Home,0.0,win,21.0,401864511,21.0,win,,,,False,True,
f30f24983f5de30c2fb307014fed185686adcdba309cf0289dad023948618cca,ncaa,h2h,,Home,0.0,win,3.0,401869931,3.0,win,,,,False,True,
d7ae084193a69b44deac25996f228553c9e7cacbcb4573a3c2198b3c55ead573,ncaa,h2h,,Home,0.0,win,7.0,401856703,7.0,win,,,,False,True,
3e942c3053e4ed1abe20949f1c6792c166aa2809b0113747781503fcef1dfee2,ncaa,h2h,,Home,0.0,win,28.0,401856697,28.0,win,,,,False,True,
40207890373167cb04547bb6956a180de9ebf49e554db137bd4d1117157801ee,ncaa,spreads,,Home,-5.5,win,1.5,401856703,1.5,win,,,,False,True,
54e21b7f4d5738da2ad1b8c3c1a25f2ae94bd4ac59c0f7a7afc61e4499fafb19,ncaa,spreads,,Away,11.0,win,-15.0,401860895,-15.0,win,,,,False,True,
8e94b77c3a102b992667956f291b3a234c7c57e5067503b84b4d98b340fe0cca,ncaa,spreads,,Home,-7.0,win,21.0,401856697,21.0,win,,,,False,True,
fadff336bf23733fdeaa4c992a07b3092eb27d6cec4176e447daec47b007ced0,ncaa,spreads,,Home,-10.0,win,11.0,401864511,11.0,win,,,,False,True,
57763a376aee185ab15cf56d7ecbb550f9c57d750859adef08cf44830674a9e6,ncaa,spreads,,Away,17.5,loss,3.5,401856806,3.5,loss,,,,False,True,
b385bddd17d774290b0fbe333f0a6168f4a5eafa35125ecd5dc1c65e78e7c02f,ncaa,h2h,,Home,0.0,win,6.0,401856698,6.0,win,,,,False,True,
3ffde27975a1cbb5b4b7e1aae3d9a7022adfc40ce5c3fac4ccad6cfe1e332135,ncaa,spreads,,Home,-26.0,loss,-3.0,401858465,-3.0,loss,,,,False,True,
223529aa04f2f4de6754ba799940b0f0877745944dd6ac4018568f8aea125bd9,ncaa,spreads,,Home,-34.5,win,0.5,401856805,0.5,win,,,,False,True,
107af4f5f25e9d09c6b14996c6b24669a9921287c019afcb7023a6e6bd2e960f,ncaa,spreads,,Home,-19.5,win,19.5,401858239,19.5,win,,,,False,True,
65346c68d569387f052fb807e719f30fdcee848b65a553e0ae342dc8360d5e57,ncaa,spreads,,Home,-9.5,loss,-3.5,401856698,-3.5,loss,,,,False,True,
cde9497c756330ffa7ddbe95c0a31972aabd4e12cd73900fd42fa3fddcd78533,ncaa,spreads,,Home,-20.5,win,3.5,401864576,3.5,win,,,,False,True,
abb0904db537d0fb0f6c95021e50563fea6f76d649e55df70bc6f3c222c3e8ac,nfl,player_rushing_yards,Rachaad White (WAS),Over,9.5,win,35.0,2026_03_SEA_WAS,35.0,win,35.0,win,,False,True,True
be91b4ccdb18aff00eb9692f34eda0b6937a3be85e11b1729aed666807ba81ee,nfl,player_receiving_yards,Garrett Wilson,Under,99.5,loss,107.0,2026_03_NYJ_DET,107.0,loss,107.0,loss,,False,True,True
fb0978819e2063f5a4bff23e4be916b4f8cb1effbfa58b5b795952320f9c84b1,nfl,player_receptions,Adam Trautman,Over,0.5,loss,0.0,2026_03_LA_DEN,0.0,loss,,,,True,True,
9623262268edd25d484dbceacd2beddca6ce8a82304c0149ada9790fed2e64fb,nfl,player_receptions,Garrett Wilson,Under,6.5,loss,10.0,2026_03_NYJ_DET,10.0,loss,10.0,loss,,False,True,True
9b18beaa214b5a30ff35b8a166e21e63bab6186694d33c9ee38c80a4b3eb0990,nfl,player_receptions,Rashid Shaheed,Under,2.5,win,2.0,2026_03_SEA_WAS,2.0,win,2.0,win,,False,True,True
7a64cdf59e0c0e90b1673c74da15bebb57344fb9236edcf42da5d08b64d610c2,nfl,player_passing_tds,Sam Darnold,Under,1.5,loss,4.0,2026_03_SEA_WAS,4.0,loss,4.0,loss,,False,True,True
5d556e932d9a5a1afd8a1f4113fbcef5b46dcdc877b45385fc6cef18fee3ab0d,nfl,player_rushing_yards,Tank Bigsby,Over,10.5,loss,0.0,2026_03_PHI_CHI,0.0,loss,0.0,loss,,False,True,True
fef04bd81780047adb991fbf69a3a01631eb8bf46fb91431ab17460a46015c73,nfl,player_receiving_yards,Brenton Strange,Over,30.5,win,32.0,2026_03_NE_JAX,32.0,win,32.0,win,,False,True,True
c96d2112778947436f0ea304a5fc2951561555f7c6ba1c443266a47bfe6335c1,nfl,player_rushing_yards,Justin Herbert,Over,20.5,loss,17.0,2026_03_LAC_BUF,17.0,loss,17.0,loss,,False,True,True
d2e438fc117bcbd44bd41ff7b87ede376ab2b986ca86a53cef3af2853c847482,nfl,player_receptions,Daniel Bellinger,Over,0.5,win,2.0,2026_03_TEN_NYG,2.0,win,2.0,win,,False,True,True
b347113384d96221c07db0bed031907a1f6ffbd7087caec5ca0620594f06f76d,nfl,player_receiving_yards,Rashee Rice,Over,47.5,win,88.0,2026_03_KC_MIA,88.0,win,88.0,win,,False,True,True
4d69c8df63b46ba4537bd522c0431516afd02385573da7e9244b2db97b6638d4,nfl,player_receiving_yards,Jared Wayne,Under,15.5,loss,20.0,2026_03_HOU_IND,20.0,loss,20.0,loss,,False,True,True
3f36150093e4572f0ef7b7edc32166a74363be778974d530ba84432955544ee0,nfl,player_receiving_yards,Jaylen Waddle,Under,60.5,win,10.0,2026_03_LA_DEN,10.0,win,10.0,win,,False,True,True
d84f804fa8c5987596e42c7e939fbe167242ba2e018ddc82b5e170edc30df6c7,nfl,player_passing_yards,Drake Maye,Over,223.5,loss,199.0,2026_03_NE_JAX,199.0,loss,199.0,loss,,False,True,True
3d7bec33d28dbfbc18b476346993c054783373824ed79a0269b598c3c55203cc,nfl,player_passing_yards,Deshaun Watson,Under,187.5,win,144.0,2026_03_CAR_CLE,144.0,win,144.0,win,,False,True,True
4b36e443e72a753f2747465ec6421c0a32d0e7f32f165cc5c431d7bf32b6348f,nfl,player_rushing_yards,Tony Pollard,Under,57.5,loss,74.0,2026_03_TEN_NYG,74.0,loss,74.0,loss,,False,True,True
f966d8c36877f558bc88a11768d97f39842a6b760f0087aa57cb212b0abbfe22,nfl,player_receiving_yards,Luther Burden,Over,34.5,win,61.0,2026_03_PHI_CHI,61.0,win,61.0,win,,False,True,True
c7b3d738536b447d23543711bb59540beaf65839e0007e22280f4f6f35d76451,nfl,player_receiving_yards,Brenton Strange,Over,31.5,win,32.0,2026_03_NE_JAX,32.0,win,32.0,win,,False,True,True
e08360fca28c38ff8c9a66c27e80fb250e3452d2ab196d6e345bd99842e2283b,nfl,player_passing_yards,Sam Darnold,Under,221.5,loss,379.0,2026_03_SEA_WAS,379.0,loss,379.0,loss,,False,True,True
f2474f054985802ff654a8cc3a6b6d6a734fe1c2c0e97f2c66ba3ee81439cc28,nfl,player_rushing_yards,Drake Maye,Under,26.5,win,18.0,2026_03_NE_JAX,18.0,win,18.0,win,,False,True,True
612690b94b1ca4cf4908016596b2125561e6056eab95b76986a6ba6387dade88,nfl,player_receiving_yards,Quinshon Judkins,Under,14.5,win,9.0,2026_03_CAR_CLE,9.0,win,9.0,win,,False,True,True
e3883aa9864ed0a3ce03a18e36d4e3b3bb6c810e1688e1d30e12aa33df186c04,nfl,player_receiving_yards,Keenan Allen,Under,32.5,loss,63.0,2026_03_HOU_IND,63.0,loss,63.0,loss,,False,True,True
b9729fbdcc102dbf9aa0d8f377e2adfe49942df872ec3a5ed944c48f56fa826d,nfl,player_passing_yards,Justin Herbert,Under,226.5,win,226.0,2026_03_LAC_BUF,226.0,win,226.0,win,,False,True,True
b8dfb6ba92053fd68a1405710e3cb4836f64d22898723a8c38154bfb940f487c,nfl,player_receiving_yards,Xavier Worthy,Under,38.5,win,20.0,2026_03_KC_MIA,20.0,win,20.0,win,,False,True,True
a6e430d204aa15dc677e2319da9c9b25fe4ff5762de56107783951504181faa7,nfl,player_receiving_yards,Quinshon Judkins,Under,13.5,win,9.0,2026_03_CAR_CLE,9.0,win,9.0,win,,False,True,True
7f2c2415390a32c21c32bb25e77d50c53249649dfecb98e82b485c4c7ec0bc4c,nfl,player_receiving_yards,AJ Barner,Over,20.5,win,69.0,2026_03_SEA_WAS,69.0,win,69.0,win,,False,True,True
666d79ad979b6eb181a9671dcb88cf91134d7d5896fe281e80750ccb647ccfdf,nfl,player_rushing_yards,Cam Skattebo,Under,56.5,loss,60.0,2026_03_TEN_NYG,60.0,loss,60.0,loss,,False,True,True
21189bf85f8016f2712bfd7f99613d0595183cb796adaf0402522f99d6743a99,nfl,totals,,Over,41.5,loss,34.0,2026_03_PHI_CHI,34.0,loss,34.0,loss,,False,True,True
22643fafe72f9e692e5ce83bf1062bcefd32eaa8ce4aed890cba61811493c12c,nfl,player_receiving_yards,Noah Fant,Over,12.5,win,33.0,2026_03_LV_NO,33.0,win,33.0,win,,False,True,True
834afb5e2e6ae777cdebdc5ffbd56e29114566d1773ab1ac5059f1e457a64af0,nfl,spreads,,Away,1.0,loss,3.0,2026_03_HOU_IND,3.0,loss,3.0,loss,,False,True,True
edbdd1c3ea2c31651a8931e183d47c34d56aa1421f5d7c698db8d38e120e4fbc,nfl,player_rushing_yards,Rhamondre Stevenson,Over,34.5,loss,22.0,2026_03_NE_JAX,22.0,loss,22.0,loss,,False,True,True
a29fe23a3b3c60769238700215a38b301a055782feb34531ae2e52b34142b4f6,nfl,player_receiving_yards,Malik Nabers,Over,52.5,loss,26.0,2026_03_TEN_NYG,26.0,loss,26.0,loss,,False,True,True
beccd5a465c38a95e57d990326b79691ab8fba1fec5c2b3997428a8b88c311e9,nfl,player_passing_yards,Cam Ward,Under,178.5,loss,181.0,2026_03_TEN_NYG,181.0,loss,181.0,loss,,False,True,True
3bcf91926a5223eeaad90754b41b4d0698b2f7f9bae13562ffa584d33c083581,nfl,player_receiving_yards,Jack Bech,Over,14.5,loss,0.0,2026_03_LV_NO,0.0,loss,,,,True,True,
623e5de0dedac7e79aa028ef2d2cfa627cfeccb6b9b67aeac5b286ace1d6ef12,nfl,player_receiving_yards,Michael Mayer,Over,19.5,win,32.0,2026_03_LV_NO,32.0,win,32.0,win,,False,True,True
33e8c6cb6282efd5ffe4859bb4335d00efe3397be49cde9ca983f279271b1394,nfl,player_receiving_yards,Daniel Bellinger,Over,4.5,win,16.0,2026_03_TEN_NYG,16.0,win,16.0,win,,False,True,True
e6978e270797f829d048e61d45d04ed597b6282d336cc4c02b9705fab950720d,nfl,player_rushing_yards,Aaron Jones,Under,51.5,loss,58.0,2026_03_MIN_TB,58.0,loss,58.0,loss,,False,True,True
58c8281150d05b1dc827941b3f4e9637870c549b310e44f5b857f2402387cdfd,nfl,player_rushing_yards,Bryce Young,Under,13.5,win,0.0,2026_03_CAR_CLE,0.0,win,0.0,win,,False,True,True
f55baea8664b7ff31d81528ce7445f3c06e5603dbc652573f0b327e2a5a90f8b,nfl,player_receiving_yards,Dalton Schultz,Under,49.5,win,30.0,2026_03_HOU_IND,30.0,win,30.0,win,,False,True,True
7e1fa4a24243252259e3b8339861b5ea039622b9acaf1b7cedb14d0a568c4bd6,nfl,player_receptions,Rachaad White,Under,2.5,win,1.0,2026_03_SEA_WAS,1.0,win,1.0,win,,False,True,True
a86686a035cb03ad5d814939efeb40aaacef99235e18445c2906cc0066368a36,nfl,player_rushing_yards,Saquon Barkley,Under,71.5,loss,82.0,2026_03_PHI_CHI,82.0,loss,82.0,loss,,False,True,True
3da9443ce8b8feff625af1832b7a9bc90129e16a740a861fc55d072d3330fc01,nfl,player_receiving_yards,Malik Nabers,Over,53.5,loss,26.0,2026_03_TEN_NYG,26.0,loss,26.0,loss,,False,True,True
e48019acd77171941ffc47fd2375cd86ea03043b71ba3d56c6cb265ce5786aed,nfl,player_receiving_yards,Adam Trautman,Over,7.5,loss,0.0,2026_03_LA_DEN,0.0,loss,,,,True,True,
f4d0be16b7bf4c75a504f73a19f7b40c7ffcc0a475171628f0bb6ef9152b2513,nfl,player_receiving_yards,Kendrick Bourne,Under,20.5,loss,22.0,2026_03_ARI_SF,22.0,loss,22.0,loss,,False,True,True
3a3975b4e9a7ac941757115c06b6e4e396aed9ec42b90b912810f13995f15090,nfl,player_rushing_yards,Rhamondre Stevenson,Over,35.5,loss,22.0,2026_03_NE_JAX,22.0,loss,22.0,loss,,False,True,True
e3a54630dfdcf445e62a90546dfcdb83fbaaafd49c9d41ad5b9ec0444bb90a8a,nfl,player_receiving_yards,Dalton Schultz,Under,48.5,win,30.0,2026_03_HOU_IND,30.0,win,30.0,win,,False,True,True
efda45580871dcd92ed824cbcb4758aca2c098b895684aba07a419114ad238bc,nfl,player_rushing_yards,Aaron Jones,Under,50.5,loss,58.0,2026_03_MIN_TB,58.0,loss,58.0,loss,,False,True,True
7adb618bc1ff1340a669bc6ac6bb1d0d477032727bc663ea19941896bbf1ea5c,nfl,spreads,,Home,-8.5,loss,-2.5,2026_03_ARI_SF,-2.5,loss,-2.5,loss,,False,True,True
e949663423401b64cc952fe3d8adad50b51b87d3d05add5178b123167d61cc08,nfl,atd,Cam Skattebo,Yes,0.5,loss,0.0,2026_03_TEN_NYG,0.0,loss,0.0,loss,0.0,False,True,True
0ad7708d902e96fda58c254b88210dfc61d3b12307b24532d7da43484618cd77,nfl,player_receiving_yards,Chris Olave,Over,77.5,win,107.0,2026_03_LV_NO,107.0,win,107.0,win,,False,True,True
e567b70bfd8a1abc208cbc2da79138cd0c6abe3f4f9be6a36a2075ffd617a223,nfl,player_receiving_yards,Dalton Kincaid,Under,56.5,win,38.0,2026_03_LAC_BUF,38.0,win,38.0,win,,False,True,True
29299dd872c49012b71b3a6a2bd305d0cf6355de7785085c142ecefd2ac47f6c,nfl,player_rushing_yards,Chase Brown,Over,63.5,loss,61.0,2026_03_CIN_PIT,61.0,loss,61.0,loss,,False,True,True
ce8ada7d5b3aae4d226cf666f3072bf0622422e84db75a4ecd9d484b71cc7653,nfl,player_receptions,Noah Fant,Over,1.5,win,4.0,2026_03_LV_NO,4.0,win,4.0,win,,False,True,True
0ee8f2c3ca5d2a5f4c162ee11adf2dca54c1a2a885e6a3fc3cf6032e98f871c4,nfl,player_rushing_yards,Jonathan Taylor,Under,80.5,win,68.0,2026_03_HOU_IND,68.0,win,68.0,win,,False,True,True
2df168cc6fc08ba62553d9989ee39ede4cb0f04ffd0ba2b619ac3b0c6b644369,nfl,player_rushing_yards,Joe Burrow,Over,4.5,win,13.0,2026_03_CIN_PIT,13.0,win,13.0,win,,False,True,True
e4aad7000f4f3a4cca71349affc30e1061942c2a45427e1870cbf8c86a38f53b,nfl,player_receiving_yards,Samaje Perine,Over,8.5,loss,5.0,2026_03_CIN_PIT,5.0,loss,5.0,loss,,False,True,True
a60fa001174787ea6667254914c3ebd6c5c5bfdfeb8c884d806b433319d93c5a,nfl,player_passing_tds,Patrick Mahomes,Under,1.5,loss,2.0,2026_03_KC_MIA,2.0,loss,2.0,loss,,False,True,True
0bac58e92e2e6e6b6ba88d04254b86e4c90549ee30268c8e1f98c4038f96e3aa,nfl,player_receptions,De'Von Achane,Under,3.5,win,0.0,2026_03_KC_MIA,0.0,win,0.0,win,,False,True,True
f4079c5fe3948d127edb0fec5163c8d0cedcf0c8e8bfd5a535c30765ad110985,nfl,atd,D.J. Moore,Yes,0.5,loss,0.0,2026_03_LAC_BUF,0.0,loss,0.0,loss,0.0,False,True,True
1d1fc37dbd63e5f8b983f97701e08042f48a69eedbb4a237d40b2680a75d2085,nfl,atd,AJ Barner,Yes,0.5,loss,0.0,2026_03_SEA_WAS,0.0,loss,0.0,loss,0.0,False,True,True
97ad276eed4633db453ffb9f546a3aab0fdf8e9f7a8530da1c3d0ef3457dc6f4,nfl,atd,Bryce Young,Yes,0.5,loss,0.0,2026_03_CAR_CLE,0.0,loss,0.0,loss,0.0,False,True,True
742cc99735445e3966a9dd1e9f4bb2c1a23b5e5ef97fdcd1312e5541c66e8ed4,nfl,player_receiving_yards,Elic Ayomanor (TEN),Over,59.5,loss,11.0,2026_03_TEN_NYG,11.0,loss,11.0,loss,,False,True,True
cfdd19a2bd33acbdd87fa3351c439267610dccf12be9dbeac58c5518efc6a8c2,nfl,atd,Aaron Rodgers,Yes,0.5,loss,0.0,2026_03_CIN_PIT,0.0,loss,0.0,loss,0.0,False,True,True
147fb9d1e6ec429bcb6738538e272e222c7a53a7c8dd176444fafb3320eab878,nfl,atd,Ryan Miller,Yes,0.5,loss,0.0,2026_03_KC_MIA,0.0,loss,0.0,loss,0.0,False,True,True
30d0ebe1568e36c44f7cc3168b6581f741dd6b88538655158bd86deaea93a43f,ncaa,spreads,,Away,-12.0,win,-15.0,401858470,-15.0,win,,,,False,True,
bb4274d0418ee1405814f6ce7ac0811af130c38a433fd5f762a515d2dd8e7d56,ncaa,totals,,Over,47.5,win,61.0,401858240,61.0,win,,,,False,True,
d005a53c2b7d1f69f35be0bdef92f0756d3ae9fe588b18c3889f36783ca548de,ncaa,totals,,Under,56.5,win,40.0,401860895,40.0,win,,,,False,True,
3427329dafbbee09bf6acba8c6f5d1bdb5aa3f220dd46217525df19d53cbecda,ncaa,totals,,Over,50.5,win,69.0,401864509,69.0,win,,,,False,True,
ae0c22dda8b1031063322e18b9459f61822a6f7632e7d3b18aa4cdb6bf40d63c,ncaa,totals,,Over,46.0,win,51.0,401858470,51.0,win,,,,False,True,
d69dd620e7748ba64199ab1c55310cf40aa6f3c55a4811114043fbb276dccdae,ncaa,spreads,,Away,-31.5,win,-21.5,401858241,-21.5,win,,,,False,True,
6bbe8a637291a017b7228222127d12b2fba5deee756d3b5b3213e962d1947864,ncaa,spreads,,Away,-12.0,win,-15.0,401858470,-15.0,win,,,,False,True,
b4a7beb966328aec9c9c049b1285b6e025732d37ab82d04f8b82e65dfeb859ea,ncaa,totals,,Under,51.0,loss,69.0,401864509,69.0,loss,,,,False,True,
3ad7eabcda930fd481dc0cb422e7c4403c23bd53866823cf6cd9081e16a16c21,ncaa,totals,,Under,49.0,loss,61.0,401858240,61.0,loss,,,,False,True,
18e3ebbafddb398bb48c1b40cf391df12c004d65ed4bffbe28c64f4d303e8edd,ncaa,spreads,,Home,11.0,loss,-15.0,401860895,-15.0,loss,,,,False,True,
fa4345cdb4712e45ee43dd6cf642c1f3ca6ea0c41ba3bbbb15fb123444b6f3ce,ncaa,spreads,,Away,-12.0,loss,2.0,401860891,2.0,loss,,,,False,True,
a8019fe98ebb4ab823cd7e2a05063771ca63da97d54fe709963d09f6058bfb35,ncaa,spreads,,Home,-12.0,loss,-15.0,401858470,-15.0,loss,,,,False,True,
15dca3dca430deb26393be3ea33ff9542d35e050174dc33116385b3eca3e39b7,ncaa,spreads,,Home,3.0,win,10.0,401858240,10.0,win,,,,False,True,
a975accc7511541fee3751ad246c66210599aff3f21051e5a1e4815a75d06196,ncaa,totals,,Under,43.0,loss,62.0,401860891,62.0,loss,,,,False,True,
ea1c17b0899cae7d6bcd6db72a3adeb6d000d33c92030646807157ff8e0bd129,ncaa,spreads,,Home,-31.5,loss,-21.5,401858241,-21.5,loss,,,,False,True,
2ca1df2ef1931f26601d27f9121d713e7113d9b1589f450bcbad19d513964f98,nfl,player_receiving_yards,Rome Odunze,Over,14.5,win,44.0,2026_03_PHI_CHI,44.0,win,44.0,win,,False,True,True
bfd0a35ba54c33ab5c12c7daa210088da42dd2b846cc8664cf26e4cea1fa0547,nfl,player_receiving_yards,DeVonta Smith,Under,73.5,win,65.0,2026_03_PHI_CHI,65.0,win,65.0,win,,False,True,True
d0924050e2c996f39551de3a9eacbac0d69f6bc1a5890fc3c27cfde98d2d085c,nfl,player_rushing_yards,Kyle Monangai,Over,37.5,loss,31.0,2026_03_PHI_CHI,31.0,loss,31.0,loss,,False,True,True
3b6dfeff78aa9595f2b885c62bfa7b5b09bd1c6237ca6fcdc0ed1986a91dde44,nfl,player_rushing_yards,Kyle Monangai,Over,38.5,loss,31.0,2026_03_PHI_CHI,31.0,loss,31.0,loss,,False,True,True
25d75dc478e05beef293b15c8b56241143f34046860072ae6cd5eb630e56bcc0,nfl,player_receiving_yards,Luther Burden III,Over,35.5,win,61.0,2026_03_PHI_CHI,61.0,win,61.0,win,,False,True,True
c847d2b48268c83f90bb0c2bb6e89d317a6fb2d9a47fff9c032de62487cac766,nfl,player_receiving_yards,Colston Loveland,Over,35.5,loss,31.0,2026_03_PHI_CHI,31.0,loss,31.0,loss,,False,True,True
08d1c2edebfd3e40856e06d93216e22d28c586cb82f72bbda753d829533db87b,nfl,spreads,,Home,4.0,win,24.0,2026_03_PHI_CHI,24.0,win,24.0,win,,False,True,True
6995117735e397ab2fe223f8ad9e1034f26b1cc427808b995222c003fbac1167,nfl,player_receiving_yards,Kalif Raymond,Over,23.5,win,90.0,2026_03_PHI_CHI,90.0,win,90.0,win,,False,True,True
3da5b20513bd3b5dd14d5c84e6591bc17db4300590433806909bd0e47b91bd71,nfl,player_rushing_yards,Saquon Barkley,Under,71.5,loss,82.0,2026_03_PHI_CHI,82.0,loss,82.0,loss,,False,True,True
b3cbc0845e5281d807973fff542face55410623e44ac3dcebb8d504ace212669,nfl,player_receiving_yards,Kyle Monangai,Over,6.5,loss,0.0,2026_03_PHI_CHI,0.0,loss,0.0,loss,,False,True,True
c329efbf2a8fd5060dd1a27bc9c6b3c93cc4ac443a714b6192e86818edbe3eba,nfl,player_receiving_yards,Dontayvion Wicks,Under,24.5,loss,32.0,2026_03_PHI_CHI,32.0,loss,32.0,loss,,False,True,True
0aec4ccff6af4876ae66fb33789563bb9fc80edfea9d9db2665b5bc5ad96de48,nfl,player_receiving_yards,Kalif Raymond,Over,24.5,win,90.0,2026_03_PHI_CHI,90.0,win,90.0,win,,False,True,True
4cd393631320a6fc64cf156c37fb0dc34386a91cbbe4b8f2113c4b67b1681cf7,nfl,player_receptions,Johnny Mundt,Under,2.5,win,1.0,2026_03_PHI_CHI,1.0,win,1.0,win,,False,True,True
4acb0c3bb648f9710ad9e1f6bd163b0575f87cab7db1e196b77e128bd3eb0a07,nfl,player_receiving_yards,Johnny Mundt,Under,19.5,win,4.0,2026_03_PHI_CHI,4.0,win,4.0,win,,False,True,True
c52c7a1856ce2ad188ffcb16852044d9f2141a43c73668e3ff46db7c075f77ea,nfl,player_rushing_yards,Tank Bigsby (JAX),Over,4.5,loss,0.0,2026_03_PHI_CHI,0.0,loss,0.0,loss,,False,True,True
ea0b5859fcfc33e3959164e23d1f55b3ecf1aa203456fb17cff5cda44bb63a8f,nfl,player_receptions,Cole Kmet,Over,0.5,loss,0.0,2026_03_PHI_CHI,0.0,loss,0.0,loss,,False,True,True
cd3605ef4d93e7fd32b49b3faccbabec166add9c6d8e9ac097e9b808817b170b,nfl,player_receptions,DeVonta Smith,Under,6.5,win,6.0,2026_03_PHI_CHI,6.0,win,6.0,win,,False,True,True
5e03d0430cf490d20262d3588ce5f069f5418b1b1d7158981be6fd3f688939d7,nfl,player_receptions,Rome Odunze,Over,1.5,win,3.0,2026_03_PHI_CHI,3.0,win,3.0,win,,False,True,True
fbaa01a10ad5b53e03e52eb9ea41e98da8424c8367c71ff560f0b4e3a832228b,nfl,player_receiving_yards,Colston Loveland,Over,24.5,win,31.0,2026_03_PHI_CHI,31.0,win,31.0,win,,False,True,True
4e38a0562124a05ad2d33079a7b0fb1273a85b60359f11eabd4165950b7c6f9a,nfl,player_receptions,Saquon Barkley,Under,2.5,win,1.0,2026_03_PHI_CHI,1.0,win,1.0,win,,False,True,True
21694ee3814b4f85a64202e4ab4ef8781996a6dba52180de055341733040415a,nfl,player_rushing_yards,Kyle Monangai,Over,38.5,loss,31.0,2026_03_PHI_CHI,31.0,loss,31.0,loss,,False,True,True
041d963f1a5dfb68263cfe6e550a4e105c18d65cad3ca35c78ecf9c64b226e7f,nfl,player_receiving_yards,Saquon Barkley,Under,12.5,win,-2.0,2026_03_PHI_CHI,-2.0,win,-2.0,win,,False,True,True
42b84388162313c7d99eb2cb323974610bb252f4479e978f0ac73db446709dfb,nfl,player_receiving_yards,Luther Burden,Over,36.5,win,61.0,2026_03_PHI_CHI,61.0,win,61.0,win,,False,True,True
ead1ad81da636df1ab63d4c3f396e802da3af80bf6b292de0fa3b82438cb4412,nfl,player_passing_yards,Jalen Hurts,Under,217.5,win,153.0,2026_03_PHI_CHI,153.0,win,153.0,win,,False,True,True
4d2a111a565bfcf57c9b8342a1cc95cab389692b14ef0e41d898fb3cede9a41e,nfl,player_receiving_yards,Luther Burden III,Over,37.5,win,61.0,2026_03_PHI_CHI,61.0,win,61.0,win,,False,True,True
4f88b1c4201a18fdbca0ea37583de1d355c1f097c6672ccb1d1a96da2779aec8,nfl,player_rushing_yards,Jalen Hurts,Under,25.5,win,25.0,2026_03_PHI_CHI,25.0,win,25.0,win,,False,True,True
bbbf709f616d1b8a6d2bc9772ad555f05b7454e05992c4791a544600a763296d,nfl,player_receptions,Rome Odunze,Over,2.5,win,3.0,2026_03_PHI_CHI,3.0,win,3.0,win,,False,True,True
4ab39d0272292603f6718608b03ea8fa479ca571ce8264b87334062f7541ef33,nfl,player_receiving_yards,Will Shipley,Under,1.5,loss,11.0,2026_03_PHI_CHI,11.0,loss,11.0,loss,,False,True,True
fa8ccb16182533b90d271651fe0b6194f9561ed3802c785bab7c1755c816a3d7,nfl,player_rushing_yards,Saquon Barkley,Under,72.5,loss,82.0,2026_03_PHI_CHI,82.0,loss,82.0,loss,,False,True,True
70840984b248fe59db504767752bbdbe9c64ad7ca02bb67c315032f3b61c3714,nfl,player_receptions,Colston Loveland,Over,3.5,win,4.0,2026_03_PHI_CHI,4.0,win,4.0,win,,False,True,True
343fdb6d60a072dee94a9828961fcdf2bc94840055110a000eb0ba14d9fb5fe2,nfl,atd,D'Andre Swift,Yes,0.5,loss,0.0,2026_03_PHI_CHI,0.0,loss,0.0,loss,0.0,False,True,True
8b8827a2dfc86e5047228774e800f0e682b218b6d6f271f8be52dc3e0f768259,nfl,player_receptions,Saquon Barkley,Under,1.5,win,1.0,2026_03_PHI_CHI,1.0,win,1.0,win,,False,True,True
25cf1d85af2ba941bf289bc29f0894c0215471565271676a866bc897c43819ad,nfl,player_receiving_yards,Rome Odunze,Over,25.5,win,44.0,2026_03_PHI_CHI,44.0,win,44.0,win,,False,True,True
32dce306b7b605ace19b7552cb342619e5c5c2e8b6e956b1d075b3a99bb588a3,nfl,player_rushing_yards,Tank Bigsby,Over,11.5,loss,0.0,2026_03_PHI_CHI,0.0,loss,0.0,loss,,False,True,True
70b4fcb30e91832091d33b6c453b65717f64935328c5a6a3a59d5c623843c973,nfl,player_receptions,Colston Loveland,Over,3.5,win,4.0,2026_03_PHI_CHI,4.0,win,4.0,win,,False,True,True
653fcbe0a3513d57e88c5ccabfda009a03060f29ccf5e5558f62d6c4e7e02ea5,nfl,player_receptions,Rome Odunze,Over,2.5,win,3.0,2026_03_PHI_CHI,3.0,win,3.0,win,,False,True,True
8df9146bfeb64d15117a53200017df01c52a81ef2737b835bf9d2ddbc0ffa10f,nfl,player_receiving_yards,Colston Loveland,Over,32.5,loss,31.0,2026_03_PHI_CHI,31.0,loss,31.0,loss,,False,True,True
04b0a1f3a27d772e62781cb375bfe5451e1d0afd86d57963572bd9b13a20914b,nfl,player_rushing_yards,Kyle Monangai,Over,38.5,loss,31.0,2026_03_PHI_CHI,31.0,loss,31.0,loss,,False,True,True
1e34d8411ca881dcc4652e71e637507424afbb36caae72a77afe26c09f1a2e0e,nfl,player_receptions,Saquon Barkley,Under,1.5,win,1.0,2026_03_PHI_CHI,1.0,win,1.0,win,,False,True,True
74756bac9ca1819b64768858753488ae3de3c0e3e4441e1d216289c42cedf487,nfl,spreads,,Home,4.0,win,24.0,2026_03_PHI_CHI,24.0,win,24.0,win,,False,True,True
137cdfe4a4f7f73e90c745859a592f696120ae065d329dcabdb1f7a2f7fb64a4,nfl,player_receiving_yards,Luther Burden,Over,36.5,win,61.0,2026_03_PHI_CHI,61.0,win,61.0,win,,False,True,True
665b63b1af2275ef210ba4ae278962bbdccc7fb974dffd72e8f7beba2af1908f,nfl,player_receiving_yards,Saquon Barkley,Under,12.5,win,-2.0,2026_03_PHI_CHI,-2.0,win,-2.0,win,,False,True,True
78f23efb22f22e468a4a85f4c968b528870d1f94bb14e4deea6a75d504a95457,nfl,atd,Cole Kmet,Yes,0.5,loss,0.0,2026_03_PHI_CHI,0.0,loss,0.0,loss,0.0,False,True,True
113f40777de3b0be9442b2673a4116e3c4c25a46654f0a77556f4ea341f9f6ed,nfl,atd,Kyle Monangai,Yes,0.5,loss,0.0,2026_03_PHI_CHI,0.0,loss,0.0,loss,0.0,False,True,True
3500fc51bd1fc607b54e3173cfdf05d472dc36b9bb2f1c1b05089f07b2748bb2,nfl,player_passing_yards,Jalen Hurts,Under,217.5,win,153.0,2026_03_PHI_CHI,153.0,win,153.0,win,,False,True,True
a77275a4a5e21a83e468cc2652c044d2fb05352d35ae5cb49ad2aec18113a1e0,nfl,player_rushing_yards,Saquon Barkley,Under,70.5,loss,82.0,2026_03_PHI_CHI,82.0,loss,82.0,loss,,False,True,True
20fd196f77a2570f129141f24ce6386e814aa82415f11f6955ac1913346bf7e1,nfl,player_rushing_yards,Jalen Hurts,Under,25.5,win,25.0,2026_03_PHI_CHI,25.0,win,25.0,win,,False,True,True
eba66fb34cd54c9c2463129479064c46be875422dadf70a5ca9865821289798e,nfl,player_receptions,D'Andre Swift,Under,2.5,win,2.0,2026_03_PHI_CHI,2.0,win,2.0,win,,False,True,True
9d0da062eda0b27818ec7fee6d4ce41cbed3c9a0cf1a5cd961487f406f0513c6,nfl,player_receiving_yards,Kyle Monangai,Over,8.5,loss,0.0,2026_03_PHI_CHI,0.0,loss,0.0,loss,,False,True,True
c181af1edd488cd810abf7e3d1a306454a9b22b9f9ed43fee09390436e19e0ba,nfl,player_rushing_yards,Saquon Barkley,Over,72.5,win,82.0,2026_03_PHI_CHI,82.0,win,82.0,win,,False,True,True
5168a120258c7d5cc1f6edf9cdd7ff4763a8abdcec8809228b0b421abfd7f627,nfl,player_receptions,Luther Burden III,Over,3.5,win,7.0,2026_03_PHI_CHI,7.0,win,7.0,win,,False,True,True
722ecfcbc0a774514cf9adc234ebacce410ddd60d4468545d95847588c5bedea,nfl,atd,Jahdae Walker,Yes,0.5,loss,0.0,2026_03_PHI_CHI,0.0,loss,,,,True,True,
ee1c95e823e984de20e50962d9aa0546496bd945fc8441579778b8a87ca8f8bc,nfl,atd,E.J. Jenkins,Yes,0.5,loss,0.0,2026_03_PHI_CHI,0.0,loss,0.0,loss,0.0,False,True,True
0a73116ea0ed9428c84958aa65fc7c7db9cc2f4665af3fd11d330cfc4afbeefb,nfl,atd,Colston Loveland,Yes,0.5,loss,0.0,2026_03_PHI_CHI,0.0,loss,0.0,loss,0.0,False,True,True
f5408614dc8838bff1384c61392eac9f3edb5e11f22a4f908b159849b24f35b8,nfl,player_receiving_yards,Zach Ertz,Over,10.5,loss,9.0,2026_03_PHI_CHI,9.0,loss,9.0,loss,,False,True,True
0e7d2a5f62dd4314943768245ef2c79d4f0e1e138a4f460f1871f8e9566eaaa5,nfl,player_receiving_yards,Johnny Mundt,Under,9.5,win,4.0,2026_03_PHI_CHI,4.0,win,4.0,win,,False,True,True
d0d3d59ded221daa1fcee4c0b36ffe08ef64ef70d16fb3fe86d961f627130ebb,nfl,atd,Tank Bigsby,Yes,0.5,loss,0.0,2026_03_PHI_CHI,0.0,loss,0.0,loss,0.0,False,True,True
ac849902ad21458cae5e215ca49dc3d42cee58a769d364d980a0c78d485d23de,nfl,atd,Elijah Moore,Yes,0.5,loss,0.0,2026_03_PHI_CHI,0.0,loss,,,,True,True,
49eaf30e8ffe88edac04f0659443c880fbdcb3ae72d4f94b456983d632bcbca0,nfl,player_receiving_yards,Dontayvion Wicks,Under,41.5,win,32.0,2026_03_PHI_CHI,32.0,win,32.0,win,,False,True,True
036029523cb678e123bc478588c009df5cb11a4613942590f0687c99f9a98a49,nfl,atd,Zach Ertz,Yes,0.5,loss,0.0,2026_03_PHI_CHI,0.0,loss,0.0,loss,0.0,False,True,True
a259f708cfb9377daeff1a93ab8210beb53d684e8551fdec52371bec8f48dcae,nfl,player_receiving_yards,DeVonta Smith,Under,71.5,win,65.0,2026_03_PHI_CHI,65.0,win,65.0,win,,False,True,True
fdb33af394ab06cee8db18eef384d6c89a7b80de58b02f50960cad2236cfd03a,nfl,player_receptions,DeVonta Smith,Under,5.5,loss,6.0,2026_03_PHI_CHI,6.0,loss,6.0,loss,,False,True,True
4fe54c23131801e3b07f66ef33ed37201f9739c8733d6086d87350b6137f0046,nfl,h2h,,Home,0.0,win,20.0,2026_03_PHI_CHI,20.0,win,20.0,win,,False,True,True
db7d7b6f218b78381055381c5928a164946afdbf6e650ecbc605cddc4bc710cd,nfl,player_receptions,Dontayvion Wicks,Under,3.5,win,2.0,2026_03_PHI_CHI,2.0,win,2.0,win,,False,True,True
08081ff7bcfce540189f51fefe0973fc108b0f98b0808bcce58814aa9b408a6d,nfl,player_receptions,Cole Kmet,Over,1.5,loss,0.0,2026_03_PHI_CHI,0.0,loss,0.0,loss,,False,True,True
670908cd2716b930d37e24413063b0691b372a202020bab70700f378694974bd,nfl,atd,Rome Odunze,Yes,0.5,loss,0.0,2026_03_PHI_CHI,0.0,loss,0.0,loss,0.0,False,True,True
769a58488427ced963f4c38c88f12f59c642ab153c6ae04f60f9071f6eb887aa,nfl,player_receptions,Johnny Mundt,Under,1.5,win,1.0,2026_03_PHI_CHI,1.0,win,1.0,win,,False,True,True
f72aac73f26a46af6f43fe1e139551a61023c576788fe94c4ba3ee75d594e971,nfl,atd,D'Andre Swift,Yes,0.5,loss,0.0,2026_03_PHI_CHI,0.0,loss,0.0,loss,0.0,False,True,True
e3c6725c790b784a81997618d37ad08f3bdfba987dadf2a66b925bafac00b643,nfl,player_passing_tds,Jalen Hurts,Over,1.5,loss,0.0,2026_03_PHI_CHI,0.0,loss,0.0,loss,,False,True,True
1c780848ea401d6d807c2e497d763fd50dd2864d091bf7fc3f1bd0c1ae00b2be,nfl,player_receiving_yards,Kalif Raymond,Over,23.5,win,90.0,2026_03_PHI_CHI,90.0,win,90.0,win,,False,True,True
f0a71eab17a2d1e3f2063e96c49030a75c774001309b56746b5d054c5f11997a,nfl,totals,,Over,41.5,loss,34.0,2026_03_PHI_CHI,34.0,loss,34.0,loss,,False,True,True
3f78b30c10ccda0c4ae7417ab86dcad0874d22d6c83a96270eed8e3570a6158b,nfl,player_receiving_yards,Will Shipley,Under,1.5,loss,11.0,2026_03_PHI_CHI,11.0,loss,11.0,loss,,False,True,True
c16d32c955268554c87b6064bff7db0e09578b800016599fdf3753ba1be24aa4,nfl,player_rushing_yards,D'Andre Swift,Over,61.5,win,84.0,2026_03_PHI_CHI,84.0,win,84.0,win,,False,True,True
780bd3e4bae86ab806a357b0dada3f0286dedc9e9ead4b0f530b776fe6deb7f1,nfl,player_rushing_yards,Jalen Hurts,Over,25.5,loss,25.0,2026_03_PHI_CHI,25.0,loss,25.0,loss,,False,True,True
c3ae297aa1d22599a131e9cacad716f8540dc88d8277a8d67d4fec618a1742b2,nfl,player_receptions,Kalif Raymond,Under,2.5,loss,6.0,2026_03_PHI_CHI,6.0,loss,6.0,loss,,False,True,True
864cb59662860b66382d78622bbebceac8a8f8ccc40cfdd48f2eccbaeff64bfc,nfl,atd,Darius Cooper,Yes,0.5,loss,0.0,2026_03_PHI_CHI,0.0,loss,0.0,loss,0.0,False,True,True
a2057f7d55cea3c36d6906138f5bf83463cc9b344f448e2905bd7499d7b5b46a,nfl,player_receiving_yards,D'Andre Swift,Over,13.5,loss,4.0,2026_03_PHI_CHI,4.0,loss,4.0,loss,,False,True,True
5208661b9aac8a27a58869802dff00f2df2cdb463685ee4c44b0cde88253a8a2,nfl,player_receiving_yards,D'Andre Swift,Under,14.5,win,4.0,2026_03_PHI_CHI,4.0,win,4.0,win,,False,True,True
a9d2f6e8873918b80ab706921c1db2514849bbf7ba08b72ea17dbb0186c65111,nfl,atd,Dontayvion Wicks,Yes,0.5,loss,0.0,2026_03_PHI_CHI,0.0,loss,0.0,loss,0.0,False,True,True
43f4ee2be30ec54a6d21c1d07bddadec14e34e86a1a3c962ba54ff541c470e32,nfl,player_receptions,Luther Burden,Under,3.5,loss,7.0,2026_03_PHI_CHI,7.0,loss,7.0,loss,,False,True,True
ab44e5681f6e7650fa9ec2e90a92b61fbc62dacb4560944ae570cf9ccb7d9744,nfl,player_receptions,Kalif Raymond,Over,2.5,win,6.0,2026_03_PHI_CHI,6.0,win,6.0,win,,False,True,True
7fad8b6d8337f0cba926d12611b225e28730da650309a0a599db0896c9a783e7,nfl,player_receptions,D'Andre Swift,Over,1.5,win,2.0,2026_03_PHI_CHI,2.0,win,2.0,win,,False,True,True
801b5e503802522af278ada3543d31dd4f2dde986149d30c69d0cbd6eb6aa2d8,nfl,player_rushing_yards,D'Andre Swift,Under,61.5,loss,84.0,2026_03_PHI_CHI,84.0,loss,84.0,loss,,False,True,True
8444c0b2777baba47bfe0906961ee94977ae81056a5a00376165e4b6c416ccf7,nfl,player_receiving_yards,Kyle Monangai,Under,8.5,win,0.0,2026_03_PHI_CHI,0.0,win,0.0,win,,False,True,True
2734cd624706957ca581da1324496c5d329cc01dfa9ccfe510db20c155920867,nfl,player_receptions,Kyle Monangai,Over,1.5,loss,0.0,2026_03_PHI_CHI,0.0,loss,0.0,loss,,False,True,True
c96428d1b65bfaea5b4c98ce60668c8fa2bf521ada4165331a5b69ebc264ebe7,nfl,totals,,Under,41.5,win,34.0,2026_03_PHI_CHI,34.0,win,34.0,win,,False,True,True
44b5f0d205a97fdbb896bc7370d61beea6a248d9034462a3b267b9aee7413210,nfl,player_receiving_yards,Kalif Raymond,Under,23.5,loss,90.0,2026_03_PHI_CHI,90.0,loss,90.0,loss,,False,True,True
152897504e521f645862931bbfb137e71763d64f9995481ae41a8f0ef8df2e39,nfl,player_receiving_yards,Luther Burden,Under,34.5,loss,61.0,2026_03_PHI_CHI,61.0,loss,61.0,loss,,False,True,True
a2a9f42ada80db781b8690e06568889a58fd6988810b5bee526a98e1b1945d21,nfl,spreads,,Away,4.0,loss,24.0,2026_03_PHI_CHI,24.0,loss,24.0,loss,,False,True,True
a5d17c721109032e7b8649cbd11400f4f6e3e068177babc0fdac211912a464fc,nfl,h2h,,Away,0.0,loss,20.0,2026_03_PHI_CHI,20.0,loss,20.0,loss,,False,True,True
1b403c07d33ddb9e71b893504d3a44a74a6d332ba255e2d62dddbf255133bce2,nfl,player_receptions,Colston Loveland,Under,3.5,loss,4.0,2026_03_PHI_CHI,4.0,loss,4.0,loss,,False,True,True
bc35c8d5f74ad3abd24b97ee0aaccd704fc10f4c6dbe1465ea1fb44510e5c953,nfl,player_passing_tds,Jalen Hurts,Under,1.5,win,0.0,2026_03_PHI_CHI,0.0,win,0.0,win,,False,True,True
11724166bc65e02400a1fe891a9b9fd65069cfe13412696d50d35bce95437d33,nfl,player_receptions,Rome Odunze,Under,2.5,loss,3.0,2026_03_PHI_CHI,3.0,loss,3.0,loss,,False,True,True
2d570eaaa799645f0bdbae2da2edd1df725cdd62e3c3cf25c8ff1beb2815e2a3,nfl,player_receiving_yards,Saquon Barkley,Over,12.5,loss,-2.0,2026_03_PHI_CHI,-2.0,loss,-2.0,loss,,False,True,True
8fdc7d5e18e34488f5092890cdb33a6937c272a8c9976dcf300cb92dbf50c2b6,nfl,player_rushing_yards,Kyle Monangai,Under,43.5,win,31.0,2026_03_PHI_CHI,31.0,win,31.0,win,,False,True,True
9be217f9f3285517e520634d1afad2bf794b72b09f5174cbddb6ead2a0ce7d6c,nfl,player_receptions,Cole Kmet,Under,1.5,win,0.0,2026_03_PHI_CHI,0.0,win,0.0,win,,False,True,True
b3f6ce6fb5c0e5b8ccf68900a7812b59387fc11091cd3eb7c42274208dda29e3,nfl,atd,Saquon Barkley,Yes,0.5,loss,0.0,2026_03_PHI_CHI,0.0,loss,0.0,loss,0.0,False,True,True
45c837464933c1b942c81392bcba1d91ff60352010a93b3bec4e6b96d75af378,nfl,player_receiving_yards,Colston Loveland,Under,32.5,win,31.0,2026_03_PHI_CHI,31.0,win,31.0,win,,False,True,True
243870ad53ab84e88625eabd72f2adc3dd2f536f5b80897ef3b047754a7fd1b2,nfl,atd,DeVonta Smith,Yes,0.5,loss,0.0,2026_03_PHI_CHI,0.0,loss,0.0,loss,0.0,False,True,True
42505df770a968e47671502ef2f8146d434efe46bb9eb38941458f1d8b1c1405,nfl,player_receptions,Saquon Barkley,Over,1.5,loss,1.0,2026_03_PHI_CHI,1.0,loss,1.0,loss,,False,True,True
324aac1d4d6901d1cecb2852179a4f9ad93d667faa87558454a7b11b77a96ff6,nfl,atd,Jalen Hurts,Yes,0.5,win,1.0,2026_03_PHI_CHI,1.0,win,1.0,win,0.0,False,True,True
e4b5bde5c3e63d60b949520cead0b5fe4eeec88f3d1b8f209f52bddf313b7a6f,nfl,atd,Kalif Raymond,Yes,0.5,win,1.0,2026_03_PHI_CHI,1.0,win,1.0,win,0.0,False,True,True
6b4344d9f4c50ae733d127542c6a80a4892e3faa266139ffc2ed70bebbf2f621,nfl,player_receptions,DeVonta Smith,Over,5.5,win,6.0,2026_03_PHI_CHI,6.0,win,6.0,win,,False,True,True
1aefcca84e87718c4434bf4ac2a907b1940b8921938ea4641c40222026bccd5d,nfl,player_receptions,Johnny Mundt,Over,1.5,loss,1.0,2026_03_PHI_CHI,1.0,loss,1.0,loss,,False,True,True
c2f3d9dd664fa200f7be1a1a3842d243b5059f2ec30ca90fd706118406ffd480,nfl,player_receiving_yards,DeVonta Smith,Over,70.5,loss,65.0,2026_03_PHI_CHI,65.0,loss,65.0,loss,,False,True,True
65322028fa12b4440589be54b9e09099b8dc631aa698bf3d2cbe59c25b458bdc,nfl,player_receptions,Dontayvion Wicks,Over,2.5,loss,2.0,2026_03_PHI_CHI,2.0,loss,2.0,loss,,False,True,True
9b777523a48be9304fd13b897040eb4c8315031dfc6e3c9eae50cd22e7f7d658,nfl,atd,Luther Burden III,Yes,0.5,win,1.0,2026_03_PHI_CHI,1.0,win,1.0,win,0.0,False,True,True
32d28a48247aadb3c8d79e43e7d54fb65c525a06aafa388db770c25c0cbaa9a9,nfl,player_receiving_yards,Rome Odunze,Under,25.5,loss,44.0,2026_03_PHI_CHI,44.0,loss,44.0,loss,,False,True,True
6eeaa49dc0722316c2070b936e4f36eb96244881656050b4c30a6912e57088bc,nfl,player_receiving_yards,Cole Kmet,Under,8.5,win,0.0,2026_03_PHI_CHI,0.0,win,0.0,win,,False,True,True
ad638490c540042db82c43d9b1677478ef83a32f44db2a2c81e90ce77da18567,nfl,player_receiving_yards,Johnny Mundt,Over,9.5,loss,4.0,2026_03_PHI_CHI,4.0,loss,4.0,loss,,False,True,True
c81967c40f781859067b511e38753f123cf09ae706f3a829294dd911a01e7aef,nfl,player_receiving_yards,Zach Ertz,Under,10.5,win,9.0,2026_03_PHI_CHI,9.0,win,9.0,win,,False,True,True
1c883fd0fd183d872663e3bd7767b708f431db4278b2b89e263a456a15219b97,nfl,player_receptions,Zach Ertz,Under,1.5,win,1.0,2026_03_PHI_CHI,1.0,win,1.0,win,,False,True,True
f9a6b23cc800865f9798e9748c6c6a85e1246f0239c506ca81851150960b2ae4,nfl,player_receptions,Zach Ertz,Over,1.5,loss,1.0,2026_03_PHI_CHI,1.0,loss,1.0,loss,,False,True,True
fd18a08e720e61018ab21b45475b1a3eb397fff0f98e4dcbe8a1f57c5660b90f,nfl,player_receiving_yards,Cole Kmet,Over,8.5,loss,0.0,2026_03_PHI_CHI,0.0,loss,0.0,loss,,False,True,True
8e1cefdc3a19284c69ee89d3142c5e62668b32e43950012ca300181f67c3c5ba,nfl,player_rushing_yards,Will Shipley,Under,3.5,win,0.0,2026_03_PHI_CHI,0.0,win,0.0,win,,False,True,True
fa45d406cff71066376d29edb2fbda91beea35cb2fd7baa2bd3647b4e1665917,nfl,player_receptions,Kyle Monangai,Under,1.5,win,0.0,2026_03_PHI_CHI,0.0,win,0.0,win,,False,True,True
c899ba047324e7383a9161e9f7f554a5dd422a995a91f1a40fa1c3ea4e33fef9,nfl,player_receiving_yards,Tank Bigsby,Under,0.5,loss,5.0,2026_03_PHI_CHI,5.0,loss,5.0,loss,,False,True,True
89c0ce4cfed9e4744c5d518cbf11fdba3faf2ed93f471674529f431a9439dbed,nfl,player_receptions,Tank Bigsby,Under,0.5,loss,1.0,2026_03_PHI_CHI,1.0,loss,1.0,loss,,False,True,True
fa6853573a305f707722a90b41e4994e448ceaf0633a3e7e74b2e0cb1d2fad4b,nfl,player_receptions,Will Shipley,Under,0.5,loss,1.0,2026_03_PHI_CHI,1.0,loss,1.0,loss,,False,True,True
c262c47995fc479c9521a25195bd0f7572da067d3fec1feb13b1d234d7c83683,nfl,player_receptions,Will Shipley,Over,0.5,win,1.0,2026_03_PHI_CHI,1.0,win,1.0,win,,False,True,True
930fc73f78dde16fd23b0907ab53b72acbfa9071a1b08518b918be65eb341d69,nfl,player_receptions,Tank Bigsby,Over,0.5,win,1.0,2026_03_PHI_CHI,1.0,win,1.0,win,,False,True,True
7dd68c4b6649412377793c548fda3831ba46b699a078f31116664aec591497e6,nfl,player_passing_yards,Jalen Hurts,Over,216.5,loss,153.0,2026_03_PHI_CHI,153.0,loss,153.0,loss,,False,True,True
aa787f0aaddf5aacd2c0ea3ea83e01b3282439b2c5ea45ef9dd86561cc087cd3,nfl,player_receiving_yards,Tank Bigsby,Over,0.5,win,5.0,2026_03_PHI_CHI,5.0,win,5.0,win,,False,True,True
00f32fc2d7588d1a83b975cf7d3d9a6e3ef9a4f483147c22e4838349842f72ca,nfl,player_receiving_yards,Will Shipley,Over,1.5,win,11.0,2026_03_PHI_CHI,11.0,win,11.0,win,,False,True,True
e5ffba36dbe202061cc863b582ef244b0b881ea3d2eff0b31ee4b4f10c5f7879,nfl,player_receiving_yards,Dontayvion Wicks,Over,43.5,loss,32.0,2026_03_PHI_CHI,32.0,loss,32.0,loss,,False,True,True
a0bf1c0eca75bb5be8646ee02c3b87644046251512f47aab31cf1644c2a01c42,nfl,player_rushing_yards,Tank Bigsby,Under,12.5,win,0.0,2026_03_PHI_CHI,0.0,win,0.0,win,,False,True,True
0c167c1706f319e509966234851eea5bc8bb45740a9142cbc967d6bd64db9db1,nfl,player_rushing_yards,Will Shipley,Over,3.5,loss,0.0,2026_03_PHI_CHI,0.0,loss,0.0,loss,,False,True,True
1645f88777c027079b36332e8be6692c4589bf34f9706faadbcb2edf68847e10,nfl,player_receiving_yards,Tyler Warren,Under,69.5,win,41.0,2026_04_IND_WAS,41.0,win,41.0,win,,False,True,True
8a18961ccaae6a8298e8e547575868c9e1fcd29a1b36011e5e076009252a43c7,nfl,player_receiving_yards,Jaylen Warren,Under,39.5,win,33.0,2026_04_PIT_CLE,33.0,win,33.0,win,,False,True,True
f360bd7dea5a11f6e6afdc7f245a10da71ca3a742172bba2088d6f127a37e1d4,nfl,player_rushing_yards,Matthew Golden,Under,0.5,loss,6.0,2026_04_GB_TB,6.0,loss,6.0,loss,,False,True,True
e83c3105604c0f01ffb365925f5da3683682f7acf99e0cc9caea0547b1283f5d,nfl,player_rushing_yards,Christian Watson,Under,0.5,win,0.0,2026_04_GB_TB,0.0,win,0.0,win,,False,True,True
a7a35a9ac3c5c82aa825f591164dca83c96bdaef7630dc8a11167dbe56396a90,nfl,player_receiving_yards,Jameson Williams,Over,29.5,win,102.0,2026_04_DET_CAR,102.0,win,102.0,win,,False,True,True
e52ef1bd48b5bd2a16034f5018ecd26f2f3fba82edcfd41832547b3b78eeb8e9,nfl,player_receiving_yards,Tetairoa McMillan,Under,89.5,loss,192.0,2026_04_DET_CAR,192.0,loss,192.0,loss,,False,True,True
973e73d088bebb9221efbfe4d70798bdf2f71e2ded0da375c17f39581ce21031,nfl,player_receptions,David Montgomery,Under,2.5,win,0.0,2026_04_DAL_HOU,0.0,win,0.0,win,,False,True,True
8772fc415d6d8a239e3e26343fbca8090939b7498d0c294a83cb732d87fbb339,nfl,player_receptions,Raheim Sanders,Under,2.5,win,2.0,2026_04_PIT_CLE,2.0,win,2.0,win,,False,True,True
542eb443f3b5dbaf19e5b911a932b3a8070d785f3e29be3b9dcdc84e6714b754,nfl,atd,Jahmyr Gibbs,Yes,0.5,win,1.0,2026_04_DET_CAR,1.0,win,1.0,win,0.0,False,True,True
b943b7c4f901029068bce6a4a145c11a9870116ebde560ccef2fbfee3a202ca4,nfl,h2h,,Home,0.0,win,11.0,2026_04_NYJ_CHI,11.0,win,11.0,win,,False,True,True
8365847be96bce555a1159f0426d70abfa705b431f3a3c67deac21e6a5d98576,nfl,atd,Derrick Henry,Yes,0.5,win,1.0,2026_04_TEN_BAL,1.0,win,1.0,win,0.0,False,True,True
7707e0b5552d5ee3358c829736776ee99a3c84221390f25e232bc1b9b37b56cb,nfl,player_passing_tds,Justin Herbert,Over,0.5,win,1.0,2026_04_LAC_SEA,1.0,win,1.0,win,,False,True,True
8abb36f3cbccef40ba812bbc6d65e8b96475a07673c3bbf3b92e460202fac6e9,nfl,player_passing_tds,Aaron Rodgers,Under,1.5,loss,3.0,2026_04_PIT_CLE,3.0,loss,3.0,loss,,False,True,True
fc79477a3359fe2c8206b2a09d088cc98358b2b44b218386672daba73d14f932,nfl,player_passing_tds,Michael Penix,Under,1.5,win,1.0,2026_04_ATL_NO,1.0,win,1.0,win,,False,True,True
2d2036d7a532a47f0b971eca838ce0e88ab2eb79db6e47a71ea756c6e3140e23,nfl,player_passing_tds,Marcus Mariota,Under,1.5,win,0.0,2026_04_IND_WAS,0.0,win,0.0,win,,False,True,True
612e9cf7b0011c2935260e19636cb78f71730b0d4e6731576ca09a3d97629e83,nfl,player_receptions,Pat Freiermuth,Under,3.5,win,3.0,2026_04_PIT_CLE,3.0,win,3.0,win,,False,True,True
42983f2f30654ddbde650d74fdfa346dc8983ae6331abf27f0423df1908f196c,nfl,spreads,,Home,-2.5,win,8.5,2026_04_NYJ_CHI,8.5,win,8.5,win,,False,True,True
8dcd578f4b289b5ab736c66c2f49b4f1eaf68151e64204c5294a7872b7c7b9ea,nfl,player_receptions,Romeo Doubs,Under,3.5,loss,6.0,2026_04_NE_BUF,6.0,loss,6.0,loss,,False,True,True
90290d802c7779975c64607af1e85aab93e6482ab0d3aa69444a650fe2322fa3,nfl,player_receptions,Cooper Kupp,Under,2.5,win,1.0,2026_04_LAC_SEA,1.0,win,1.0,win,,False,True,True
ed73109302b983456a15bb10de60ae5df7638ea1d48b38c9694c8121d6d952f1,nfl,player_receptions,Darnell Washington (PIT),Over,1.5,win,3.0,2026_04_PIT_CLE,3.0,win,3.0,win,,False,True,True
f09c1c6dbdec2ef29b0fd192e04efb298f4a285f56b57686f302ce29fd71cb5d,nfl,player_receptions,Drew Sample,Under,1.5,win,0.0,2026_04_JAX_CIN,0.0,win,,,,True,True,
6ac85a28935a9c54c65596a1e039767100cb90b5ca78a4b54f4ea0b6938e9924,nfl,player_passing_tds,Jameis Winston,Under,1.5,loss,3.0,2026_04_ARI_NYG,3.0,loss,3.0,loss,,False,True,True
c7e8af957feee69d5c43901ca30698545736f67cee3e036780f614ffbc1d4d86,nfl,player_receptions,Parker Washington,Under,5.5,win,1.0,2026_04_JAX_CIN,1.0,win,1.0,win,,False,True,True
dbcbea30a42a414ea438106b4a7d9000832ba2d500ea6bf3a5676fe1d9cde062,nfl,player_receptions,Davante Adams,Under,5.5,win,4.0,2026_04_LA_PHI,4.0,win,4.0,win,,False,True,True
e20cbaf9ec685e53dae91ed6a81132450bf478bbf0af3c087e9eac83d9b9bd4d,nfl,player_passing_yards,Bryce Young,Under,245.5,loss,329.0,2026_04_DET_CAR,329.0,loss,329.0,loss,,False,True,True
1cd37cf578bb0b67f69d9ab7a0eb54c3ad68affa704289ded602f888550de26c,nfl,player_passing_yards,Jordan Love,Under,249.5,win,197.0,2026_04_GB_TB,197.0,win,197.0,win,,False,True,True
d75e888864694d512d91bd6bd7a1a40d3293e9aa1eac44ab17bea4c815540df2,nfl,player_rushing_yards,Marcus Mariota,Under,26.5,loss,35.0,2026_04_IND_WAS,35.0,loss,35.0,loss,,False,True,True
f9d8d64e13aabb7d4eb800f6c93c0b26f4fe4995e6ee21f5d89fce1dac23fe90,nfl,player_rushing_yards,Jared Goff,Under,2.5,win,0.0,2026_04_DET_CAR,0.0,win,0.0,win,,False,True,True
7a9d42af2040e422b1b6e6ba59ba64d904628b630b992f19d084ba9aa0192aca,nfl,player_receiving_yards,Wan'Dale Robinson,Over,34.5,loss,19.0,2026_04_TEN_BAL,19.0,loss,19.0,loss,,False,True,True
5b3d5d2e01ba7fb1698e9e8ffc8d14b8d58a2ff0dc5e679d0c0f72d2880a3311,nfl,player_passing_yards,Bryce Young,Under,241.5,loss,329.0,2026_04_DET_CAR,329.0,loss,329.0,loss,,False,True,True
c74cfcc57d2c3f6f20103ab649a459b914d1b3134ae201beb8ccf117e7423a86,nfl,player_rushing_yards,Deshaun Watson,Under,29.5,win,22.0,2026_04_PIT_CLE,22.0,win,22.0,win,,False,True,True
ba4ef83f866ba1b6d1cc4dcab1e66f56e25cf0ddcc872a5020c7a9850d6b0ded,nfl,atd,Davante Adams,Yes,0.5,loss,0.0,2026_04_LA_PHI,0.0,loss,0.0,loss,0.0,False,True,True
b532407fc38352066d0a1f7bd53de23ce26ff9f570543b97f380c7b09b6b2410,nfl,player_receptions,Tyler Warren,Under,5.5,win,5.0,2026_04_IND_WAS,5.0,win,5.0,win,,False,True,True
07b6a8c6a20b70fc11fb3748a21f598caa5496db0ac0d5e9c31a7dab42d2200e,nfl,player_receptions,Calvin Ridley,Over,1.5,loss,1.0,2026_04_TEN_BAL,1.0,loss,1.0,loss,,False,True,True
5792f3f662dc84d92b29a468a486ef26429b9aaaad286a9676b21d2b8cfea501,nfl,player_passing_tds,Trevor Lawrence,Over,1.5,loss,1.0,2026_04_JAX_CIN,1.0,loss,1.0,loss,,False,True,True
940bee0dfa4bf3a4721eaadbba66bafbe435c2b4afaf4e129646f62efcfda4fe,nfl,player_passing_yards,C.J. Stroud,Under,247.5,loss,347.0,2026_04_DAL_HOU,347.0,loss,347.0,loss,,False,True,True
45f08c89a08b687a048c3b2d332e846cda6a616b9271bd28017b303b9471fbcf,nfl,player_receiving_yards,Michael Pittman,Under,32.5,win,15.0,2026_04_PIT_CLE,15.0,win,15.0,win,,False,True,True
d8a7687935c88539960623ea837185c157141ccc9c15ef3f1ec19a309d354a12,nfl,player_receiving_yards,Samaje Perine,Under,10.5,win,0.0,2026_04_JAX_CIN,0.0,win,0.0,win,,False,True,True
444ef610a34e8a7c92612fc634fe6ba887fc31c70c4e33c8d7ecc37568efd1a6,nfl,player_receiving_yards,Tyjae Spears,Under,13.5,win,-1.0,2026_04_TEN_BAL,-1.0,win,-1.0,win,,False,True,True
b950a537d2f8a38570472e7707031bb7da657082838c8448beab9a467db23164,nfl,player_receiving_yards,Kendrick Bourne,Under,22.5,win,0.0,2026_04_ARI_NYG,0.0,win,,,,True,True,
b8fd7b4fa7849f4180f88315461127b6f8458848b475decefbeda7e960efad84,nfl,player_receptions,Jahmyr Gibbs,Over,4.5,loss,4.0,2026_04_DET_CAR,4.0,loss,4.0,loss,,False,True,True
cd6c2dbea16f39d3a59a836facc763c7acdc4ae3355f1e7276f96145099eb7ac,nfl,player_receptions,George Pickens,Over,4.5,loss,2.0,2026_04_DAL_HOU,2.0,loss,2.0,loss,,False,True,True
a88044b288f6e4750d1ed35033ba16b0842a6c392c5703241bc3b7ac71815c78,nfl,player_receiving_yards,Tre' Harris,Under,31.5,loss,60.0,2026_04_LAC_SEA,60.0,loss,60.0,loss,,False,True,True
18b153df48cbe2ce17668898738c8c6792eeda341522c7243cb5ea2c2ba52fee,nfl,player_passing_yards,Deshaun Watson,Under,182.5,loss,268.0,2026_04_PIT_CLE,268.0,loss,268.0,loss,,False,True,True
fd23dcc0c272e628e998fcc33ce021aef84f1050b5e67ea712ba082123dce3c3,nfl,player_receptions,Elic Ayomanor,Over,1.5,loss,1.0,2026_04_TEN_BAL,1.0,loss,1.0,loss,,False,True,True
a6579fe58f4cbe35a1028cc01b723fea72a1ca349e1b9dc7766500bb0485f3c9,nfl,player_passing_yards,Jalen Hurts,Under,204.5,win,93.0,2026_04_LA_PHI,93.0,win,93.0,win,,False,True,True
8b5109aaad4a138918f36ac28e1151b8cd0ea34433174f72c50eba64b9f4e702,nfl,player_receiving_yards,Tee Higgins,Over,60.5,win,157.0,2026_04_JAX_CIN,157.0,win,157.0,win,,False,True,True
e3b82986ee8b96c3277eef416ee2c78be05fe3f80aa051d4622662837b4e159e,nfl,player_rushing_yards,Bucky Irving,Over,52.5,win,61.0,2026_04_GB_TB,61.0,win,61.0,win,,False,True,True
9c1ef6eae3d1fbb055f202b2bebb155094f41df6d933d9d5ffdd69cc0adbc029,nfl,player_receiving_yards,Jake Ferguson,Under,28.5,win,11.0,2026_04_DAL_HOU,11.0,win,11.0,win,,False,True,True
ec8c1d786b9a19f679b93e7c8d877afecf3d2e69678709a7f979ba6a209849bc,nfl,player_rushing_yards,Deshaun Watson,Under,28.5,win,22.0,2026_04_PIT_CLE,22.0,win,22.0,win,,False,True,True
8eb850b5b914c749d89b796e2dd85c70f637c6179c7be1683fa0e21cdf255f7a,nfl,player_receptions,Christian Watson,Under,4.5,win,3.0,2026_04_GB_TB,3.0,win,3.0,win,,False,True,True
88e8cf22d7af47119eac3f9a99739d2f0b908838e32c1202bbb7576547f859d4,nfl,player_receptions,Jakobi Meyers,Over,3.5,loss,3.0,2026_04_JAX_CIN,3.0,loss,3.0,loss,,False,True,True
ec10f06488d931eeaf65b58f4d3a9ee8c4f04334a086448a2a43592be5f2adf5,nfl,player_passing_yards,Jared Goff,Over,266.5,win,412.0,2026_04_DET_CAR,412.0,win,412.0,win,,False,True,True
ad99b6184f412cdf81499b784fb114030449c6a9a9dba0ec1d1f59cb6ad25a71,nfl,player_rushing_yards,Ashton Jeanty,Under,59.5,win,58.0,2026_04_KC_LV,58.0,win,58.0,win,,False,True,True
b3cb934601dfd8d4ac9e44b6cc73bd821641d8aa82b4ee34e40b91cfcd099a2c,nfl,player_receiving_yards,Raheim Sanders,Under,12.5,win,7.0,2026_04_PIT_CLE,7.0,win,7.0,win,,False,True,True
bd1e9121266a833cdc1a0ce4ad8ebd2d98abbe91a0c0a71ec2b4dce839adb8c1,nfl,totals,,Over,44.0,win,60.0,2026_04_ARI_NYG,60.0,win,60.0,win,,False,True,True
fa89df01072d9baf4cee61495ecc73a6d5b196fbb5877dfba6900426ac8f3c89,nfl,player_receiving_yards,Parker Washington,Under,73.5,win,7.0,2026_04_JAX_CIN,7.0,win,7.0,win,,False,True,True
45ce6034aea3fa308b2c8376513d3725ea4e39881e92d0722492f6ca33df666a,nfl,player_receiving_yards,Jahmyr Gibbs,Over,35.5,loss,31.0,2026_04_DET_CAR,31.0,loss,31.0,loss,,False,True,True
3fdbb5c8ecf25441388a5f84ad46b468eefa0fc2d19c1cce529df2457a846747,nfl,player_receptions,Malik Nabers,Over,4.5,win,6.0,2026_04_ARI_NYG,6.0,win,6.0,win,,False,True,True
3248a095423166924939c2d9300cb2415acb05e2c0226eb295e2edb7a3b02b18,nfl,atd,Josh Allen,Yes,0.5,win,1.0,2026_04_NE_BUF,1.0,win,1.0,win,0.0,False,True,True
ebcd718be1eed451531b774abc4ccc21b854a746ba24429498aae7c6d341a5fb,nfl,player_receiving_yards,Jaxon Smith-Njigba,Over,88.5,loss,76.0,2026_04_LAC_SEA,76.0,loss,76.0,loss,,False,True,True
acd5862bafa096cb13907b7bb2727913f69f80970b57e95f337975b1ba48e547,nfl,player_receiving_yards,DeMario Douglas,Under,28.5,win,15.0,2026_04_NE_BUF,15.0,win,15.0,win,,False,True,True
bfc61c70bc246e5b24c357d9fc92ee6d52de4a364414c48507c488d1320b59eb,nfl,player_receiving_yards,Parker Washington,Under,72.5,win,7.0,2026_04_JAX_CIN,7.0,win,7.0,win,,False,True,True
e6d840a8e0730cfd922abfe1c200a426bccbdeeb2150e6b9c063c449d2ca569f,nfl,player_rushing_yards,Joe Burrow,Under,6.5,win,6.0,2026_04_JAX_CIN,6.0,win,6.0,win,,False,True,True
7099a918706248d3a35b5cd1104932299b272086287de51fe49770cebca252f6,nfl,player_rushing_yards,Drake Maye,Under,23.5,loss,54.0,2026_04_NE_BUF,54.0,loss,54.0,loss,,False,True,True
aa149e8dd479f0c3d3b277250405bef19adf758c9120032950426aeb51faf70b,nfl,player_receiving_yards,Michael Wilson,Over,59.5,win,95.0,2026_04_ARI_NYG,95.0,win,95.0,win,,False,True,True
b51c5aaea2a2fea83f92daf571a05fc967bc71fe1158406ba33dddaaa4bfae60,nfl,h2h,,Home,0.0,win,10.0,2026_04_DEN_SF,10.0,win,10.0,win,,False,True,True
d7529e87a17d9f117fa59aaac26c7bc66cf14af316c4baa296297c32e622347f,nfl,player_receptions,Michael Pittman,Under,3.5,win,2.0,2026_04_PIT_CLE,2.0,win,2.0,win,,False,True,True
c9e541ff2b19f31e7ea6a9075c5b89e1532b8349b28ceec04ae76246682dd344,nfl,player_receiving_yards,Chris Godwin,Over,26.5,win,31.0,2026_04_GB_TB,31.0,win,31.0,win,,False,True,True
99eb3179d2d21f1dc7dad595bd97e43adc10a156862f880a7eb039923592d938,nfl,player_receiving_yards,Hunter Henry,Over,30.5,win,62.0,2026_04_NE_BUF,62.0,win,62.0,win,,False,True,True
c90ce057bcc4a0fd4cea95f9d45129bd2b728acc7093c1ddaf42b9deff673f0a,nfl,player_receiving_yards,Trey McBride,Over,68.5,loss,31.0,2026_04_ARI_NYG,31.0,loss,31.0,loss,,False,True,True
67c88eb6385cfc6bcbfa37ffade798efd7e2ccec38d4673dd8c6a5f7f7872a8d,nfl,player_receiving_yards,Jahmyr Gibbs,Over,36.5,loss,31.0,2026_04_DET_CAR,31.0,loss,31.0,loss,,False,True,True
b0f72780f8dbc599e52a1a2e6108d27abdac010d11089c9673ec32eab8671f8b,nfl,player_rushing_yards,Justin Herbert,Over,21.5,win,40.0,2026_04_LAC_SEA,40.0,win,40.0,win,,False,True,True
319056aadd3b52d96c59ac9f7a61acf5bd4ab703208fb6fe93e382122e1e4f0c,nfl,player_rushing_yards,Saquon Barkley,Under,78.5,win,8.0,2026_04_LA_PHI,8.0,win,8.0,win,,False,True,True
bc819311b3bb370e3013a9e115bbc4479d204e94b4f157dbdae6096caa9850b3,nfl,player_passing_yards,Aaron Rodgers,Under,212.5,loss,299.0,2026_04_PIT_CLE,299.0,loss,299.0,loss,,False,True,True
53aa9d0c2b1141268575d5502cf5347adf51af63b0a5dc2b7fc644d7c88bf81a,nfl,player_receiving_yards,Quentin Johnston,Under,33.5,loss,44.0,2026_04_LAC_SEA,44.0,loss,44.0,loss,,False,True,True
d25899dfa01386872a9e086bbafc9f3ca3d6d4bd22b520ad8646467b680bb782,nfl,player_receiving_yards,David Montgomery,Over,12.5,win,19.0,2026_04_DAL_HOU,19.0,win,19.0,win,,False,True,True
a7c07825d43889e755eb53270333fa27caebfd9cc9ac94228a88c67dbb46197c,nfl,player_receiving_yards,Roman Wilson,Under,22.5,loss,74.0,2026_04_PIT_CLE,74.0,loss,74.0,loss,,False,True,True
1ca6e20f6e61f50290e0d83fb4e2ab46ff00aeb93dc2582f6ef4d26e13a6ffb8,nfl,player_receptions,Trey McBride,Over,7.5,loss,7.0,2026_04_ARI_NYG,7.0,loss,7.0,loss,,False,True,True
9dcb52de1b9f5b3b716e902b43655a12fd62c858e5bb4bcf6fc259ead5d339bf,nfl,totals,,Over,42.5,loss,35.0,2026_04_NYJ_CHI,35.0,loss,35.0,loss,,False,True,True
103780107ea93208a4136e5ff016f71164b04966ecebedbdac4abab943078262,nfl,player_receiving_yards,Chase Brown,Over,20.5,win,71.0,2026_04_JAX_CIN,71.0,win,71.0,win,,False,True,True
880874060551b972f9fc22cfa2542cb9ec0516901ed57b435e9688f9928a034e,nfl,player_receiving_yards,DK Metcalf,Under,41.5,loss,115.0,2026_04_PIT_CLE,115.0,loss,115.0,loss,,False,True,True
66197f223ba0f52832b184b834c76cb3af2a7ca7bdb6989b190b32251024488c,nfl,totals,,Under,47.5,loss,69.0,2026_04_ATL_NO,69.0,loss,69.0,loss,,False,True,True
f4a83f6cce61249d5e6a85f3ca5b26920c883117663b1162ba77564cad163aff,nfl,player_receiving_yards,Raheim Sanders,Under,11.5,win,7.0,2026_04_PIT_CLE,7.0,win,7.0,win,,False,True,True
99ac551c990c449c91259bdde71e01a9df258ddc1cba2fce7008efe81f43685f,nfl,player_receiving_yards,Darnell Mooney,Over,23.5,loss,0.0,2026_04_ARI_NYG,0.0,loss,0.0,loss,,False,True,True
0e8ba3093a69cd276e048b5c921cfe78a39f2cc395ebff7d0e05d8297b594284,nfl,player_passing_tds,Sam Darnold,Under,1.5,loss,2.0,2026_04_LAC_SEA,2.0,loss,2.0,loss,,False,True,True
5ff845ecec95141d8ddb0b0a1e850e927cd3afdf53e6930da014d6e48598be7c,nfl,player_passing_yards,Daniel Jones,Under,223.5,win,143.0,2026_04_IND_WAS,143.0,win,143.0,win,,False,True,True
32c9e8ddbef0f346c48866d67301a20a7f52710f8c8939a4f531692b06a94a40,nfl,player_receiving_yards,Stefon Diggs,Over,41.5,loss,35.0,2026_04_IND_WAS,35.0,loss,35.0,loss,,False,True,True
d226a22d50f9c63ff293831c5c8f67287a2f4ee7831c003ea160d028ce87670b,nfl,player_receptions,Mack Hollins,Over,3.5,loss,3.0,2026_04_NE_BUF,3.0,loss,3.0,loss,,False,True,True
e41e06ec6d0c1c6f3d66d9990a0affc5a24e7bed795ee0dafade75cffad777b3,nfl,player_receptions,Khalil Shakir,Over,3.5,win,7.0,2026_04_NE_BUF,7.0,win,7.0,win,,False,True,True
d5a81da017a5b0e1ce1095e9bd393ea88e9900d74acc7866d766e0a54f3217dd,nfl,player_passing_yards,Patrick Mahomes,Over,241.5,loss,225.0,2026_04_KC_LV,225.0,loss,225.0,loss,,False,True,True
d774fedf82730f85c470b13e33565bc8a2b6fecf09807b9f03e09f907f4bdc7b,nfl,spreads,,Home,3.5,loss,-13.5,2026_04_IND_WAS,-13.5,loss,-13.5,loss,,False,True,True
aaa70eeb7c7a6c03d077e0bb023be89f395a663f740a895f343fa88d3347fac6,nfl,totals,,Over,47.0,loss,43.0,2026_04_IND_WAS,43.0,loss,43.0,loss,,False,True,True
f036744fb30048109911b90ffd795a4ee64ef9d9be88630e96072df98d962eb0,nfl,player_receiving_yards,Jonathan Taylor,Under,19.5,win,2.0,2026_04_IND_WAS,2.0,win,2.0,win,,False,True,True
ec52a312b963b7b55aa22b62231e6ab160bfd13fc44c6a11d9121750cbe95fc6,nfl,spreads,,Home,4.0,win,1.0,2026_04_GB_TB,1.0,win,1.0,win,,False,True,True
4b5019c1ec64285e137612e42c7b619a26259872e42bb87f7b811feeb287e029,nfl,player_rushing_yards,Cam Ward,Under,10.5,loss,27.0,2026_04_TEN_BAL,27.0,loss,27.0,loss,,False,True,True
96e0da170d3f1629aaa998a2d8533e59476295db243b9db554c46af6aeca268b,nfl,h2h,,Home,0.0,loss,-4.0,2026_04_DAL_HOU,-4.0,loss,-4.0,loss,,False,True,True
c5526697c09ad2bf02d4dcb3f72610d9d736e9fa3968aaf9728d756cbf461207,nfl,player_rushing_yards,Blake Corum,Over,40.5,loss,14.0,2026_04_LA_PHI,14.0,loss,14.0,loss,,False,True,True
3758bf6f30382ec87297f57fc35054deaab50594a06627e32f11165b7103779b,nfl,player_receiving_yards,DK Metcalf,Under,40.5,loss,115.0,2026_04_PIT_CLE,115.0,loss,115.0,loss,,False,True,True
6f1b215e5a7dcc672fa6b8f4bff25f14e9084483e9568a8b24568a2c5c02c509,nfl,player_receiving_yards,Drew Sample,Under,9.5,win,0.0,2026_04_JAX_CIN,0.0,win,,,,True,True,
24b312f1414fdfa3a29a58cf60ae0f0ff4399443821ed32b8ff3399b77e02b2e,nfl,player_receptions,Dalton Kincaid,Under,3.5,win,1.0,2026_04_NE_BUF,1.0,win,1.0,win,,False,True,True
a150cea7af58121be4fa27093e4a8db42a3dc53e10cd3942ca96c931cf88cf83,nfl,player_receiving_yards,Roman Wilson,Under,21.5,loss,74.0,2026_04_PIT_CLE,74.0,loss,74.0,loss,,False,True,True
a91b771d21d806ddb1239b1c8dbe74769c7dce793e0f1f5561380ef6afd2cc91,nfl,player_rushing_yards,Dak Prescott,Over,10.5,loss,7.0,2026_04_DAL_HOU,7.0,loss,7.0,loss,,False,True,True
7c544206587150a701f3bfa12ff8973f5981985c618bd10764d70b1590e35489,nfl,player_receiving_yards,Tucker Kraft,Over,36.5,win,42.0,2026_04_GB_TB,42.0,win,42.0,win,,False,True,True
446e6caaf3bafe261b575d83ec56e337f5a0531009a1022d52a44e7da3382ec4,nfl,player_receiving_yards,Isaac TeSlaa,Over,17.5,win,95.0,2026_04_DET_CAR,95.0,win,95.0,win,,False,True,True
173253efba660a3a3f62c13babc84ce95f145664a030a2f598d97dfe50d514b1,nfl,spreads,,Home,3.5,win,9.5,2026_04_DET_CAR,9.5,win,9.5,win,,False,True,True
134fbdf4bb800a4629a1fa428c6705a4ab4ca369e8538aef3c94829fc6b44645,nfl,player_receptions,Cade Otton,Over,3.5,win,4.0,2026_04_GB_TB,4.0,win,4.0,win,,False,True,True
a8f1debe6ebd815a3e04920e0d1e63add480013c954f7076f1e49d229d958f35,nfl,player_receptions,DK Metcalf,Over,3.5,win,5.0,2026_04_PIT_CLE,5.0,win,5.0,win,,False,True,True
1aacb5510303363125f1281c0fe33eb7a6220da1e747057fd5daca8d8f522aca,nfl,player_receiving_yards,James Cook,Over,10.5,loss,8.0,2026_04_NE_BUF,8.0,loss,8.0,loss,,False,True,True
a2de7b41a7fa1a42d2c39d44ab86a5758156e461909f4fc6bac99bd69dbd2e70,nfl,player_receptions,Tre' Harris,Under,2.5,loss,3.0,2026_04_LAC_SEA,3.0,loss,3.0,loss,,False,True,True
55a2162bafe3e6c4cdd1a706de8b8e101f09d1826b0a4352e2eace5fa4b938a2,nfl,player_passing_yards,Matthew Stafford,Over,252.5,win,317.0,2026_04_LA_PHI,317.0,win,317.0,win,,False,True,True
7722312725b4b2dbf23ec8a849f126aa3da39968e32497af7a696248d8d20e52,nfl,player_receiving_yards,AJ Barner,Under,29.5,win,12.0,2026_04_LAC_SEA,12.0,win,12.0,win,,False,True,True
5f593b711392b911bd9b6b08f93d0b1a9bd9a0b1fddc3fab332c510b39f3e0c1,nfl,player_receiving_yards,Brenton Strange,Over,32.5,win,95.0,2026_04_JAX_CIN,95.0,win,95.0,win,,False,True,True
90fe730dda897e57041fcddd14444b44209613b94f17658cd506ac3d0476ece3,nfl,player_receiving_yards,Malik Nabers,Under,60.5,loss,112.0,2026_04_ARI_NYG,112.0,loss,112.0,loss,,False,True,True
e172b0f3ddbc3a6fe29e08bddce0366aa9c689b2fe53834ccb64eabb1f1bdacb,nfl,totals,,Over,38.0,win,51.0,2026_04_PIT_CLE,51.0,win,51.0,win,,False,True,True
438846f09d313703adf4d8664c75089e7c2278efbbb2f9e5e1e4e5577a8f9a13,nfl,totals,,Over,43.5,loss,42.0,2026_04_TEN_BAL,42.0,loss,42.0,loss,,False,True,True
25981776d3657b4381fe7400358eb35cbdcbc06503477e3edb41f3a1e6120f84,nfl,player_receiving_yards,Christian Watson,Under,63.5,win,47.0,2026_04_GB_TB,47.0,win,47.0,win,,False,True,True
649d1b9a0a5de3d0cb242cab537398cfaf72de5b5fc6fc3330e893c2008c456b,nfl,player_receptions,Marvin Harrison,Over,2.5,loss,1.0,2026_04_ARI_NYG,1.0,loss,1.0,loss,,False,True,True
2b8796bac8e2e93dd5c5abdce8d5eed40636bbdfcfe30fd7261af6a9556d5b65,nfl,player_passing_tds,Tyler Shough,Under,1.5,win,1.0,2026_04_ATL_NO,1.0,win,1.0,win,,False,True,True
073351f5afc6056682a3ef18b23f5e10cd438a71243023f637262091a68a2b3e,nfl,player_passing_tds,Daniel Jones,Under,1.5,win,0.0,2026_04_IND_WAS,0.0,win,0.0,win,,False,True,True
bf0bfbafd63f75ee2e9361bb8532b6af53aec5196141d7eb6c62fe4ee170f186,nfl,player_receptions,Isaac TeSlaa,Under,1.5,loss,4.0,2026_04_DET_CAR,4.0,loss,4.0,loss,,False,True,True
8dabdd87407b07daf8b69a7180042de14d55fd99aec23be52ca50e754a7f3bba,nfl,totals,,Under,52.0,win,39.0,2026_04_JAX_CIN,39.0,win,39.0,win,,False,True,True
1ac889353e22f5b1aed4a2ce5af25efcdc5c8efb57351ddef8347cd107d8ee1e,nfl,player_receiving_yards,Quinshon Judkins,Under,12.5,loss,43.0,2026_04_PIT_CLE,43.0,loss,43.0,loss,,False,True,True
498dfa0ffeca77b14ec8f3de867bc174d3e309efebb4a7ba40a3ca6e5e8bd2f9,nfl,player_receptions,Ladd McConkey,Under,3.5,win,0.0,2026_04_LAC_SEA,0.0,win,0.0,win,,False,True,True
95ef724262d641a3cceb5c9b4fba9d21d2c3dc62c2f593567e4cf2974f6bb5c9,nfl,player_receiving_yards,Gunnar Helm,Under,19.5,win,5.0,2026_04_TEN_BAL,5.0,win,5.0,win,,False,True,True
21e62f5a82c618cacd7a371e655ebbf579c5b9f1ae65e09ef5ec76e64ddb356c,nfl,player_rushing_yards,Bryce Young,Under,12.5,win,3.0,2026_04_DET_CAR,3.0,win,3.0,win,,False,True,True
9d8c13c34add4b57e9cc45a2c4e35391129bccbcd8c7e3b821dca032a15e9e35,nfl,player_passing_yards,Drake Maye,Over,230.5,win,269.0,2026_04_NE_BUF,269.0,win,269.0,win,,False,True,True
66ccea32bb0899834ce39506444287f8833e86006749aaa1ca3edb20de0c4fa7,nfl,player_receiving_yards,Dalton Kincaid,Over,45.5,loss,7.0,2026_04_NE_BUF,7.0,loss,7.0,loss,,False,True,True
03e6bcd8b599903057543a7dc2bdb99f6e66b7d830b1dfb86daac6f0dcad9117,nfl,spreads,,Home,5.0,win,2.0,2026_04_KC_LV,2.0,win,2.0,win,,False,True,True
d04a620134b5a748c070aa026a8313c4f73e25fcacfa648815ec09f4fbb2bb27,nfl,player_receptions,Jonathan Taylor,Under,2.5,win,1.0,2026_04_IND_WAS,1.0,win,1.0,win,,False,True,True
fff4b4839c8ab55fbd4bc191a68cc2a1de40bb29c8e5c6864db7d85517459402,nfl,spreads,,Home,-2.5,win,7.5,2026_04_DEN_SF,7.5,win,7.5,win,,False,True,True
41e3b38ba1e530acd81e28b16bab8246542418664de1b75f85d431449da60f3d,nfl,totals,,Under,43.0,loss,53.0,2026_04_LAC_SEA,53.0,loss,53.0,loss,,False,True,True
b72f10fb48180084ac52fd725af21d70054d4e27fe8b95106a404772f8597f13,nfl,totals,,Over,48.0,win,64.0,2026_04_DAL_HOU,64.0,win,64.0,win,,False,True,True
a206c3e45ff05b47cc80de87273467284a27ad5fc7cec4b9bf3dbef1ebd5a1d7,nfl,spreads,,Away,-3.0,win,-24.0,2026_04_ATL_NO,-24.0,win,-24.0,win,,False,True,True
b76a04b67d2119a1433b502cb0f953571a7695570f0d5a3a2f5aaa2aef71f6ce,nfl,player_passing_tds,Bryce Young,Under,1.5,loss,2.0,2026_04_DET_CAR,2.0,loss,2.0,loss,,False,True,True
39cc42401090588850369a0c0a34b76776d9bd01619a2fd420455e57d34c10ac,nfl,atd,James Cook,Yes,0.5,win,1.0,2026_04_NE_BUF,1.0,win,1.0,win,0.0,False,True,True
0b72a508062193000c701c6575f68d4491352f0f2459ddf74c994857cdae2963,nfl,atd,Kyren Williams,Yes,0.5,win,2.0,2026_04_LA_PHI,2.0,win,1.0,win,0.0,False,True,True
fb678e15f7e1ef729408f127bcab907f9661bdea0256d67e85419f482530cb7c,nfl,atd,Amon-Ra St. Brown,Yes,0.5,loss,0.0,2026_04_DET_CAR,0.0,loss,0.0,loss,0.0,False,True,True
410b5da904596e8b6d0ec3a78ec01d179c5229ff3b633e0f1ca687c6fbf926d7,nfl,player_receptions,Quentin Johnston,Under,2.5,win,1.0,2026_04_LAC_SEA,1.0,win,1.0,win,,False,True,True
d954db0c3f5546902370646d3d6aa051f264377040b39bdfd61ba11df3544df7,nfl,player_passing_tds,Jacoby Brissett,Over,1.5,win,2.0,2026_04_ARI_NYG,2.0,win,2.0,win,,False,True,True
34c5dd385e5b30309dfd0895c18bbcb0329d8c428b4ce91e1655e100609acd96,nfl,player_receptions,CeeDee Lamb,Under,5.5,loss,17.0,2026_04_DAL_HOU,17.0,loss,17.0,loss,,False,True,True
a4da177f7ddbf69d53b4ff0521d14d0896812602fe955ba161da5589037872fb,nfl,player_receptions,Tony Pollard,Under,1.5,loss,2.0,2026_04_TEN_BAL,2.0,loss,2.0,loss,,False,True,True
088d3d73f20786de9dd4cb121fcd017bfeb822cb44a4cc59a0d9667277a10544,nfl,player_rushing_yards,Aaron Rodgers,Under,0.5,win,0.0,2026_04_PIT_CLE,0.0,win,0.0,win,,False,True,True
3986054b4344ea2b0323d8d62b0c87e7a351e3948f4cfc4379bd3fffbf4c54bc,nfl,player_receptions,Stefon Diggs,Over,4.5,win,5.0,2026_04_IND_WAS,5.0,win,5.0,win,,False,True,True
b894cc72b5f3a1ed9569cbc90f4cc3c330b3c031748172f859b2f7a6897360a6,nfl,player_receptions,Amon-Ra St. Brown,Under,6.5,loss,8.0,2026_04_DET_CAR,8.0,loss,8.0,loss,,False,True,True
ef5f09a687d953ff74855a5f58e790c71b810ae19b76a7b654dfb18ea60f655f,nfl,player_receptions,Rashid Shaheed,Under,1.5,win,1.0,2026_04_LAC_SEA,1.0,win,1.0,win,,False,True,True
c83255928f506618356bdb71009ee47452f9ee7a28939331189fe8fd5b7a0a94,nfl,player_passing_tds,Kirk Cousins,Over,1.5,win,2.0,2026_04_KC_LV,2.0,win,2.0,win,,False,True,True
c5be5edce9a308641e0a20230f7122c5cea15b1e3d812338df07daac870f71ae,nfl,player_receptions,Hunter Henry,Over,3.5,win,5.0,2026_04_NE_BUF,5.0,win,5.0,win,,False,True,True
398d58f279b07eec4ceab32b37f625565a9da7c7d101581fc7acb4c64c146211,nfl,h2h,,Away,0.0,win,-21.0,2026_04_ATL_NO,-21.0,win,-21.0,win,,False,True,True
5e5f76e081ddafee57aaf35fe98816eb5d0aedd008e13c40a8aa6b7c42b6e268,nfl,atd,Rashee Rice,Yes,0.5,loss,0.0,2026_04_KC_LV,0.0,loss,,,,True,True,
750d0a052557cc77af6c6d910e15beec183f174c11077faa3336f9a86abec3d4,nfl,atd,Drake London,Yes,0.5,loss,0.0,2026_04_ATL_NO,0.0,loss,0.0,loss,0.0,False,True,True
e1d8110b2f8f96510d6e88ef5317b33e8192459219b0b52da16277e46eb25697,nfl,atd,Parker Washington,Yes,0.5,loss,0.0,2026_04_JAX_CIN,0.0,loss,0.0,loss,0.0,False,True,True
e1969207f209d2f580ad8243c0b4aaee1b6f59399385eb15aa9529bd4ad93855,nfl,atd,Rhamondre Stevenson,Yes,0.5,win,1.0,2026_04_NE_BUF,1.0,win,1.0,win,0.0,False,True,True
da8c96e4fd8fbdd7efee8232b2dd0fb3616932e386554050749d6ed57c7c8bc5,nfl,player_passing_tds,Joe Burrow,Under,1.5,win,1.0,2026_04_JAX_CIN,1.0,win,1.0,win,,False,True,True
78dd1669269928477a031ce2d984d0641fb2fb06809131497358285a37a8f237,nfl,h2h,,Home,0.0,loss,-3.0,2026_04_KC_LV,-3.0,loss,-3.0,loss,,False,True,True
2959487d852aeec9c9c272cdab9aa4c5135ee3393ce14cc7a6cfd7b4640dcd0d,nfl,atd,Malik Nabers,Yes,0.5,win,1.0,2026_04_ARI_NYG,1.0,win,1.0,win,0.0,False,True,True
d329e02559a4e2c67122d9d2b8b13659554c723706ace8f517c7b8d8f1ec4601,nfl,player_passing_tds,Deshaun Watson,Under,0.5,loss,1.0,2026_04_PIT_CLE,1.0,loss,1.0,loss,,False,True,True
2700afdbd80cf8e1a5f201f135df04d32b73cb2fd10d7286c35a71a2260d7c77,nfl,atd,Jakobi Meyers,Yes,0.5,loss,0.0,2026_04_JAX_CIN,0.0,loss,0.0,loss,0.0,False,True,True
bbe3208c550f3f78fb730d3f11e79ad150b624c75087debc1168ef030b67cd69,nfl,atd,Blake Corum,Yes,0.5,loss,0.0,2026_04_LA_PHI,0.0,loss,0.0,loss,0.0,False,True,True
205102947a9b49253a890dea42a819f2a66ed4d071e054755293060852af5099,nfl,h2h,,Away,0.0,loss,7.0,2026_04_LAC_SEA,7.0,loss,7.0,loss,,False,True,True
6d056d56d74b3ccd02ebc8ba15a04c5d83e942d2f268b14a153d830c460f33be,nfl,atd,Malik Willis,Yes,0.5,loss,0.0,2026_04_MIA_MIN,0.0,loss,0.0,loss,0.0,False,True,True
f1630435e6896b46e50f6c2d9196d45ce9ba6f783eab3860ace8e96b4239518a,nfl,atd,Quentin Johnston,Yes,0.5,loss,0.0,2026_04_LAC_SEA,0.0,loss,0.0,loss,0.0,False,True,True
2b9fb4868560c706fc890545fdb4d85f3ce8e3a7131ef10c58ddc7db855d94f9,nfl,atd,Mike Gesicki,Yes,0.5,win,1.0,2026_04_JAX_CIN,1.0,win,1.0,win,0.0,False,True,True
783c6569cd64e60b97c3a3c324565178061554b6e7d55e98aa800fe3f2581f33,nfl,atd,Tyler Higbee,Yes,0.5,loss,0.0,2026_04_LA_PHI,0.0,loss,0.0,loss,0.0,False,True,True
de64194eda196bcf9852eb294dc9acc22714ee5f6f9355dd662fe44b60b99577,nfl,atd,Brenton Strange,Yes,0.5,loss,0.0,2026_04_JAX_CIN,0.0,loss,0.0,loss,0.0,False,True,True
b7386f25d52be65dcb0b0ee3fe4273bba5006dffec7da1ad3184b8c059465457,nfl,atd,Courtland Sutton,Yes,0.5,loss,0.0,2026_04_DEN_SF,0.0,loss,0.0,loss,0.0,False,True,True
b228eaf0259068a526bef28a4ef8e0d56d4c32158cbc363ffae9f79824451cd5,nfl,atd,Jameson Williams,Yes,0.5,loss,0.0,2026_04_DET_CAR,0.0,loss,0.0,loss,0.0,False,True,True
81395274572efc922a413d3516ddbe34c2a4dba5265032304a522e20c0fdf71b,nfl,atd,Roman Wilson,Yes,0.5,win,1.0,2026_04_PIT_CLE,1.0,win,1.0,win,0.0,False,True,True
264f732a77c3869651ccfa4489eab3bcd750d231ef24bdeb6352dfebd539a4c3,nfl,atd,Samaje Perine,Yes,0.5,loss,0.0,2026_04_JAX_CIN,0.0,loss,0.0,loss,0.0,False,True,True
6f66936dc1b6a270ded8b88bf02189de714f5b3bb56f80f696913a8a1d2b539d,nfl,atd,Patrick Mahomes,Yes,0.5,loss,0.0,2026_04_KC_LV,0.0,loss,0.0,loss,0.0,False,True,True
6e878e4c438ec051ba48af97be1b9b0545aed54d9bd28b0620248cb1588c8a5a,nfl,atd,Marvin Harrison,Yes,0.5,win,1.0,2026_04_ARI_NYG,1.0,win,1.0,win,0.0,False,True,True
e7553cf3b1534c3672a34285bfe370b649fd3845a3802ec954eab95327e6a770,nfl,atd,Jalen Nailor,Yes,0.5,loss,0.0,2026_04_KC_LV,0.0,loss,,,,True,True,
256cafdf4158b43e46a8d20e3ac57a1e4cb797a51d2e15d7f1b0fd2077bf5f5b,nfl,atd,Bo Nix,Yes,0.5,loss,0.0,2026_04_DEN_SF,0.0,loss,0.0,loss,0.0,False,True,True
dfb58f1b890a3e1a6e1f551bbba8116716800d715cb30512de4be2ab1b01f73c,nfl,atd,Zach Ertz,Yes,0.5,loss,0.0,2026_04_LA_PHI,0.0,loss,0.0,loss,0.0,False,True,True
3ecfd5dd71df2835122b63e7f0c88aabedfa84a5368e63878c0f976a88d01ad3,nfl,atd,Olamide Zaccheaus,Yes,0.5,loss,0.0,2026_04_ATL_NO,0.0,loss,0.0,loss,0.0,False,True,True
9ec3564b527e075e7d48b98ad28021357a0b122badf05ac4f8ae34933959493f,nfl,atd,Bryce Young,Yes,0.5,loss,0.0,2026_04_DET_CAR,0.0,loss,0.0,loss,0.0,False,True,True
372bf8e9b92210f416d5c2c8d449fb5f384d32107d99c4da09246f86806b4063,nfl,atd,Gunnar Helm,Yes,0.5,loss,0.0,2026_04_TEN_BAL,0.0,loss,0.0,loss,0.0,False,True,True
80c894fa5215710956db5946e3012fd5055260ce307fcea8d9c09b2d57157805,nfl,atd,Justin Herbert,Yes,0.5,loss,0.0,2026_04_LAC_SEA,0.0,loss,0.0,loss,0.0,False,True,True
94a7f08c4b823eab9f13197927f62374209145e6e10def2a9bb810cfab675eed,nfl,player_receiving_yards,Darnell Washington,Over,49.5,loss,27.0,2026_04_PIT_CLE,27.0,loss,27.0,loss,,False,True,True
539c550de4e712b4f4e00bfbfaa919481639713b8e70aff5b7f80b0102ce443a,nfl,atd,Jalen Royals,Yes,0.5,loss,0.0,2026_04_KC_LV,0.0,loss,0.0,loss,0.0,False,True,True
dbed161d0e0e651c820b2511fd21f2bd2b5401040dbd96abfd11dfe0d5b37340,nfl,atd,Bo Melton,Yes,0.5,loss,0.0,2026_04_GB_TB,0.0,loss,0.0,loss,0.0,False,True,True
853c22d8910cfea29c8876e130cdb0566927f5b03046e9da52adaabdc7d4207e,nfl,atd,Jaylin Lane,Yes,0.5,loss,0.0,2026_04_IND_WAS,0.0,loss,0.0,loss,0.0,False,True,True
986cb8eb218e0b105530f410d0acf8728230f24e2553150cdafc4fac66abc28f,nfl,atd,Aaron Rodgers,Yes,0.5,loss,0.0,2026_04_PIT_CLE,0.0,loss,0.0,loss,0.0,False,True,True
cbb6a78ed691ebabb76a60be1f1f7c982714f6715e52c239d215fc129260274d,nfl,atd,Ben Skowronek,Yes,0.5,loss,0.0,2026_04_PIT_CLE,0.0,loss,0.0,loss,0.0,False,True,True
62f9ab3caeeba5e1d1e495aadc622cfd4cf05a6262619dc7ce86a08c78828029,nfl,atd,Quintin Morris,Yes,0.5,loss,0.0,2026_04_JAX_CIN,0.0,loss,0.0,loss,0.0,False,True,True
51206a07b3e31aff373532d5e95fd717d686f7a6c9c9f91135a5188bafd63713,nfl,atd,Blake Whiteheart,Yes,0.5,loss,0.0,2026_04_PIT_CLE,0.0,loss,0.0,loss,0.0,False,True,True
1ea041783609e1f85f9e36341b68d0af9522f664942ae00bf17a6fdc3f78c468,nfl,atd,Mo Alie-Cox,Yes,0.5,loss,0.0,2026_04_IND_WAS,0.0,loss,,,,True,True,
dcc36a4ea09ae7296163e863b76c50994864d89165ce752013abacb2c6c5c26c,nfl,atd,Kevin Austin,Yes,0.5,loss,0.0,2026_04_ATL_NO,0.0,loss,,,,True,True,
ec4ec452ac72d083f9d56c5acb925cc70a456155f1e629514146a10e871d93c0,nfl,player_receiving_yards,Jerry Jeudy (CLE),Over,69.5,loss,36.0,2026_04_PIT_CLE,36.0,loss,36.0,loss,,False,True,True
6908786392b5d1b49c527b257c24ff0c42b38152734bc94ec8470237e8d692e6,ncaa,h2h,,Home,0.0,loss,-4.0,401862792,-4.0,loss,,,,False,True,
6368348b9d561c17e2a3676e8d3fe2eb073e969cbdbd303810e926a47b2cffed,ncaa,h2h,,Away,0.0,win,-3.0,401866434,-3.0,win,,,,False,True,
5faa0ec0b4795ad278b3ce71aab54fdb7e56833d96db38968995dfa4fcc9d540,ncaa,h2h,,Home,0.0,win,3.0,401856822,3.0,win,,,,False,True,
1030527e14b0959d3a7ab70f6d495d7ce8a6f524a2cdb88c29bcbedf77c86d97,ncaa,totals,,Over,46.5,loss,43.0,401869932,43.0,loss,,,,False,True,
ceae98a57687abd535efe683f31f3b4a140c3278c5abafe5c7c75aefa1addc65,ncaa,spreads,,Home,14.0,win,11.0,401866432,11.0,win,,,,False,True,
a34590888abfb84bd18c3a99b42ad4ba5cd2d688166b7f13a7eca71df2d5172e,ncaa,totals,,Over,50.5,win,52.0,401856705,52.0,win,,,,False,True,
79b974fdc0724c423f81881d78ab0fadd6c4e5769f103e5e704646f5f3c08d31,ncaa,spreads,,Away,-18.5,loss,9.5,401869962,9.5,loss,,,,False,True,
3fbc7f2ebf7169b3aebd93804111c83d663fdde70fe48a3466fc3cae5f287cc0,ncaa,totals,,Over,42.5,win,44.0,401866477,44.0,win,,,,False,True,
9e44f07efb796cbb639cb86b328e281ab102dca5e1be70df1d45f8e88f65d182,ncaa,totals,,Over,53.5,win,55.0,401869942,55.0,win,,,,False,True,
6ddeb68bd9f4382c3760145e9b582302b2976185a58e20ddb7b5e79c6489791b,ncaa,totals,,Under,59.0,loss,60.0,401860900,60.0,loss,,,,False,True,
d8b0dc4e01bb72facf634cacbb9420f316d5014d00d0ba0e33b65187f56fb6d0,ncaa,spreads,,Home,14.0,loss,-3.0,401858473,-3.0,loss,,,,False,True,
3fc3cca6979c5ded3712dad3e118e7355ac9862a4c084dcc37a05c7a66b47d8a,ncaa,spreads,,Home,6.5,loss,-23.5,401860899,-23.5,loss,,,,False,True,
1d33ff542cd729c7c5dbe937148012be0faa9ddea88e804a17a6ea89d7fae00f,ncaa,totals,,Over,49.0,win,55.0,401856807,55.0,win,,,,False,True,
01109e6a3ba10544d30a2911f8c3faa82add4850e0dc7b150b1b3ee5fd1e8918,ncaa,h2h,,Home,0.0,win,8.0,401858247,8.0,win,,,,False,True,
658e35c3a070e6c67a12dbf1b6f0708efcd176a323dd62af9a33ac3d8d9f9a07,ncaa,h2h,,Home,0.0,loss,-4.0,401864513,-4.0,loss,,,,False,True,
284afbed4679d0e8c2d8dc1a6a6d239a3fca7954d9cf51e8f11dd707d6b0d129,ncaa,h2h,,Home,0.0,loss,-4.0,401864513,-4.0,loss,,,,False,True,
e9c2dc5fd4e47f89a10ebf1a371c88de12f1c0a784a37e8a9d74bfda612ea737,ncaa,spreads,,Away,3.0,refund,0.0,401866434,0.0,refund,,,,False,True,
243ea8753b1dc4b5295398772bdbcbce5a7f4a1ba6e3da7d581be148f567f547,ncaa,spreads,,Away,-13.0,win,-17.0,401866477,-17.0,win,,,,False,True,
3a0b32e5abe0974987b101d296432936f935cb07b332a3136b8e1033589535f0,ncaa,spreads,,Home,-3.0,refund,0.0,401856822,0.0,refund,,,,False,True,
f052e1463cfd8f92eee70c0576a39a0dbcb5130b62ae7d567cf7474da8444d13,ncaa,spreads,,Away,13.0,win,-9.0,401856821,-9.0,win,,,,False,True,
8ac891347012f0385109fd37009c75db5fa5944484cf9db875c20c858f647e92,ncaa,spreads,,Home,20.5,loss,-30.5,401862787,-30.5,loss,,,,False,True,
36755af8c772c6207822c5daf713694c5e87ff43e688fc1a6853b5745e172436,ncaa,spreads,,Away,-2.5,win,-22.5,401860921,-22.5,win,,,,False,True,
2191f5b6f198fe456d777f52d468099e2f0d04103cc866eee858e11400e70f76,ncaa,spreads,,Home,24.0,loss,-8.0,401858477,-8.0,loss,,,,False,True,
a1934f1ac270ad06e0f09bbe99de40bf59ddbb75256323fb121813999ff9ebcd,ncaa,spreads,,Away,-13.0,loss,41.0,401858251,41.0,loss,,,,False,True,
e6b455abe37f7b72c41bd4a300ecc58d0df60be6f35d137f9c783005ea7e08ac,ncaa,spreads,,Away,-7.0,win,-4.0,401869932,-4.0,win,,,,False,True,
afa14ebb262d2778dc4f98ee6300f320ffe22bc8e02b2a37c17f16f54a44dd9a,ncaa,totals,,Under,51.5,loss,63.0,401866431,63.0,loss,,,,False,True,
4fbb2a0ab345d617fb4bbf7ece332fc3d3ee78c6c3fed44c761a73d06d2f7e85,ncaa,spreads,,Home,-6.0,loss,-10.0,401862792,-10.0,loss,,,,False,True,
0d46ae713de287cd8990f4aa7fa9aafb622d13b485d7fab2d71964caf72c7c06,ncaa,totals,,Under,60.5,win,41.0,401858472,41.0,win,,,,False,True,
2ea563ee5608d7f13273b39f9311c7009fe03e7b26e7d9aa82fd3148de4de0f6,ncaa,totals,,Under,46.5,win,32.0,401860921,32.0,win,,,,False,True,
889226ec03f4061197fe6063e033a1d76fc27158186bea04a9887e287f1c6f83,ncaa,spreads,,Away,-6.5,loss,17.5,401866430,17.5,loss,,,,False,True,
87e351bf859d8b5271be27275d3f2922e44031f3c0ba6e979b80e808e32f18a9,ncaa,totals,,Under,56.5,win,47.0,401871049,47.0,win,,,,False,True,
66bebc63b2f65eb7dedd1dced687cc7639f5b37a4d35430f6490f6f3fb124ab1,ncaa,spreads,,Away,-3.5,loss,1.5,401862791,1.5,loss,,,,False,True,
39dddf885d412a1e3758f26b58f5510345f6895c5fbe2554682c944c90fc1cc9,ncaa,h2h,,Away,0.0,loss,31.0,401858253,31.0,loss,,,,False,True,
76aa00c3a7db297f9a7a8a96706943eaf2c7cb3ffefabe7b5beea8a7f5bca0c3,ncaa,spreads,,Home,-2.0,win,6.0,401858247,6.0,win,,,,False,True,
305fe69a26a90311d3f98a660c98e7f703c522accd1a472854421dfad17122ea,ncaa,totals,,Over,45.0,win,47.0,401858476,47.0,win,,,,False,True,
167ffd7e9a7cfabbd75b36f32ba74a2c8357ce4265665c7b7567d41f4cced385,ncaa,totals,,Over,48.5,win,68.0,401864514,68.0,win,,,,False,True,
88fecc2242970e9a374a679aa8340abac3b2787ce985f9727ed1748fd52308b2,ncaa,spreads,,Home,-2.5,loss,-6.5,401864513,-6.5,loss,,,,False,True,
1bf507d3753f4de4af8f27ea9aaa84bfb2605087dd7bf67c878c96766fcde8c7,ncaa,spreads,,Home,-2.5,loss,-6.5,401864513,-6.5,loss,,,,False,True,
8adb1f3543a9ddceb4d44347a603d539b0bc9219f01808da4afc3ff62072e5f5,ncaa,totals,,Under,56.0,loss,62.0,401856708,62.0,loss,,,,False,True,
49dd38aedd62f85ba5ff047bc0b23e9d1f48b66c7c39df29763dcfdc23c7a6c5,ncaa,totals,,Over,52.5,win,70.0,401858247,70.0,win,,,,False,True,
589fb1e07102b35e8fd2678ef1a16253db31f62cef9804132da2badc4a29ec10,ncaa,totals,,Over,49.0,win,74.0,401856817,74.0,win,,,,False,True,
e462c2b1e20eb4794c270e548cbbc2db9c5c70d4ba5a148812675b2a1850f3c2,ncaa,totals,,Over,55.5,loss,30.0,401862788,30.0,loss,,,,False,True,
b5f3f769d099395b291d7583c79490320589bd8e1e032f5b9ce0f2fc6c456500,ncaa,spreads,,Home,6.5,loss,-0.5,401856818,-0.5,loss,,,,False,True,
905273c31746901a9ff2737b03f0220f3bdac5d01893c1dcb998fce656ce6798,ncaa,totals,,Over,50.5,loss,23.0,401866434,23.0,loss,,,,False,True,
f6402c2cde16d3255c9007f6835f6f920c1558f1767827575be56d5e32bd9973,ncaa,spreads,,Away,-4.0,win,-40.0,401856817,-40.0,win,,,,False,True,
4141fb40ccadd715cbed9ae8c4ab309e734b7d883fb1377cfb5f47d9d8924caa,ncaa,spreads,,Away,-7.0,loss,20.0,401856820,20.0,loss,,,,False,True,
017d528dc94806d4e90f123600367bdbd58b91a1b639546fd0d7956c091a1001,ncaa,spreads,,Away,-14.0,loss,13.0,401856711,13.0,loss,,,,False,True,
a39720cf1cf77f7ae6ce40d280d771f358d9eea1115cd3a4491e8a3d988510a9,ncaa,spreads,,Home,2.5,win,4.5,401869842,4.5,win,,,,False,True,
2b20bfea4275226c5c31334f470e26561b185bb08370b4ed877cdbe14daa4044,ncaa,totals,,Over,51.5,win,52.0,401869956,52.0,win,,,,False,True,
23d85e6323056ab3deb5f1147edbad19c227b7ba6c84b6416500cce0ecd46098,ncaa,totals,,Over,57.5,win,89.0,401862786,89.0,win,,,,False,True,
231c1f20bc7e1e7747b9c8989a76d99b87123a2b4702459fb7a8fc26789b1e24,ncaa,totals,,Over,55.5,win,62.0,401869962,62.0,win,,,,False,True,
b167de4d466a82ce1b988baa779ab0f31f79de3dd7eaa165b6330e3a975e5ffb,ncaa,spreads,,Home,19.0,win,4.0,401866431,4.0,win,,,,False,True,
d35f499413fa516160e3342dcb0a69eeaae28ea7f01bfeb0525d42bb760cff17,ncaa,totals,,Over,51.5,loss,36.0,401864513,36.0,loss,,,,False,True,
07fc2c88639008e7934f678a164ac566caba260317919b144801d8657b0c3154,ncaa,totals,,Over,51.5,win,83.0,401858252,83.0,win,,,,False,True,
f1d4ba003caac774cc8ff751d8d93250b91229a808a6f6fbb2ef90d3d1d95db9,ncaa,totals,,Over,51.5,loss,36.0,401864513,36.0,loss,,,,False,True,
b6c739016cbabfe0a13c7f9632b8389214bbba175cc951c8eedde16c8c061dfc,ncaa,totals,,Under,60.5,loss,79.0,401856707,79.0,loss,,,,False,True,
993a0d0884fd001d0641a9178f463bc93255d516aaa835c02346bf6c47531d35,ncaa,totals,,Over,46.0,win,60.0,401869842,60.0,win,,,,False,True,
8665b02c502a9de53444273edc6b47e2b7c4076dc3352e1a74f86b3441a8a9c4,ncaa,totals,,Over,52.5,win,67.0,401862787,67.0,win,,,,False,True,
e56a90110c9659dc0125f8c525a7ce1c73edd9a3661bdaa044a932a7197fa8b8,ncaa,spreads,,Home,21.0,win,10.0,401858250,10.0,win,,,,False,True,
e0a1ae613730e4626cd9704ffcc345b6bfcd5a5eaafaba7a73a7e29d764802cf,ncaa,spreads,,Away,-2.0,loss,19.0,401871049,19.0,loss,,,,False,True,
892012278a84a0c50a216d5a3f3106221f2fbfd7e00a89317c5fe59e9c07e371,ncaa,totals,,Under,55.0,win,41.0,401858246,41.0,win,,,,False,True,
9f5f72a14dd982ddb227e31e9b6ef7afea3ee5670798ee5bbf598aa73e2e8fbd,ncaa,spreads,,Away,2.5,loss,33.5,401858253,33.5,loss,,,,False,True,
4c40fa67e0a23040473bdf42690fbc89e2a363a7e2d2bcf0f25929f92a623825,ncaa,spreads,,Home,7.0,loss,-9.0,401871050,-9.0,loss,,,,False,True,
60cd56fff4347256c1b1b29f78e02f1e4360904747e89bda4bc8bf28d4a3beec,ncaa,totals,,Over,48.5,loss,27.0,401856818,27.0,loss,,,,False,True,
38a0b87955429a686eefd2119af7b1c9d8e81acd7a0020b9c21bfbb7c5528b98,ncaa,h2h,,Away,0.0,win,-20.0,401860921,-20.0,win,,,,False,True,
6bcf1c3d882d501d48eea580489710a39a7e32c1f9577cdac30b9c01440c462e,ncaa,totals,,Under,53.5,loss,69.0,401856709,69.0,loss,,,,False,True,
13b0afe4215e7405bc4710f054031221491c9883b2ae963c3155e53d98b19a20,ncaa,totals,,Over,43.0,loss,34.0,401858474,34.0,loss,,,,False,True,
c1b84cc677e7dceadb3a1c52372a9898fcc6da063c5d97ffc14eee06c5d91a6e,ncaa,spreads,,Away,-10.0,win,-17.0,401858472,-17.0,win,,,,False,True,
090818ca1aa3d1c883a53020d0db1de53d4be4c6ac52daf7945981be27794d75,ncaa,totals,,Under,53.0,loss,60.0,401858251,60.0,loss,,,,False,True,
7e316c0734bbdfae7c06a4265df28f920be2604af400e47337733098c0682e0c,ncaa,totals,,Under,56.0,loss,62.0,401858477,62.0,loss,,,,False,True,
3d66e3d414391704274f40b8152a67a304cd80c10b9601687b2370a4e6e7336f,ncaa,spreads,,Away,-7.0,loss,3.0,401856710,3.0,loss,,,,False,True,
ef4d6d20ee31f116394f0d977a151e2ec33e562d97641c51cfb69657e1155e92,ncaa,h2h,,Away,0.0,loss,21.0,401871049,21.0,loss,,,,False,True,
fa571195723c50b16a4a18e32e0760bac86daf5e868cab0e3960bd8b5853d92c,ncaa,h2h,,Away,0.0,loss,5.0,401862791,5.0,loss,,,,False,True,
ceeb436d5c47004e1dff5bcb0caad7cd299b622489e73869599fe644152dbc4b,ncaa,h2h,,Home,0.0,win,2.0,401869842,2.0,win,,,,False,True,
2da19ee2d26258b0ed58b58a82b3596013a9832fc2cf88507fa2057248397b07,ncaa,h2h,,Home,0.0,win,3.0,401858248,3.0,win,,,,False,True,
60564fbb1e546aee13ae55a979cf396fa11fa531621c47b25beec2783fd76336,ncaa,h2h,,Home,0.0,win,6.0,401858474,6.0,win,,,,False,True,
1444afb65ce03d44b338664288745735fe435cd189c64c3ebeb26b631c2e0dc0,nfl,player_passing_yards,Kirk Cousins,Under,249.5,loss,365.0,2026_04_KC_LV,365.0,loss,365.0,loss,,False,True,True
8c44468b244d50d3fdb515ed0399674892861e5d00d6892e022a8c76df69eca3,nfl,atd,Christian McCaffrey,Yes,0.5,win,1.0,2026_04_DEN_SF,1.0,win,1.0,win,0.0,False,True,True
a739e4cb1e5d64e86beace43b3ffb75f51ee530e4508f1c24bac289ca353cf24,nfl,player_receptions,Jaylen Waddle,Under,4.5,loss,5.0,2026_04_DEN_SF,5.0,loss,5.0,loss,,False,True,True
26bcffb74b105985dabea1e7b79763bc9334cf2e0d69481f5decc47674fcbab3,nfl,player_receptions,D'Andre Swift,Under,2.5,win,2.0,2026_04_NYJ_CHI,2.0,win,2.0,win,,False,True,True
7c1f3259e240eff43bb94707870ef2ff8648072181ff396ccb3e5d52d518046c,nfl,player_passing_tds,Bo Nix,Under,1.5,win,1.0,2026_04_DEN_SF,1.0,win,1.0,win,,False,True,True
b4e1edb1fbbc5bcd659f3eb2f5c5c39a2123915278eaf9cff8d35ca4a662f76a,nfl,player_receptions,Davante Adams,Under,5.5,win,4.0,2026_04_LA_PHI,4.0,win,4.0,win,,False,True,True
585ae99f0c9154ea3b6dbdbcd5b154f2640beb40d2f9013a23a56c97ca659d43,nfl,player_rushing_yards,Jonathan Taylor,Under,89.5,loss,95.0,2026_04_IND_WAS,95.0,loss,95.0,loss,,False,True,True
6c2ee0a9a3bc6b1d38d085ec163a20e4302353570dd09ba019abb983d1ff2b72,nfl,player_rushing_yards,Rhamondre Stevenson,Over,30.5,win,47.0,2026_04_NE_BUF,47.0,win,47.0,win,,False,True,True
96c1db6e92bc50256ce10810e987b8800ba1128bd3690e20b98162cb3b2a5191,nfl,player_rushing_yards,Joe Burrow,Under,7.5,win,6.0,2026_04_JAX_CIN,6.0,win,6.0,win,,False,True,True
32a74e1053175eac08e2b89d1cdc4596bb0a4ab653ee1f3992aa761bc223ce16,nfl,player_receiving_yards,Bucky Irving,Over,13.5,loss,0.0,2026_04_GB_TB,0.0,loss,0.0,loss,,False,True,True
cec48b4244659bea14b16efd891329e7c4f7fb8ed6c6d8aac7afa3e117095ed0,nfl,player_receiving_yards,Aaron Jones,Under,18.5,loss,34.0,2026_04_MIA_MIN,34.0,loss,34.0,loss,,False,True,True
37bbd14f9a822d7b05a21635a07bc9bd05eb9b6aad125baf10e4854d2d615638,nfl,player_passing_yards,Deshaun Watson,Under,181.5,loss,268.0,2026_04_PIT_CLE,268.0,loss,268.0,loss,,False,True,True
c65e84757d7ff52ef8a1e4cf21bb5105db153ee42925fb1f50ac7fe829af0448,nfl,player_passing_yards,Jordan Love,Under,247.5,win,197.0,2026_04_GB_TB,197.0,win,197.0,win,,False,True,True
42ec09c036acbe9be21774e597c626c6fb8f5555905afea9687841d87e5a4880,nfl,player_rushing_yards,Trevor Lawrence,Over,14.5,loss,0.0,2026_04_JAX_CIN,0.0,loss,0.0,loss,,False,True,True
c193abf2a603e3369e2778a03520b85991dc7273bdfa73755ccb928aed0585d0,nfl,player_receiving_yards,Wan'Dale Robinson,Over,35.5,loss,19.0,2026_04_TEN_BAL,19.0,loss,19.0,loss,,False,True,True
fbe407c6caf93f78c742e03721443b67fe3fb653c6a98680b870ed0f6eaddafd,nfl,player_receiving_yards,RJ Harvey,Under,21.5,loss,68.0,2026_04_DEN_SF,68.0,loss,68.0,loss,,False,True,True
7a8c295b38930463cdb900b7dd857b997f103e4ac1c73deaecd900f3d6169204,nfl,player_passing_tds,Kyler Murray,Under,1.5,win,0.0,2026_04_MIA_MIN,0.0,win,0.0,win,,False,True,True
35a394fac8adab282ac87560819f8c99a8a823bfb7c8170d52f301faa44dd1f6,nfl,player_passing_yards,Jared Goff,Over,264.5,win,412.0,2026_04_DET_CAR,412.0,win,412.0,win,,False,True,True
3ccb6755a488d8571bd4f82d133258335b3b9d8fbb433d0f7c9f5738a4ee04b0,nfl,player_rushing_yards,Ashton Jeanty,Under,60.5,win,58.0,2026_04_KC_LV,58.0,win,58.0,win,,False,True,True
28766566134a9645e22a9ab71b6516060c1cbcde538f9d6035990e820d89eb19,nfl,atd,Jaxon Smith-Njigba,Yes,0.5,loss,0.0,2026_04_LAC_SEA,0.0,loss,0.0,loss,0.0,False,True,True
7d82472a0f073d5b544e37971262d1b3b8804f97d80019bba2514e8f0caad8d5,nfl,player_rushing_yards,Josh Allen,Under,32.5,win,4.0,2026_04_NE_BUF,4.0,win,4.0,win,,False,True,True
8a03c9fe8248bf75c7e3643de939269ac8fb92a2d7c984de4bb870e56300837e,nfl,player_passing_yards,C.J. Stroud,Under,242.5,loss,347.0,2026_04_DAL_HOU,347.0,loss,347.0,loss,,False,True,True
8835c2b39a986763b7162420a9e0683fa3c41ea3148cea091a5214f2db7aa392,nfl,player_receptions,George Kittle,Over,4.5,loss,4.0,2026_04_DEN_SF,4.0,loss,4.0,loss,,False,True,True
cdbeeb5770ee57bcef0e467198079efd6450b26f28222ad418fa1233a580bc52,nfl,player_receiving_yards,Michael Wilson,Over,57.5,win,95.0,2026_04_ARI_NYG,95.0,win,95.0,win,,False,True,True
02c01cb5603aafce08677b47175cfed8098858a6c609eb99b691a1c9bad0d1ca,nfl,player_receptions,Kalif Raymond,Under,3.5,win,2.0,2026_04_NYJ_CHI,2.0,win,2.0,win,,False,True,True
dbffc309f20a95bd2a9f6a707022776ed081a83e043da1bc752af0db5ea9ff53,nfl,player_receiving_yards,Chris Godwin,Over,25.5,win,31.0,2026_04_GB_TB,31.0,win,31.0,win,,False,True,True
5d6d608dbcbe1cd8e59c746ab81744fc4b6e586ea1e0e62e77e193e293d6f763,nfl,player_receiving_yards,Jaylen Waddle,Under,56.5,win,35.0,2026_04_DEN_SF,35.0,win,35.0,win,,False,True,True
004f60fee560f277ddba175518a2bbcb40595ba2caef57049e1dacdc3f7d5e9d,nfl,player_passing_yards,Patrick Mahomes,Over,235.5,loss,225.0,2026_04_KC_LV,225.0,loss,225.0,loss,,False,True,True
b065b460f8e4b08bd797e1e72f8cc7c489369f3518a43472f577d1fb28e6aee5,nfl,player_receiving_yards,Jahmyr Gibbs,Over,35.5,loss,31.0,2026_04_DET_CAR,31.0,loss,31.0,loss,,False,True,True
2da8547a99db6a2e92cebeadfec752d6665034867758620f836fc240ff5e7dec,nfl,player_passing_yards,Patrick Mahomes,Over,236.5,loss,225.0,2026_04_KC_LV,225.0,loss,225.0,loss,,False,True,True
82d10f4eaf4e81f2205c99080fad3d5bdd319c85bd977c3bdab2509deb85ddba,nfl,player_receiving_yards,DK Metcalf,Under,43.5,loss,115.0,2026_04_PIT_CLE,115.0,loss,115.0,loss,,False,True,True
f63ee02205adfab6323eaa7f1f7594b4e9c89cb397ec6e621ea564b6017b7438,nfl,player_receiving_yards,Jake Ferguson,Under,27.5,win,11.0,2026_04_DAL_HOU,11.0,win,11.0,win,,False,True,True
d8646dfbe250a8bf0285018e8c2585272d77d6208bf3456616418a1c92f0ab66,nfl,player_receiving_yards,Luther Burden,Over,40.5,win,63.0,2026_04_NYJ_CHI,63.0,win,63.0,win,,False,True,True
249158ad278222d12d2b031669bdc9fa81564a653403e15da90cf9cf6a1c4f01,nfl,player_receptions,RJ Harvey,Under,3.5,loss,10.0,2026_04_DEN_SF,10.0,loss,10.0,loss,,False,True,True
a9aa1d874a4acf26b9e17e05edcb4cbb85a477fc0e863d45fed8e7d838e6aff3,nfl,player_receiving_yards,Trey McBride,Over,67.5,loss,31.0,2026_04_ARI_NYG,31.0,loss,31.0,loss,,False,True,True
e87472128cfdf32413a4d6572d83883b81cc697513e201cedf039f54ab6da3ae,nfl,player_rushing_yards,Josh Allen,Under,31.5,win,4.0,2026_04_NE_BUF,4.0,win,4.0,win,,False,True,True
1156cfe635207d2a1cf727ab0cb49fe9863ea6ef4f3ec06e6ade5f2bcba3bc4c,nfl,player_receiving_yards,Parker Washington,Under,72.5,win,7.0,2026_04_JAX_CIN,7.0,win,7.0,win,,False,True,True
6b6af5908b3a7aa88542fdc267a5e4ed4ef86b6a43b2574d64784a1694e3b0a5,nfl,player_receiving_yards,D'Andre Swift,Under,14.5,loss,16.0,2026_04_NYJ_CHI,16.0,loss,16.0,loss,,False,True,True
496d04e46664a5326ab07d51a66bdf0f8e2782beab379d26a49572437fc77fa0,nfl,player_receiving_yards,Jakobi Meyers,Over,44.5,loss,33.0,2026_04_JAX_CIN,33.0,loss,33.0,loss,,False,True,True
e250578d8c0fbbfbeb893f3d9d0298f26bc73a0f72636608462aad5b2945ce85,nfl,player_receptions,Luther Burden,Over,3.5,win,4.0,2026_04_NYJ_CHI,4.0,win,4.0,win,,False,True,True
97a20931de9b0d9af0910c2ae900b5009d1b99a86d3a68714f80f01500c6eaa4,nfl,player_rushing_yards,Brock Purdy,Over,16.5,win,29.0,2026_04_DEN_SF,29.0,win,29.0,win,,False,True,True
065c95289c2ebf376bdb1f5ba355493cba787182ac4b90d48dc39d2d60d0a667,nfl,player_rushing_yards,Saquon Barkley,Under,78.5,win,8.0,2026_04_LA_PHI,8.0,win,8.0,win,,False,True,True
f622077d8a36654df42f53a5870029b30355935f2064a7bba21c4cfda4135641,nfl,player_passing_yards,Aaron Rodgers,Under,212.5,loss,299.0,2026_04_PIT_CLE,299.0,loss,299.0,loss,,False,True,True
ef33595692ce9052b97344d0379002b6242cca5ee704b473d96b237d15360e45,nfl,player_rushing_yards,D'Andre Swift,Under,73.5,win,58.0,2026_04_NYJ_CHI,58.0,win,58.0,win,,False,True,True
15105140958472e300d36570028f50324458bb00c83b219c6a5163b090d629cc,nfl,player_rushing_yards,Kyle Monangai,Over,36.5,win,146.0,2026_04_NYJ_CHI,146.0,win,146.0,win,,False,True,True
45ba3fa3857eb6367aa3a3ed3c9157293642e11683079ba39dcb2a45a8234eeb,nfl,player_receiving_yards,George Kittle,Under,64.5,loss,70.0,2026_04_DEN_SF,70.0,loss,70.0,loss,,False,True,True
a9e18e2578c35c35050e5c41962ce772805b90087e443647c3d92b657b240d5a,nfl,player_receptions,Rome Odunze,Over,2.5,win,6.0,2026_04_NYJ_CHI,6.0,win,6.0,win,,False,True,True
c2ddb5f11651a389f0c7377f905c59a1579aff09b088a906ab7d005c4bde7ca4,nfl,player_rushing_yards,Blake Corum,Over,40.5,loss,14.0,2026_04_LA_PHI,14.0,loss,14.0,loss,,False,True,True
2f00824afa723d66346fedd56848dc4c1d2e2770f7c1b13b34242f58728831f6,nfl,player_receiving_yards,Dalton Kincaid,Under,55.5,win,7.0,2026_04_NE_BUF,7.0,win,7.0,win,,False,True,True
2a2234652614b5f50d7595673b3764c7afafd7bfc89acc284e8e47d2312ae68c,nfl,player_passing_yards,Matthew Stafford,Over,250.5,win,317.0,2026_04_LA_PHI,317.0,win,317.0,win,,False,True,True
6bb12b6fd00eb3155eb204f17a08bbefd5b9666a895961a91b8de20d2d2574b9,nfl,totals,,Under,43.5,loss,53.0,2026_04_LAC_SEA,53.0,loss,53.0,loss,,False,True,True
cb40c656f34c81ad969fabdd3183247e3215716af85cce853ed9abb7194f8a3a,nfl,player_receiving_yards,Isaac TeSlaa,Over,17.5,win,95.0,2026_04_DET_CAR,95.0,win,95.0,win,,False,True,True
3d714b4df69b5bec776ff0a197c691a3df3a7f2ffdd29ce5416c0e59a982534c,nfl,player_receiving_yards,Christian McCaffrey,Under,38.5,win,18.0,2026_04_DEN_SF,18.0,win,18.0,win,,False,True,True
96c91235e1c25992aaf1135931d0582d04967ffd2b4faedb4a1bd85ae3d58c9a,nfl,player_passing_yards,Daniel Jones,Under,220.5,win,143.0,2026_04_IND_WAS,143.0,win,143.0,win,,False,True,True
563898a7868160b2450f46e5dbe609edbb69206716964463f790b5f742098064,nfl,player_receiving_yards,Kalif Raymond,Under,37.5,win,6.0,2026_04_NYJ_CHI,6.0,win,6.0,win,,False,True,True
fc698b3037406433640a139fecfceffe2e35b10550ade04b07630b40198a11c0,nfl,player_receptions,Gunnar Helm,Over,2.5,loss,1.0,2026_04_TEN_BAL,1.0,loss,1.0,loss,,False,True,True
60e6a3052fd2a27fcb23cc5df17c25d2531107933123f6bc42ed4d9afbb147f4,nfl,player_passing_yards,Jameis Winston,Over,234.5,win,250.0,2026_04_ARI_NYG,250.0,win,250.0,win,,False,True,True
c039ade8bd85488fdb072e58e49170eda7cb7aba6f7f54d56a16a19dcb2537c3,nfl,player_receiving_yards,Darnell Mooney,Over,24.5,loss,0.0,2026_04_ARI_NYG,0.0,loss,0.0,loss,,False,True,True
6dda0fcd19c43330024957b0285fe634964ebc27f0c9ac8185ce8d0a62d432c4,nfl,totals,,Over,43.5,win,44.0,2026_04_LA_PHI,44.0,win,44.0,win,,False,True,True
f55523efb6c7f134088ef3b5d4d23cd29946a449f9126ffc5f3da3af0ce74f82,nfl,player_passing_yards,Brock Purdy,Over,229.5,loss,218.0,2026_04_DEN_SF,218.0,loss,218.0,loss,,False,True,True
088d33f2aff7268a93cd35c84e2496ee134245344ac925e18b7bed3b2e1dd8bf,nfl,spreads,,Home,4.5,win,1.5,2026_04_KC_LV,1.5,win,1.5,win,,False,True,True
3e2e0a7dfacc4275db35f26cd4753083b1b637861cba6c0638d5f19aff41448e,nfl,player_passing_yards,Aaron Rodgers,Under,205.5,loss,299.0,2026_04_PIT_CLE,299.0,loss,299.0,loss,,False,True,True
b89650f67fb88438675a574de9038f33eaf1082f259baab6f434061b0649bdf0,nfl,player_rushing_yards,James Cook,Under,87.5,win,75.0,2026_04_NE_BUF,75.0,win,75.0,win,,False,True,True
e39c2575894d5c1be477ed04078f3ce01721d3bde26c76fe20437ee7512f7fbd,nfl,player_receptions,Cole Kmet,Over,1.5,win,2.0,2026_04_NYJ_CHI,2.0,win,2.0,win,,False,True,True
0340eb44a47c2ec45109d6a018385819d7ecb79db0decc1d7f261ea571df6884,nfl,player_receiving_yards,Raheim Sanders,Under,10.5,win,7.0,2026_04_PIT_CLE,7.0,win,7.0,win,,False,True,True
c962a264e9fb1b9a120346eb75fe5c1cea2870078ed60e9948441fd8a8cf059d,nfl,player_receptions,Pat Bryant,Over,2.5,win,3.0,2026_04_DEN_SF,3.0,win,3.0,win,,False,True,True
166f5205a3c98f8b22e64ff75611ae4b16bc81b5151150227e1f2e500576d3c4,nfl,player_receptions,Courtland Sutton,Over,3.5,loss,1.0,2026_04_DEN_SF,1.0,loss,1.0,loss,,False,True,True
f824b656afbbf7c8324d1ef2a29f31beab2de4ad95d44d6eecf86600ba6864a3,nfl,player_receptions,Amon-Ra St. Brown,Under,6.5,loss,8.0,2026_04_DET_CAR,8.0,loss,8.0,loss,,False,True,True
695f183c748b0f249030246b329facde787221a65f0d763fba921c40204d47ac,nfl,atd,Trey McBride,Yes,0.5,loss,0.0,2026_04_ARI_NYG,0.0,loss,0.0,loss,0.0,False,True,True
269b693ce4fef5ae412df6bc594470b1bcdc5c076cfb57aa1e0d40db54dfc9da,nfl,player_receptions,Tee Higgins (CIN),Over,4.5,win,11.0,2026_04_JAX_CIN,11.0,win,11.0,win,,False,True,True
ec44864327a509b2b0c1e405b185c09526a92ea576f2d018ae6d5dbafa578259,nfl,h2h,,Home,0.0,loss,-4.0,2026_04_LA_PHI,-4.0,loss,-4.0,loss,,False,True,True
6b14c92ddad9408203cd7d26a88adadce2d85dfb3c9dc6af7db9e070ff813c27,nfl,atd,Brock Purdy,Yes,0.5,loss,0.0,2026_04_DEN_SF,0.0,loss,0.0,loss,0.0,False,True,True
aa0793f7dbcf01ec62eec8fec9b62d59691be3e4d8e2e207bceeb9261e4efb3f,nfl,atd,Keon Coleman,Yes,0.5,win,1.0,2026_04_NE_BUF,1.0,win,1.0,win,0.0,False,True,True
064976e392b41e957a04e2200b00fd87e449fcc26690f213ed14f8bddd06b156,nfl,atd,Joshua Palmer,Yes,0.5,loss,0.0,2026_04_NE_BUF,0.0,loss,0.0,loss,0.0,False,True,True
21b1ff305acb96969f08971b32d4b1d9b006ae4f994af5b4aedb14e15b4b8a73,nfl,atd,Kyle Juszczyk,Yes,0.5,loss,0.0,2026_04_DEN_SF,0.0,loss,0.0,loss,0.0,False,True,True
5876f7e57832da5d58aa937472aad320a6a50207b52f25b6e772905969b0025a,nfl,player_receiving_yards,Jerry Jeudy,Over,59.5,loss,36.0,2026_04_PIT_CLE,36.0,loss,36.0,loss,,False,True,True
97b48b62b64b0e3c43c49e96a35fe1bf454127e4683ea340c8685b166d573225,nfl,atd,Drew Ogletree,Yes,0.5,loss,0.0,2026_04_IND_WAS,0.0,loss,0.0,loss,0.0,False,True,True
6dff35de7d4a505787a5be187b6e00651c712d5f96c74a4b829c76bfad57fba4,nfl,atd,Aaron Rodgers,Yes,0.5,loss,0.0,2026_04_PIT_CLE,0.0,loss,0.0,loss,0.0,False,True,True
c03d62042db875aaea327afa85081361249b2310682b5c76692228b182d20830,ncaa,h2h,,Away,0.0,win,-22.0,401856821,-22.0,win,,,,False,True,
532d71467525448e0ef0c52ac82f531ee7cb92b4b2bcc4533cf1200920eb0e6c,ncaa,totals,,Over,48.0,loss,43.0,401869932,43.0,loss,,,,False,True,
a8f7c08c566919a558b46531ae2044cecd95cb7116225c298e8bf0d204d4c09d,ncaa,totals,,Under,52.5,loss,63.0,401866431,63.0,loss,,,,False,True,
eaf3d62978cd12710b52d88246dd81ee4a473120bc51bf21627262d30c032678,ncaa,spreads,,Home,24.5,loss,-7.5,401858477,-7.5,loss,,,,False,True,
289ceec173a51176a033b73429a7864c3eb745e35fdcec20beebbb1789653c4e,ncaa,totals,,Under,61.5,win,41.0,401858472,41.0,win,,,,False,True,
a66c6c1a81eeca59da4eec4a76e9e1fe1fba2d0b1a050bd3922c45831f11c938,ncaa,spreads,,Home,-3.5,loss,-0.5,401856822,-0.5,loss,,,,False,True,
9674548a59794d3f7ecdd013ffb76514b284773f0fd9f1e1037d1e4626948bfd,ncaa,totals,,Under,57.5,win,47.0,401871049,47.0,win,,,,False,True,
0137ee48dac16bf55d2baf235b3da448c9f7a370235f092a8d84ce5a3edd613f,ncaa,spreads,,Home,6.0,loss,-24.0,401860899,-24.0,loss,,,,False,True,
9e33e5ac0bf908f1e6dd8658102961419433358600c1f2888b3c193acd78e01b,ncaa,totals,,Under,57.0,loss,62.0,401856708,62.0,loss,,,,False,True,
abacc56fb04ad2a8c09f19352970f640c6f77c8f3a70a3d66a8b392dc75dd5ad,ncaa,spreads,,Home,20.0,loss,-31.0,401862787,-31.0,loss,,,,False,True,
01dbd4915f3ec38fb2fd4b36f8abf78941f2a06ab084bf33feed84c3024b2353,ncaa,totals,,Over,50.0,loss,36.0,401864513,36.0,loss,,,,False,True,
c369a10143c4644fbb8e7ca91241ba5804760245f30dce380c66a652df0cd8a9,ncaa,spreads,,Home,19.5,win,4.5,401866431,4.5,win,,,,False,True,
47e581c6c5d2b0f9621b44d8b3766b6b93dca8a5d31b57a421e558978ee232b3,ncaa,totals,,Under,46.0,win,32.0,401860921,32.0,win,,,,False,True,
4ab6924115e15e798b1e197664a0650a58b01ce8eb85c0f777d97216b2aaf423,ncaa,totals,,Over,50.0,win,74.0,401856817,74.0,win,,,,False,True,
710260be3726dc14d6ba8cec7d36d1ea812954affc4cb9821801c56d9f27347b,ncaa,totals,,Over,56.0,loss,30.0,401862788,30.0,loss,,,,False,True,
d8b6185d3669378dcb70cbc0bf68189af08d9be36729e13993c98baebe3b6ba7,ncaa,totals,,Under,54.0,loss,60.0,401858251,60.0,loss,,,,False,True,
7ff8528c16abf8021796babb809306c68dcea95f3f1ca33121aad3a1b2a2b258,ncaa,totals,,Over,51.0,loss,23.0,401866434,23.0,loss,,,,False,True,
7705bd1ffa6ed233a4c2c030846b3ad4141592928a993d9d73f06c3cf59562a0,ncaa,totals,,Under,60.0,loss,79.0,401856707,79.0,loss,,,,False,True,
5f51b99273307330beea46d574d54838d207beaa43c4f60cc2fb1b3ec8822fce,ncaa,totals,,Under,53.0,loss,69.0,401856709,69.0,loss,,,,False,True,
fee4db306f7f4b893263aa1feb04a94966555e903a85cf92553dd0ae4cc77eef,nfl,player_rushing_yards,Kyren Williams,Over,39.5,win,80.0,2026_04_LA_PHI,80.0,win,80.0,win,,False,True,True
7d4872d09d5f001166664f469d91ae497d9f32453ba31c7c2cf6b0ba9b40067b,nfl,player_receptions,Quinshon Judkins,Over,1.5,win,6.0,2026_04_PIT_CLE,6.0,win,6.0,win,,False,True,True
17af22431bb366e950bca293bfdc190a733af9ca7dc4844e09b0a82afcb7bd3f,nfl,player_passing_tds,Deshaun Watson,Over,0.5,win,1.0,2026_04_PIT_CLE,1.0,win,1.0,win,,False,True,True
16671b874dc24ed89f432590872d43cc955b19b35bf4c7aed31e04ed3864dbec,nfl,player_receptions,Cole Kmet,Under,1.5,loss,2.0,2026_04_NYJ_CHI,2.0,loss,2.0,loss,,False,True,True
a6e514d51ffaac15a389da0b25d8f1f692738da72e625528e69fbaf6bf4b1528,nfl,player_receptions,Marvin Harrison,Under,2.5,win,1.0,2026_04_ARI_NYG,1.0,win,1.0,win,,False,True,True
34c2e30c72d0f4ef2daad4063f9f94fc90ddd564d75a948da28e71e5fc2536e5,nfl,player_receptions,Brenton Strange,Under,3.5,loss,7.0,2026_04_JAX_CIN,7.0,loss,7.0,loss,,False,True,True
c74497fd29f5a3627914fe496b4349f82561256ac2286089877f94f6088e4e31,nfl,player_receptions,Michael Wilson,Over,4.5,win,7.0,2026_04_ARI_NYG,7.0,win,7.0,win,,False,True,True
c947b0d9845a61dc0241671fb7044d6d0b58acb9ba5d984202d70ee45359f3e8,nfl,player_receptions,Hunter Henry,Under,3.5,loss,5.0,2026_04_NE_BUF,5.0,loss,5.0,loss,,False,True,True
f8be912eeb4aca90487657f3c02824b995922b55d2be01c3b34350ab9d9ec8ce,nfl,player_receptions,Josh Downs,Under,5.5,win,3.0,2026_04_IND_WAS,3.0,win,3.0,win,,False,True,True
ca3717c5beb0b9c186089ef2081ee2bc3cd7267e0f42cf3618caf1079002c221,nfl,player_receptions,Tyjae Spears,Under,2.5,win,1.0,2026_04_TEN_BAL,1.0,win,1.0,win,,False,True,True
0ec4b608bdc098d5505c0a69b34f69145ec12a3974cb4d63711981a7fe934618,nfl,player_receptions,Kyle Monangai,Over,0.5,win,1.0,2026_04_NYJ_CHI,1.0,win,1.0,win,,False,True,True
40aa2959757f4574d72f58e60ec293af8be2b05e276d1072bee333e22f718594,nfl,player_passing_tds,Jared Goff,Over,1.5,loss,1.0,2026_04_DET_CAR,1.0,loss,1.0,loss,,False,True,True
1908b87cd2c211877b8f98405df438789da8ac9671033fdc8696a3fe60df5b76,nfl,player_receptions,Jahmyr Gibbs,Over,4.5,loss,4.0,2026_04_DET_CAR,4.0,loss,4.0,loss,,False,True,True
aa1f140190060aab36ddcf9a433273b6230f5d96217b2405c15accd343c2d59f,nfl,player_receptions,Dontayvion Wicks,Under,3.5,win,3.0,2026_04_LA_PHI,3.0,win,3.0,win,,False,True,True
ecfdc9d7ad33f936c9d2f6699d1eba06013b03cf9eb12606432d3663f6d1bde9,nfl,player_receptions,AJ Barner,Under,3.5,win,1.0,2026_04_LAC_SEA,1.0,win,1.0,win,,False,True,True
480c546e933a654042c99e5dceb48088d698c921ef03ebacfa2d75f56d7f4126,nfl,player_passing_tds,Tyler Shough,Over,1.5,loss,1.0,2026_04_ATL_NO,1.0,loss,1.0,loss,,False,True,True
b73f4dd42ed11572135e64fe8176d2699b8ff0cdf728c50c3859f5b0ca3bb9f8,nfl,player_receptions,Jerry Jeudy,Under,1.5,loss,3.0,2026_04_PIT_CLE,3.0,loss,3.0,loss,,False,True,True
f4dcc7b1bb26e9c3801131437ecf65af75dfc00199281f70f68630d90ea4321c,nfl,player_passing_yards,Brock Purdy,Over,229.5,loss,218.0,2026_04_DEN_SF,218.0,loss,218.0,loss,,False,True,True
70af07eb56dedbd74cebd86f18e71d1bcd57e935d72d1980fc24fc970e70bb07,nfl,atd,Kenneth Walker,Yes,0.5,win,2.0,2026_04_KC_LV,2.0,win,1.0,win,0.0,False,True,True
db5a67b2d7a65965933e2af21c886d16fd3e5ad96b0e3b581b5e7012364169ec,nfl,player_receiving_yards,Hunter Henry,Under,30.5,loss,62.0,2026_04_NE_BUF,62.0,loss,62.0,loss,,False,True,True
97ab4a68ef8ae8ddecf1a5d3f3cff36893dcad9cac84fff47500a0c95a9b08d5,nfl,player_receptions,Raheim Sanders,Over,1.5,win,2.0,2026_04_PIT_CLE,2.0,win,2.0,win,,False,True,True
168bfa61bcc82a1a8f44f51d8a730e7c6cf006e5b294089c89adb8bb66ed8758,nfl,player_receptions,Darnell Mooney,Under,2.5,win,0.0,2026_04_ARI_NYG,0.0,win,0.0,win,,False,True,True
3d65fc4a7601bf8705f2500761effa280c59e245350242fc5c73f63023ddaa85,nfl,player_receptions,Jaylen Warren,Under,3.5,win,3.0,2026_04_PIT_CLE,3.0,win,3.0,win,,False,True,True
10c5a61a15649e9862f02e8a2f88ab51eb1d3ebff34d24e63af437f9987498e5,nfl,player_rushing_yards,Trevor Lawrence,Under,14.5,win,0.0,2026_04_JAX_CIN,0.0,win,0.0,win,,False,True,True
2d8be2d28797a14e0bd69bd5a81afe99bb035c9261aa0e05eb69bbb0938167a2,nfl,player_rushing_yards,Christian McCaffrey,Under,65.5,win,52.0,2026_04_DEN_SF,52.0,win,52.0,win,,False,True,True
0b7fc19fc885fda904d63dd712c15cfff43e23b2bf481d608c021cbd83b9850c,nfl,player_receiving_yards,Tetairoa McMillan,Under,67.5,loss,192.0,2026_04_DET_CAR,192.0,loss,192.0,loss,,False,True,True
0e35a1e0d4e88d24946157b3792dc70e4728034f6386939deb54eea6ca5b09dd,nfl,player_receiving_yards,Cade Otton,Over,29.5,win,37.0,2026_04_GB_TB,37.0,win,37.0,win,,False,True,True
6065cbb03a474dca978fbc348102699b64407d2222ac364239191c9b74dbf9a7,nfl,player_receiving_yards,CeeDee Lamb,Over,70.5,win,189.0,2026_04_DAL_HOU,189.0,win,189.0,win,,False,True,True
92f9dc959c6ffc7a6fc1af4652a28b1ff9e116c9193439326fc79c36a3b8b2bd,nfl,player_receptions,Chris Godwin,Over,2.5,win,6.0,2026_04_GB_TB,6.0,win,6.0,win,,False,True,True
68afc7d5f3006651b0458a730c2e100bea3dec94d36af8563ef6d3d8a7ce1d16,nfl,player_receiving_yards,Dalton Kincaid,Over,56.5,loss,7.0,2026_04_NE_BUF,7.0,loss,7.0,loss,,False,True,True
e2e36e4832335346bd728bb319602016599a6e218f1419fc2cf6aeda2e3487e4,nfl,player_receptions,Courtland Sutton,Under,3.5,win,1.0,2026_04_DEN_SF,1.0,win,1.0,win,,False,True,True
cc57138659f3fabc30cba14a4a31a49b5734371a23dbcfd92e1feefaad613128,nfl,player_receiving_yards,George Pickens,Under,59.5,loss,75.0,2026_04_DAL_HOU,75.0,loss,75.0,loss,,False,True,True
1a4914ecdd7a4ceac9c4393b0a171b602a1abf0ecb5e011d04d107641d1f5e9b,nfl,player_receiving_yards,Christian Watson,Over,62.5,loss,47.0,2026_04_GB_TB,47.0,loss,47.0,loss,,False,True,True
a432241ddf5fc96f1cad5e599420add589fdff7bf4551e2224898d335af09603,nfl,player_receptions,Omarion Hampton,Under,1.5,loss,2.0,2026_04_LAC_SEA,2.0,loss,2.0,loss,,False,True,True
6d3dbe05991dc488c8763eabf6220152fa814dfe2784bfcda136a442c514b679,nfl,player_rushing_yards,Aaron Jones,Under,69.5,loss,94.0,2026_04_MIA_MIN,94.0,loss,94.0,loss,,False,True,True
6934f0d8c3bdcf6acb724dbfe2b8748ea789001debf66e4faab398f28ac1a7ec,nfl,player_receiving_yards,Elic Ayomanor,Over,16.5,win,22.0,2026_04_TEN_BAL,22.0,win,22.0,win,,False,True,True
15afd0bf0705a5f910adae4d8f1c1f01b80546bb674bbf52c0868bc80c0f03e6,nfl,player_rushing_yards,Jared Goff,Over,2.5,loss,0.0,2026_04_DET_CAR,0.0,loss,0.0,loss,,False,True,True
53671c0561687d0808f3cf4613600af3398a731c85f13f42918440b3ac288292,nfl,player_passing_yards,Justin Herbert,Over,192.5,loss,189.0,2026_04_LAC_SEA,189.0,loss,189.0,loss,,False,True,True
bd49e9afadbbff5e2075ff3729ea66f43f1ef04e07da0e5c890f0a4c1aa6cf0c,nfl,player_passing_yards,Josh Allen,Under,238.5,loss,253.0,2026_04_NE_BUF,253.0,loss,253.0,loss,,False,True,True
356833979fde42b1f8bf1ffdec7a85d055558938e6738ae38e921352d1510fe4,nfl,player_passing_tds,Patrick Mahomes,Over,1.5,win,2.0,2026_04_KC_LV,2.0,win,2.0,win,,False,True,True
22a3f0767f43930a121249554e763edf335576347bd85c8c0a1be8892c352521,nfl,player_passing_tds,Dak Prescott,Over,1.5,loss,1.0,2026_04_DAL_HOU,1.0,loss,1.0,loss,,False,True,True
e5de36505a2d6548f86134445c480a9dbb4cef955570e416c127e98dfe36688d,nfl,player_rushing_yards,Geno Smith,Under,11.5,win,0.0,2026_04_NYJ_CHI,0.0,win,0.0,win,,False,True,True
425dc48b8e94c1e44966ad2ab835177992e99d87b0b34aa056ad08c34ffefef6,nfl,player_rushing_yards,James Cook,Over,85.5,loss,75.0,2026_04_NE_BUF,75.0,loss,75.0,loss,,False,True,True
a2a9ea60a34dafc44d5faa33cfcc07d6a49846603b0a7d1068cadc7d724821fd,nfl,player_receptions,Khalil Shakir,Under,3.5,loss,7.0,2026_04_NE_BUF,7.0,loss,7.0,loss,,False,True,True
d420873d07145f3c7aeefbf737802ae7afdf0f6b46c869c12f411edfacfb38ba,nfl,player_rushing_yards,Jonathan Taylor,Under,90.5,loss,95.0,2026_04_IND_WAS,95.0,loss,95.0,loss,,False,True,True
c9ab6029366573c6cca2106d46d33f20b5fe3885b5e09cc281e2578e119eb3ff,nfl,player_passing_yards,Bryce Young,Over,250.5,win,329.0,2026_04_DET_CAR,329.0,win,329.0,win,,False,True,True
402052b9d64825598ceabae69377d3e958e613ec508c11cb6c7de03cded0ee3d,nfl,player_passing_yards,Bo Nix,Under,221.5,win,214.0,2026_04_DEN_SF,214.0,win,214.0,win,,False,True,True
04a9d5b4254a08f22d86e48b0f772127de0c93789962bcdaa76f8451682bafdf,nfl,player_receiving_yards,Darnell Washington,Over,17.5,win,27.0,2026_04_PIT_CLE,27.0,win,27.0,win,,False,True,True
c2882192993377ed07813c9d766859661069bdaf741414f3dffd63d469978f1d,nfl,player_passing_tds,Matthew Stafford,Over,1.5,loss,0.0,2026_04_LA_PHI,0.0,loss,0.0,loss,,False,True,True
788d35e84c7ba6430a192a552ab97ef745f815ad61a3444e643eb0dc901d1f60,nfl,player_receiving_yards,Tre' Harris,Over,31.5,win,60.0,2026_04_LAC_SEA,60.0,win,60.0,win,,False,True,True
34765ba9d46906891f391f9dc55132af160f7bd298fcc864670f21117a9d5322,nfl,player_receiving_yards,Khalil Shakir,Under,33.5,loss,82.0,2026_04_NE_BUF,82.0,loss,82.0,loss,,False,True,True
d9b6c650d73a65c8c026a1b8b2aa98fc2715ea8d6356e5c73de8ebed2f4fb407,nfl,player_receiving_yards,Drew Sample,Under,8.5,win,0.0,2026_04_JAX_CIN,0.0,win,,,,True,True,
bac6d4f3875c37c4bbef3bf59aad4eabf2af65c554d14ffed3fca6cb0f2d7811,nfl,player_passing_tds,Bryce Young,Over,1.5,win,2.0,2026_04_DET_CAR,2.0,win,2.0,win,,False,True,True
c495a1cdf8cbc1f2c5880ce761ecc18fe3fdee00865dc8f67b9f6c88110f4e6b,nfl,player_passing_yards,Jacoby Brissett,Under,241.5,win,166.0,2026_04_ARI_NYG,166.0,win,166.0,win,,False,True,True
8b9df379748bcefe6898d36c3f441f120669ff11a3dcfb68f8891867133888d8,nfl,player_receiving_yards,Raheim Sanders,Over,12.5,loss,7.0,2026_04_PIT_CLE,7.0,loss,7.0,loss,,False,True,True
7ea9ae434f6b25e46cb2c96cf9508a627e448676e65f6683e29294191ff59be0,nfl,player_receptions,Jake Ferguson,Under,3.5,win,3.0,2026_04_DAL_HOU,3.0,win,3.0,win,,False,True,True
0e321bb1f47781e98f74fd3c1735e225ffa08eaaf9563156d6b33d8ff37c9b11,nfl,player_receiving_yards,Mike Gesicki,Over,24.5,win,40.0,2026_04_JAX_CIN,40.0,win,40.0,win,,False,True,True
ce4146293dba095923ce9b6276c28a14187a521279139f48008b1db32d536cc6,nfl,player_receptions,Dalton Kincaid,Over,3.5,loss,1.0,2026_04_NE_BUF,1.0,loss,1.0,loss,,False,True,True
262b27d5f7de9c8dda4407cfa9e9ca27d7f8edccf0c81e41a4e5eb7d022f8d15,nfl,player_rushing_yards,Aaron Rodgers,Over,0.5,loss,0.0,2026_04_PIT_CLE,0.0,loss,0.0,loss,,False,True,True
9ef419b5324e0af35791b66a53564b516644322c34bcbddb4620aa8993fdb470,nfl,player_receiving_yards,Kyle Monangai,Over,3.5,win,4.0,2026_04_NYJ_CHI,4.0,win,4.0,win,,False,True,True
faa705490e4df5364fb28fec4f41a518d630aff5828d42c3c8e707c8d9f7a879,nfl,player_passing_yards,Kirk Cousins,Under,225.5,loss,365.0,2026_04_KC_LV,365.0,loss,365.0,loss,,False,True,True
13d1626718bbf2aaa2d9b6cc067661f5f31cf24ded09bd8ccfa6d5c23d12565c,nfl,player_rushing_yards,James Cook,Over,87.5,loss,75.0,2026_04_NE_BUF,75.0,loss,75.0,loss,,False,True,True
06706aa62ed149a4d06b55e2445582b4c8567acbfae4b7c7a44cfc2b32121012,nfl,player_receptions,Roman Wilson,Over,2.5,win,3.0,2026_04_PIT_CLE,3.0,win,3.0,win,,False,True,True
3a0a8784f425238ecf16f92d3e3873dc9a71925f4a69e9fab9248e4ad7185254,nfl,player_rushing_yards,Javonte Williams,Under,59.5,loss,62.0,2026_04_DAL_HOU,62.0,loss,62.0,loss,,False,True,True
4da98b8d852396c093cf47d7631b26d195ff5975f585ce6397b8334aa04525ef,nfl,player_rushing_yards,Drake Maye,Under,26.5,loss,54.0,2026_04_NE_BUF,54.0,loss,54.0,loss,,False,True,True
c0979666ed99f0a1b7cd20e72ad6c398fe8723841cd24b56ee339eee4d21dca2,nfl,player_receptions,CeeDee Lamb,Over,5.5,win,17.0,2026_04_DAL_HOU,17.0,win,17.0,win,,False,True,True
1be1a39ceb3f9c2b09e83f6fc75fd6ba9fdee5a610d6333fe4443655048eab43,nfl,player_receiving_yards,Matthew Golden,Over,57.5,loss,21.0,2026_04_GB_TB,21.0,loss,21.0,loss,,False,True,True
8c37271e406346040cdc8b03390d5dc4c24c3bed9a801497a80931b57f146049,nfl,player_rushing_yards,Aaron Rodgers,Over,2.5,loss,0.0,2026_04_PIT_CLE,0.0,loss,0.0,loss,,False,True,True
1c2f411c67d6c8be5e11fa4e079883118c995d70c96d1cacef42c81a8f83ac27,nfl,player_receptions,Amon-Ra St. Brown,Over,6.5,win,8.0,2026_04_DET_CAR,8.0,win,8.0,win,,False,True,True
23b0ac12ee098bfeeeac08d5d1a19bf4b7a5d77c1c0fb6c28e7cee271edc70a1,nfl,player_receptions,Colston Loveland,Under,2.5,loss,6.0,2026_04_NYJ_CHI,6.0,loss,6.0,loss,,False,True,True
7db9af9d740b583e4ab19aec169883b39cf5a1c4304e89322740177dba42eed3,nfl,player_receiving_yards,Calvin Ridley,Under,17.5,win,13.0,2026_04_TEN_BAL,13.0,win,13.0,win,,False,True,True
f4e4e660cf3005c849e147286c6ac2d12061c5daa56bc1750f2808061f578135,nfl,player_receiving_yards,Pat Freiermuth,Over,30.5,loss,17.0,2026_04_PIT_CLE,17.0,loss,17.0,loss,,False,True,True
eaa2414bf423e2fee7fa0f9677fb332b04f3267d639df3b2dbff26ddf1494cb1,nfl,player_rushing_yards,Tony Pollard,Under,50.5,win,48.0,2026_04_TEN_BAL,48.0,win,48.0,win,,False,True,True
eb0501805a693ebf076d7d9d1eced89254126a9a8d727e5d9e9791fec4c2688e,nfl,player_rushing_yards,Joe Burrow,Over,7.5,loss,6.0,2026_04_JAX_CIN,6.0,loss,6.0,loss,,False,True,True
c33c9cfc0f0358302c7f82d81800e70f76d3f3e22b53e76fa7a5e96d0e410fcc,nfl,player_receiving_yards,Amon-Ra St. Brown,Under,75.5,win,75.0,2026_04_DET_CAR,75.0,win,75.0,win,,False,True,True
473054c2955aa28fddf1a72f88387a32b4088e670c09f3a361bc77081c321d54,nfl,player_receiving_yards,Dontayvion Wicks,Over,40.5,loss,18.0,2026_04_LA_PHI,18.0,loss,18.0,loss,,False,True,True
8f074186359cc057de613d684d0be59f0a59809728ea1b9d54f77d2a2fc6a0c3,nfl,player_passing_yards,Dak Prescott,Under,258.5,loss,335.0,2026_04_DAL_HOU,335.0,loss,335.0,loss,,False,True,True
31de0bc38107bfd1a417a6dd24465ad50013a43b50e33518f6b5037e9050c6f9,nfl,player_receptions,Tucker Kraft,Under,3.5,loss,6.0,2026_04_GB_TB,6.0,loss,6.0,loss,,False,True,True
8ee2fb0786d61ad211407f77b78cfbb0cb725160817776e666357b133f8d85fe,nfl,player_rushing_yards,Jahmyr Gibbs,Under,96.5,win,46.0,2026_04_DET_CAR,46.0,win,46.0,win,,False,True,True
a033513d7d718cf5da133d5afba51ce2435d1d27130e3bf5f1a0841a2fddd17d,nfl,player_receiving_yards,Quinshon Judkins,Over,12.5,win,43.0,2026_04_PIT_CLE,43.0,win,43.0,win,,False,True,True
865e24666eb6a8388bdeebd256e4a6783aeb009877d370f5c3fe87d8fa0c9d91,nfl,player_receptions,Christian Watson,Over,4.5,loss,3.0,2026_04_GB_TB,3.0,loss,3.0,loss,,False,True,True
317e73bc7ba7c184a8785d03dcebe9ad46aca2ccc2525a6d057a319989f2c76f,nfl,player_receiving_yards,Jerry Jeudy,Under,13.5,loss,36.0,2026_04_PIT_CLE,36.0,loss,36.0,loss,,False,True,True
494063dec898c6040bbf4412ed6f2615c12737e406e4d53465f273cc14fcbf0b,nfl,player_receptions,Tre' Harris,Over,2.5,win,3.0,2026_04_LAC_SEA,3.0,win,3.0,win,,False,True,True
2be8f0c7a4804f3a947afdf2d561a80e8afd1c2d34fe058f355e872d34d72269,nfl,player_rushing_yards,Kenneth Walker,Over,87.5,win,177.0,2026_04_KC_LV,177.0,win,177.0,win,,False,True,True
262325853bc5ed0f7c3ff714c2095a6425e16a2a362bc0bc1ccfd62cacac37d7,nfl,spreads,,Home,0.5,win,12.5,2026_04_ARI_NYG,12.5,win,12.5,win,,False,True,True
51530b8a5121dbddcfa1c0ae5a734aaba092df67197028d7439e0e0726c1ad3d,nfl,player_receiving_yards,Tucker Kraft,Under,36.5,loss,42.0,2026_04_GB_TB,42.0,loss,42.0,loss,,False,True,True
fd672abc88d4989fa79bbc18f270c8cce71f2645b0acf84f6755230470b8a128,nfl,spreads,,Home,-3.0,win,8.0,2026_04_NYJ_CHI,8.0,win,8.0,win,,False,True,True
46185c52a4cd736f185a33c378f87030ac685551a5459814273150d5cbc360ae,nfl,player_passing_yards,Kirk Cousins,Under,220.5,loss,365.0,2026_04_KC_LV,365.0,loss,365.0,loss,,False,True,True
25632ea3d3ef6758d5686bf3b1278e6a9b20c271b94d5f11d8f6379f437095a4,nfl,player_receptions,Emeka Egbuka,Over,3.5,loss,2.0,2026_04_GB_TB,2.0,loss,2.0,loss,,False,True,True
107670449c70924bad32ed14580585614b497d5ab6a0496e9d15cd3a5ef49564,nfl,player_rushing_yards,Samaje Perine,Under,13.5,win,7.0,2026_04_JAX_CIN,7.0,win,7.0,win,,False,True,True
910126adde128a9da20b83c88a5dc8b8a98ddb59b44a7b84e44766f03f3b82e2,nfl,player_receiving_yards,Samaje Perine,Over,10.5,loss,0.0,2026_04_JAX_CIN,0.0,loss,0.0,loss,,False,True,True
2034bc1c00194c76d34af3db73607d377451f5bcb1b03b3f963e5eef6bd920aa,nfl,player_receiving_yards,Davante Adams,Over,73.5,loss,32.0,2026_04_LA_PHI,32.0,loss,32.0,loss,,False,True,True
710d7e6f678bc7ff39fe005d02b4f3b9fd9b26939fa205c0c032bbeeb4848d34,nfl,atd,David Montgomery,Yes,0.5,loss,0.0,2026_04_DAL_HOU,0.0,loss,0.0,loss,0.0,False,True,True
116d3d03f920496fd17b35c1e6fa58d00b8816b528fce227c3d4819be8086136,nfl,atd,Ja'Marr Chase,Yes,0.5,loss,0.0,2026_04_JAX_CIN,0.0,loss,0.0,loss,0.0,False,True,True
f9cf631b33db816b68676fc8a13b22d5f37fdbef19bac4d80cc721feb4adbfec,nfl,player_receiving_yards,Michael Wilson,Under,57.5,loss,95.0,2026_04_ARI_NYG,95.0,loss,95.0,loss,,False,True,True
787f91f8fa59e9c8c0d660a52df9d9832844269cddc7a42d29950176e241c46c,nfl,player_receiving_yards,Jaylen Warren,Over,22.5,win,33.0,2026_04_PIT_CLE,33.0,win,33.0,win,,False,True,True
a71bdd8f0f2f35c8123ce72c6ce09d73ae897c0c503c07c906f8d3f3590e94b0,nfl,player_receiving_yards,Jameson Williams,Under,49.5,loss,102.0,2026_04_DET_CAR,102.0,loss,102.0,loss,,False,True,True
d534f20ee85bddaece9593cffb2043ff4f9526ba2e293aa2f3adef0e647b5605,nfl,player_passing_yards,Jalen Hurts,Under,204.5,win,93.0,2026_04_LA_PHI,93.0,win,93.0,win,,False,True,True
70dd48613a48d2d26d867e03d077b19fde61170c4b28a568276a76f6043c85ad,nfl,player_receiving_yards,Gunnar Helm,Under,18.5,win,5.0,2026_04_TEN_BAL,5.0,win,5.0,win,,False,True,True
14ab00c67cabeb17f4d8d8ebfba3dfbef74f7eb83398019df331c57a184b80c7,nfl,totals,,Under,48.0,loss,57.0,2026_04_KC_LV,57.0,loss,57.0,loss,,False,True,True
cf78c75d1e5fd1a13e39dc53621925581c6e11f59b564fd671c7cd00d79633bb,nfl,player_receiving_yards,Javonte Williams,Under,15.5,loss,21.0,2026_04_DAL_HOU,21.0,loss,21.0,loss,,False,True,True
f85d6362f984f08dcf24fe45518b1dfb3112f0030716355f819d5437d42a9e35,nfl,player_receiving_yards,Davante Adams,Over,74.5,loss,32.0,2026_04_LA_PHI,32.0,loss,32.0,loss,,False,True,True
42aebb4e7d380ee57d25c2c2dc504251c5225913e38da8f01d8717362ae02f68,nfl,player_receptions,Matthew Golden,Under,4.5,win,3.0,2026_04_GB_TB,3.0,win,3.0,win,,False,True,True
27c47c725f023c5eeb053ee50c6a00940d93adf008e795b8fd323ea3438f2346,nfl,player_receiving_yards,Wan'Dale Robinson,Under,35.5,win,19.0,2026_04_TEN_BAL,19.0,win,19.0,win,,False,True,True
64e18ad1cef7bf7f432b1116735c290df7ddccf62545dbcc2cbc6de14645a998,nfl,player_receiving_yards,RJ Harvey,Over,21.5,win,68.0,2026_04_DEN_SF,68.0,win,68.0,win,,False,True,True
d43a02bc00fe5285864e32d7b5820ebb566e9dad6aa2ff2dfd32f7f4e9c5a3ad,nfl,player_passing_tds,Jordan Love,Over,1.5,win,2.0,2026_04_GB_TB,2.0,win,2.0,win,,False,True,True
2eb4dda25af4ebeb15fd6ace92a81ea684a41616acbc737547b8b8be8cfcb71d,nfl,h2h,,Home,0.0,win,12.0,2026_04_ARI_NYG,12.0,win,12.0,win,,False,True,True
a8e5c27bdd2c23ff0a02f5dc6a5ee535a73df19548c6d979e96dffcead54fafc,nfl,player_receiving_yards,Jacory Croskey-Merritt,Over,3.5,win,35.0,2026_04_IND_WAS,35.0,win,35.0,win,,False,True,True
8bc99c668161554470022ad4d26324b47f56164d89177096d27b6792cdd71701,nfl,player_passing_yards,Jalen Hurts,Under,202.5,win,93.0,2026_04_LA_PHI,93.0,win,93.0,win,,False,True,True
55638ebc4d85d6d7ecadd5890eaa2293aa7290af857e3dffca4f42f2703c333b,nfl,spreads,,Away,-7.0,win,-10.0,2026_04_NE_BUF,-10.0,win,-10.0,win,,False,True,True
a48489f26e9077696893b62ec336aca26e777e9d9d9faddd064166b15ee910eb,nfl,atd,Chuba Hubbard,Yes,0.5,win,2.0,2026_04_DET_CAR,2.0,win,1.0,win,0.0,False,True,True
9e09b3a19521eef77cbb416bce7b3f2498c69fb6f233817c9599c5329dd94689,nfl,player_receptions,Ja'Marr Chase,Under,6.5,win,3.0,2026_04_JAX_CIN,3.0,win,3.0,win,,False,True,True
b1cc5a80601a6ffca25e67e560153b790fd61ead269b67b8263f362f4ec9c4b9,nfl,player_receptions,Malik Nabers,Under,4.5,loss,6.0,2026_04_ARI_NYG,6.0,loss,6.0,loss,,False,True,True
3abea1fc191133c037a9be8e45160d8487c8be550d7df1fdfe8743558c480fcb,nfl,totals,,Under,48.0,loss,55.0,2026_04_NE_BUF,55.0,loss,55.0,loss,,False,True,True
b82e28949c2caf06f6bc3919ea43ed9ad4916e1510fb42af0f499335c97b19f9,nfl,player_receiving_yards,Jakobi Meyers,Over,40.5,loss,33.0,2026_04_JAX_CIN,33.0,loss,33.0,loss,,False,True,True
c8b60bd5c127fa9cf5834192a3393615ec2857185c1e52e5ac4ba047d9c2c4f4,nfl,player_passing_yards,Deshaun Watson,Under,187.5,loss,268.0,2026_04_PIT_CLE,268.0,loss,268.0,loss,,False,True,True
78c6e1f890fb45f5730a74d6c9e3d6917605e683c27341f0c82971da16b9afaa,nfl,player_passing_yards,Geno Smith,Over,228.5,loss,119.0,2026_04_NYJ_CHI,119.0,loss,119.0,loss,,False,True,True
06a24c51a5b586c85a3a0d3e9db98659dcafd4680e452ad49b9140eff8757e2c,nfl,player_rushing_yards,Kenneth Walker III,Over,91.5,win,177.0,2026_04_KC_LV,177.0,win,177.0,win,,False,True,True
f362c1ee899b8030493b7ae55a596ccbfc2b6f6a3fcea9f06c8ea87c7251d241,nfl,player_receptions,George Kittle,Under,4.5,win,4.0,2026_04_DEN_SF,4.0,win,4.0,win,,False,True,True
fbe9a42b0eb447e1dcbea89d0b609946bfa79d49a22cbe4d81f8151c5f7ebc77,nfl,player_receiving_yards,Romeo Doubs,Over,41.5,win,58.0,2026_04_NE_BUF,58.0,win,58.0,win,,False,True,True
bd5d89fe31eae1327429eccb983b2fcd312cf31b70557b69718bca6972869b0f,nfl,player_receptions,Pat Freiermuth,Under,3.5,win,3.0,2026_04_PIT_CLE,3.0,win,3.0,win,,False,True,True
5d17859b5b5cfa0e81333a3ac6badf349a9cd2c9cf66f0ec252e523032aaecc0,nfl,player_rushing_yards,Deshaun Watson,Over,28.5,loss,22.0,2026_04_PIT_CLE,22.0,loss,22.0,loss,,False,True,True
e134562034ee156a2433bdf28eea6568c2afe89cf46ebcf3369f334d35ac106f,nfl,player_passing_yards,Jared Goff,Over,260.5,win,412.0,2026_04_DET_CAR,412.0,win,412.0,win,,False,True,True
bbdbdb770627ea320ddf3c1e900a2ae883412d0ba66b74837a2ba06b58c192ee,nfl,totals,,Under,44.5,loss,60.0,2026_04_ARI_NYG,60.0,loss,60.0,loss,,False,True,True
10334ca3cfe1f21c294040fe01b9c74e06e71e970868c623ab98c4980e3b7e92,nfl,player_rushing_yards,Raheim Sanders,Under,7.5,loss,9.0,2026_04_PIT_CLE,9.0,loss,9.0,loss,,False,True,True
7c41b13865dbb0b30d50f3940e5db47c405ed3ecb474637d104e795919c86929,nfl,player_receiving_yards,Raheim Sanders,Over,14.5,loss,7.0,2026_04_PIT_CLE,7.0,loss,7.0,loss,,False,True,True
dce9c2a184221008261976db6f73ba96849706c68697e7264ea220c0a26f80eb,nfl,player_receptions,Elic Ayomanor,Under,1.5,win,1.0,2026_04_TEN_BAL,1.0,win,1.0,win,,False,True,True
957a94b0f9da5897d07483047408bd8db2b83fd4651c22ac66b3cca511cf9c85,nfl,spreads,,Home,-7.0,refund,0.0,2026_04_LAC_SEA,0.0,refund,0.0,refund,,False,True,True
765fb2696b73d87e4131f48dec628c00e8e12cd902b3603de3159a894d142620,nfl,player_receptions,Samaje Perine,Under,1.5,win,0.0,2026_04_JAX_CIN,0.0,win,0.0,win,,False,True,True
5eff63d28ff26407c1a19b4d0e82deb7b2ac6bd3dd5032fd2f0e86b03a7194b0,nfl,totals,,Under,44.0,refund,44.0,2026_04_LA_PHI,44.0,refund,44.0,refund,,False,True,True
c7a95f49409d0c4c8aa9f347b9362bb3a5ef960fcd7ead00d6cde91271f7e1b8,nfl,player_receiving_yards,Roman Wilson (PIT),Over,29.5,win,74.0,2026_04_PIT_CLE,74.0,win,74.0,win,,False,True,True
3e8599db7a08f790203d252123bcc5a9a51c6e067e8bdea000aee5d1f9cd55b9,nfl,player_receptions,Jakobi Meyers,Under,3.5,win,3.0,2026_04_JAX_CIN,3.0,win,3.0,win,,False,True,True
c68f0b5983e9e43f811d6db3a97c6153450b91e31ef4086702e7a8c48c57356f,nfl,player_receptions,Wan'Dale Robinson,Over,4.5,loss,3.0,2026_04_TEN_BAL,3.0,loss,3.0,loss,,False,True,True
952b8ef034b9e65c1d9010d7ae0dac4e29f774afb1f08c694790aa2b9d951c66,nfl,spreads,,Home,3.0,loss,-1.0,2026_04_LA_PHI,-1.0,loss,-1.0,loss,,False,True,True
f249da0c20309535c7a2029f29d263771d7881e0255e956573b0ec3dee2eb805,nfl,player_receptions,Tyler Warren,Over,5.5,loss,5.0,2026_04_IND_WAS,5.0,loss,5.0,loss,,False,True,True
a80978781852949ed2d79d4bcf5223dca75dd08e9e500882c19656782646edec,nfl,player_receptions,Davante Adams,Over,5.5,loss,4.0,2026_04_LA_PHI,4.0,loss,4.0,loss,,False,True,True
de6a030f7239a8c11c039e5e55d03b758888fbd8e10533fdb1ada86092c51e4b,nfl,player_receptions,Chase Brown,Over,3.5,win,11.0,2026_04_JAX_CIN,11.0,win,11.0,win,,False,True,True
9a3623a9d441490a774bdc5f8e79103f1cdb8cff8d507949d65dc1c662411174,nfl,player_receptions,Chuba Hubbard,Under,2.5,win,1.0,2026_04_DET_CAR,1.0,win,1.0,win,,False,True,True
3520c32df4d0613058120bf085a66eaee75d21cda7afcd9ed84d837d1ab8c362,nfl,player_receptions,Brian Thomas,Over,2.5,loss,2.0,2026_04_JAX_CIN,2.0,loss,2.0,loss,,False,True,True
881859b9abbb3eb95d6e38a7223afef7c041e137ae8b8fa63d8b9378128e6ad1,nfl,player_passing_tds,Cam Ward,Under,0.5,loss,1.0,2026_04_TEN_BAL,1.0,loss,1.0,loss,,False,True,True
44152bc0fd1d73c26bbc522c4c6e33e95cadad17243b04f09d8d727f178a2e27,nfl,atd,Deebo Samuel,Yes,0.5,win,1.0,2026_04_DEN_SF,1.0,win,1.0,win,0.0,False,True,True
7ef094f35d6201f20812999410068ac29a32b9cbf7bada0229a6e28167013028,nfl,atd,Travis Kelce,Yes,0.5,loss,0.0,2026_04_KC_LV,0.0,loss,0.0,loss,0.0,False,True,True
177a2f12ff2c6a88d752db36d1ed1364831311fd460df61a24a535d8c124a38b,nfl,h2h,,Home,0.0,win,3.0,2026_04_PIT_CLE,3.0,win,3.0,win,,False,True,True
ee6865416abc217872bc2b2a8956e6c7d799c8b05f3d8b01e6d0093964d6696d,nfl,player_receptions,Jacory Croskey-Merritt,Under,0.5,loss,2.0,2026_04_IND_WAS,2.0,loss,2.0,loss,,False,True,True
3f7cb4454891ef648009b7e3863d31fe496422f428e970017fb93e48a536e5ec,nfl,atd,Tyler Warren,Yes,0.5,loss,0.0,2026_04_IND_WAS,0.0,loss,0.0,loss,0.0,False,True,True
397d22f991358a0c3fbf14af056e76f2a9e5602b76248897cf7139200ede2cfb,nfl,atd,Mike Evans,Yes,0.5,loss,0.0,2026_04_DEN_SF,0.0,loss,0.0,loss,0.0,False,True,True
a9e2ce85968ef383b377484a0c4cd5ef8d465b6787ac7669866eaae4739e3c7f,nfl,atd,Chris Rodriguez Jr.,Yes,0.5,win,1.0,2026_04_JAX_CIN,1.0,win,1.0,win,0.0,False,True,True
6ae7d751289c6d68245b53a56c3f78396b408c0fc6f236aa93e799ecf2de1199,nfl,atd,Ladd McConkey,Yes,0.5,loss,0.0,2026_04_LAC_SEA,0.0,loss,0.0,loss,0.0,False,True,True
b542fe8a275421a6819f2dcece24b1a515f144c70a189b5bf6d20028c4f2ba96,nfl,atd,Dontayvion Wicks,Yes,0.5,loss,0.0,2026_04_LA_PHI,0.0,loss,0.0,loss,0.0,False,True,True
f2bee2174d4992bf71eb15491cbc19d8723e5c4e60256aaf5ad93fc08fb1eb3b,nfl,atd,Patrick Mahomes,Yes,0.5,loss,0.0,2026_04_KC_LV,0.0,loss,0.0,loss,0.0,False,True,True
0cdc5f0acf1b048edadb1c09a75f6405abe36ed86bedfb5454d38a66c1640821,nfl,atd,Wan'Dale Robinson,Yes,0.5,win,1.0,2026_04_TEN_BAL,1.0,win,1.0,win,0.0,False,True,True
28877b46a34a8a8d2e9154eac867742fc9fcc5942b756c2c377688536bda4681,nfl,atd,Oronde Gadsden,Yes,0.5,loss,0.0,2026_04_LAC_SEA,0.0,loss,0.0,loss,0.0,False,True,True
a1025ea84b5a40c17c7c0cb593d5be879151304a362b0d4d97ee732885255cb4,nfl,atd,Pat Freiermuth,Yes,0.5,win,1.0,2026_04_PIT_CLE,1.0,win,1.0,win,0.0,False,True,True
6144459087cc4def8d85e05c75202dc9e4d15b6b23e156ada5a26c7f88e1e797,nfl,atd,Pat Bryant,Yes,0.5,loss,0.0,2026_04_DEN_SF,0.0,loss,0.0,loss,0.0,False,True,True
4f461b7e555bf176e3699c6f3269a2acb145eb99c78a35dcc89f3b04679a5105,nfl,atd,Tre Tucker,Yes,0.5,loss,0.0,2026_04_KC_LV,0.0,loss,0.0,loss,0.0,False,True,True
695cd6f6379c77df10bdec1fc4fc06ae577dd503513cdd2903e94189c3b6b2ec,nfl,atd,Michael Mayer,Yes,0.5,loss,0.0,2026_04_KC_LV,0.0,loss,0.0,loss,0.0,False,True,True
7a064ae63f56f0cbbe905456969070703665130a43ad68e86b50c85003d54b8d,nfl,atd,Konata Mumpfield,Yes,0.5,loss,0.0,2026_04_LA_PHI,0.0,loss,0.0,loss,0.0,False,True,True
031760965e08b7fc89685ed95641f8192d5a22ac5b8fab8d7181b6f2e30dae54,nfl,h2h,,Away,0.0,loss,5.0,2026_04_MIA_MIN,5.0,loss,5.0,loss,,False,True,True
cd67f6ae821548a21c00445255080321b2bde7c6f1fcb6605568ebbcfa6b48fe,nfl,atd,Tory Horton,Yes,0.5,win,1.0,2026_04_LAC_SEA,1.0,win,1.0,win,0.0,False,True,True
4d9b1941220fd6908b6a0be25853baa9b4df6f6069c043f4e1780f7102edef6b,nfl,atd,Sean Tucker,Yes,0.5,win,1.0,2026_04_GB_TB,1.0,win,1.0,win,0.0,False,True,True
05fc0ef84c7efbf3c249b69325e04cb51027f60476d58df5624928aebf00170f,nfl,atd,Chimere Dike,Yes,0.5,loss,0.0,2026_04_TEN_BAL,0.0,loss,0.0,loss,0.0,False,True,True
29652f1246e0e1825ea5af7b5561664cd000c14820ca348ff9bd59fc60e4db9e,ncaa,totals,,Under,52.5,loss,55.0,401860898,55.0,loss,,,,False,True,
5941e083eb01145c3c2f4bfdc82d826ae2328bef7581caf5b4a545ec7a5bc3f5,ncaa,totals,,Over,52.0,win,69.0,401856709,69.0,win,,,,False,True,
edb85b78a33499a39347d20e349efd8670fd6c211dd0e0257caba695eb4df139,ncaa,h2h,,Away,0.0,loss,2.0,401869842,2.0,loss,,,,False,True,
ed9ae8b03583d5fcd82a3f2c5a8f87c41e4ec8c22f53db1f155a3f7f40e6c051,ncaa,h2h,,Home,0.0,win,21.0,401871049,21.0,win,,,,False,True,
75a13dd62b9fc3e1cd00177df97cfac82a211c3007b62d84c93d79d929ea59af,ncaa,spreads,,Away,-7.5,loss,19.5,401856820,19.5,loss,,,,False,True,
24ba427b82e89ab9030931e7d7854c66765fdc8301de34e64a5d59fe9d5abd44,ncaa,totals,,Over,51.5,win,63.0,401866431,63.0,win,,,,False,True,
7528a5c9e4d9349950817c68a67477425c8170398aaeec2d589d92da35c7306f,ncaa,h2h,,Home,0.0,win,32.0,401869956,32.0,win,,,,False,True,
def9b66fb3b501912b377f55a5966966af102e06982da84b3b9bdf0416837b86,ncaa,totals,,Under,56.5,loss,62.0,401869962,62.0,loss,,,,False,True,
e4f3ee1abf53eb9aedecb3c0c92b9e5a6f51f10bbd1587569cc21e11a45c0203,ncaa,spreads,,Home,-2.0,win,19.0,401871049,19.0,win,,,,False,True,
940bb54bd09d6200c1c1ddc9e236f4ca24cf7856bca96a7722e3031969b07af7,ncaa,spreads,,Away,-10.0,win,-6.0,401858478,-6.0,win,,,,False,True,
561a54d8452e4e32fc3788bfd45b1c620962e3066de9b586bbb97544c5d15e0d,ncaa,spreads,,Home,-1.5,win,30.5,401869956,30.5,win,,,,False,True,
dcef025e9b5b57d77d30788466f48a7865c21d391a725bb50180388e79e90a53,ncaa,totals,,Over,60.5,loss,41.0,401858472,41.0,loss,,,,False,True,
efc348396a5c8c82d8c355cfae8da7bf9351542657b2555161e8b6918a66cd4a,ncaa,totals,,Under,55.0,loss,68.0,401858245,68.0,loss,,,,False,True,
f90ef2f1eb48054d3faf80f5a2e3d9ec318869afbf802c9f860bd0f9b431a29d,ncaa,totals,,Under,53.0,loss,70.0,401858247,70.0,loss,,,,False,True,
1794d3af65cf4fcf3b3202a20ae28c9c102f5346149829d7ca081734c56e1d0f,ncaa,totals,,Over,58.5,win,59.0,401858248,59.0,win,,,,False,True,
45e07ac94c098ffa2109ed88b938857732ab259fdd7a4b4d1ebb30c601ba2abd,ncaa,totals,,Over,52.0,win,71.0,401858475,71.0,win,,,,False,True,
288b2e69621f5579fdafd38f9f3cf1fb545b5ac33806fd791af6fff8b4ebc737,ncaa,spreads,,Away,7.0,win,-9.0,401871050,-9.0,win,,,,False,True,
26d08c4cd1bd7e66d9507a4e46ff874ef0916ddfc50c81c652d0e4fcc7e3939f,ncaa,totals,,Over,43.0,loss,34.0,401858479,34.0,loss,,,,False,True,
3539d99c72102a11f79044249a492acfeb2e899c054144a2708e1c8891aec6a2,ncaa,h2h,,Away,0.0,loss,21.0,401858476,21.0,loss,,,,False,True,
5f393e3293cf194abb684e01623343446173b815b616a0f8796d2bdb0c15adcf,ncaa,totals,,Over,51.5,loss,45.0,401858253,45.0,loss,,,,False,True,
ec433f8b2410e10846e991f3835c36c55a24428c04b4a3ed51f5775b1cab32ef,ncaa,totals,,Over,60.0,win,79.0,401856707,79.0,win,,,,False,True,
d6153d78d6a86786f86653903a73eb2cad6f3d57a655fbd3a8dc49cbd21dfe04,ncaa,totals,,Under,48.5,win,27.0,401856818,27.0,win,,,,False,True,
63b585fb20532cddf345c269ce3c84918edcac8d09daa80d800a5c2b4a768d40,ncaa,spreads,,Home,-14.5,win,10.5,401858475,10.5,win,,,,False,True,
d43d77dcdd7f5274bb65a048fee141e328d06c8d51868b083949a97af3db36f8,ncaa,totals,,Under,57.5,loss,89.0,401862786,89.0,loss,,,,False,True,
085342f9863f53244c9dd474762c92ce33ebfce85e72916c2dbb5d0587afeb1d,ncaa,totals,,Under,51.5,loss,83.0,401858252,83.0,loss,,,,False,True,
801db96c886a6f713477b3ee626d4155e2d781e259ea1560e7fea6b6e2618d49,ncaa,totals,,Under,54.5,win,38.0,401856710,38.0,win,,,,False,True,
b31b63909b74cfc40c12a22d20047aa4b2e696d23d8f2b28c626f36bc57afd03,ncaa,spreads,,Home,4.0,win,6.0,401860900,6.0,win,,,,False,True,
0094926b7cad66ae93184728116b492855189b7ea7b9db2d902c19437a83889f,ncaa,totals,,Over,51.0,loss,41.0,401856711,41.0,loss,,,,False,True,
ad3da2483c9e652b81e31d8d96bbac9c698dd67ab2ed3558da8ceb6033f2eced,ncaa,totals,,Under,51.5,win,36.0,401864513,36.0,win,,,,False,True,
62856a5b67fec09e0fa28b3a6fcca62360a2c0f000d2c9fbddd5fd485b655814,ncaa,totals,,Under,51.5,win,36.0,401864513,36.0,win,,,,False,True,
32d036f12dad646f159ea7ff172a10503aef1eb6c4d6af635b832070cf594dd9,ncaa,totals,,Under,47.0,loss,63.0,401858250,63.0,loss,,,,False,True,
8b53c02ddb00c90bb8ac534e4e424e4baffa3f574b10f287627561703f2e4d5c,ncaa,spreads,,Away,-1.0,win,-2.0,401862786,-2.0,win,,,,False,True,
10c12436ad3d15fc785923e6c109a77bd22a8ba331814130bf414170b0927152,ncaa,totals,,Under,50.5,win,36.0,401856821,36.0,win,,,,False,True,
bcb6be912c4cf1405b6fa8dd73c2547ff80ef306858ad5830c42ca8bedc3bd55,ncaa,spreads,,Home,2.5,loss,-4.5,401869942,-4.5,loss,,,,False,True,
28c21665ae6ce398fbc39a0e3f9d503c136001a4bc0da62488edfc372fa80130,ncaa,spreads,,Away,2.5,loss,23.5,401858476,23.5,loss,,,,False,True,
ecef054fafd939ec87e99c5a9e6bcc407a69baeb435085c22ec690d6cb1ff86e,ncaa,totals,,Under,60.5,loss,82.0,401860899,82.0,loss,,,,False,True,
a7a855f693e2fe808faa449475b014edd285385cfc82674e07ecc4ed7e7453db,ncaa,totals,,Over,53.5,win,60.0,401858251,60.0,win,,,,False,True,
dec40ed748229dd290baee9df814c72eff39e456c0ac5a2c93614ad1513410c4,ncaa,totals,,Over,46.0,loss,37.0,401866432,37.0,loss,,,,False,True,
1aec6e12a9ea2f30a180b267da1584c84b55990b139b12ab0589ea56cd6bb3bf,ncaa,spreads,,Home,6.0,loss,-27.0,401856707,-27.0,loss,,,,False,True,
d300bb7c6c9e64d9b8a16ec0707a3f5a43263d251ee29d4cad4354ce6701da14,ncaa,h2h,,Away,0.0,win,-1.0,401862786,-1.0,win,,,,False,True,
07903510d695d6b6e48c077bea7eec7c3080436732e5eead21ef65434a45d328,ncaa,totals,,Under,54.0,loss,55.0,401869942,55.0,loss,,,,False,True,
d60dc4e034bb9a9f8bcf680bf68f90a5c663a004c706a1302a4dad016866a7fd,ncaa,h2h,,Home,0.0,loss,-7.0,401869942,-7.0,loss,,,,False,True,
0473d8a1f7adc73008ca71861966ca02b202bae88f48ea1316d2b554b25900d7,ncaa,h2h,,Home,0.0,loss,-33.0,401856707,-33.0,loss,,,,False,True,
531bfa5bb32861c3407dc527dfb83b2d9c29a35d528bf65d790e136b4fff7ecf,ncaa,h2h,,Home,0.0,loss,-7.0,401856818,-7.0,loss,,,,False,True,
74fd433c042829b809939665748da6ba8e0f29bc7128d4e474664e4058d89166,ncaa,h2h,,Away,0.0,loss,3.0,401869932,3.0,loss,,,,False,True,
89840c03cd5375df35ed98fa8ce2eee4bf1d8ee3182607e77eb3c0dd0286c85e,nfl,player_rushing_yards,Christian Watson,Under,0.5,win,0.0,2026_04_GB_TB,0.0,win,0.0,win,,False,True,True
a002b685be35b4a1bfe71fe4ea3048840a6452a467920613db48f4afce45ca24,nfl,player_receiving_yards,Tyler Warren,Under,69.5,win,41.0,2026_04_IND_WAS,41.0,win,41.0,win,,False,True,True
695b1c8c9c80eae12f706c3481b1821e79aa908029ed8d9f99232efa34f4f34f,nfl,atd,Jahmyr Gibbs,Yes,0.5,win,1.0,2026_04_DET_CAR,1.0,win,1.0,win,0.0,False,True,True
14dc3072e4b11f7416e2e7313086e419d3aa163891aae2fef0aa890e092b36b4,nfl,atd,Derrick Henry,Yes,0.5,win,1.0,2026_04_TEN_BAL,1.0,win,1.0,win,0.0,False,True,True
2558eacbac1e5a99671a58a32dcafee5f2478ced1ed58aa5c941d96fb9552a59,nfl,player_passing_tds,Michael Penix,Under,1.5,win,1.0,2026_04_ATL_NO,1.0,win,1.0,win,,False,True,True
dbfcc83158f9143e3d8175cd6acea9df68d693daa831db9280bb827c5ee453b4,nfl,player_receptions,Luther Burden,Over,3.5,win,4.0,2026_04_NYJ_CHI,4.0,win,4.0,win,,False,True,True
d87dbdd177f248c4a396bd2d9d7eec12a31ebf3a9d9cabe6a161898928a5f317,nfl,player_receptions,Jaylen Waddle,Under,4.5,loss,5.0,2026_04_DEN_SF,5.0,loss,5.0,loss,,False,True,True
e979d15475cf8e433757d0aecc676d9757559b9b813900358f1f5143e8ab8c15,nfl,h2h,,Home,0.0,win,11.0,2026_04_NYJ_CHI,11.0,win,11.0,win,,False,True,True
2d44155c9223ca3d2fd2e0bf34b4e44d240628d5449be382860aeef3b28fb521,nfl,player_passing_tds,Trevor Lawrence,Over,1.5,loss,1.0,2026_04_JAX_CIN,1.0,loss,1.0,loss,,False,True,True
0216f1238a6e8a8187ab14fc5bac8b13867a54d529291f8b619b6a48c8f9fd03,nfl,player_receptions,Cooper Kupp,Under,2.5,win,1.0,2026_04_LAC_SEA,1.0,win,1.0,win,,False,True,True
54460c1b5398463e6b8273fafd7c0ca1a7f6fd81678fe629fd9ae8a9d8e3cc9d,nfl,player_receiving_yards,George Kittle,Under,64.5,loss,70.0,2026_04_DEN_SF,70.0,loss,70.0,loss,,False,True,True
16b564c7cd23759c0b2256d16bcdbd0db7bcadfbb05ce45f9a38328df191b427,nfl,player_rushing_yards,Cam Ward,Under,10.5,loss,27.0,2026_04_TEN_BAL,27.0,loss,27.0,loss,,False,True,True
1303a987bf21ca6c37cca5cdd995154ab52faf9fb7b43c7bad8450b2e8be0628,nfl,player_receiving_yards,Christian McCaffrey,Under,38.5,win,18.0,2026_04_DEN_SF,18.0,win,18.0,win,,False,True,True
b75e6dc2499abcd2125f9e642331fad14912d78b45d4f56db384833623d5944a,nfl,player_passing_yards,Daniel Jones,Under,220.5,win,143.0,2026_04_IND_WAS,143.0,win,143.0,win,,False,True,True
b1aa266cf54227de2ef26837fc3948dc45eed47a6ef1388dc735d55d924ac9fa,nfl,player_receiving_yards,AJ Barner,Under,29.5,win,12.0,2026_04_LAC_SEA,12.0,win,12.0,win,,False,True,True
e3a88ffd7db55bb41e89bb416746fc4bb7d6b75d5c946ab1e9e2be339113b8df,nfl,player_receptions,Parker Washington,Under,5.5,win,1.0,2026_04_JAX_CIN,1.0,win,1.0,win,,False,True,True
fbbec1150b44094e35b871d699b7dc1c522421f75f72ce7516099174d5612c14,nfl,player_receptions,Drew Sample,Under,1.5,win,0.0,2026_04_JAX_CIN,0.0,win,,,,True,True,
f57c42b7a7d7794e0c1f6d63144883a2c62223ecd86e699a15ba82cab88040ff,nfl,player_passing_tds,Bo Nix,Under,1.5,win,1.0,2026_04_DEN_SF,1.0,win,1.0,win,,False,True,True
1bfc46186e6ba8851195c288de49923e0f9116e536b91ed58197d9c46df75482,nfl,player_rushing_yards,Rhamondre Stevenson,Over,30.5,win,47.0,2026_04_NE_BUF,47.0,win,47.0,win,,False,True,True
b7b49b72b3fb34f424daa672fc62a40f2b61b99c8d6b7bae11cab678ac49f871,nfl,player_receptions,George Pickens,Over,4.5,loss,2.0,2026_04_DAL_HOU,2.0,loss,2.0,loss,,False,True,True
83fdca2e58538b5a152490aef31e0706059e7128e55888fa505f4dcb338a7308,nfl,spreads,,Home,3.5,win,9.5,2026_04_DET_CAR,9.5,win,9.5,win,,False,True,True
6f86ac3a39523b4e82437c594e4ba9032738cdd9c976484fbadecebc489e3bb9,nfl,player_receiving_yards,Darnell Mooney,Over,24.5,loss,0.0,2026_04_ARI_NYG,0.0,loss,0.0,loss,,False,True,True
b64a6859422285a52fb60cc0f2c3eba13f5d573b4bef47badbb61ebcf23cdaf5,nfl,player_rushing_yards,Josh Allen,Under,32.5,win,4.0,2026_04_NE_BUF,4.0,win,4.0,win,,False,True,True
97b96a132c5232ae69919080c0e9729cc80d535ab244b0b8c48f93dbc1beb8cc,nfl,player_receiving_yards,Isaac TeSlaa,Over,17.5,win,95.0,2026_04_DET_CAR,95.0,win,95.0,win,,False,True,True
ff6fdc5b3b5bf51547f33a9ea1b797b09f226fbb7e2574a2806139f22076edfa,nfl,spreads,,Home,3.5,loss,-13.5,2026_04_IND_WAS,-13.5,loss,-13.5,loss,,False,True,True
b4806f5eea843cac8a69113bf5f0832883c2e5e36b22d1c4c9998a50f6560fa8,nfl,player_rushing_yards,Josh Allen,Under,31.5,win,4.0,2026_04_NE_BUF,4.0,win,4.0,win,,False,True,True
d07bb6ecc1f4d5f850175a22f10280c4eda180b0cb2a6e061f6b9f15cdf87c69,nfl,player_passing_yards,Patrick Mahomes,Over,235.5,loss,225.0,2026_04_KC_LV,225.0,loss,225.0,loss,,False,True,True
d7dadefd4f0129bece9fc90caab2637dd1b2a38720b47e566ea5c768b6c89e34,nfl,spreads,,Home,4.5,win,1.5,2026_04_KC_LV,1.5,win,1.5,win,,False,True,True
2f76618379e2b9fe07dc69093e890eb2117a8f1e285ef40cff25b5583da1281f,nfl,player_passing_yards,Patrick Mahomes,Over,236.5,loss,225.0,2026_04_KC_LV,225.0,loss,225.0,loss,,False,True,True
5b69425cfce2f923494b2f12e6928116062aa1b8caea82902e961c0d81d37100,nfl,player_rushing_yards,Bucky Irving,Over,52.5,win,61.0,2026_04_GB_TB,61.0,win,61.0,win,,False,True,True
b6d2697702f1821ab3bb0b01d255a625e3c13aa79af605427d78d9648febcf09,nfl,player_receiving_yards,Parker Washington,Under,72.5,win,7.0,2026_04_JAX_CIN,7.0,win,7.0,win,,False,True,True
04b557c9ac49c27497638e078bfd995cf79ea61af67b2b7ede87efe9d1fd1983,nfl,totals,,Under,43.5,loss,53.0,2026_04_LAC_SEA,53.0,loss,53.0,loss,,False,True,True
c853e8a3b6117dcaba2dabd3824a664d23ed5b59133f6d40df87220fbcf6aa9e,nfl,player_receptions,Mack Hollins,Over,3.5,loss,3.0,2026_04_NE_BUF,3.0,loss,3.0,loss,,False,True,True
c43aea54269b37bf5dc2a9a29dbfb726876f122f00c221d551c203849af47b3c,nfl,totals,,Over,42.5,loss,35.0,2026_04_NYJ_CHI,35.0,loss,35.0,loss,,False,True,True
742ebb0c1be9d404c80ec29bff8f5ef2b360bf1f64b3e2ab7e24215219c133b5,nfl,player_receiving_yards,Jonathan Taylor,Under,19.5,win,2.0,2026_04_IND_WAS,2.0,win,2.0,win,,False,True,True
50fe6d17d1d594190d0b297d20ab74e4c4206def7330857ebfa4340809ebd941,nfl,player_passing_yards,Matthew Stafford,Over,250.5,win,317.0,2026_04_LA_PHI,317.0,win,317.0,win,,False,True,True
e5f3051c7a701bc8855cda01a000473e291b1a657e466eba4d5366957de68752,nfl,atd,Davante Adams,Yes,0.5,loss,0.0,2026_04_LA_PHI,0.0,loss,0.0,loss,0.0,False,True,True
5508d0ec723070491bf0f617745cde30e2e8954767e8e827913bd49a48b4f751,nfl,totals,,Over,38.0,win,51.0,2026_04_PIT_CLE,51.0,win,51.0,win,,False,True,True
605739f3654afa302e9793411f77ba0de4258049dc607895fd8969da254fa858,nfl,totals,,Over,48.0,win,64.0,2026_04_DAL_HOU,64.0,win,64.0,win,,False,True,True
eae7c5338f72fd59d140d4921177b0c511e4567977f064187bb33226af1ccfcd,nfl,totals,,Over,43.5,loss,42.0,2026_04_TEN_BAL,42.0,loss,42.0,loss,,False,True,True
b8c5fd103d1b727a85ceb32580271233d34b34c7c144c2ea291351c89f6a7b00,nfl,player_receptions,Isaac TeSlaa,Under,1.5,loss,4.0,2026_04_DET_CAR,4.0,loss,4.0,loss,,False,True,True
757351d891f6938df4e300eb1a86c1b12a9568314ff23dae79aaa9dac9e20e75,nfl,player_receptions,Cade Otton,Over,3.5,win,4.0,2026_04_GB_TB,4.0,win,4.0,win,,False,True,True
dcbe354632b372d0c7021351a0d1d9edb095b7de569073cd618ff382338a2eba,nfl,atd,James Cook,Yes,0.5,win,1.0,2026_04_NE_BUF,1.0,win,1.0,win,0.0,False,True,True
b2f154e9e3afb37402c5f5444ddfcb1805def18d3a3107ec1f09f40830525099,nfl,player_receptions,Tee Higgins,Over,4.5,win,11.0,2026_04_JAX_CIN,11.0,win,11.0,win,,False,True,True
2037ff8f49ef719077f7d9b77e6ef1061e8faa7a7b796f80c8b466f15bf136c4,nfl,atd,Trey McBride,Yes,0.5,loss,0.0,2026_04_ARI_NYG,0.0,loss,0.0,loss,0.0,False,True,True
2788ab43b8a3395f76495050b810a4d35ac102955b166853312b267d4e2f16f6,nfl,atd,Parker Washington,Yes,0.5,loss,0.0,2026_04_JAX_CIN,0.0,loss,0.0,loss,0.0,False,True,True
f7347e620bb82bfc024d9bb04c986697b4354712c47d855d66c2fe12a0a8868a,nfl,player_receptions,Tony Pollard,Under,1.5,loss,2.0,2026_04_TEN_BAL,2.0,loss,2.0,loss,,False,True,True
2701c624820aa18e35f795208d62cc0a7208aab73d6f5fb14a446e741237a690,nfl,h2h,,Home,0.0,loss,-4.0,2026_04_LA_PHI,-4.0,loss,-4.0,loss,,False,True,True
a60d9e1d59c252a8b207d8d2082dd15e8c7ff73d99c12b7ac710b7dd147858a2,nfl,player_passing_tds,Joe Burrow,Under,1.5,win,1.0,2026_04_JAX_CIN,1.0,win,1.0,win,,False,True,True
b153449e9273e441dd97341643219e134ac7eda3866245f63f3f84227e9af6e6,nfl,atd,Brock Purdy,Yes,0.5,loss,0.0,2026_04_DEN_SF,0.0,loss,0.0,loss,0.0,False,True,True
cf6420b8d58382430d4fa4f82dbf4ba5c95276a6a0ae38630c85dc64f503fd33,nfl,atd,Tyler Higbee,Yes,0.5,loss,0.0,2026_04_LA_PHI,0.0,loss,0.0,loss,0.0,False,True,True
1278a86e8886f1cb701fd19b7968d7b6452899799390fdfbbd086c43ad503d20,nfl,atd,Brenton Strange,Yes,0.5,loss,0.0,2026_04_JAX_CIN,0.0,loss,0.0,loss,0.0,False,True,True
f23e0510d174983086208c6c665c8f549e678466841f6b18e3f3876b99e24026,ncaa,h2h,,Away,0.0,win,-3.0,401866434,-3.0,win,,,,False,True,
799e205a69b6df604d91228731f060a297ebaa0c3c20fbb05cf9d1822284b685,ncaa,h2h,,Away,0.0,loss,31.0,401858253,31.0,loss,,,,False,True,
db4331b85cdcf8b8369571fd090e5589b8f0e1c4425d9f58f4d0799c8bf1fcff,ncaa,spreads,,Home,24.5,loss,-7.5,401858477,-7.5,loss,,,,False,True,
b776be70e72008a4393e27580c49caf963cb0811ec9bea7b999e47cf2844276c,ncaa,h2h,,Home,0.0,win,3.0,401856822,3.0,win,,,,False,True,
a6483881bc06e1e8b22eca703a557abf5c0deca3b1926490fff63ce39ad66723,ncaa,spreads,,Away,2.5,loss,33.5,401858253,33.5,loss,,,,False,True,
365fa021e3e94e3eea54650cdb80c41763e86aae9b73a6991e86379cdc5d3863,ncaa,spreads,,Away,-18.5,loss,9.5,401869962,9.5,loss,,,,False,True,
ec442459e37a53866776a0870ce985fcd4fcf878420c2622b96a7ae87f2280b4,ncaa,h2h,,Home,0.0,win,8.0,401858247,8.0,win,,,,False,True,
e1b400b3fcfdd1d99f740621baac85d7541a4a9f5e94ab8a579cf621ea759564,ncaa,spreads,,Home,14.0,loss,-3.0,401858473,-3.0,loss,,,,False,True,
c3584884e3f56358141fe038096cefa4c7a10690ef99a6b0440f0dbe822fb335,ncaa,totals,,Over,51.5,win,52.0,401869956,52.0,win,,,,False,True,
65cfaeebf93f4a463a8bd2b678eece34374037f02b5f0f83e915d3458866da30,ncaa,spreads,,Away,-13.0,loss,41.0,401858251,41.0,loss,,,,False,True,
5727039179ff1369770221a12345f4369e8bc3853873fa4e2e3e80b17fe982ff,ncaa,totals,,Over,46.0,win,60.0,401869842,60.0,win,,,,False,True,
0619c98fae748f542a1e15911359262790cc057e822c9ec620ccb9401e931c14,ncaa,totals,,Over,45.0,win,47.0,401858476,47.0,win,,,,False,True,
0dd5b2e76d26a5f10d4fca280ab22550e625b29453ebcbd2d00580e1c43f259d,ncaa,spreads,,Home,6.0,loss,-24.0,401860899,-24.0,loss,,,,False,True,
6ef32ffa603deb3080d93ce00d507271bf25ead9d57a0bc7e14770ab13e46429,ncaa,spreads,,Away,-6.5,loss,17.5,401866430,17.5,loss,,,,False,True,
8fe48c7e67ea568718b864550fa394501e47d0e4ad19d4d7a170c96057b1e56a,ncaa,spreads,,Home,14.0,win,11.0,401866432,11.0,win,,,,False,True,
cd7eeb0eadf045e5b3bb8ea3452858c14cd7c8496d3009bf18ae15ddc63c4d07,ncaa,totals,,Over,56.0,loss,30.0,401862788,30.0,loss,,,,False,True,
96f1d8b0a0c4bc8e12a17d8606ecd24775c9980b5d8a6eec462a1fa8a441c9fc,ncaa,spreads,,Away,-13.0,win,-17.0,401866477,-17.0,win,,,,False,True,
3e49623c474d14e2a8b1f61f4ad4ec0ba32ac1d9ce5873f65ee767dbc4843196,ncaa,spreads,,Home,-2.0,win,6.0,401858247,6.0,win,,,,False,True,
cfbb7f11d6f7aa57b76e82e1b2044aefb6c133f1407da4c04405c665e5560b26,ncaa,spreads,,Away,-14.0,loss,13.0,401856711,13.0,loss,,,,False,True,
652ad5120c6ff192432ac9f833d3dc4a87adc3fed668cade9d306419b8c13b99,ncaa,totals,,Under,59.0,loss,60.0,401860900,60.0,loss,,,,False,True,
9563628c84ac82e0889568f965aff6e70ff20e91ecbdbc390a531f9c21af94b8,ncaa,spreads,,Home,21.0,win,10.0,401858250,10.0,win,,,,False,True,
8c9179c99a90a76a6eeae66e8c5f709d1808118633941c3c0c387f106cf34fbb,ncaa,spreads,,Away,13.0,win,-9.0,401856821,-9.0,win,,,,False,True,
d414e08067c990649de564e9bd7afd0c9297186985d925c66f13599619750e69,ncaa,spreads,,Home,-3.5,loss,-0.5,401856822,-0.5,loss,,,,False,True,
a2dd16674876fff75508e9f8c31e338024a2d291e503cc36136f1eca0a3ae972,ncaa,totals,,Under,55.0,win,41.0,401858246,41.0,win,,,,False,True,
79d0bb8b8037d7411596941609e45aff6e0db3754f582eecf392bc8f88833940,ncaa,spreads,,Away,-7.0,loss,3.0,401856710,3.0,loss,,,,False,True,
517e10bd228d2294077ddf94592c9532b2d5805853468757d1d76e0c8c8b958b,ncaa,spreads,,Away,-3.5,loss,1.5,401862791,1.5,loss,,,,False,True,
59a43ce74aabc3c349826e64c23a3a52a53af33701e925723a9cfe5fc7f3b5f0,ncaa,spreads,,Home,-6.0,loss,-10.0,401862792,-10.0,loss,,,,False,True,
68f3e4fc88cb95b9494de1af703e75b69a53b24dae9264de6eae2b2235d7c4c3,ncaa,totals,,Over,43.0,loss,34.0,401858474,34.0,loss,,,,False,True,
a862eba6a02e6a1e3b75220b2f198e020d91b49d2ab7c8e60d450263d2747d85,ncaa,spreads,,Home,6.5,loss,-0.5,401856818,-0.5,loss,,,,False,True,
7d6ed0aa28b407074d85d55111b56b15e28e51bb3bb05506dfd2607eb224fa8e,ncaa,spreads,,Away,-10.0,win,-17.0,401858472,-17.0,win,,,,False,True,
fdcfa6d16de996e68aaea082c0ad9408c0d6fb8497906da9ba7cd36aab8af7dc,ncaa,totals,,Over,48.0,loss,43.0,401869932,43.0,loss,,,,False,True,
3c0bc23cf5b84f7205b67a6e42fb02cdbe44675856d14d187f00a733fb0d6eef,ncaa,h2h,,Away,0.0,loss,5.0,401862791,5.0,loss,,,,False,True,
e06f94658da95b97ee57f0baa435d8c162c81b322e7bafff1ec8c4e620a2acad,ncaa,h2h,,Home,0.0,win,6.0,401858474,6.0,win,,,,False,True,
e36b8dd96748e2b834fb3769db5ff386601aa2f47823f7e610aa0721f0be5b85,ncaa,h2h,,Home,0.0,win,3.0,401858248,3.0,win,,,,False,True,
11faafacd9cbbecc17bbc55001ba67546fb9e2fdee7715674189fe6c6a8d4a33,nfl,player_receptions,Roman Wilson,Over,1.5,win,3.0,2026_04_PIT_CLE,3.0,win,3.0,win,,False,True,True
99a5ad21a09fbbbccb1b16c08eacc4292649a742e0580a2b70933546fe2a873e,nfl,player_receiving_yards,Raheim Sanders,Over,9.5,loss,7.0,2026_04_PIT_CLE,7.0,loss,7.0,loss,,False,True,True
a1742344b215a961ba45f781a288e2f9abcb3f95ea3a8fea025fbe62bb5e5c60,nfl,spreads,,Home,-2.5,win,7.5,2026_04_DEN_SF,7.5,win,7.5,win,,False,True,True
b747fe4b188b3581b85ebef23ddbb9af904f7e08f510b057021fb90b4b965cc3,nfl,player_receiving_yards,George Kittle,Under,64.5,loss,70.0,2026_04_DEN_SF,70.0,loss,70.0,loss,,False,True,True
8291cfd326e8d7bcff565376865cacaea876086b1271c90371d2aab1a6372ff4,nfl,player_rushing_yards,Jonathan Taylor,Under,92.5,loss,95.0,2026_04_IND_WAS,95.0,loss,95.0,loss,,False,True,True
5766680099b9be5fd8763988d3edc502669ddd63265affe309749bf429d62108,nfl,player_passing_yards,Brock Purdy,Over,231.5,loss,218.0,2026_04_DEN_SF,218.0,loss,218.0,loss,,False,True,True
af5300be3f9432f9a5ac737e4540f4136f488da931fe13272251ed0ab866ee80,nfl,player_receiving_yards,Aaron Jones,Under,18.5,loss,34.0,2026_04_MIA_MIN,34.0,loss,34.0,loss,,False,True,True
c69d149eb288a3c250106b1d2108442de1d629cdededf95be064cf4d8558b284,nfl,player_receiving_yards,Pat Freiermuth,Over,29.5,loss,17.0,2026_04_PIT_CLE,17.0,loss,17.0,loss,,False,True,True
329a060e73977311e328305246cf94c835fcc075ca643a8025e7617373508156,nfl,player_passing_yards,Josh Allen,Under,239.5,loss,253.0,2026_04_NE_BUF,253.0,loss,253.0,loss,,False,True,True
604e08d2596e5de5d55909136448f8dd20aea54572be3e9ac7ca75e8bc469161,nfl,spreads,,Away,-3.0,win,-7.0,2026_04_DAL_HOU,-7.0,win,-7.0,win,,False,True,True
89f05404e5cfe3af17cd1c6112952cabba32c2e9555db7c0f0f4b3cb0976d1f3,nfl,player_receiving_yards,Quinshon Judkins,Over,11.5,win,43.0,2026_04_PIT_CLE,43.0,win,43.0,win,,False,True,True
1078158466ed9489bea793d5afd5b9412b92741f74d80b365100b92bcfa51c89,nfl,player_receiving_yards,James Cook,Under,7.5,loss,8.0,2026_04_NE_BUF,8.0,loss,8.0,loss,,False,True,True
a35c9c5213b52d9594c37c205a7eb8607d195910613f305ea46acc9a9b3f1842,nfl,player_rushing_yards,Aaron Jones,Under,68.5,loss,94.0,2026_04_MIA_MIN,94.0,loss,94.0,loss,,False,True,True
649965efd3e406ed2fe10efec298a1bef8eb99e3b3990767d9bfa64bc46f59bf,nfl,player_passing_tds,Matthew Stafford,Over,1.5,loss,0.0,2026_04_LA_PHI,0.0,loss,0.0,loss,,False,True,True
ca6730aa4a0c5a1a81f1b505bced8e242d4218dfaee5328c51a84daa9ff0f6e9,nfl,player_passing_yards,Tyler Shough,Over,256.5,win,286.0,2026_04_ATL_NO,286.0,win,286.0,win,,False,True,True
9eb4676251cd6d7ad2812b1881d05519072dcb16bc8b318abded280994e90ba9,nfl,player_receiving_yards,Dalton Kincaid,Over,59.5,loss,7.0,2026_04_NE_BUF,7.0,loss,7.0,loss,,False,True,True
0f08736d9d23abf936b2116b44bfc901b654f0a59023e55080c36fb4d41a00cf,nfl,player_passing_tds,Lamar Jackson,Under,1.5,loss,2.0,2026_04_TEN_BAL,2.0,loss,2.0,loss,,False,True,True
89a9d26dbef27e417e74db80f085ec395372c72574771fadd8fb61bdd91b984a,nfl,player_rushing_yards,Lamar Jackson,Over,31.5,loss,20.0,2026_04_TEN_BAL,20.0,loss,20.0,loss,,False,True,True
cb48034bc25d5af9f84f9b3eeaab21e055c8d694b56ba3382ef232a3ce575ef4,nfl,player_passing_yards,Jacoby Brissett,Under,239.5,win,166.0,2026_04_ARI_NYG,166.0,win,166.0,win,,False,True,True
c986b637e717ec0939da7b94ea2431618810cea72f2f2d1df8bcca37209a861e,nfl,player_receiving_yards,Gunnar Helm,Under,19.5,win,5.0,2026_04_TEN_BAL,5.0,win,5.0,win,,False,True,True
ca6d5799a96f95fd3931996b2d84ce12bbc5e54add803dd3c04f358983064fa2,nfl,player_rushing_yards,Drake Maye,Under,26.5,loss,54.0,2026_04_NE_BUF,54.0,loss,54.0,loss,,False,True,True
0801e941c77bbaa3697062ad3ee4cc1e07ab862d89d8f653df0df42fc2f07337,nfl,player_receptions,Demario Douglas,Under,2.5,win,2.0,2026_04_NE_BUF,2.0,win,2.0,win,,False,True,True
6eb0ebb2b73336e52e1cb38fdd4a7e397d394e5ad9f96460e4d0c6f5ed2e48f4,nfl,spreads,,Home,4.0,loss,-13.0,2026_04_IND_WAS,-13.0,loss,-13.0,loss,,False,True,True
03992bd20fc1a44287ce8852b3e612f17977b4594d661b2c16a5934bea1b92ac,nfl,player_rushing_yards,Josh Allen,Under,31.5,win,4.0,2026_04_NE_BUF,4.0,win,4.0,win,,False,True,True
d463853ebd42591350130893a1de0f5af661593d3417f490411ff9ddc05ca03a,nfl,player_receiving_yards,Calvin Ridley,Under,16.5,win,13.0,2026_04_TEN_BAL,13.0,win,13.0,win,,False,True,True
3376fe6fb2280763736cc4fdd37600d0366bc5a6b9b8ed70c66cd61539045cfe,nfl,player_receiving_yards,Quinshon Judkins,Over,12.5,win,43.0,2026_04_PIT_CLE,43.0,win,43.0,win,,False,True,True
3d686d80d1f53cacaadb8b684197981848c768ea0910c2dc34a4c7df4867039c,nfl,player_receiving_yards,Keon Coleman,Over,12.5,win,116.0,2026_04_NE_BUF,116.0,win,116.0,win,,False,True,True
178e328fff7a77fc41e467ce56268b2d15fa5f96d99dc55c55a7dcc3f829eb4c,nfl,player_receiving_yards,James Cook,Under,6.5,loss,8.0,2026_04_NE_BUF,8.0,loss,8.0,loss,,False,True,True
a979924f79a92137c16f018db528697a897475534996dc49130accf8f4c1b7ca,nfl,spreads,,Home,1.0,win,13.0,2026_04_ARI_NYG,13.0,win,13.0,win,,False,True,True
7e2264395a28cb8c175d6291cf577e47cb9100a2a2307faeb0562685b893b298,nfl,player_receiving_yards,Michael Wilson,Under,58.5,loss,95.0,2026_04_ARI_NYG,95.0,loss,95.0,loss,,False,True,True
c29e254064171cfea1f1f4e73c1d47b5e27adfaa763c451405c66acee1f39bdd,nfl,player_receiving_yards,Darnell Mooney,Over,25.5,loss,0.0,2026_04_ARI_NYG,0.0,loss,0.0,loss,,False,True,True
162acd6985399235a94facbff62611ddd7fb49f23adc04befc919b7c24f67a55,nfl,player_passing_yards,Lamar Jackson,Over,212.5,win,222.0,2026_04_TEN_BAL,222.0,win,222.0,win,,False,True,True
b662240979b05f50a5d3b0b5f1eaf9370ce6ae166dd30100bc4b98d67eddb84d,nfl,player_receiving_yards,Rhamondre Stevenson,Under,18.5,loss,27.0,2026_04_NE_BUF,27.0,loss,27.0,loss,,False,True,True
1358ea8a3860b8184ad319b73af339fb68aeceb205d51aec51f36d611e2df827,nfl,player_receiving_yards,Romeo Doubs,Over,39.5,win,58.0,2026_04_NE_BUF,58.0,win,58.0,win,,False,True,True
163c32ae26d437404eea1feb24676c492805ab7173c3f0e32423e987c57dc0f2,nfl,player_receiving_yards,Parker Washington,Under,72.5,win,7.0,2026_04_JAX_CIN,7.0,win,7.0,win,,False,True,True
a4e9b146177e390dd2e6807b39e3c2d0789b67708f09aaa717a7023a1dafeb3a,nfl,player_receptions,Dalton Kincaid,Under,4.5,win,1.0,2026_04_NE_BUF,1.0,win,1.0,win,,False,True,True
80fcd7dc990c184b8ac61e1a32e6e62d0da16b136ada5d3567f9a4773ac67ec5,nfl,totals,,Over,47.5,win,64.0,2026_04_DAL_HOU,64.0,win,64.0,win,,False,True,True
9a67973fbf84c07639b03102a035924e0d2947945b4f0dee783b2df6c82a2728,nfl,player_passing_yards,Geno Smith,Over,227.5,loss,119.0,2026_04_NYJ_CHI,119.0,loss,119.0,loss,,False,True,True
8113ce3c6f2bbb90c88679e8148cf2a721a7c0aaffddf1071c52fb1a0f8028ea,nfl,player_receiving_yards,Keon Coleman,Over,13.5,win,116.0,2026_04_NE_BUF,116.0,win,116.0,win,,False,True,True
9b0e5008ff4a83ef174e1f51003b056303fb40928e2510400ee97ef3c95fd497,nfl,player_receiving_yards,Jakobi Meyers,Over,40.5,loss,33.0,2026_04_JAX_CIN,33.0,loss,33.0,loss,,False,True,True
02e2d6d99d510c075251e0e097b34c377206933cfb6bc294d11d1c8fd55e45b4,nfl,player_passing_yards,Deshaun Watson,Under,187.5,loss,268.0,2026_04_PIT_CLE,268.0,loss,268.0,loss,,False,True,True
9a3e863204c41cbb21078f3b2be94121869abf219451e3d5e0906c021bd016da,nfl,player_passing_yards,Jalen Hurts,Under,201.5,win,93.0,2026_04_LA_PHI,93.0,win,93.0,win,,False,True,True
bd7033e814faabfdff560894f236e9369dfc55a6f5a0282fc3747601f1d71227,nfl,player_rushing_yards,Tyler Shough,Over,17.5,loss,5.0,2026_04_ATL_NO,5.0,loss,5.0,loss,,False,True,True
678296905165631aa40ca7d5850e2ea191825a71b5775f6fbf7219ef6b03975f,nfl,player_passing_yards,Matthew Stafford,Over,251.5,win,317.0,2026_04_LA_PHI,317.0,win,317.0,win,,False,True,True
2821f984a9a889222e6c799116233cc2cf7778089bfb89fb922c31d5e36b5e3d,nfl,player_receptions,Keon Coleman,Over,1.5,win,6.0,2026_04_NE_BUF,6.0,win,6.0,win,,False,True,True
c601e7bbd6486b5d2dcb997cb2722606edea13222d576843415bac2cedb6a9e7,nfl,player_receiving_yards,Parker Washington,Under,70.5,win,7.0,2026_04_JAX_CIN,7.0,win,7.0,win,,False,True,True
2a4980b255d93795b2559d6410a5a53bcce3a88d3a05865921d120aa3d2990a3,nfl,player_receptions,Christian McCaffrey,Under,4.5,win,3.0,2026_04_DEN_SF,3.0,win,3.0,win,,False,True,True
71a7700f19c66ba195670b0da90d0d2545c5a4137e2e1a9efd3dfde856d77d34,nfl,totals,,Under,48.0,win,38.0,2026_04_DEN_SF,38.0,win,38.0,win,,False,True,True
0b4ccea858b8e0ab99a7488e8d6266d9d61d23b220ef8a5ac53d52220a4ba1c8,nfl,player_receptions,TreVeyon Henderson,Under,0.5,win,0.0,2026_04_NE_BUF,0.0,win,0.0,win,,False,True,True
edd4c9529e10d28fc476ea26118c0d7abce78ed77422940f9b91355a94e221d3,nfl,atd,Konata Mumpfield,Yes,0.5,loss,0.0,2026_04_LA_PHI,0.0,loss,0.0,loss,0.0,False,True,True
28a10f716cd9ad530911634b8c01f3a94f94fa3242be97e64efdd6da8c88be2c,ncaa,totals,,Over,49.0,loss,23.0,401866434,23.0,loss,,,,False,True,
5288ee042fb3981c935eff4521913d3b0d141ba9a9f39bd356b26ff5efa7c42d,ncaa,spreads,,Home,6.5,loss,-23.5,401860899,-23.5,loss,,,,False,True,
6ad8ad2dbbb28d4d5241d4dd210a951b9d4bed4520b0b850ec5d2be1eb132ffe,ncaa,spreads,,Away,12.5,win,-9.5,401856821,-9.5,win,,,,False,True,
11351eec3e75235c42e032b0ae3f180916a0883606ecdb20c9e5516d8938c3c5,ncaa,totals,,Over,51.5,loss,41.0,401856711,41.0,loss,,,,False,True,
50dee0a2e3882653d410b8feadfdbbbbe7189721df11cb12305cf84320c30a35,ncaa,totals,,Under,54.0,win,38.0,401856710,38.0,win,,,,False,True,
a0f1f53233a83441f89ce1f7d4670276a595014a49976c9493b3bce963bb087a,nfl,player_rushing_yards,Tre Tucker,Under,0.5,win,0.0,2026_04_KC_LV,0.0,win,0.0,win,,False,True,True
695ffc3534f9bd1579e5a766543a75bf7f89cda54c2b28b3e699ddb7479ffe2e,nfl,player_rushing_yards,Quinshon Judkins,Under,69.5,win,53.0,2026_04_PIT_CLE,53.0,win,53.0,win,,False,True,True
1553d3c7bdd902a533609b4614403f5a2ef6482555470e9c6d546f66b7b17ea7,nfl,player_receiving_yards,Dalton Kincaid,Over,39.5,loss,7.0,2026_04_NE_BUF,7.0,loss,7.0,loss,,False,True,True
a2e4879bb10cbccba8f9ef54072a66aae55a6308ac6163611a5f95176189ee75,nfl,player_receptions,RJ Harvey,Over,2.5,win,10.0,2026_04_DEN_SF,10.0,win,10.0,win,,False,True,True
6eee80e03611d4f17e89d1529bbebedb8b0fb09f50ecee4281c75313ee1ff3ce,nfl,player_receptions,Noah Gray,Over,0.5,win,2.0,2026_04_KC_LV,2.0,win,2.0,win,,False,True,True
1f5a3d834ec00bc4836b7ee8556795502f2a830206dbee64bac806ba8c710419,nfl,player_receiving_yards,Pat Bryant,Over,19.5,win,47.0,2026_04_DEN_SF,47.0,win,47.0,win,,False,True,True
f2ca40c3e0f8446f31851b7a5e78128cdbc1fa3aa6ec0e6ab250f1b714052f92,nfl,player_receptions,Dalton Schultz,Over,4.5,loss,2.0,2026_04_DAL_HOU,2.0,loss,2.0,loss,,False,True,True
55afe9d5fd6502eaf342084ebea5e972fbb20dada79518344cbc98ad5e51018d,nfl,player_passing_tds,Jared Goff,Over,1.5,loss,1.0,2026_04_DET_CAR,1.0,loss,1.0,loss,,False,True,True
3802e33dd36187f64688d7af294befb062fb15375972d56f4c2b94f0ac86816d,nfl,player_receptions,Dontayvion Wicks,Under,3.5,win,3.0,2026_04_LA_PHI,3.0,win,3.0,win,,False,True,True
e4f0f4b870dbc501b6b88b92273dc5fde1308021a2c8d0c1d09da7e84c8601e9,nfl,player_passing_tds,Trevor Lawrence,Over,1.5,loss,1.0,2026_04_JAX_CIN,1.0,loss,1.0,loss,,False,True,True
18c3001cb0c811998a8f5c02f471017f7112936ec67593a5de6bb586b54cec66,nfl,player_receptions,Davante Adams,Over,4.5,loss,4.0,2026_04_LA_PHI,4.0,loss,4.0,loss,,False,True,True
e3e76f945232851114fd7dcd31d5c6163b56d7dd66e9add275657dc542d63b94,nfl,player_rushing_yards,C.J. Stroud,Over,11.5,win,12.0,2026_04_DAL_HOU,12.0,win,12.0,win,,False,True,True
44153064724595e33de868afba4a56ed14bdd56df546b9e8d8c3452f3b4823f6,nfl,player_receiving_yards,Darnell Washington,Over,16.5,win,27.0,2026_04_PIT_CLE,27.0,win,27.0,win,,False,True,True
e34768e09dd2f9bc5467e3a4a3d2f3008fec7312d24755265d9fe18609d1d08c,nfl,player_passing_yards,Josh Allen,Under,242.5,loss,253.0,2026_04_NE_BUF,253.0,loss,253.0,loss,,False,True,True
4d0a3b87dd89779890b2973b7e99550e342fdc9a9cc885067776c3378fd32c85,nfl,player_receiving_yards,George Pickens,Under,60.5,loss,75.0,2026_04_DAL_HOU,75.0,loss,75.0,loss,,False,True,True
f8552100ae6d7fc1893e185b7b5333827ddcfea670f2f85ef1260ffb80f5016c,nfl,player_passing_yards,Bryce Young,Over,246.5,win,329.0,2026_04_DET_CAR,329.0,win,329.0,win,,False,True,True
f170d888dc52e81590627494e3031375d40f195d4a4dd12da29f7fae93446e14,nfl,player_passing_yards,Dak Prescott,Under,268.5,loss,335.0,2026_04_DAL_HOU,335.0,loss,335.0,loss,,False,True,True
593a5b280d5788de3725de09b67a935f3cd14950f2f5bc064b885ad27a195cda,nfl,player_receptions,Courtland Sutton,Under,3.5,win,1.0,2026_04_DEN_SF,1.0,win,1.0,win,,False,True,True
d9066edad3b7c711cecf21e5b6a34fbda80107a34ca609dcedaaa7ed125c7796,nfl,player_passing_yards,Josh Allen,Under,240.5,loss,253.0,2026_04_NE_BUF,253.0,loss,253.0,loss,,False,True,True
3639395738b569f806166f01352fefe61526bc836d0ec186ad67fb846004bc46,nfl,player_rushing_yards,Christian McCaffrey,Under,64.5,win,52.0,2026_04_DEN_SF,52.0,win,52.0,win,,False,True,True
e518ef47eb70db6f667e861d4b3d3356e27d96b01404e089c6b5a0c47ab1ac9d,nfl,player_passing_yards,Brock Purdy,Over,232.5,loss,218.0,2026_04_DEN_SF,218.0,loss,218.0,loss,,False,True,True
f75a0466229a6564bd495db64d986184ed01c79bbfbdedaec8f161b160ce5cc6,nfl,player_rushing_yards,Javonte Williams,Under,62.5,win,62.0,2026_04_DAL_HOU,62.0,win,62.0,win,,False,True,True
aa911a44470260eb82f614ca31b37482aeff015091aee82c42429d6ff36c5fb3,nfl,player_receiving_yards,Christian McCaffrey,Under,38.5,win,18.0,2026_04_DEN_SF,18.0,win,18.0,win,,False,True,True
47e76cd9794831bc7693fc944c28623d6e8a928afba5543b9d6dfe56bc3a1eb0,nfl,player_receptions,Ryan Flournoy,Under,3.5,loss,4.0,2026_04_DAL_HOU,4.0,loss,4.0,loss,,False,True,True
01502c4d23b5794fb9648eb1bac658664b6505d063a3c55732005538ceed7cce,nfl,player_receiving_yards,Michael Pittman Jr.,Under,29.5,win,15.0,2026_04_PIT_CLE,15.0,win,15.0,win,,False,True,True
1e6cba82d90f8a5c213326a1d5a550f1c490267aac6aa7d67afd04a651b6309d,nfl,player_receiving_yards,Derrick Henry,Over,6.5,loss,6.0,2026_04_TEN_BAL,6.0,loss,6.0,loss,,False,True,True
7493ba8ffa4c7e1c1f169752a519d2c4a3cdfbbe253cc282e9043219620a7f88,nfl,player_rushing_yards,Bijan Robinson,Over,82.5,win,145.0,2026_04_ATL_NO,145.0,win,145.0,win,,False,True,True
27a6c73ed6a0b8af92e4415670082e5367c13cda98b3c1ef0222276d701e06fd,nfl,player_receiving_yards,Jake Ferguson,Under,25.5,win,11.0,2026_04_DAL_HOU,11.0,win,11.0,win,,False,True,True
288e92183d848ffce7e9e850d46fdd1f498f935a8057b66691490ffbf059ed58,nfl,player_rushing_yards,Rhamondre Stevenson,Over,30.5,win,47.0,2026_04_NE_BUF,47.0,win,47.0,win,,False,True,True
e2fcc737d49e6638daee0e4a0848e3e092bf36f50fd3805db2122348d5678e27,nfl,player_receptions,Xavier Worthy,Over,2.5,win,4.0,2026_04_KC_LV,4.0,win,4.0,win,,False,True,True
e47513b6077487f5007ed62e16306272c6708c6f7e451ac40f2d34e05be2268e,nfl,player_receiving_yards,Raheim Sanders,Over,12.5,loss,7.0,2026_04_PIT_CLE,7.0,loss,7.0,loss,,False,True,True
8128f299c66d2dbad27843cb2d72b90d4406335fb0655139e92d6e67d337d7db,nfl,player_receptions,Jake Ferguson,Under,3.5,win,3.0,2026_04_DAL_HOU,3.0,win,3.0,win,,False,True,True
00572f3fce1a8d27a7a97d36d69d7443c11ed70420335e64fa435cd2fff0a1ef,nfl,player_rushing_yards,Jonathan Taylor,Under,89.5,loss,95.0,2026_04_IND_WAS,95.0,loss,95.0,loss,,False,True,True
94531e2d767ac88797702d6960c6fee700e640ad84c061427fbe3aab15484aa2,nfl,player_rushing_yards,Javonte Williams,Under,60.5,loss,62.0,2026_04_DAL_HOU,62.0,loss,62.0,loss,,False,True,True
ecd7d74a17486fd2d91abe3dc6a86b99ee41ea92142135c97ff8f84f2c9d3426,nfl,player_rushing_yards,Tony Pollard,Under,51.5,win,48.0,2026_04_TEN_BAL,48.0,win,48.0,win,,False,True,True
d3623941f98ec4d74a47b5f02282982e0072789549a3a4855602127d1a3ae99b,nfl,player_receptions,David Montgomery,Over,1.5,loss,0.0,2026_04_DAL_HOU,0.0,loss,0.0,loss,,False,True,True
b91678c6a17fd721f261a5b509e77ca61d4e25dc3892f98fa7d1209a849cba60,nfl,player_receptions,Woody Marks,Over,1.5,loss,0.0,2026_04_DAL_HOU,0.0,loss,0.0,loss,,False,True,True
dc31eac4b43713869d4a480fd2de5ea8688731feeb8a2f4bc22bf765a3d17e51,nfl,player_receptions,Pat Bryant,Under,2.5,loss,3.0,2026_04_DEN_SF,3.0,loss,3.0,loss,,False,True,True
3bb699878ce22bcc9dcc282e89049a744eae65a696a751b476e54578eb30b50e,nfl,player_receiving_yards,Dontayvion Wicks,Over,39.5,loss,18.0,2026_04_LA_PHI,18.0,loss,18.0,loss,,False,True,True
0983671a58a78ffc2dde03c34e02c8d78cf6123006257b00518911d7aa49a9a9,nfl,player_rushing_yards,Aaron Rodgers,Over,0.5,loss,0.0,2026_04_PIT_CLE,0.0,loss,0.0,loss,,False,True,True
f25e87f212556f6c4596fb9db4a9f9e925b45fe9c3219873d0a3c828a10b06f8,nfl,spreads,,Home,4.0,win,10.0,2026_04_DET_CAR,10.0,win,10.0,win,,False,True,True
27a478c737a8f6886b270f921ca06e2e6a2b7b267ec2256f02cb915b1ffa5106,nfl,spreads,,Home,2.0,win,14.0,2026_04_ARI_NYG,14.0,win,14.0,win,,False,True,True
e2cddcd7013ffdce5593195946dace551dd828e8464c893d79b23d03ce5932ac,nfl,player_passing_yards,Tyler Shough,Over,257.5,win,286.0,2026_04_ATL_NO,286.0,win,286.0,win,,False,True,True
99f24c41e53bc1fa1035e8e46659bec7ef8683b89bc6e688057b7e6797e19763,nfl,player_rushing_yards,James Cook,Over,87.5,loss,75.0,2026_04_NE_BUF,75.0,loss,75.0,loss,,False,True,True
69678fc9f88eba96bca3f99a33cfc648cf83c3bd30ea75e1994dd5ebbb72cb69,nfl,player_passing_yards,Jacoby Brissett,Under,238.5,win,166.0,2026_04_ARI_NYG,166.0,win,166.0,win,,False,True,True
facbdd4f28f5936ec0acc363503cdaae1e9544a72d83cf22aa9cfc2ff17f7ba4,nfl,player_receiving_yards,Jerry Jeudy,Under,14.5,loss,36.0,2026_04_PIT_CLE,36.0,loss,36.0,loss,,False,True,True
e4472ac9c9acf5d91edf1dcd7622287dd15ec887ced714182a1fe40eff1bdcce,nfl,atd,Javonte Williams,Yes,0.5,win,3.0,2026_04_DAL_HOU,3.0,win,1.0,win,0.0,False,True,True
17bef3a4cb84a55c28007fd769923b914e1ef51783486f9c3795945927e184be,nfl,player_passing_yards,Bo Nix,Under,215.5,win,214.0,2026_04_DEN_SF,214.0,win,214.0,win,,False,True,True
ad43c203119d3f395a525502b6af705f0296b8eed94f9dbf1fce5b86c8789ea1,nfl,player_receiving_yards,Dontayvion Wicks,Over,40.5,loss,18.0,2026_04_LA_PHI,18.0,loss,18.0,loss,,False,True,True
195777feb5a837ab3263997c17e0c22bb69d3b4067fb7e3b49afadbdc805fdf8,nfl,player_receiving_yards,Bijan Robinson,Under,34.5,win,2.0,2026_04_ATL_NO,2.0,win,2.0,win,,False,True,True
032fcf2c9f66e1e745b80625674756c78e3ffa69c25a3741dade1cf8c57d909c,nfl,player_receiving_yards,CeeDee Lamb,Over,76.5,win,189.0,2026_04_DAL_HOU,189.0,win,189.0,win,,False,True,True
c2bba29b39ad3f87b8f684f3d6243fe919200e0df9f4fa0a1827dc0c502a998d,nfl,player_receiving_yards,James Cook,Under,6.5,loss,8.0,2026_04_NE_BUF,8.0,loss,8.0,loss,,False,True,True
1995a1bd710d27c3306f28d1af505c233729db8cdfe74da840996211d802dcb8,nfl,player_receiving_yards,Jerry Jeudy,Under,13.5,loss,36.0,2026_04_PIT_CLE,36.0,loss,36.0,loss,,False,True,True
26fc6e51562b4b29bf7b02dfd48eff0cf2b07505facc01d409e8890304609c23,nfl,player_receiving_yards,Brock Bowers,Over,63.5,win,86.0,2026_04_KC_LV,86.0,win,86.0,win,,False,True,True
c484876bb305c1784b7e292337137024484f6c3efc64710b578489a754a7733d,nfl,player_rushing_yards,Jahmyr Gibbs,Under,95.5,win,46.0,2026_04_DET_CAR,46.0,win,46.0,win,,False,True,True
171a53d8e66641e1255d74d5304e7f62c11bd88e9ecf6b08b1f35ef9cecedda4,nfl,player_receiving_yards,Jake Ferguson,Under,23.5,win,11.0,2026_04_DAL_HOU,11.0,win,11.0,win,,False,True,True
9d1b82d2989c532686e018c1bfda79f9796714eb41f9e7987e693455f54b548a,nfl,player_receiving_yards,Jameson Williams,Under,50.5,loss,102.0,2026_04_DET_CAR,102.0,loss,102.0,loss,,False,True,True
3e5e5d9b72e5693f670b8783402c4432b4eed7310f8b3fc99e322a77360e3c02,nfl,player_rushing_yards,Tyler Shough,Over,16.5,loss,5.0,2026_04_ATL_NO,5.0,loss,5.0,loss,,False,True,True
e2af2f642bed7fa0d4cdeefdb19c56ce95230dcbc3ea0a32555acb234efece55,nfl,player_rushing_yards,Raheim Sanders,Over,5.5,win,9.0,2026_04_PIT_CLE,9.0,win,9.0,win,,False,True,True
3637674ef746e4aeef589e9cf2ac399e9ea7d460a8af861160dc5d32c3121079,nfl,player_receiving_yards,Kenneth Walker,Under,22.5,win,2.0,2026_04_KC_LV,2.0,win,2.0,win,,False,True,True
9c12f2a2a3bf04a19eac6b464c1b25bac392e091c30c2b86fe4ee408086289b0,nfl,totals,,Under,49.0,loss,55.0,2026_04_NE_BUF,55.0,loss,55.0,loss,,False,True,True
5b090151450308c3943f5e88f49216515f51c3c2fadd3c2773c96a371277f0d3,nfl,player_rushing_yards,Jahmyr Gibbs,Under,94.5,win,46.0,2026_04_DET_CAR,46.0,win,46.0,win,,False,True,True
6beeda327b5875b1d02dca58536967281adac4b152d60a68c1662eb21d8c1801,nfl,player_rushing_yards,Jalen Hurts,Over,23.5,loss,18.0,2026_04_LA_PHI,18.0,loss,18.0,loss,,False,True,True
bc2f428c3a2a718248e486744ee1fa9128946e6863ed303607ff55dae243b2f1,nfl,player_receiving_yards,Noah Gray,Over,6.5,win,17.0,2026_04_KC_LV,17.0,win,17.0,win,,False,True,True
3eba2b477944b10c6803f90876cfd5920686ce18ff80f943f535b452409a4f3b,nfl,player_receiving_yards,Tre Tucker,Over,39.5,win,44.0,2026_04_KC_LV,44.0,win,44.0,win,,False,True,True
2d42f1db46a0c54f0dabfabd98efabbe19b955051824dd0c33f1c0fe3bf489a0,nfl,player_passing_yards,Jalen Hurts,Under,204.5,win,93.0,2026_04_LA_PHI,93.0,win,93.0,win,,False,True,True
1362a31d12a7fa3d83491c8d9d245f20e77e0dd196fa5820e6fa2eb420cdaf21,nfl,player_receiving_yards,Romeo Doubs,Over,39.5,win,58.0,2026_04_NE_BUF,58.0,win,58.0,win,,False,True,True
bf1c6e40826b1cb97bf555957fc906c69b09ad0eb49c91002cbc1af68e9649ac,nfl,player_passing_yards,Justin Herbert,Over,198.5,loss,189.0,2026_04_LAC_SEA,189.0,loss,189.0,loss,,False,True,True
3363712341117830ad515498074febd3d1be566bbfd1e9724b1096c86fa19ae6,nfl,player_receiving_yards,Pat Freiermuth,Over,31.5,loss,17.0,2026_04_PIT_CLE,17.0,loss,17.0,loss,,False,True,True
7bd588e7f9236ea59efa267aa7b56ece00c5d2a12f2543d3ee54ba497daea223,nfl,player_receiving_yards,Zay Flowers,Over,66.5,win,118.0,2026_04_TEN_BAL,118.0,win,118.0,win,,False,True,True
2a282b05ffe3725fd150a40e9f2c1b872b30ebf7a49fd82c7ba351ef5779e7c5,nfl,player_receiving_yards,CeeDee Lamb,Over,79.5,win,189.0,2026_04_DAL_HOU,189.0,win,189.0,win,,False,True,True
88241372c2c0e3747994258e3e7dc0dde4991d8b1f45482dcefe27bb57d88285,nfl,player_receiving_yards,Woody Marks,Under,8.5,win,0.0,2026_04_DAL_HOU,0.0,win,0.0,win,,False,True,True
c8833b7c8f1fb13a3dded1fa49a4f021c4167d5afcf277b18a1be8193a71fd46,nfl,player_receiving_yards,Davante Adams,Over,75.5,loss,32.0,2026_04_LA_PHI,32.0,loss,32.0,loss,,False,True,True
17bb92f367320666b0e75541dddfb9d2feec2918db9312f84c211e64986bdf24,nfl,player_receiving_yards,RJ Harvey,Over,21.5,win,68.0,2026_04_DEN_SF,68.0,win,68.0,win,,False,True,True
c8c856580d410ce11293f14bbac9ba474fada9f412fe0c4d7f69de1f96f4592f,nfl,player_rushing_yards,Derrick Henry,Over,89.5,loss,73.0,2026_04_TEN_BAL,73.0,loss,73.0,loss,,False,True,True
085afcf0b7b5d8323eaccd3da0e087945993a4ff1cc550de10c855fb4b490a7b,nfl,player_rushing_yards,Deshaun Watson,Under,30.5,win,22.0,2026_04_PIT_CLE,22.0,win,22.0,win,,False,True,True
0be02800d5d43c2738dfed1fb3b90232d28e0ea922fc9d4df294a2f3564ffb78,nfl,player_rushing_yards,Samaje Perine,Under,12.5,win,7.0,2026_04_JAX_CIN,7.0,win,7.0,win,,False,True,True
968d40e1dd80a16e72637727d923f0062cc874a483f7960090c8a1ff2b53131a,nfl,player_passing_yards,Aaron Rodgers,Over,210.5,win,299.0,2026_04_PIT_CLE,299.0,win,299.0,win,,False,True,True
3c7c16b3a84106859648719ec1e6e705abd1db3904de30170a7d4d7f61ee0641,nfl,totals,,Over,43.0,loss,35.0,2026_04_NYJ_CHI,35.0,loss,35.0,loss,,False,True,True
d9b08510a74e62e50122fa20d78a026d44c07754b3de62bc49c4f20cb259b2a1,nfl,totals,,Over,43.0,loss,42.0,2026_04_TEN_BAL,42.0,loss,42.0,loss,,False,True,True
e8f9f0367fbce0a55d43d2db4d64241bd01e8d51b51d21d758d866ad3b0408fb,nfl,spreads,,Home,2.5,win,5.5,2026_04_PIT_CLE,5.5,win,5.5,win,,False,True,True
212bcfead3f9a6a6af207833d60e4e05b2971d94823a37cbca9556a49708e62d,nfl,player_rushing_yards,C.J. Stroud,Over,14.5,loss,12.0,2026_04_DAL_HOU,12.0,loss,12.0,loss,,False,True,True
19deefe42906080ff74db36a631208d3b6f8d81bbac1a7f3b6a9705c61087a5e,nfl,player_receptions,Davante Adams,Over,5.5,loss,4.0,2026_04_LA_PHI,4.0,loss,4.0,loss,,False,True,True
16e7576dc395bc298bd875d5cf42785600b2e6a5287203c330b3cf13d76bae72,nfl,player_receptions,Chuba Hubbard,Under,2.5,win,1.0,2026_04_DET_CAR,1.0,win,1.0,win,,False,True,True
6d5fccb020239af3b284e69b35b67fc49d42707e7c335ee9d2afb95260a8b2a5,nfl,atd,Deebo Samuel,Yes,0.5,win,1.0,2026_04_DEN_SF,1.0,win,1.0,win,0.0,False,True,True
ce064c5781218b9fe17e5b28f6cf2622ae8b08079cbafc1ca3a75f419a9d7ff9,nfl,atd,Ladd McConkey,Yes,0.5,loss,0.0,2026_04_LAC_SEA,0.0,loss,0.0,loss,0.0,False,True,True
a8b790515d0be1ec113e0827a46a058421d9917841f6cd35d49a63df6801944d,nfl,atd,Brock Purdy,Yes,0.5,loss,0.0,2026_04_DEN_SF,0.0,loss,0.0,loss,0.0,False,True,True
19a52be8c26ece344d1179f8369866fbe4a820674851ad51c74d2fe9562bd4ff,nfl,atd,Pat Freiermuth,Yes,0.5,win,1.0,2026_04_PIT_CLE,1.0,win,1.0,win,0.0,False,True,True
7c9f2d19f6434c0e95d61b9ac85d6ea5e3ac4f6843ce6e6bef0b9660e38ebec5,nfl,atd,Kimani Vidal,Yes,0.5,win,1.0,2026_04_LAC_SEA,1.0,win,1.0,win,0.0,False,True,True
0361d4e1163e66405eba60b185fd1a11938d50dacdd4f01f3e03e73a765fdf50,ncaa,totals,,Over,57.5,win,62.0,401856708,62.0,win,,,,False,True,
7fda7ac5cf3eeb8710615d923f4443053be594e92c7b36df6f040c431e65060a,ncaa,spreads,,Home,14.5,loss,-2.5,401858473,-2.5,loss,,,,False,True,
7dc77e310bef3f540db673c58282d71c27f6ec3cf1e58798e8ac47d7353c6020,ncaa,totals,,Under,53.5,loss,70.0,401858247,70.0,loss,,,,False,True,
d98837f33869e784fa9bbb0c818220f77f785788ff3d2a52d0f0bd277468fdb8,ncaa,spreads,,Home,24.0,loss,-8.0,401858477,-8.0,loss,,,,False,True,
0178d3b2684fed3814b6b8716d5c83f18a6d5db1807a4a0671d0f01ed6802a4d,ncaa,totals,,Over,59.5,win,79.0,401856707,79.0,win,,,,False,True,
354e905b2688806993bd2eba47307db2dac058a671ec353bc852dc1ad913e424,ncaa,totals,,Over,46.5,win,60.0,401869842,60.0,win,,,,False,True,
de93f1f0f93dc3d2c3722b12a7a1f187add4bbc90329e7d189430b95f7a3157b,ncaa,spreads,,Home,-2.0,win,30.0,401869956,30.0,win,,,,False,True,
9367900cf7257c80ec1a3ba27fb23a2e57762f0fb4bbda60580a5224eb98a821,ncaa,totals,,Over,47.5,loss,43.0,401869932,43.0,loss,,,,False,True,
13215713616c8f2c2c632c7dfac91b6c89002fc8a6b52fbc5c6b332a8fece10e,ncaa,spreads,,Home,-3.0,refund,0.0,401856822,0.0,refund,,,,False,True,
18e65d1b8915885cbc69072cc1b6914eb082ac6f62e013bc731ec80e0a978ddc,ncaa,totals,,Under,54.5,loss,55.0,401869942,55.0,loss,,,,False,True,
5d48c6ca723928c31bb654843207d58cc0f6289b156fb628e56fdca8f5373787,ncaa,h2h,,Away,0.0,win,-4.0,401864513,-4.0,win,,,,False,True,
b8b3e57188a3f9b2edca64fe60d49550841019843358b52a2a023ef0ec57d14d,nfl,player_receiving_yards,Jahmyr Gibbs (DET),Over,19.5,win,31.0,2026_04_DET_CAR,31.0,win,31.0,win,,False,True,True
c9554ccae7a803af6f30cfe72da69737520b0e84b0797b70f4d26ec920a521b5,nfl,player_rushing_yards,Omarion Hampton (LAC),Over,29.5,win,45.0,2026_04_LAC_SEA,45.0,win,45.0,win,,False,True,True
f57186101dac3a1be72f9fb1c1cc064081d2d3839224e45317fb65a00f591448,nfl,player_receiving_yards,Jaylen Warren,Over,9.5,win,33.0,2026_04_PIT_CLE,33.0,win,33.0,win,,False,True,True
7cc01399db542667d226402d76dbf06de0a931f1c58b26de7b4f7946fc36d6c5,nfl,player_rushing_yards,Dak Prescott (DAL),Over,4.5,win,7.0,2026_04_DAL_HOU,7.0,win,7.0,win,,False,True,True
43b08f795cb2484c55e70cf93625375d4ab527f2ba67b4a5a1710d8dc75d4112,nfl,player_receiving_yards,Roman Wilson,Over,9.5,win,74.0,2026_04_PIT_CLE,74.0,win,74.0,win,,False,True,True
caef565170001e71ee2783cf66dbbf66a002c614208a0ecd3234efd57a2aa783,nfl,player_receptions,Bucky Irving,Over,1.5,loss,0.0,2026_04_GB_TB,0.0,loss,0.0,loss,,False,True,True
d58a0ddc81da3de2e3ebf7221724323b5652d5e66f26a074a22ef9e2c06c8050,nfl,player_receptions,Dalton Schultz,Over,3.5,loss,2.0,2026_04_DAL_HOU,2.0,loss,2.0,loss,,False,True,True
121540add36fd56358c8334f317c5240aa4ec08f73276598da7779e6eda2b464,nfl,atd,Derrick Henry,Yes,0.5,win,1.0,2026_04_TEN_BAL,1.0,win,1.0,win,0.0,False,True,True
fa005024e1b3d3d6b6994695d857d0d854e05fcea7e07147cebf3fdb5ef4a176,nfl,player_receptions,Emeka Egbuka,Over,2.5,loss,2.0,2026_04_GB_TB,2.0,loss,2.0,loss,,False,True,True
7bd5dbd1691a98e4788cfab36f4157b0f34f83c10f9de7598d4be6a3f86687fb,nfl,player_receptions,Daniel Bellinger,Under,1.5,win,1.0,2026_04_TEN_BAL,1.0,win,1.0,win,,False,True,True
0b4c8a5243e033cd36ee39028a6d992bcc01b2abb4305c8d906845ac3a4f6c5f,nfl,player_receptions,Cade Otton,Over,2.5,win,4.0,2026_04_GB_TB,4.0,win,4.0,win,,False,True,True
00934afdceb0ad981f2d0b9695e4dc554c66ea75d4307e00dc4d57935e5cde63,nfl,player_receptions,Dalton Schultz,Over,4.5,loss,2.0,2026_04_DAL_HOU,2.0,loss,2.0,loss,,False,True,True
407f9ee0542f6b3ff814a69e18ac427e9234ec96795c9a9b549eb49982322eef,nfl,totals,,Over,49.5,win,58.0,2026_04_DET_CAR,58.0,win,58.0,win,,False,True,True
d6e6c300827bd78d340492e69560779fd7d916b91ffabd47eb8d0287944b1fe0,nfl,atd,Kenneth Walker III,Yes,0.5,win,2.0,2026_04_KC_LV,2.0,win,1.0,win,0.0,False,True,True
f256e38c21636f65cd350a73f1cf8cfbb5dc6092922b81e19c733b679e75927d,nfl,player_receptions,Michael Pittman,Under,3.5,win,2.0,2026_04_PIT_CLE,2.0,win,2.0,win,,False,True,True
89fc019f8ff222c6cba8fc9a04ed0c530f4a1697bb5fd662d2a24946c8f7bcae,nfl,player_passing_yards,Joe Burrow,Under,260.5,loss,428.0,2026_04_JAX_CIN,428.0,loss,428.0,loss,,False,True,True
b457698fc7c5c634f9784c3aaf5e5f21cf6d5ec4f99a2f462e3bfc81d840f0ea,nfl,player_receiving_yards,Bijan Robinson,Under,39.5,win,2.0,2026_04_ATL_NO,2.0,win,2.0,win,,False,True,True
4489113a8ff8204a23529c7cece9e67e107100d5c68fc67e59c71140d763de5b,nfl,player_rushing_yards,Aaron Jones,Under,70.5,loss,94.0,2026_04_MIA_MIN,94.0,loss,94.0,loss,,False,True,True
5297fe9cad5796c8123b1dc3062a5a0eea398c26d5d895fff9e27aba0a641571,nfl,player_passing_yards,Bryce Young,Over,246.5,win,329.0,2026_04_DET_CAR,329.0,win,329.0,win,,False,True,True
8ea18e642072ffc523ed0d970c780db3bced40f9baea43236524e060aa762775,nfl,player_receiving_yards,Tre' Harris,Over,30.5,win,60.0,2026_04_LAC_SEA,60.0,win,60.0,win,,False,True,True
d0181107fdfbda34a8d633e8a3de1e0d5248a5c8f1f3531235e2575d06d153f7,nfl,player_receptions,Devaughn Vele,Over,3.5,win,6.0,2026_04_ATL_NO,6.0,win,6.0,win,,False,True,True
37f10036e766f639664c61e69bb82f1ac830553442b1b09ca9bdb54cba49f9fe,nfl,player_receiving_yards,Bijan Robinson,Under,38.5,win,2.0,2026_04_ATL_NO,2.0,win,2.0,win,,False,True,True
28d536b3150de24d95e586ac9e9b41ea3cc2c95046c800e1daa897a750fc8267,nfl,player_rushing_yards,Alvin Kamara,Under,38.5,win,23.0,2026_04_ATL_NO,23.0,win,23.0,win,,False,True,True
34a9701253b4d3720689a9d2e709f03ee374aacbca159e07a69ab5fb53d9b347,nfl,spreads,,Home,2.5,win,14.5,2026_04_ARI_NYG,14.5,win,14.5,win,,False,True,True
60bf2a745a08281de8ac321cf49ac039fb874c72f98ba877f621119ba34db7c9,nfl,player_rushing_yards,RJ Harvey,Under,16.5,loss,25.0,2026_04_DEN_SF,25.0,loss,25.0,loss,,False,True,True
6856a4df57427a8fd1c11373c81432683d87607894be39f69e1659ed8073d95a,nfl,player_passing_yards,Bryce Young,Over,248.5,win,329.0,2026_04_DET_CAR,329.0,win,329.0,win,,False,True,True
d1ece599164741706c243e6b3b0b0e4c6ba09e394dd9bfe2dd29b12236af0c1d,nfl,player_receiving_yards,Mark Andrews,Under,39.5,win,27.0,2026_04_TEN_BAL,27.0,win,27.0,win,,False,True,True
c66289686809dc499b87fa78fa989aa30110a304f9ba0724e347567e91d0c62e,nfl,player_receptions,Ryan Flournoy,Under,3.5,loss,4.0,2026_04_DAL_HOU,4.0,loss,4.0,loss,,False,True,True
fc914a19768b301e9be45c708fc2ca726346beaaef1908fd4f78bada6dcdc901,nfl,player_passing_yards,Dak Prescott,Under,266.5,loss,335.0,2026_04_DAL_HOU,335.0,loss,335.0,loss,,False,True,True
4432f094f9b9cd0e52a1289f95c083035c70032166a9d7e86454cba178802612,nfl,player_receiving_yards,Josh Downs,Under,60.5,win,16.0,2026_04_IND_WAS,16.0,win,16.0,win,,False,True,True
97491b832411fbe7fbcebafc0410356cb4bb49f37669a281fc0c610c1f9af0cc,nfl,player_receiving_yards,Derrick Henry,Over,7.5,loss,6.0,2026_04_TEN_BAL,6.0,loss,6.0,loss,,False,True,True
e9cc19ab801c8cfc5e364e241da2f5ed16ddbe3957f9530ae3fdbda8586b8f44,nfl,player_receptions,Mark Andrews,Under,4.5,loss,5.0,2026_04_TEN_BAL,5.0,loss,5.0,loss,,False,True,True
517bc5259ec9cf26d4da064bbc9f4351ad04623e541a360700dce3a40bb2f02e,nfl,player_receiving_yards,Drew Sample,Under,9.5,win,0.0,2026_04_JAX_CIN,0.0,win,,,,True,True,
2d3a8f92b8bd22cb24bd07c6234c2c0d89ea7307e0fb29d4357ec7debc137c7d,nfl,player_passing_yards,Bo Nix,Under,221.5,win,214.0,2026_04_DEN_SF,214.0,win,214.0,win,,False,True,True
bb71b629da8a92b2feb8937ac18f716d0656d600180dca1d6241a7f96dddddc5,nfl,player_passing_yards,Tyler Shough,Over,254.5,win,286.0,2026_04_ATL_NO,286.0,win,286.0,win,,False,True,True
570644deec521ad93d6293a990a631cec4c9645afca2211f33e4e33f7c87ca43,nfl,player_receiving_yards,Devaughn Vele,Over,44.5,win,54.0,2026_04_ATL_NO,54.0,win,54.0,win,,False,True,True
61cafe92375636a0777c504b402a223fd152b226cc3707e4f22a316920feed84,nfl,player_passing_yards,Brock Purdy,Over,234.5,loss,218.0,2026_04_DEN_SF,218.0,loss,218.0,loss,,False,True,True
e94e76350a33393d24214659732c8dcb5fb736aff0d00710c8f603642f343198,nfl,player_receptions,Zay Flowers,Under,5.5,loss,8.0,2026_04_TEN_BAL,8.0,loss,8.0,loss,,False,True,True
0e85cecde7bca2df838d56c1b424ebe049e33d197c474e07dbf149b08c77cdfb,nfl,player_rushing_yards,Joe Burrow,Over,6.5,loss,6.0,2026_04_JAX_CIN,6.0,loss,6.0,loss,,False,True,True
168fdf632c1643f1d96866ecd691d67532e462eb5eafb038588a4750301824d2,nfl,player_receiving_yards,Ladd McConkey,Over,45.5,loss,0.0,2026_04_LAC_SEA,0.0,loss,0.0,loss,,False,True,True
516da33d1569dd6489fa9a6daadcf613e83b7d06fb18123860c8a3be5efd3faa,nfl,player_rushing_yards,Tony Pollard,Over,47.5,win,48.0,2026_04_TEN_BAL,48.0,win,48.0,win,,False,True,True
0e332d2b673425e3ce8d0b69af29da3ecd9db4c8d757a2ed0e7f3592d26fccb4,nfl,player_receiving_yards,Tucker Kraft,Under,39.5,loss,42.0,2026_04_GB_TB,42.0,loss,42.0,loss,,False,True,True
996aceadbecef1b8bc45659ced078e4c662dba591838edef49fccdf484241b4e,nfl,player_passing_yards,Jacoby Brissett,Under,242.5,win,166.0,2026_04_ARI_NYG,166.0,win,166.0,win,,False,True,True
3a7e1f5379191aff9260d49f6f9757654ba3ce22570d1becde37e58dfbe530a0,nfl,player_receptions,Jahan Dotson,Under,1.5,loss,2.0,2026_04_ATL_NO,2.0,loss,2.0,loss,,False,True,True
1716164e5a9859a7f70eb1382be2cade1837596f836a6e24fb82ea97beff379d,nfl,player_passing_tds,Bo Nix,Under,1.5,win,1.0,2026_04_DEN_SF,1.0,win,1.0,win,,False,True,True
712b928c5c62d4e7c763b6ef7115bb58ebfd1aa344c6660230015bb7f86330b3,nfl,player_rushing_yards,Jaylen Warren,Under,71.5,loss,93.0,2026_04_PIT_CLE,93.0,loss,93.0,loss,,False,True,True
2f035204d79344a67e9396cb3bbac84cfa4733e77aaf583390fea38c4d20e881,nfl,player_rushing_yards,Javonte Williams,Under,60.5,loss,62.0,2026_04_DAL_HOU,62.0,loss,62.0,loss,,False,True,True
19a81e71cb88b35eac4ac2f9ef097656605e869f175d9549f6dbe8a4630c0135,nfl,player_receptions,Trey McBride,Over,7.5,loss,7.0,2026_04_ARI_NYG,7.0,loss,7.0,loss,,False,True,True
c98749688fa54f39470ffac3f758d432eee89c627e9862564f4acb0f1c780fb1,nfl,player_rushing_yards,Kendre Miller,Over,20.5,loss,9.0,2026_04_ATL_NO,9.0,loss,9.0,loss,,False,True,True
d79507c8900e65373622098f8990a011ea39e91d61382b8c2e6157bb87f0e8c2,nfl,player_receptions,Austin Hooper,Under,1.5,win,1.0,2026_04_ATL_NO,1.0,win,1.0,win,,False,True,True
926fb59ad43cb7138ef60fed2b27cb19446fd3741826e671046dec6ee64bc65e,nfl,player_passing_yards,Kirk Cousins,Under,225.5,loss,365.0,2026_04_KC_LV,365.0,loss,365.0,loss,,False,True,True
ae139533c7d5418285c5ab4619f29a7406c841b3caed7ddd77bc4e6b495e7b73,nfl,player_receptions,Nico Collins,Under,5.5,loss,7.0,2026_04_DAL_HOU,7.0,loss,7.0,loss,,False,True,True
6b9d775d330074a8a936f4a24d3748a8310c6098a5419de2dc4ef78830e3934e,nfl,player_receiving_yards,Amon-Ra St. Brown,Under,77.5,win,75.0,2026_04_DET_CAR,75.0,win,75.0,win,,False,True,True
a3214dfa4de01dbaa0e5e0b1ebdb347d06ade311d097856ae544192b941aee0e,nfl,player_receiving_yards,Tucker Kraft,Under,38.5,loss,42.0,2026_04_GB_TB,42.0,loss,42.0,loss,,False,True,True
a1103894048ee55a45cd6504f37e7b98e258472d041d28b1e2b2e82b324c3ddd,nfl,player_receiving_yards,Elic Ayomanor,Over,17.5,win,22.0,2026_04_TEN_BAL,22.0,win,22.0,win,,False,True,True
8e018570b0e76ed35e6ec4265b47938c36b3106fb082776ed5b6ad9199f333c7,nfl,player_receiving_yards,Chris Godwin,Over,29.5,win,31.0,2026_04_GB_TB,31.0,win,31.0,win,,False,True,True
7d968334ccaed41d8bbd30faee87112064236c56505ba7ad87f5d0731d85b188,nfl,player_receiving_yards,Wan'Dale Robinson,Under,38.5,win,19.0,2026_04_TEN_BAL,19.0,win,19.0,win,,False,True,True
3f5a89fc3fc4f087bb2cf31f46ab5aeb49786ca3fc90d7cf4460c846b55a1260,nfl,player_rushing_yards,James Cook,Over,88.5,loss,75.0,2026_04_NE_BUF,75.0,loss,75.0,loss,,False,True,True
7f3a44de0c226ae31dea270ae9e74ebede4cb3473c432214b59c08045df5256e,nfl,player_rushing_yards,Bijan Robinson,Over,86.5,win,145.0,2026_04_ATL_NO,145.0,win,145.0,win,,False,True,True
34dffe5891cd34ba4495fd4544e0b177c73633214806b7ef32ea91ef3dc6605c,nfl,atd,Javonte Williams,Yes,0.5,win,3.0,2026_04_DAL_HOU,3.0,win,1.0,win,0.0,False,True,True
ddb5ca7c31a04afb23cc5dee4f47b8b7641369e765d6c4b735310ee38ac9a49d,nfl,player_rushing_yards,Cam Ward,Under,9.5,loss,27.0,2026_04_TEN_BAL,27.0,loss,27.0,loss,,False,True,True
e81bba7fca631a3c2266f2e90eddf1ba7914d1f66fc496194d0aa343320d4e19,nfl,player_receiving_yards,Amon-Ra St. Brown,Under,75.5,win,75.0,2026_04_DET_CAR,75.0,win,75.0,win,,False,True,True
6148cf36b642655a9ce12e035ae401a8bc7e8028db47da7d30d16e5e4c5ac35b,nfl,player_receiving_yards,Michael Wilson,Under,59.5,loss,95.0,2026_04_ARI_NYG,95.0,loss,95.0,loss,,False,True,True
4b6aaff9247eed44b016950ab36c2cf324a4f4181128509f98d7d3dcbceac039,nfl,player_rushing_yards,Bijan Robinson,Over,87.5,win,145.0,2026_04_ATL_NO,145.0,win,145.0,win,,False,True,True
ef8dcd13e134b3af47e0cb13cd14ed1c387897da6aa22e8379935e1ffaf58e9e,nfl,player_receiving_yards,CeeDee Lamb,Over,76.5,win,189.0,2026_04_DAL_HOU,189.0,win,189.0,win,,False,True,True
b94bb2b9e8a027e567a2adba82b247f0a4616d626f9e725728a71e77a1f5168e,nfl,player_receiving_yards,Michael Pittman,Under,35.5,win,15.0,2026_04_PIT_CLE,15.0,win,15.0,win,,False,True,True
ca11df25c37ed9b44b14fd3af868844911c7da501477636a4cc18e1b181d0e6e,nfl,player_receiving_yards,Christian Watson,Over,67.5,loss,47.0,2026_04_GB_TB,47.0,loss,47.0,loss,,False,True,True
2483f73f0ec9ae9f4cd1fb6bd08ae68213e780d4805ee054ddd3b0ffed359982,nfl,player_receiving_yards,Jake Ferguson,Under,23.5,win,11.0,2026_04_DAL_HOU,11.0,win,11.0,win,,False,True,True
b515ff7bd2e2f195abab0c841c098250108a524136768cc800fc6d1297f4edc9,nfl,player_receptions,Drake London,Under,5.5,win,5.0,2026_04_ATL_NO,5.0,win,5.0,win,,False,True,True
f9fc035678474521cb4043aa43846e6fe067c60ab3caab508e93b2becb69b5ce,nfl,player_rushing_yards,Jaylen Warren,Under,67.5,loss,93.0,2026_04_PIT_CLE,93.0,loss,93.0,loss,,False,True,True
6241e610c440876a4e289ceacb93520f39a5d3e7b6b79e59556163eb40be6fa0,nfl,player_receptions,Emeka Egbuka,Over,3.5,loss,2.0,2026_04_GB_TB,2.0,loss,2.0,loss,,False,True,True
108891d264998a5c9c36d7fb43bb25e0a587e44868a3ca5ad8456d9818d0724f,nfl,player_receiving_yards,Davante Adams,Over,72.5,loss,32.0,2026_04_LA_PHI,32.0,loss,32.0,loss,,False,True,True
1930ec179f0d9c73bdb786a03ec681d68d3b0f3ef68b251a5eaddb2930e3bfb1,nfl,player_rushing_yards,Jahmyr Gibbs,Under,94.5,win,46.0,2026_04_DET_CAR,46.0,win,46.0,win,,False,True,True
b6d421e22f10dc363d52a5fb1e93aab5725a26f322bc8c290470247e5e0444dd,nfl,player_rushing_yards,Josh Allen,Under,30.5,win,4.0,2026_04_NE_BUF,4.0,win,4.0,win,,False,True,True
15a09a5ff81f3c412a0dda3d9c4bc3d5bf037f7d4a8b927132664575eb11bb5a,nfl,player_rushing_yards,Rhamondre Stevenson,Over,32.5,win,47.0,2026_04_NE_BUF,47.0,win,47.0,win,,False,True,True
7d5d7319978a7ac0e5ef530a53d0a81ad5cee7d0ea08093dc79057d4f559b29e,nfl,player_receiving_yards,Michael Pittman Jr.,Under,34.5,win,15.0,2026_04_PIT_CLE,15.0,win,15.0,win,,False,True,True
8474cd8a3de599bedc016b26b2f78b831ba8569afc1efa981b50908475eb4c9c,nfl,player_receiving_yards,Emeka Egbuka,Over,35.5,loss,13.0,2026_04_GB_TB,13.0,loss,13.0,loss,,False,True,True
dfa3d8b5bd8712c26bd1d5a90850f6fe69dae0ee4b166a912a64a964258b9f26,nfl,player_rushing_yards,Kenneth Walker (KC),Over,89.5,win,177.0,2026_04_KC_LV,177.0,win,177.0,win,,False,True,True
ea5f26b08e3e00f0c512fea777455c7ebfcd992c7558e611eea09137514030da,nfl,player_receiving_yards,Mike Gesicki,Over,28.5,win,40.0,2026_04_JAX_CIN,40.0,win,40.0,win,,False,True,True
ef8939db5fd26e5ed79e10169685d01e7ca919c3d5d6ef7e2a088623bc9d1374,nfl,player_rushing_yards,Bucky Irving,Under,60.5,loss,61.0,2026_04_GB_TB,61.0,loss,61.0,loss,,False,True,True
1e77e0d39ab3d1b8bc0f53d83c428ce07fd33bcd2ab82a09384b656dc02b584f,nfl,player_passing_yards,Patrick Mahomes,Over,240.5,loss,225.0,2026_04_KC_LV,225.0,loss,225.0,loss,,False,True,True
a13ae489338c1a7315afe0b01e8e0294155ba17ac448a05997508dbd440c16ee,nfl,player_receiving_yards,Bucky Irving,Over,12.5,loss,0.0,2026_04_GB_TB,0.0,loss,0.0,loss,,False,True,True
199156ab122416802dce9d90042d53423fc2d3553d02b5cf72b20a6503cbddc0,nfl,player_receptions,Dalton Kincaid,Under,4.5,win,1.0,2026_04_NE_BUF,1.0,win,1.0,win,,False,True,True
307413033d1ba2b061e350b960e5119eb86a90df07e18f38a9f7c2778961c531,nfl,player_receptions,Bijan Robinson,Under,4.5,win,1.0,2026_04_ATL_NO,1.0,win,1.0,win,,False,True,True
a3318219e13e134366d43d0ff490fc970df45f0c3771f649d7a670533f678228,nfl,spreads,,Home,4.0,win,1.0,2026_04_KC_LV,1.0,win,1.0,win,,False,True,True
77f61c674fdc60627cb9b9366821ea3160595123a239922fd4c4c0e752c84fcb,nfl,player_receptions,D.J. Moore,Under,3.5,win,1.0,2026_04_NE_BUF,1.0,win,1.0,win,,False,True,True
ed581750bb0e18ff7a465426e6c1d0eabe48d809a522b51a0c23f417bdf0ccc6,nfl,player_receptions,Javonte Williams,Over,2.5,win,5.0,2026_04_DAL_HOU,5.0,win,5.0,win,,False,True,True
b312a20646c166607ccd6811245d060da134d21d00ddcea1ba4147a8ebe8d7cb,nfl,player_passing_yards,Justin Herbert,Over,199.5,loss,189.0,2026_04_LAC_SEA,189.0,loss,189.0,loss,,False,True,True
4cc1f6e6da73861afe3c3333e24c319b9022a9e92e63a864b242f2d239393bb6,nfl,player_receiving_yards,Emeka Egbuka,Over,36.5,loss,13.0,2026_04_GB_TB,13.0,loss,13.0,loss,,False,True,True
93d27fb614c26d3becae313eaeb2a6b5fbd80b10a318ee0b1fefb84f8768cac7,nfl,player_passing_yards,Deshaun Watson,Under,185.5,loss,268.0,2026_04_PIT_CLE,268.0,loss,268.0,loss,,False,True,True
84f2ef8a4ab22cb03070f18935d3a4a2cae80d5fce16e4f665ba3021f6fb3f67,nfl,player_receiving_yards,Rashod Bateman,Under,34.5,loss,46.0,2026_04_TEN_BAL,46.0,loss,46.0,loss,,False,True,True
3d67338511cb890f389db8c79d0aca1eda232170806424b4e34dab1bc0bd08a3,nfl,player_receiving_yards,Drake London,Under,75.5,loss,96.0,2026_04_ATL_NO,96.0,loss,96.0,loss,,False,True,True
562ca7056919a5561145cc31f9590a117633d105422d788d8571a4b7db7226c9,nfl,player_receptions,Josh Downs,Under,4.5,win,3.0,2026_04_IND_WAS,3.0,win,3.0,win,,False,True,True
f38301f7449af173850fe2b9f748b16d9bf04b6b7a4468421062990995509111,nfl,player_receptions,George Kittle,Under,4.5,win,4.0,2026_04_DEN_SF,4.0,win,4.0,win,,False,True,True
856f3843d18a57c9e02f7b77f23f7d498c7f369919d4791e3b68c1735f8df070,nfl,player_receptions,James Cook,Under,1.5,loss,2.0,2026_04_NE_BUF,2.0,loss,2.0,loss,,False,True,True
70b78dde815344d456cd7c37486812fd1f26b3017f123b667f659e4590ed0e9a,nfl,player_rushing_yards,Lamar Jackson,Over,33.5,loss,20.0,2026_04_TEN_BAL,20.0,loss,20.0,loss,,False,True,True
afe9e652d55c8009b31a0cb4e094478b97e86e6921d118c3cb287a182cd02679,nfl,player_rushing_yards,Tyjae Spears,Under,15.5,win,7.0,2026_04_TEN_BAL,7.0,win,7.0,win,,False,True,True
199edc2230b55d6944647b65ed32c74a147196168d38a36136806e7d91af2cfa,nfl,player_receiving_yards,Cooper Kupp (SEA),Over,29.5,loss,13.0,2026_04_LAC_SEA,13.0,loss,13.0,loss,,False,True,True
3017d81e7f2fbcb0d3bb22c713937f3b6bd6d421d1de817d5856e737bb1e7dcc,nfl,player_passing_yards,Matthew Stafford,Over,252.5,win,317.0,2026_04_LA_PHI,317.0,win,317.0,win,,False,True,True
982b4704782dd88ef1405ee6d151240d850d656efd356f36b2202b219eec0b67,nfl,player_receiving_yards,Omarion Hampton,Under,5.5,loss,8.0,2026_04_LAC_SEA,8.0,loss,8.0,loss,,False,True,True
abe0d5baa765164f688fd16b08793d5ed9c60f2d7e3bb29b836283b7c097f430,nfl,player_rushing_yards,TreVeyon Henderson,Over,41.5,win,42.0,2026_04_NE_BUF,42.0,win,42.0,win,,False,True,True
7a7992624888b0341b80b8e1a02bb68eb52700360539e6c4fe284364f69e03d6,nfl,player_receiving_yards,Bucky Irving,Over,13.5,loss,0.0,2026_04_GB_TB,0.0,loss,0.0,loss,,False,True,True
84f0342a5f1831ab813e891eea483e516f332e6abe092caf73f7f3fae7b9367f,nfl,totals,,Under,48.0,loss,69.0,2026_04_ATL_NO,69.0,loss,69.0,loss,,False,True,True
47a336c3b9a49a43f9486307c6fb10cdd7de5cf60a239ab93eba15a140d759a2,nfl,player_receptions,Rashod Bateman,Under,2.5,win,2.0,2026_04_TEN_BAL,2.0,win,2.0,win,,False,True,True
9ea807eb032b796af9c4a88e5cd1090f92c0b50768149d95dea9e99ecdaca49e,nfl,player_receptions,Cooper Kupp,Over,2.5,loss,1.0,2026_04_LAC_SEA,1.0,loss,1.0,loss,,False,True,True
e72255b7c1140a9ba55c0307d83daa1f250bb61440d58a969da7de9722c9441a,nfl,player_receptions,Gunnar Helm,Under,2.5,win,1.0,2026_04_TEN_BAL,1.0,win,1.0,win,,False,True,True
9f40fc9a26bdcad3e85cabbc811f573491776e31b7fec527850a44220b2766ab,nfl,player_receptions,Alvin Kamara,Over,3.5,win,5.0,2026_04_ATL_NO,5.0,win,5.0,win,,False,True,True
5f0c3e834cb2d8a66cd414d3d91d7e23ae8789c0f71a87e678f1ab9021cf5dd5,nfl,player_receptions,Ladd McConkey,Under,3.5,win,0.0,2026_04_LAC_SEA,0.0,win,0.0,win,,False,True,True
a0e633f759b3297f8b2855f5c69d60e443ab9172b6c2a426baee0c73025d4e71,nfl,atd,Zay Flowers,Yes,0.5,win,1.0,2026_04_TEN_BAL,1.0,win,1.0,win,0.0,False,True,True
2e8565b99981fd2dca451d83986955aa062a9fce16299a308c76d93e53dd1014,nfl,atd,Tyler Shough,Yes,0.5,loss,0.0,2026_04_ATL_NO,0.0,loss,0.0,loss,0.0,False,True,True
16c52cad4e938a169421d515ef5c4abb671fd1d742c564ae638bdb189fb36e07,nfl,atd,DK Metcalf,Yes,0.5,loss,0.0,2026_04_PIT_CLE,0.0,loss,0.0,loss,0.0,False,True,True
95a632cf98a525421261708cf81f4074504d3deb6fc9987d711d2084b24fec45,nfl,atd,Dontayvion Wicks,Yes,0.5,loss,0.0,2026_04_LA_PHI,0.0,loss,0.0,loss,0.0,False,True,True
3f607c7a460e3ac98ebacd68d670749138f47a9976c861210eeb68a8a1aa6b72,nfl,atd,Brian Robinson,Yes,0.5,win,3.0,2026_04_ATL_NO,3.0,win,1.0,win,0.0,False,True,True
75c83a852f29c0fa4f2392d48a3cec1c0befaa978bcd66220c89f38ced892ce5,nfl,atd,Cooper Kupp,Yes,0.5,loss,0.0,2026_04_LAC_SEA,0.0,loss,0.0,loss,0.0,False,True,True
c62190f00c26afd48aac484731a52d154263fed1b136893f60335fea4cb95fd0,nfl,atd,Tre Tucker,Yes,0.5,loss,0.0,2026_04_KC_LV,0.0,loss,0.0,loss,0.0,False,True,True
6e803e617ea118200ebdddf96899d3dc0e74e0371c0d056b3654bd46c6f68768,nfl,player_receiving_yards,Cade Otton,Over,49.5,loss,37.0,2026_04_GB_TB,37.0,loss,37.0,loss,,False,True,True
20e10f9c1b9f32a8455bea84b0a7a4d9f24eb78357c0f0c6e69539b5b0d4e260,ncaa,totals,,Under,54.5,loss,55.0,401860898,55.0,loss,,,,False,True,
575804d516c264d9e2c5478faab3b6528b2f3cc03d64b2e3e6202c9a7b21b229,ncaa,spreads,,Away,2.0,loss,4.0,401869842,4.0,loss,,,,False,True,
3a1a06fbce6964f05e65e3a43e6b46f1eccefacdf8295873629036d537cc4abf,ncaa,totals,,Over,51.0,win,52.0,401869956,52.0,win,,,,False,True,
997b1d568b55e16cd02492f446d0594108234323d11fe8eadc61d9d52faee398,ncaa,totals,,Over,50.0,loss,41.0,401856711,41.0,loss,,,,False,True,
41ec1a4d5512a2b9c0a4df013a5222ff8d657fc46079e8bc6dfe916aed89a0d2,ncaa,spreads,,Home,13.5,win,10.5,401866432,10.5,win,,,,False,True,
72bbd19140cdf4e312204fab4fc3552fbaa241124ab5307799d43a5cc47a046d,ncaa,totals,,Under,49.0,win,27.0,401856818,27.0,win,,,,False,True,
e913a38e550e3774a2781b2c511141b1580bb9e5b7f82c081d890f99858cd95e,ncaa,totals,,Under,47.5,loss,63.0,401858250,63.0,loss,,,,False,True,
3aa66c039347b0c46b1dc19770f23b5e804ddb65da3179961ea95d8b2bfd9286,ncaa,spreads,,Away,-1.5,win,-2.5,401862786,-2.5,win,,,,False,True,
57f43772c41566f477f84b4e684d55fac64952da0b67e9ea079afd777b5e36e1,ncaa,totals,,Under,62.0,loss,82.0,401860899,82.0,loss,,,,False,True,
dcf9bf2f72746625b63020b5af673f3728057dfb47c78e105a9ee7d33415ff70,ncaa,spreads,,Home,-2.5,win,5.5,401858247,5.5,win,,,,False,True,
db71d3fc8e0a04b0ee67aeacf76cf5a8641217f17e1d28f7276a7f63b407ae36,ncaa,totals,,Over,62.0,loss,41.0,401858472,41.0,loss,,,,False,True,
7880c54a81c7bc3a47723ab442dbb0557c72bef43ef45db779f8b4a957525934,ncaa,totals,,Over,47.0,loss,43.0,401869932,43.0,loss,,,,False,True,
30f6e1b69e1241f6e8826caa6d42ce580194ec63829df3039bf058b4ea04a8e9,ncaa,totals,,Under,57.0,loss,89.0,401862786,89.0,loss,,,,False,True,
7b6920d8de9b41e38de217cf1046aca5ac044a9796d6f069ee4406b71a75a578,ncaa,spreads,,Home,-6.5,loss,-10.5,401862792,-10.5,loss,,,,False,True,
2b6358199eeca11c3190cad4507b9c664feefa95c3c7de3dc27fa4b9c56fbf33,ncaa,totals,,Over,48.0,loss,30.0,401862792,30.0,loss,,,,False,True,
23e425b5942d923f3359dcdd35fb850be9a31d3e47d705ea5944ea6254453278,nfl,player_rushing_yards,Quinshon Judkins,Under,79.5,win,53.0,2026_04_PIT_CLE,53.0,win,53.0,win,,False,True,True
2e8ca97c35dcffdca82ca9b4e26bd7a526bd83cbab91ded11bb60a6dfeda2223,nfl,player_receiving_yards,DeMario Douglas,Under,49.5,win,15.0,2026_04_NE_BUF,15.0,win,15.0,win,,False,True,True
c6dece42ee9940516900a20983d23446a828fa404671d4e4bc9c84162eb38a3d,nfl,player_receiving_yards,George Pickens,Under,89.5,win,75.0,2026_04_DAL_HOU,75.0,win,75.0,win,,False,True,True
6f12585afd5eb66b332576b896541d6f708ee73464e3350b13da5ec46a0c658a,nfl,player_receiving_yards,Chase Brown,Under,24.5,loss,71.0,2026_04_JAX_CIN,71.0,loss,71.0,loss,,False,True,True
ce53abdf52b133c7dab79a51bba8089a8530ecf68155dee9b9126ec3746cd336,nfl,player_receptions,Jacory Croskey-Merritt,Under,1.5,loss,2.0,2026_04_IND_WAS,2.0,loss,2.0,loss,,False,True,True
26e2a9ccf79186050a356c3b7e0aa09c60d159b384066e4d63013d9db8e35b50,nfl,player_receiving_yards,Hunter Henry,Under,39.5,loss,62.0,2026_04_NE_BUF,62.0,loss,62.0,loss,,False,True,True
6db4a4869e3a3beac3eb3aeb9d03836b38b386828d2e98e2457d68dd06f48384,nfl,player_receptions,Jalen Nailor,Under,2.5,win,0.0,2026_04_KC_LV,0.0,win,,,,True,True,
999292382d58cb8f5bd9ae244cc5c9a36b5d49d592cbf4a8334af13180fbb4d0,nfl,player_receptions,Drake London,Under,6.5,win,5.0,2026_04_ATL_NO,5.0,win,5.0,win,,False,True,True
d6d510de3e08b738fd5d9f1a54217ebcc14b5297bd810ebc4e0189ec08d76a01,nfl,player_receptions,Chris Olave,Over,6.5,win,8.0,2026_04_ATL_NO,8.0,win,8.0,win,,False,True,True
d9404876291cd22a3e717e60cebbdac3e07c17e80cfcfca65c7a3e3b2922bbd5,nfl,player_rushing_yards,C.J. Stroud,Over,10.5,win,12.0,2026_04_DAL_HOU,12.0,win,12.0,win,,False,True,True
dd1f38825dc2468bb9017e81bb9ce7e8c51904b835a8a37ceac382c4a83c532b,nfl,player_receptions,D'Andre Swift,Over,1.5,win,2.0,2026_04_NYJ_CHI,2.0,win,2.0,win,,False,True,True
a723081601528bee40c340b59cd378e229f80b09702eebf979dc331d48f5df9a,nfl,player_receptions,Calvin Ridley,Under,1.5,win,1.0,2026_04_TEN_BAL,1.0,win,1.0,win,,False,True,True
49a6dcd759c84723d21e119ae9c81225f9f24030780ab6afe8410e04bccdea8f,nfl,player_receptions,Wan'Dale Robinson,Over,3.5,loss,3.0,2026_04_TEN_BAL,3.0,loss,3.0,loss,,False,True,True
1bce04bc118e0003a2d1636a774997c865f6e6a10320fbad3c58cdfd69b6112e,nfl,spreads,,Away,-3.5,win,-7.5,2026_04_DAL_HOU,-7.5,win,-7.5,win,,False,True,True
68e6b45bcb375694b31201b6531653e4995dd0433dbbefbca2474669962d9f05,nfl,player_receiving_yards,Michael Mayer,Over,21.5,win,82.0,2026_04_KC_LV,82.0,win,82.0,win,,False,True,True
f32be5d6526697a58c4af85064091c7bb9b86243391cad3a7b553e0bf29e65dc,nfl,player_passing_yards,Drake Maye,Under,223.5,loss,269.0,2026_04_NE_BUF,269.0,loss,269.0,loss,,False,True,True
27aeec3d63bb0395ca670c37deb507caf50894bdc362086d6b0b853bce09ad19,nfl,player_passing_yards,Lamar Jackson,Under,225.5,win,222.0,2026_04_TEN_BAL,222.0,win,222.0,win,,False,True,True
256fabcf5c32561aade0662ccef97e84b27f94f5543973d3ea2f26411025a1a6,nfl,player_receiving_yards,Ashton Jeanty,Over,21.5,win,68.0,2026_04_KC_LV,68.0,win,68.0,win,,False,True,True
1dfbcac01f6819948c2b1bc8a49e1a309a0e2e7fe45a687dc0738cb498eb9505,nfl,player_rushing_yards,Kyle Monangai,Over,38.5,win,146.0,2026_04_NYJ_CHI,146.0,win,146.0,win,,False,True,True
a6cff79f3928a462a60b2eea46e2a8e59120fc4c00c3b96384973942495fef1b,nfl,player_receptions,Kenneth Walker,Over,2.5,loss,1.0,2026_04_KC_LV,1.0,loss,1.0,loss,,False,True,True
62288fd48d4f591484e62c2664018132ed63dfb5d72c050e6f3b795da364b8ed,nfl,player_passing_yards,Daniel Jones,Under,222.5,win,143.0,2026_04_IND_WAS,143.0,win,143.0,win,,False,True,True
2db1dc143b7c5256f2dc4586e023a890815631702c73437663a37d3455ddb910,nfl,player_receiving_yards,Darnell Mooney,Over,23.5,loss,0.0,2026_04_ARI_NYG,0.0,loss,0.0,loss,,False,True,True
f6014217bd0bf76a161897719bd7515bf46728c3be0e9c653a0f8abb796d396d,nfl,player_receiving_yards,Xavier Hutchinson,Over,30.5,win,46.0,2026_04_DAL_HOU,46.0,win,46.0,win,,False,True,True
626b00b1a8a9754a0775db54559cd88255dcae92377a37ac0aecb8a07dbe47f6,nfl,player_rushing_yards,Tony Pollard,Under,45.5,loss,48.0,2026_04_TEN_BAL,48.0,loss,48.0,loss,,False,True,True
872775f914aca23e487d95bb0c4a6828dffb7c89f5e83411f2e20b42cc82fc41,nfl,player_receiving_yards,George Kittle,Under,63.5,loss,70.0,2026_04_DEN_SF,70.0,loss,70.0,loss,,False,True,True
68a88727e039ce41630fb492767506cb117d9ba4ff1fb02eb0ecee1f63155224,nfl,player_receiving_yards,Jalen Nailor,Under,19.5,win,0.0,2026_04_KC_LV,0.0,win,,,,True,True,
eaf8ad8d7ecbe615c732ca20386f973942951a483bf449dd2431779b474165ef,nfl,player_receiving_yards,Isaiah Likely,Under,39.5,loss,66.0,2026_04_ARI_NYG,66.0,loss,66.0,loss,,False,True,True
1f094941291facbaa820e09a4a7eda44e07e39cc8d0bc014bdb2fb0cc2d8e4cc,nfl,player_receiving_yards,Tucker Kraft,Under,40.5,loss,42.0,2026_04_GB_TB,42.0,loss,42.0,loss,,False,True,True
c0a6b5fc3a701acd38ca933f299bcd1befce0b960c5325f4f7c4a7e5af9cc184,nfl,player_rushing_yards,Jaylen Warren,Under,73.5,loss,93.0,2026_04_PIT_CLE,93.0,loss,93.0,loss,,False,True,True
340e6ab312607a3d3c31ca339dd3138bb0b08008f9706cce8f7d76ca3fc6d4ba,nfl,player_rushing_yards,Kyle Monangai,Over,39.5,win,146.0,2026_04_NYJ_CHI,146.0,win,146.0,win,,False,True,True
c9574589e74d481969c2e56f3c1084558a31beccf795978baee8c532b0ba8398,nfl,player_receptions,Isaiah Likely,Over,3.5,win,7.0,2026_04_ARI_NYG,7.0,win,7.0,win,,False,True,True
02804a46452a1d23376504a9d5e3c5b96a3f5578d6795b274c48eb898c5a6018,nfl,player_receiving_yards,Malik Washington,Over,36.5,win,67.0,2026_04_MIA_MIN,67.0,win,67.0,win,,False,True,True
e6d4a7b75eef56e3be491a22f0fa3385ac123c1743015f9041ad03991136c50b,nfl,player_rushing_yards,Cam Skattebo,Under,62.5,win,58.0,2026_04_ARI_NYG,58.0,win,58.0,win,,False,True,True
34f332a9d3e18aa124b901aa51d9bec70270338b46cef019615b0965838f11c6,nfl,player_passing_yards,Bryce Young,Over,249.5,win,329.0,2026_04_DET_CAR,329.0,win,329.0,win,,False,True,True
56b208fd3e5f068c42a61fd9cce8193b4583b05c632f78b1b91bea0a5557a756,nfl,player_receiving_yards,Derrick Henry,Over,7.5,loss,6.0,2026_04_TEN_BAL,6.0,loss,6.0,loss,,False,True,True
4c7a01164bed4a004ae204092b276aaef67136346c949c29c49eaa3609769308,nfl,player_receiving_yards,Samaje Perine,Over,9.5,loss,0.0,2026_04_JAX_CIN,0.0,loss,0.0,loss,,False,True,True
aba22e3e7d6cbf575f791b4b74789113e3a05f2b1c90312a9e81db1d3da08ac7,nfl,player_passing_yards,Tyler Shough,Over,253.5,win,286.0,2026_04_ATL_NO,286.0,win,286.0,win,,False,True,True
508db3769f7e094ba2977d7f7a98eaa7096f66707f693edff21e55c418263560,nfl,player_passing_tds,Dak Prescott,Over,1.5,loss,1.0,2026_04_DAL_HOU,1.0,loss,1.0,loss,,False,True,True
5bfd13bd9328fe899f31aa284206c7c6d4cfadd1e028c93f1080675866770a82,nfl,player_receiving_yards,Bijan Robinson,Under,37.5,win,2.0,2026_04_ATL_NO,2.0,win,2.0,win,,False,True,True
75bae9a4b1962576b92e282b67ef3a07ac1ab61cb739a48e5bbb0a3eb49a9938,nfl,player_rushing_yards,Drake Maye,Under,27.5,loss,54.0,2026_04_NE_BUF,54.0,loss,54.0,loss,,False,True,True
6e27d22530364bf2bbfa18d674354ec1931eb4b4d42b016fe9a01fae25e1876e,nfl,player_receptions,Mark Andrews,Under,4.5,loss,5.0,2026_04_TEN_BAL,5.0,loss,5.0,loss,,False,True,True
512585f05c114aa8f1418de59d6119bcf8fc1c94b84ca20b98fc843b1c8d8df9,nfl,player_passing_yards,Lamar Jackson,Under,219.5,loss,222.0,2026_04_TEN_BAL,222.0,loss,222.0,loss,,False,True,True
274766575d386e496bda599cfddbda74b8bc0127badac012dc90ddb53cdb9b2d,nfl,player_rushing_yards,Trevor Lawrence,Under,13.5,win,0.0,2026_04_JAX_CIN,0.0,win,0.0,win,,False,True,True
8f05db42b448357eac6999f65be5dde62b0b551d7230e89c3cb868dea47ca876,nfl,player_receiving_yards,Matthew Golden,Over,56.5,loss,21.0,2026_04_GB_TB,21.0,loss,21.0,loss,,False,True,True
a9cf2d1a27d687043bb96214822312406c793d767e05724ac20de7e10caee59a,nfl,player_rushing_yards,Patrick Mahomes,Under,15.5,win,0.0,2026_04_KC_LV,0.0,win,0.0,win,,False,True,True
dc7bd4b5e16996c57eda9b386f4829706a480f0dd5cffb7520a5278b1d5c2a32,nfl,player_receiving_yards,Drew Sample,Under,6.5,win,0.0,2026_04_JAX_CIN,0.0,win,,,,True,True,
0ba8599aa09ee6c71d8d4e7daa8dba3c17b791e8ff31f0dd1401ef911a8bfd00,nfl,player_rushing_yards,Aaron Jones,Under,67.5,loss,94.0,2026_04_MIA_MIN,94.0,loss,94.0,loss,,False,True,True
23899b214eb2c65474c5d1513ab491209a02c555c826ed1f551b69cbc6beefd9,nfl,player_rushing_yards,Aaron Rodgers,Over,1.5,loss,0.0,2026_04_PIT_CLE,0.0,loss,0.0,loss,,False,True,True
b9dd14aea1deb177446c89123cc0f1da2cadfa9d0e87884cdc6f911240d1cf93,nfl,player_receiving_yards,Chris Godwin,Under,27.5,loss,31.0,2026_04_GB_TB,31.0,loss,31.0,loss,,False,True,True
4904d7b217de045ebdcc6c4b1a02c4634a56ef482111fd1db32e43b13e1dc814,nfl,player_receiving_yards,Christian McCaffrey,Under,37.5,win,18.0,2026_04_DEN_SF,18.0,win,18.0,win,,False,True,True
fa8c0c62f472351d4219fe316b3a542efc4245faf0a3873a2004830e4955288c,nfl,player_rushing_yards,Bijan Robinson,Over,85.5,win,145.0,2026_04_ATL_NO,145.0,win,145.0,win,,False,True,True
a5bc7dfa71194cfdac4b7537a3fc2596c309cef024db1ac8ce7b0393f30805e1,nfl,player_rushing_yards,Kenneth Walker,Over,85.5,win,177.0,2026_04_KC_LV,177.0,win,177.0,win,,False,True,True
e96bb21189f3148fd421b362330310f7c175b58a819d9146c0571da0d1b736dd,nfl,player_receiving_yards,Christian Watson,Over,65.5,loss,47.0,2026_04_GB_TB,47.0,loss,47.0,loss,,False,True,True
7a7903b72132b533b44b18e213c2e9cc6366fa6a155faecfd521a3b88ddc452d,nfl,player_rushing_yards,Javonte Williams,Under,59.5,loss,62.0,2026_04_DAL_HOU,62.0,loss,62.0,loss,,False,True,True
f31234dd9c96935571693c29090406c9a05ca4876f9c460c170fd3c10c4765d8,nfl,player_receptions,CeeDee Lamb,Over,5.5,win,17.0,2026_04_DAL_HOU,17.0,win,17.0,win,,False,True,True
1bdada2641ecf172dac949ab4101e994343202b3baf61bea172eb39d61eb58f5,nfl,player_receiving_yards,Devaughn Vele,Over,45.5,win,54.0,2026_04_ATL_NO,54.0,win,54.0,win,,False,True,True
610d44a37bb70c1988c47a95aba9b0e9e6d87b07ef90329eee5042df7151dc7d,nfl,player_receiving_yards,Matthew Golden,Over,57.5,loss,21.0,2026_04_GB_TB,21.0,loss,21.0,loss,,False,True,True
746b05c4327c14f1ca701e40d55fee5bd0b02794391ee1bd66b0939afd603d4b,nfl,player_rushing_yards,Aaron Jones,Under,66.5,loss,94.0,2026_04_MIA_MIN,94.0,loss,94.0,loss,,False,True,True
fa8ef3c2f7c538dbdf5ae5707374811a064ec29ee2cb757d69966a6affc32b60,nfl,player_rushing_yards,Jahmyr Gibbs,Under,97.5,win,46.0,2026_04_DET_CAR,46.0,win,46.0,win,,False,True,True
70930e11cc1fcb6b6cfd866843fff6521baf1f287478797a4a1c46b7f5b34d07,nfl,player_receiving_yards,Wan'Dale Robinson,Under,38.5,win,19.0,2026_04_TEN_BAL,19.0,win,19.0,win,,False,True,True
e9bc86fd4a9763a9f2b859b61baf1bc177657158c4503f2b420ba79edad0cf29,nfl,player_rushing_yards,Kenneth Walker III,Over,86.5,win,177.0,2026_04_KC_LV,177.0,win,177.0,win,,False,True,True
927fd6e61e82cdbf45bbe478cbf93f13a416c83ca47c4be03023832438a05d0e,nfl,player_receiving_yards,Jameson Williams,Under,51.5,loss,102.0,2026_04_DET_CAR,102.0,loss,102.0,loss,,False,True,True
6a1d7eca1118a1baeb4d8665097bd63964ed81dc53718cbea979ff6b6651dc94,nfl,player_receiving_yards,Ladd McConkey,Under,45.5,win,0.0,2026_04_LAC_SEA,0.0,win,0.0,win,,False,True,True
abed3d45c5cbc61ee574398d5206b14bfdb575ff1cbccda32f216eb88e126270,nfl,player_rushing_yards,Lamar Jackson,Under,33.5,win,20.0,2026_04_TEN_BAL,20.0,win,20.0,win,,False,True,True
1b85cdb37e4c25bf8e9aa151a9f02fb9a18502428db632105bc0f78e0ab96183,nfl,player_receiving_yards,Mark Andrews,Under,37.5,win,27.0,2026_04_TEN_BAL,27.0,win,27.0,win,,False,True,True
500b2a0a869697c2d15c71bedbe8d4166c4f73cc0c98466c7bf3ed1426a97622,nfl,player_rushing_yards,D'Andre Swift,Over,66.5,loss,58.0,2026_04_NYJ_CHI,58.0,loss,58.0,loss,,False,True,True
51243121e1933d82f57389269d128cd11fa778c7dc97b59626b4b8f0506dd923,nfl,atd,D'Andre Swift,Yes,0.5,loss,0.0,2026_04_NYJ_CHI,0.0,loss,0.0,loss,0.0,False,True,True
07ae2e0ceecdb6cac919a4185d064a9fabeac34e9836128f0477b8210cbdaf94,nfl,player_rushing_yards,Kendre Miller,Over,21.5,loss,9.0,2026_04_ATL_NO,9.0,loss,9.0,loss,,False,True,True
a99945f2a11b1cafb62a91387fe4e456679da0409e08b858376a6d812e373196,nfl,player_receiving_yards,Christian Watson,Over,67.5,loss,47.0,2026_04_GB_TB,47.0,loss,47.0,loss,,False,True,True
c0001346a8c5087ea1a9ff1b0be4ae381cc170413643258544673960596ac25d,nfl,player_passing_yards,Patrick Mahomes,Over,236.5,loss,225.0,2026_04_KC_LV,225.0,loss,225.0,loss,,False,True,True
137de08eb8bf88c5cc5f125937ae3fa3296e75a52004fbc3aa22f09cd2bcaed8,nfl,player_receiving_yards,Isaac TeSlaa,Over,19.5,win,95.0,2026_04_DET_CAR,95.0,win,95.0,win,,False,True,True
9560aec31f661a5d8db4aa120458f7c73e26a7f68901138d2f36bc9011050a6c,nfl,player_receiving_yards,Jameson Williams,Under,50.5,loss,102.0,2026_04_DET_CAR,102.0,loss,102.0,loss,,False,True,True
1efc8af985ccaa35e3ca05acdb9acb88fb274f2a8b8afc94e9ca352210bde277,nfl,player_receiving_yards,Tre' Harris,Over,33.5,win,60.0,2026_04_LAC_SEA,60.0,win,60.0,win,,False,True,True
468dd4e6a7bf675aee0c63e934fc50ee3ea22be2bfcb211cb3171f3db032fb0d,nfl,player_receiving_yards,Tre Tucker,Over,38.5,win,44.0,2026_04_KC_LV,44.0,win,44.0,win,,False,True,True
354f7949656e17cfb154972c453db39dd545c6c9bede3b6bf1070762fdcbdeeb,nfl,player_receiving_yards,Marvin Harrison,Under,34.5,win,12.0,2026_04_ARI_NYG,12.0,win,12.0,win,,False,True,True
d3284b95b26fcf9504835c399518f0f12d3c29f1a1aef8df79e8d66064b9754b,nfl,player_rushing_yards,Chris Rodriguez,Over,20.5,win,35.0,2026_04_JAX_CIN,35.0,win,35.0,win,,False,True,True
42b9038822e89d5c7e05b4295d8e37cd544940d7eefe5d3bb01f0258d01a4340,nfl,player_receptions,Drake London,Under,5.5,win,5.0,2026_04_ATL_NO,5.0,win,5.0,win,,False,True,True
606af4a1412938bf959ab304eac5ae4451c921f8e7c3c0c79431eab072ecf885,nfl,player_receiving_yards,Cam Skattebo,Over,16.5,loss,8.0,2026_04_ARI_NYG,8.0,loss,8.0,loss,,False,True,True
ccd4c94a60c45d6bc559660592ea3edee0f19c70acab263d2dd6ce40d27333fd,nfl,player_rushing_yards,D'Andre Swift,Over,67.5,loss,58.0,2026_04_NYJ_CHI,58.0,loss,58.0,loss,,False,True,True
70bf6c71304ccc81d472c7eed8820d37c601293af7b34854d290215b3ad5ef31,nfl,player_passing_yards,Justin Herbert,Over,197.5,loss,189.0,2026_04_LAC_SEA,189.0,loss,189.0,loss,,False,True,True
2655c147f2c062cefa4a623e158b443665a2c6dcdcaeb08e2dd20366e8b969b1,nfl,player_rushing_yards,Kirk Cousins,Over,0.5,loss,0.0,2026_04_KC_LV,0.0,loss,0.0,loss,,False,True,True
f49ed2f198096961eac7fcb912042e2fc03d49242df37fa2e2a3155d813730e9,nfl,player_receptions,Bhayshul Tuten,Under,1.5,loss,2.0,2026_04_JAX_CIN,2.0,loss,2.0,loss,,False,True,True
83ebb3d835cdf36c0e7ec3b29540b2815f54db77ad1ef44d0960123d8b1f5fcb,nfl,player_receiving_yards,Drake London,Under,79.5,loss,96.0,2026_04_ATL_NO,96.0,loss,96.0,loss,,False,True,True
83cd368aac01b635f52fd7c4b9ab5738c619f3221350705145711e05e67609be,nfl,player_passing_yards,Jacoby Brissett,Under,229.5,win,166.0,2026_04_ARI_NYG,166.0,win,166.0,win,,False,True,True
c8307de8f751dba4872873a4c0b259df8fd405ce143062c5d5f5b3bfa4cf57c9,nfl,player_receiving_yards,Darnell Washington (PIT),Over,19.5,win,27.0,2026_04_PIT_CLE,27.0,win,27.0,win,,False,True,True
450721ed0de1fc4adf3db8bc877839c909e99b97bc550abca43ccabcd61cf862,nfl,player_receiving_yards,Michael Wilson,Under,57.5,loss,95.0,2026_04_ARI_NYG,95.0,loss,95.0,loss,,False,True,True
80c95ce16889cac54100685e400d69eaca50398168b1557a9244ad1fcbe9d082,nfl,player_passing_yards,Geno Smith,Over,225.5,loss,119.0,2026_04_NYJ_CHI,119.0,loss,119.0,loss,,False,True,True
98ee7f5d1f6317f89d4d008a79ee1c0f841b94e4378a023582727a4479788625,nfl,player_rushing_yards,TreVeyon Henderson,Over,39.5,win,42.0,2026_04_NE_BUF,42.0,win,42.0,win,,False,True,True
190a7f1e128926526eba1d5855a24320aad6d78811f460496c49ac1b7fbdc4e6,nfl,player_receiving_yards,Drake London,Under,78.5,loss,96.0,2026_04_ATL_NO,96.0,loss,96.0,loss,,False,True,True
9f33120f823fdd4f0a7387f9981874801a7a907bc146e0e0e6fb221a86b9bb58,nfl,player_receptions,Michael Wilson,Over,5.5,win,7.0,2026_04_ARI_NYG,7.0,win,7.0,win,,False,True,True
8e467ab0793c59d3ff18a2b184c87a3f71f0b02634389d8581a24a2146483135,nfl,player_receiving_yards,Davante Adams,Over,74.5,loss,32.0,2026_04_LA_PHI,32.0,loss,32.0,loss,,False,True,True
2536a62841fdc0efe0744a454cff7ce47a14607d7ed7c53d6b1152884c398126,nfl,player_rushing_yards,Lamar Jackson,Under,32.5,win,20.0,2026_04_TEN_BAL,20.0,win,20.0,win,,False,True,True
9e4f7030b1541a9da09689b4ba10e075341ccd20e05be6930b38d5a7b63a85e2,nfl,player_receiving_yards,Dalton Schultz,Over,42.5,loss,9.0,2026_04_DAL_HOU,9.0,loss,9.0,loss,,False,True,True
8e2ba1ffc8435a8c6717ef318f4dd075a0d23a8f960ffbab993358fbee04d392,nfl,player_receptions,Bijan Robinson,Under,4.5,win,1.0,2026_04_ATL_NO,1.0,win,1.0,win,,False,True,True
eaefaccb4052c1cc2cb7bb41da7aeeb226a61b2cba8b02ba52d482c3bee9cc72,nfl,player_receptions,Chris Godwin,Under,2.5,loss,6.0,2026_04_GB_TB,6.0,loss,6.0,loss,,False,True,True
1257b0d3036836cb4d340d76c475ee0bc8ecc6ab6309f23f48e1f53406068682,nfl,player_passing_yards,Deshaun Watson,Under,186.5,loss,268.0,2026_04_PIT_CLE,268.0,loss,268.0,loss,,False,True,True
ca07328d437c8f5ed9d271af34691546468ba90e50a10c8ad80bf138a626f371,nfl,player_receiving_yards,Garrett Wilson,Under,77.5,win,27.0,2026_04_NYJ_CHI,27.0,win,27.0,win,,False,True,True
7ed55d89b70ca0756a06aead78904c97ffe20245b4ca75a6446f9dec49b0e973,nfl,player_rushing_yards,Joe Burrow,Over,8.5,loss,6.0,2026_04_JAX_CIN,6.0,loss,6.0,loss,,False,True,True
bd1dd64a6de0ff8da340835419f211a9dbf69d37703672b9494778b17e0c5233,nfl,player_passing_yards,Geno Smith,Over,227.5,loss,119.0,2026_04_NYJ_CHI,119.0,loss,119.0,loss,,False,True,True
91b416003a7eb3f4f7a4230cafeea4124832a49bfb047738005fc62bad584191,nfl,player_receiving_yards,Romeo Doubs,Over,40.5,win,58.0,2026_04_NE_BUF,58.0,win,58.0,win,,False,True,True
f735454b8eb50310111ea91df479819f60de86f8a1fea91ee2311f59bf469c22,nfl,player_receiving_yards,Kendrick Bourne,Over,20.5,loss,0.0,2026_04_ARI_NYG,0.0,loss,,,,True,True,
73ab5bf60c7635a5a4ebd76c1f06c22ab0ae5d0de25ccac1b3e0ba2caa8656bb,nfl,player_receiving_yards,Cam Skattebo,Over,17.5,loss,8.0,2026_04_ARI_NYG,8.0,loss,8.0,loss,,False,True,True
ced3120aeb52b175b1e6337f1596a2ef5a1de07289252807f2ef6bf8e9611583,nfl,totals,,Under,48.5,win,38.0,2026_04_DEN_SF,38.0,win,38.0,win,,False,True,True
785a6cc76e81cc3f9ce530a5204659da2ba4fdb630c3a64ddf9a85c181726232,nfl,player_receiving_yards,Emeka Egbuka,Over,36.5,loss,13.0,2026_04_GB_TB,13.0,loss,13.0,loss,,False,True,True
d47e10d1e2fc2901c4361ae30cb5e7cb04081cd96111ed28df5f8743b93faa5a,nfl,player_receiving_yards,Bhayshul Tuten,Over,10.5,win,18.0,2026_04_JAX_CIN,18.0,win,18.0,win,,False,True,True
f7e34b7843f82674bd886ad628743db5b772cf1efa8d2e38a928bbb5ee244487,nfl,player_receiving_yards,Michael Wilson,Under,55.5,loss,95.0,2026_04_ARI_NYG,95.0,loss,95.0,loss,,False,True,True
ba811fcf4d021084bdd5e1c384e9ec64ad6ea81d3884f1420fa28b22ed14d9db,nfl,player_rushing_yards,Samaje Perine,Under,12.5,win,7.0,2026_04_JAX_CIN,7.0,win,7.0,win,,False,True,True
de8427e19593a8d63fcbc44aa6fae3468f5860d65263abf0b9c8dfd1e99bc989,nfl,player_receptions,Cam Skattebo,Under,2.5,win,1.0,2026_04_ARI_NYG,1.0,win,1.0,win,,False,True,True
66adbd5d6070b032d56505bd50771d2c4b5396dda12f99bdebd11b555dd29366,nfl,player_rushing_yards,Ashton Jeanty,Over,56.5,win,58.0,2026_04_KC_LV,58.0,win,58.0,win,,False,True,True
617881bc864125020a3454f8e27660f0a86e02739869865286a2cc322cd7ea3b,nfl,player_receiving_yards,Kayshon Boutte,Over,23.5,win,36.0,2026_04_DAL_HOU,36.0,win,36.0,win,,False,True,True
549e619b9275974048d075768e3adcebedf06d16809d370ba882085e530c800c,nfl,player_passing_yards,Josh Allen,Over,239.5,win,253.0,2026_04_NE_BUF,253.0,win,253.0,win,,False,True,True
59af4f6f6026cec7397b17ffa882e7372dd55784aef0d6d72cd2dd53710ba51a,nfl,player_receiving_yards,Rashod Bateman,Under,33.5,loss,46.0,2026_04_TEN_BAL,46.0,loss,46.0,loss,,False,True,True
1afa4752e044fd722d8eaa9950a0664f0709aa55074e6479e280cb5040890aae,nfl,player_passing_yards,Jalen Hurts,Under,200.5,win,93.0,2026_04_LA_PHI,93.0,win,93.0,win,,False,True,True
f72e819d855ae516fdab38e7b701ba63df08e893dc168ad6cff3f0af075a2d3e,nfl,player_receiving_yards,Michael Pittman Jr.,Under,32.5,win,15.0,2026_04_PIT_CLE,15.0,win,15.0,win,,False,True,True
a22fbd6aea2fd18c6b06eeab22844c8fa0d9a037708ab451315f821ab0446b51,nfl,player_receiving_yards,Luther Burden III,Over,46.5,win,63.0,2026_04_NYJ_CHI,63.0,win,63.0,win,,False,True,True
8a6a3a6536d8e4db47376e053452367c5ef8ecfb27ed90fe047b33916fa25f17,nfl,totals,,Under,43.0,loss,53.0,2026_04_LAC_SEA,53.0,loss,53.0,loss,,False,True,True
4b5cac1ea860577d11f968f75f8a25ad602a7d021ab46b008fffb5ad6791dcdf,nfl,player_receiving_yards,Dalton Schultz,Over,44.5,loss,9.0,2026_04_DAL_HOU,9.0,loss,9.0,loss,,False,True,True
690b9ee1bbd8cae5ad68d21880e3da240e4fa9d194f852570c69338671b035cc,nfl,player_receiving_yards,Elic Ayomanor,Over,20.5,win,22.0,2026_04_TEN_BAL,22.0,win,22.0,win,,False,True,True
d6a385a3a4749b00642c35703bc1c593d531cd11f5cf7f2e2f9752e8d15f9cda,nfl,player_receptions,Elic Ayomanor,Under,1.5,win,1.0,2026_04_TEN_BAL,1.0,win,1.0,win,,False,True,True
721a88c73c570a9b35856d1e48a7a0589c88d307b517740472638d45fa5bc4de,nfl,player_receptions,Jahmyr Gibbs,Over,5.5,loss,4.0,2026_04_DET_CAR,4.0,loss,4.0,loss,,False,True,True
4062169282a0da62662beff672702c5c928028b557d08ea011db8ea04f57a3fe,nfl,player_receiving_yards,Harold Fannin Jr.,Under,40.5,win,27.0,2026_04_PIT_CLE,27.0,win,27.0,win,,False,True,True
910db8c8c488c8d29399906f77d4a6a98fe9a58c36ab30643e1ee16acd71f51f,nfl,player_receptions,Rome Odunze,Over,2.5,win,6.0,2026_04_NYJ_CHI,6.0,win,6.0,win,,False,True,True
9b90f43316727be80f970e984551d18f99a11c4dfe511f47a1f9928a1a0a0c36,nfl,player_receptions,Luther Burden,Over,4.5,loss,4.0,2026_04_NYJ_CHI,4.0,loss,4.0,loss,,False,True,True
6c460c8fc4013cb07bf9cf69f71540b5843f83fa41e4422bc59b285cc295aa67,nfl,player_passing_tds,Josh Allen,Under,1.5,win,1.0,2026_04_NE_BUF,1.0,win,1.0,win,,False,True,True
066850b793cd2990aec42ecbdaf7a7f0e4d2520b893e2d96546b19cd51201cdc,nfl,player_receptions,Tyquan Thornton,Over,1.5,win,5.0,2026_04_KC_LV,5.0,win,5.0,win,,False,True,True
eca6439ed8cc24b4c0bd7f52f7b528b95258add6c0e22732c2abf6a6146b6d08,nfl,player_receptions,Mike Gesicki,Under,2.5,loss,3.0,2026_04_JAX_CIN,3.0,loss,3.0,loss,,False,True,True
671ed446ebb34a764b08c14659534f603018569fa8432892994c5a1b39dd6e7f,nfl,player_receptions,Skyy Moore,Under,1.5,win,1.0,2026_04_GB_TB,1.0,win,1.0,win,,False,True,True
519fa5c8535cc3151ce219341c38c3796797717750b9426a2f42e9927b5e6e34,nfl,player_receptions,Jalen Nailor,Under,1.5,win,0.0,2026_04_KC_LV,0.0,win,,,,True,True,
4e3ea00c6e717010cc22bbb006dcc8c44c5128244a8f86b2ed611d701021d090,nfl,player_receptions,Malik Washington,Under,3.5,loss,5.0,2026_04_MIA_MIN,5.0,loss,5.0,loss,,False,True,True
ae741e1d70aee859af83c1d36b3cc0a1feddf5758feddf559c0548ec549184f3,nfl,player_receptions,Travis Kelce,Over,4.5,loss,2.0,2026_04_KC_LV,2.0,loss,2.0,loss,,False,True,True
ea1e4f208d9f171570091c07e578c1fb180409895cd2c77c376dc34b96442266,nfl,atd,Garrett Wilson,Yes,0.5,loss,0.0,2026_04_NYJ_CHI,0.0,loss,0.0,loss,0.0,False,True,True
e85bdc3bf27aca74ec5cd946b838b52e9ec3855c2f06de634ee532be37ae3e0b,nfl,player_receptions,Devaughn Vele,Over,4.5,win,6.0,2026_04_ATL_NO,6.0,win,6.0,win,,False,True,True
c92f6d713b5d2ef397866c0dacb9ff5d75d73bdf83da120c1c4b33de8224b908,nfl,player_receptions,Tre Tucker,Over,3.5,win,4.0,2026_04_KC_LV,4.0,win,4.0,win,,False,True,True
24e78a24455fea7bfe9f71a028f4253b28dfea55edc2cd1b8a0fc112428d9cc8,nfl,player_receptions,D'Andre Swift,Over,2.5,loss,2.0,2026_04_NYJ_CHI,2.0,loss,2.0,loss,,False,True,True
34f88b6f261c2ae8fb1936308b5a1111160b79193c3c480274eb32b6d2e0cd46,nfl,player_receptions,Stefon Diggs,Over,4.5,win,5.0,2026_04_IND_WAS,5.0,win,5.0,win,,False,True,True
d92deba04a697948344d959edf3f4d227f5688a270387f0369d5b4f68d872630,nfl,atd,Travis Kelce,Yes,0.5,loss,0.0,2026_04_KC_LV,0.0,loss,0.0,loss,0.0,False,True,True
230c1614a20ead46b0f98c34523e7d67564a6384a8ee664c3ec34c586f200af0,nfl,player_receiving_yards,Jakobi Meyers,Under,29.5,loss,33.0,2026_04_JAX_CIN,33.0,loss,33.0,loss,,False,True,True
bc02e34465bd3b3dce942a28d23acc64e9091ae3e2cf83e136c7ee8bbf9d7e62,nfl,player_receiving_yards,Roman Wilson,Over,39.5,win,74.0,2026_04_PIT_CLE,74.0,win,74.0,win,,False,True,True
3cf7bbe05905e01924dae8f204bee13a5a6a593baaea09ef31b770da37454531,nfl,atd,Tyler Higbee,Yes,0.5,loss,0.0,2026_04_LA_PHI,0.0,loss,0.0,loss,0.0,False,True,True
913ac455cd600b006f379d8796130b24e982f73fa410d299c4308126754c2c68,nfl,atd,Ollie Gordon,Yes,0.5,win,1.0,2026_04_MIA_MIN,1.0,win,1.0,win,0.0,False,True,True
1226d15a4a5357f10554f1e65ccd009d3fd77628f1b59dfbf59b87db60ed6f44,nfl,atd,Oronde Gadsden,Yes,0.5,loss,0.0,2026_04_LAC_SEA,0.0,loss,0.0,loss,0.0,False,True,True
a4ebbefbf9565dffc14abf809b55fbb19a6110b300827d8ecd3070efc2c442f7,nfl,atd,Kalif Raymond,Yes,0.5,loss,0.0,2026_04_NYJ_CHI,0.0,loss,0.0,loss,0.0,False,True,True
ce398cca86de6d08f315209c6e6dee6f3ffa8ea3a4a7409de248c32c1bcd7986,nfl,atd,Emeka Egbuka,Yes,0.5,loss,0.0,2026_04_GB_TB,0.0,loss,0.0,loss,0.0,False,True,True
0a2254dd02376c9fd352bebfd361be62774fb8d3b9e512677d3c1436c5c42658,nfl,atd,Michael Mayer,Yes,0.5,loss,0.0,2026_04_KC_LV,0.0,loss,0.0,loss,0.0,False,True,True
edf89e1bdea16cc146a7b10befe233a542efd4cdaacbdb82c7adffc3c2d73d89,nfl,player_rushing_yards,Omarion Hampton (LAC),Over,99.5,loss,45.0,2026_04_LAC_SEA,45.0,loss,45.0,loss,,False,True,True
0e4b8ce19853c5ac48a188de8dc7e28d8477cde3bb2040595c1a1b3fd332d8de,nfl,atd,Kimani Vidal,Yes,0.5,win,1.0,2026_04_LAC_SEA,1.0,win,1.0,win,0.0,False,True,True
2674d1d90bf867676d93f05a11519172a6c4cfef5ef54a472081857b42afc3a3,ncaa,totals,,Over,55.0,win,62.0,401856708,62.0,win,,,,False,True,
ca2432fe23a36d1a52db63006af75cdaac16ea50e0ac7f33e2ceb035f2a65a46,ncaa,spreads,,Away,-19.5,loss,8.5,401869962,8.5,loss,,,,False,True,
8fba88d6ed14fb38bb25b77769a234f377eb781a9a4418a88dd1a3501753ecbe,ncaa,spreads,,Away,-7.0,loss,20.0,401856820,20.0,loss,,,,False,True,
b4e57fbac2670c12d8c6a05747dad38c6c59bcc74678476a0a1984909334db3a,ncaa,spreads,,Away,-13.5,loss,40.5,401858251,40.5,loss,,,,False,True,
abedc1c3ce16dfa12d3f249b9c9d1b1ce3ae475ebc5c8efbbb28b13cf5e818d0,ncaa,totals,,Under,56.0,loss,62.0,401869962,62.0,loss,,,,False,True,
457f02cf9bd0474d0133fb27fdd556fc601965fd8a58a8f12586bd75713c5948,ncaa,spreads,,Away,-13.5,win,-17.5,401866477,-17.5,win,,,,False,True,
779b3066eb86d95bcb59646e1bddd3d02d9a3ef34f0220f5bd03f7298c0c6d15,ncaa,spreads,,Home,-2.5,win,29.5,401869956,29.5,win,,,,False,True,
b320a74532da4a33eb5bec2f05f7a6c16e0b96a3279b359aa4840c7b258d9d2d,ncaa,spreads,,Home,5.0,win,7.0,401860900,7.0,win,,,,False,True,
3e02ac2343f5cfa167f0463999d1d0fae35a3633a650ad36079eda95418e8884,ncaa,totals,,Over,61.5,loss,41.0,401858472,41.0,loss,,,,False,True,
7fee1f48e3e13d21be0063c6dc52cec52d92140eadaa06e831e6dcfebc182f76,ncaa,spreads,,Away,12.0,win,-10.0,401856821,-10.0,win,,,,False,True,
87579a63f8ce0b215ecdf05df882dd260e827ddcaea74e9125ddef1510a2ec93,ncaa,totals,,Under,48.0,win,27.0,401856818,27.0,win,,,,False,True,
f61644371067308a599ca1c67deca1e1015547f2bce73e376b734f5ee5d5f686,ncaa,spreads,,Home,5.5,win,11.5,401858474,11.5,win,,,,False,True,
8572db74689cdf5482ecf2481a1bb155427443043295c519a90dec7ca44b33b3,ncaa,h2h,,Home,0.0,win,28.0,401856708,28.0,win,,,,False,True,
b8e0fad27b9ec93a692aede1e6f3eabfbdaf63c4543677769d1e2cb0004d8eda,nfl,player_rushing_yards,Josh Downs,Under,0.5,win,0.0,2026_04_IND_WAS,0.0,win,0.0,win,,False,True,True
e3f58024fc684452f97c1653ca396968cd97f4b3ccd4aeaa21054226ef5b8277,nfl,player_rushing_yards,Matthew Golden,Under,0.5,loss,6.0,2026_04_GB_TB,6.0,loss,6.0,loss,,False,True,True
4f01780e4a1928e03577f8ed77cf2d958dfc26c5b8e34272f9309fd974b50892,nfl,player_receiving_yards,Braelon Allen,Under,24.5,win,8.0,2026_04_NYJ_CHI,8.0,win,8.0,win,,False,True,True
20c73c6a0101881e1216db6c3eeecc02b3939eda95b935f06be6dcd4fc70aa5b,nfl,player_receiving_yards,Brenton Strange,Under,59.5,loss,95.0,2026_04_JAX_CIN,95.0,loss,95.0,loss,,False,True,True
b41f12ccb1f5c7260d4e0ab84475c78959913b544d4d17828d2976f5b59a9220,nfl,player_receiving_yards,Colston Loveland,Under,49.5,loss,57.0,2026_04_NYJ_CHI,57.0,loss,57.0,loss,,False,True,True
5c02c2bdd7be06922f8f058ed148b874a7afcdc73db44c49bafb3f3b62fc1b1d,nfl,player_receiving_yards,DJ Moore,Under,69.5,win,11.0,2026_04_NE_BUF,11.0,win,11.0,win,,False,True,True
a1f7a07a10a2927d8867815d0d37a9b8b626c7a0906b145ef6f675f55ec8259a,nfl,player_receptions,Braelon Allen,Under,2.5,win,2.0,2026_04_NYJ_CHI,2.0,win,2.0,win,,False,True,True
119234ac43a7b4bd5b40c0d34aa0326ee25a6938becc661c643218707ac0af31,nfl,player_passing_yards,Kyler Murray,Under,199.5,loss,247.0,2026_04_MIA_MIN,247.0,loss,247.0,loss,,False,True,True
d9085914afea910aceba7ce64d03513f85559ce527599f95023ff95339611ba2,nfl,player_receptions,Chris Brooks,Under,1.5,win,1.0,2026_04_GB_TB,1.0,win,1.0,win,,False,True,True
861bb49ee8cc4b4a0b03e5453fd91d7901df30f109f680cacd4d78a4d022e055,nfl,player_receptions,Kyle Juszczyk,Under,1.5,loss,2.0,2026_04_DEN_SF,2.0,loss,2.0,loss,,False,True,True
0aa2ecc2e65d093524b6fd75a2239b7c7647046ffb61fe2325f42ad5b7de1bb6,nfl,player_receptions,Khalil Shakir,Under,4.5,loss,7.0,2026_04_NE_BUF,7.0,loss,7.0,loss,,False,True,True
6da76324a19f78e3fc1b430a445199dea7c17221c2d2c0d9eb4f10e2b1e838e5,nfl,player_passing_tds,Jalen Hurts,Over,0.5,win,2.0,2026_04_LA_PHI,2.0,win,2.0,win,,False,True,True
cf9335f19bb27420614cde7751365f0b2e5121a84cd5587e925684d626f4e154,nfl,player_receptions,Ollie Gordon,Under,1.5,loss,2.0,2026_04_MIA_MIN,2.0,loss,2.0,loss,,False,True,True
5ac2c1a374a02b90bab298fdc47c059f3f6f05ff26b3a36c3cb95c72b6ae8d3f,nfl,player_receptions,Josh Palmer,Under,1.5,win,1.0,2026_04_NE_BUF,1.0,win,1.0,win,,False,True,True
95be744a2cb5ab2b4882ba9b6d194f5f3bb3b67784a71e3f391dd9fd159aaec6,nfl,player_receptions,Johnny Mundt,Under,1.5,win,0.0,2026_04_LA_PHI,0.0,win,0.0,win,,False,True,True
896614ccf33a908ae3a1f052088e15e6e68371ee56c47d584330c9b493b48d24,nfl,player_receptions,Jonnu Smith,Over,0.5,win,1.0,2026_04_GB_TB,1.0,win,1.0,win,,False,True,True
dc872af350c208bc8d20ede3dd479565c16a755608f2f567063d2c042f0875ff,nfl,player_receptions,Brenton Strange,Under,3.5,loss,7.0,2026_04_JAX_CIN,7.0,loss,7.0,loss,,False,True,True
8accb74d51fe44ae6a46cc39638a3f1700c8be2e71a319ef5f28163a13ca9275,nfl,player_receptions,Laquon Treadwell,Under,1.5,loss,5.0,2026_04_IND_WAS,5.0,loss,5.0,loss,,False,True,True
f79e8ae14d8d25461a5301e86bd895674398148029cf63b694e1ef922acc5021,nfl,player_receptions,Ja'Marr Chase,Under,7.5,win,3.0,2026_04_JAX_CIN,3.0,win,3.0,win,,False,True,True
5f6cbf4ac5f32f99abce0d90466d818cc8a8d0a79eada3ce4f2e222b327233be,nfl,player_receptions,Rashid Shaheed,Under,2.5,win,1.0,2026_04_LAC_SEA,1.0,win,1.0,win,,False,True,True
3dc017772d13d3f0ca06cdadc24d5a3e5790124e46057a5408f08a05238fbc1e,nfl,player_receiving_yards,Foster Moreau,Over,9.5,loss,1.0,2026_04_DAL_HOU,1.0,loss,1.0,loss,,False,True,True
dbdefb0b4af40a5dfab1ac22e42470acaf73bcfa4d8aaf2bfc2c6e070ef533ba,nfl,player_receiving_yards,Bo Melton,Under,0.5,win,0.0,2026_04_GB_TB,0.0,win,0.0,win,,False,True,True
1cb4d68867e3f1cc66a486da2702fd3c5a23e370694baf5cb3be983486db72a8,nfl,player_rushing_yards,Matthew Stafford,Under,1.5,loss,10.0,2026_04_LA_PHI,10.0,loss,10.0,loss,,False,True,True
43508b41d27a35532d7d9b4ec2beffb46d9f286f18849f077800c7ecd5d6ad2d,nfl,player_receiving_yards,Dyami Brown,Under,2.5,loss,65.0,2026_04_IND_WAS,65.0,loss,65.0,loss,,False,True,True
6b0a78cd21f8c1e3e63f93591cb6a28bd009c00e152b7b7d79225c5c9db61c00,nfl,player_receptions,Davante Adams,Over,4.5,loss,4.0,2026_04_LA_PHI,4.0,loss,4.0,loss,,False,True,True
6951aaea5288914385636a26867bae6cb6e1d6b94f7689875bc42367355ffee0,nfl,player_rushing_yards,Trevor Lawrence,Under,14.5,win,0.0,2026_04_JAX_CIN,0.0,win,0.0,win,,False,True,True
b95ca9d89e6d64ac9e4798fe3213bc3c95558dbdec031cb57a2a225df9e770a1,nfl,player_receiving_yards,Bijan Robinson,Under,39.5,win,2.0,2026_04_ATL_NO,2.0,win,2.0,win,,False,True,True
11e2cc3b10fefb9db9567d55b8afef0e4b207d0cf260daa18fb9e04d4b5c0a3a,nfl,player_receiving_yards,Isaiah Likely,Under,40.5,loss,66.0,2026_04_ARI_NYG,66.0,loss,66.0,loss,,False,True,True
50b23e0716893c2d44c2307e5bf68afe3a60afcfe3dc24fe10d780b3de93e209,nfl,player_rushing_yards,Kyle Monangai,Over,38.5,win,146.0,2026_04_NYJ_CHI,146.0,win,146.0,win,,False,True,True
672cc4eef3aa20e389ef8c49f2674ee41c39240cfbe4fd6b617369c12814dff2,nfl,player_receiving_yards,Tucker Kraft,Under,41.5,loss,42.0,2026_04_GB_TB,42.0,loss,42.0,loss,,False,True,True
c67157855cdf3ee6516f5b97420244b91ddfb7b0a3ee3c59b6729cac42bef554,nfl,player_passing_yards,Drake Maye,Under,222.5,loss,269.0,2026_04_NE_BUF,269.0,loss,269.0,loss,,False,True,True
2f2e5d0dab5556798c8deaefeca20bad3de35c326be7236c4b5747b08fcd9b97,nfl,player_rushing_yards,Cam Skattebo,Under,63.5,win,58.0,2026_04_ARI_NYG,58.0,win,58.0,win,,False,True,True
527350f118d6d7c7f9a1d1b5b53638830925507a83a3c02bd4f5852377172b47,nfl,player_receiving_yards,Tyler Higbee,Under,29.5,loss,67.0,2026_04_LA_PHI,67.0,loss,67.0,loss,,False,True,True
f3748f2f9be0f5b712b6d2b003a7b7eeca0445ba61e0a6cf0fd0b762df7c717b,nfl,player_rushing_yards,Kyren Williams,Over,60.5,win,80.0,2026_04_LA_PHI,80.0,win,80.0,win,,False,True,True
21847ba9e43b99b086d3b979e117953f06a468f4b369d1e1e731e6a4a9d09569,nfl,player_passing_yards,Bo Nix,Under,225.5,win,214.0,2026_04_DEN_SF,214.0,win,214.0,win,,False,True,True
ec8dda1719eb6d2ff282cfced328717fb8ddf7497a9e8e85dbe5d98edec2717a,nfl,player_passing_yards,Bryce Young,Over,247.5,win,329.0,2026_04_DET_CAR,329.0,win,329.0,win,,False,True,True
90c00a683000b2ec92be497dd2f0993526935e752f88c320e099ab6245d113a7,nfl,player_receptions,Devaughn Vele,Over,3.5,win,6.0,2026_04_ATL_NO,6.0,win,6.0,win,,False,True,True
e1c69d5d622cb59da1a721a75e31bbd53ebae110f55d19c2ccc6757248f1b57f,nfl,player_rushing_yards,Alvin Kamara,Under,38.5,win,23.0,2026_04_ATL_NO,23.0,win,23.0,win,,False,True,True
8d672659d786a9f9b3c99e5842f8460acbf5cb72093ec05fc12386a7bd655fa7,nfl,player_passing_yards,Cam Ward,Under,179.5,loss,222.0,2026_04_TEN_BAL,222.0,loss,222.0,loss,,False,True,True
6e3650e4e6ee229ac51dd8fd9d738b566e0bce6c15faa23e39e06d6b79d1693b,nfl,player_receiving_yards,Dontayvion Wicks,Under,56.5,win,18.0,2026_04_LA_PHI,18.0,win,18.0,win,,False,True,True
0df2981d41144b13616983fb837ecbbe19a6fa24deb57d778cad88fb34157145,nfl,player_receiving_yards,Isaiah Likely,Under,39.5,loss,66.0,2026_04_ARI_NYG,66.0,loss,66.0,loss,,False,True,True
d86160f5bde8fd8963b4db83a5c6e15ba003eb479e7c5ac133745e4e0ea8d575,nfl,player_receiving_yards,Davante Adams,Over,65.5,loss,32.0,2026_04_LA_PHI,32.0,loss,32.0,loss,,False,True,True
0ad2dfeab9dda01306e4c7a03f4efd1ac96a55e1a4a4b68f59a3549301e6b09c,nfl,totals,,Over,48.0,loss,43.0,2026_04_IND_WAS,43.0,loss,43.0,loss,,False,True,True
bac97cecaa236b88ff0ceacbf484886b767bf2df64c0abfefe777059bdc5ac4d,nfl,player_receiving_yards,Jonnu Smith,Over,6.5,win,19.0,2026_04_GB_TB,19.0,win,19.0,win,,False,True,True
d675d81e3abcaf8620e99a285ad0d8ca2243be529586986e229c6425bbeeab6c,nfl,player_receiving_yards,Brevyn Spann-Ford,Over,3.5,loss,0.0,2026_04_DAL_HOU,0.0,loss,0.0,loss,,False,True,True
52f0c4b7fc036b0c8f55b4afc4708f55f00b5337c28b2aa7506666a28b74cb18,nfl,player_rushing_yards,Cam Skattebo,Under,62.5,win,58.0,2026_04_ARI_NYG,58.0,win,58.0,win,,False,True,True
4f44252070377a85cd69d0fed9471987e0c7698a727648b7e53dcfa75b534089,nfl,player_receiving_yards,Samaje Perine,Over,9.5,loss,0.0,2026_04_JAX_CIN,0.0,loss,0.0,loss,,False,True,True
9f2f64d0f7ef806007c7646c88d283ea0f0154219e18ef6344a9aa350b740eea,nfl,player_receiving_yards,James Cook,Under,7.5,loss,8.0,2026_04_NE_BUF,8.0,loss,8.0,loss,,False,True,True
e34af05f30af41cacf54a4237c969a17438a06158bc7f5e12c20b9339750bab2,nfl,player_receiving_yards,Woody Marks,Under,10.5,win,0.0,2026_04_DAL_HOU,0.0,win,0.0,win,,False,True,True
492d10ce8977e48b5d8da189276d1115c499a368ebf729b84ae23b28b646e73f,nfl,player_receiving_yards,George Kittle,Under,62.5,loss,70.0,2026_04_DEN_SF,70.0,loss,70.0,loss,,False,True,True
ff74445ffd321e4c6b32723eb397a4a8893c4a5e9864dffdafa3a9d6f65f55c7,nfl,player_receiving_yards,Zach Ertz,Under,10.5,loss,13.0,2026_04_LA_PHI,13.0,loss,13.0,loss,,False,True,True
50239951e5eaa37a44f497698c6aeab344faf3add0c8839706150d2c67160f5f,nfl,player_receiving_yards,Jonnu Smith,Over,7.5,win,19.0,2026_04_GB_TB,19.0,win,19.0,win,,False,True,True
e2d292f299b55d95d0504edc8e1cf1724b5ae794a782a4a9c1cb73e4d738cab3,nfl,player_rushing_yards,Tyler Shough,Over,15.5,loss,5.0,2026_04_ATL_NO,5.0,loss,5.0,loss,,False,True,True
a459f0f54f0ab0ff15e03e6b17194d45242fd3ad4dc04b1e1a75dd70518153a4,nfl,player_receptions,Drew Sample,Under,1.5,win,0.0,2026_04_JAX_CIN,0.0,win,,,,True,True,
e480474aaff5c73808ac3019e058e764173d2a2d7f2da5fa8326220c73acb2b2,nfl,player_receiving_yards,Michael Mayer,Over,22.5,win,82.0,2026_04_KC_LV,82.0,win,82.0,win,,False,True,True
bd86f46e19014b0d2193367efabb1b8b21f8cda0e451270374b76de0d8c4fd43,nfl,player_receiving_yards,Davante Adams,Over,67.5,loss,32.0,2026_04_LA_PHI,32.0,loss,32.0,loss,,False,True,True
3f4791908d9ac12f354ba7799183f5c84fbafe4b0776973e92d051d052d5272b,nfl,player_receiving_yards,Christian Watson,Over,64.5,loss,47.0,2026_04_GB_TB,47.0,loss,47.0,loss,,False,True,True
2bdcabb6af636dad87292324560126842fa579a63bdb9986a9db11a853a25d9e,nfl,player_receiving_yards,Drew Sample,Under,7.5,win,0.0,2026_04_JAX_CIN,0.0,win,,,,True,True,
3d7e0846065b3193bc6772dda147c18b7e58bec83df6dd0bd82dff6b19b8e302,nfl,player_rushing_yards,Aaron Jones,Under,67.5,loss,94.0,2026_04_MIA_MIN,94.0,loss,94.0,loss,,False,True,True
b72bc9d8fcb60a82de1d1ce4cacc340a972677cdf8304077ed7d985c16b27a21,nfl,player_rushing_yards,RJ Harvey,Under,15.5,loss,25.0,2026_04_DEN_SF,25.0,loss,25.0,loss,,False,True,True
d65d5733495783e5604bfafbb8949528f33a06195a6be7b55970ad86727fbe63,nfl,player_receptions,Darren Waller,Over,2.5,win,3.0,2026_04_DET_CAR,3.0,win,3.0,win,,False,True,True
cd06e05fc0a1405598f440db1703de8e5dfba0c8986f7da9fa87399c2e5c4b8e,nfl,player_receiving_yards,Ladd McConkey,Under,46.5,win,0.0,2026_04_LAC_SEA,0.0,win,0.0,win,,False,True,True
45c85ab680bc482427e9a4eaa3edf902c9b22b47820013b98f0695a3a2a6b086,nfl,player_passing_yards,Brock Purdy,Over,236.5,loss,218.0,2026_04_DEN_SF,218.0,loss,218.0,loss,,False,True,True
92f4167e06773153037e95d8799f163f69bacc998336a356bb8ff999fd445ba1,nfl,player_receiving_yards,Isaiah Williams,Under,20.5,loss,73.0,2026_04_NYJ_CHI,73.0,loss,73.0,loss,,False,True,True
904c24357ab602631b74471ae5982faeeb20b87d513fba5551f42449cd26e725,nfl,player_receiving_yards,Tez Johnson,Over,6.5,win,17.0,2026_04_GB_TB,17.0,win,17.0,win,,False,True,True
a74ffce0def8a3e36bd7ee08941b4b0c35f681bf7d41c34e44a5ff4d48c4a7f8,nfl,player_receiving_yards,Malik Washington,Over,37.5,win,67.0,2026_04_MIA_MIN,67.0,win,67.0,win,,False,True,True
3530395a5f2bb3ef061937898ea5592761f42a756cc38debb3d95791322369df,nfl,player_rushing_yards,Jonathan Taylor,Under,88.5,loss,95.0,2026_04_IND_WAS,95.0,loss,95.0,loss,,False,True,True
b6d1fa8dc3d307c28233eac738aa8be1e14a2e3f654351ed87d7bf3d969da8b7,nfl,player_passing_yards,Tyler Shough,Over,258.5,win,286.0,2026_04_ATL_NO,286.0,win,286.0,win,,False,True,True
df444471f6fe7128e67627937a09524ac311ed8951325163866c1a1cf8de4f51,nfl,player_receiving_yards,Tre' Harris,Over,32.5,win,60.0,2026_04_LAC_SEA,60.0,win,60.0,win,,False,True,True
5a39607176310365803bb9c65e8c3f38ae1f28863410dbe0baa60704f1593a1f,nfl,player_receiving_yards,Treylon Burks,Under,7.5,loss,47.0,2026_04_IND_WAS,47.0,loss,47.0,loss,,False,True,True
b265a5416a28e65293beb5f17022207559199d7268347a9b2833f924c90a24df,nfl,player_receptions,Tommy Tremble,Over,1.5,win,4.0,2026_04_DET_CAR,4.0,win,4.0,win,,False,True,True
075c90f61f3e1832bd080fd3619e33352acf35f14f64169815d30b5675ea0956,nfl,player_rushing_yards,C.J. Stroud,Over,12.5,loss,12.0,2026_04_DAL_HOU,12.0,loss,12.0,loss,,False,True,True
e60dedc9abbccf2198253d126acfc3061d668171e4698cb25db3cf92b9d49b22,nfl,player_receiving_yards,Tommy Tremble,Over,13.5,loss,12.0,2026_04_DET_CAR,12.0,loss,12.0,loss,,False,True,True
ceedfdb05b0d0be4ef49db0ec6b3b15b7967cd246b17de8d6e6d95143f257c77,nfl,player_passing_yards,Kirk Cousins,Under,223.5,loss,365.0,2026_04_KC_LV,365.0,loss,365.0,loss,,False,True,True
ee74b525c1a9ee90dfbccf7708a3044a374167d4f875a97c46d415f578e2dd44,nfl,player_receptions,Brevyn Spann-Ford,Over,0.5,loss,0.0,2026_04_DAL_HOU,0.0,loss,0.0,loss,,False,True,True
ecfeba8566d4dda04314f9fcd67be9b4ba4f8571486e1a18431a3c254b5b42a1,nfl,player_rushing_yards,Rhamondre Stevenson,Over,31.5,win,47.0,2026_04_NE_BUF,47.0,win,47.0,win,,False,True,True
41a398ef80108c43b9f0a104c10e8172e87ebabca97dd235377b1600a2fafaa7,nfl,player_receiving_yards,Woody Marks,Under,9.5,win,0.0,2026_04_DAL_HOU,0.0,win,0.0,win,,False,True,True
65c960deddac17df38346162e673092090f305ffd724b572fdcb9df017fbf997,nfl,player_rushing_yards,Aaron Jones,Under,65.5,loss,94.0,2026_04_MIA_MIN,94.0,loss,94.0,loss,,False,True,True
2009f79a9ede21e4816608945a3c6d52b308f8b6f920057ae1a1f00b5d58c2d5,nfl,spreads,,Home,5.0,win,2.0,2026_04_KC_LV,2.0,win,2.0,win,,False,True,True
42b88efe06eea1757a7b102e4296b2f0224962fb46f41b7ed4bb3c1b451eb1cc,nfl,player_receiving_yards,Dalton Schultz,Over,40.5,loss,9.0,2026_04_DAL_HOU,9.0,loss,9.0,loss,,False,True,True
dfafc0a2e31c0101f63a85b8f7c98a71d256ec4672c315ebce50a0cd98fb0344,nfl,player_receiving_yards,Wan'Dale Robinson,Under,37.5,win,19.0,2026_04_TEN_BAL,19.0,win,19.0,win,,False,True,True
a62e70d4515fb46f19ca39b0eb950cac9e3194c194c3c82d20fb25ca5918b476,nfl,player_rushing_yards,D'Andre Swift,Under,65.5,win,58.0,2026_04_NYJ_CHI,58.0,win,58.0,win,,False,True,True
0788bc3bac66bf4bda23cd170cec32f45858c864f5cbaeb1d9c97d566b8d2593,nfl,player_receiving_yards,Kyle Monangai,Over,6.5,loss,4.0,2026_04_NYJ_CHI,4.0,loss,4.0,loss,,False,True,True
75d679c7b07a50b204032a2b8239f51bb0aabbf0345e3dafb74bd67e9c8eaa10,nfl,player_rushing_yards,TreVeyon Henderson,Over,38.5,win,42.0,2026_04_NE_BUF,42.0,win,42.0,win,,False,True,True
434702ca872eec65e0146c23ea907848240c5fc601e63b8b534cce71ba6ad7e1,nfl,player_receiving_yards,Marvin Harrison Jr.,Under,34.5,win,12.0,2026_04_ARI_NYG,12.0,win,12.0,win,,False,True,True
636e1563afaa7f6afb271ce922ef35895c4a45cd5d139175beed89de44a5dc61,nfl,player_receiving_yards,Mike Gesicki,Over,27.5,win,40.0,2026_04_JAX_CIN,40.0,win,40.0,win,,False,True,True
5e20d5350c58e1b650df27ba508f4d92a5837c0b74241408de15f405577ec4ac,nfl,player_receiving_yards,Kyle Juszczyk,Under,8.5,loss,28.0,2026_04_DEN_SF,28.0,loss,28.0,loss,,False,True,True
fba56d9b3d224b049d5a0f76dbab670e26466be173a246a544b73c97e7245c29,nfl,player_receiving_yards,Parker Washington,Under,73.5,win,7.0,2026_04_JAX_CIN,7.0,win,7.0,win,,False,True,True
f571ff3e8d7d2eac779fac77a06d20a8992acaab5afd0f0d502d94a01a134670,nfl,player_receiving_yards,Kendrick Bourne,Over,19.5,loss,0.0,2026_04_ARI_NYG,0.0,loss,,,,True,True,
76674f961aca9931af1b8fa5ec0c1c23eb072621d1e163d1aec7732c6c5c385c,nfl,player_rushing_yards,Rhamondre Stevenson,Over,32.5,win,47.0,2026_04_NE_BUF,47.0,win,47.0,win,,False,True,True
7fbe0882edd3378ae5863ff75d10b5f44026194e91fa983e464975b17c262b30,nfl,player_passing_yards,Jacoby Brissett,Under,229.5,win,166.0,2026_04_ARI_NYG,166.0,win,166.0,win,,False,True,True
b7577524df4ab0c37b3f1ad560e826852da08dc7e37c0f0df7d16c69aed7ed68,nfl,player_rushing_yards,Tank Bigsby,Under,11.5,loss,55.0,2026_04_LA_PHI,55.0,loss,55.0,loss,,False,True,True
e94f39e08614af9c1caeb8d05a9cc54f8c7c47e7ac4838dc855fd04fa3a058d8,nfl,player_receptions,Michael Wilson,Over,5.5,win,7.0,2026_04_ARI_NYG,7.0,win,7.0,win,,False,True,True
e88ac72ffa0379bb03afa3cb46b2d11d9e88a0a0c305692a3a773b673556bc96,nfl,player_receiving_yards,Mark Andrews,Under,36.5,win,27.0,2026_04_TEN_BAL,27.0,win,27.0,win,,False,True,True
125ffe72469725843ce42227d98218b614a3a89d40cc2253459ad79a5453f083,nfl,player_receiving_yards,Marvin Harrison Jr.,Under,33.5,win,12.0,2026_04_ARI_NYG,12.0,win,12.0,win,,False,True,True
0f0f665fca53d468956f026e0205b4118c00ca37e6f60c20ed05e7b299a7c2cd,nfl,player_passing_yards,Justin Herbert,Over,198.5,loss,189.0,2026_04_LAC_SEA,189.0,loss,189.0,loss,,False,True,True
07716e163b0419bf4c749eb83aae9f99b693b176f2b87089a849882efd6a8146,nfl,player_rushing_yards,Chase Brown,Over,61.5,loss,10.0,2026_04_JAX_CIN,10.0,loss,10.0,loss,,False,True,True
6eb8cc3a29d69c20a5968d13a9e20ff6c360dd2dc490505b8c61ff2782ef2701,nfl,player_receiving_yards,D'Andre Swift,Under,13.5,loss,16.0,2026_04_NYJ_CHI,16.0,loss,16.0,loss,,False,True,True
ced8cc981bd4597ded4b70095c49a92d7cb2ef9fe107bf614cf1c145e5038821,nfl,player_receiving_yards,Greg Dulcich,Under,29.5,win,0.0,2026_04_MIA_MIN,0.0,win,,,,True,True,
125f6250d9141cbc422a42f862380dc3d529deca510c5a3e12dbf79d0ccd5ac3,nfl,player_rushing_yards,Chris Brooks,Over,7.5,win,30.0,2026_04_GB_TB,30.0,win,30.0,win,,False,True,True
3731eab20127d5e859e181fffa6f2ae038e9a1870e4e9f2138ee63e1277dde67,nfl,player_rushing_yards,Geno Smith,Under,10.5,win,0.0,2026_04_NYJ_CHI,0.0,win,0.0,win,,False,True,True
49e89bf49429687cd1f86434dc3d3a5cd63d70cfc7cd60665dd0efca52e0b2c7,nfl,player_passing_yards,Jacoby Brissett,Under,225.5,win,166.0,2026_04_ARI_NYG,166.0,win,166.0,win,,False,True,True
924dc2de27a03a0a329462be933b0f8c9b6c760be2b0beced51f601d4c4c36b7,nfl,player_receiving_yards,Sam LaPorta,Under,49.5,loss,84.0,2026_04_DET_CAR,84.0,loss,84.0,loss,,False,True,True
d2cf97e67a5103a75e2f00645d893b28061b8575d880c8c0026ac955b0f284ef,nfl,player_receiving_yards,Chris Godwin,Over,26.5,win,31.0,2026_04_GB_TB,31.0,win,31.0,win,,False,True,True
b73dd4b5367c3cf368503fc00cfb4f7349e88d94b6332d8283a8babfdaf798d8,nfl,player_receiving_yards,Drake London,Under,76.5,loss,96.0,2026_04_ATL_NO,96.0,loss,96.0,loss,,False,True,True
fc7f2257776b9a058cec497a6fbc18c4b74e39ee7e1e176f0b26e84d8a116d2b,nfl,player_rushing_yards,Sione Vaki,Under,9.5,win,0.0,2026_04_DET_CAR,0.0,win,0.0,win,,False,True,True
ee0c846d3a2519a2c070d4f6f0385294398f7938e74d5dc13fe7fc8c68a58017,nfl,player_passing_yards,Matthew Stafford,Over,249.5,win,317.0,2026_04_LA_PHI,317.0,win,317.0,win,,False,True,True
573689e786e3ff6e248288d42433d1799e1cb72b36c35da02e766c7940723d1b,nfl,player_receiving_yards,Zay Flowers,Under,68.5,loss,118.0,2026_04_TEN_BAL,118.0,loss,118.0,loss,,False,True,True
fb9507646682b52e7c57ae5765a56021c8dd949b61994a5f3606a71f543046c5,nfl,player_passing_yards,Jalen Hurts,Over,187.5,loss,93.0,2026_04_LA_PHI,93.0,loss,93.0,loss,,False,True,True
c8c9a07239865dbb63b2ad0257e46fea5c67380d785a9d789aea56ce0e2d91e9,nfl,player_receiving_yards,Chris Brooks,Under,5.5,win,5.0,2026_04_GB_TB,5.0,win,5.0,win,,False,True,True
4e5c98eaf524fb0f1156d8ff0086482e570aea68655009f6bbffc7e9cde14f10,nfl,player_rushing_yards,Blake Corum,Over,39.5,loss,14.0,2026_04_LA_PHI,14.0,loss,14.0,loss,,False,True,True
91d31750e7518358f87867432538080e0c5de51be73377e7bceab50689ba6ff3,nfl,player_rushing_yards,Ashton Jeanty,Over,56.5,win,58.0,2026_04_KC_LV,58.0,win,58.0,win,,False,True,True
1293fb6d21e8e71f6af1dd407d1f065494e8037cc61504fb5d7a0f9dd601d9f3,nfl,player_rushing_yards,Tank Bigsby,Under,10.5,loss,55.0,2026_04_LA_PHI,55.0,loss,55.0,loss,,False,True,True
e80da8b222f58277487ccf6f94d366ee99ffa2ae9b6db0359c5989438770cc7e,nfl,player_passing_yards,Jalen Hurts,Over,188.5,loss,93.0,2026_04_LA_PHI,93.0,loss,93.0,loss,,False,True,True
8a541c70c3ff882c4b4e4f281a60e2af3b6c06fe2da455804104f91d188e420a,nfl,player_receiving_yards,Zay Flowers,Under,67.5,loss,118.0,2026_04_TEN_BAL,118.0,loss,118.0,loss,,False,True,True
b592bfced9e6f6ffd7cd91c280ef0d62fb13ac0721cf2a646e88243ec580495b,nfl,player_receiving_yards,Cole Kmet,Under,9.5,loss,13.0,2026_04_NYJ_CHI,13.0,loss,13.0,loss,,False,True,True
3639d4009e145e04aedfc40bd1ecd1c181f27e299e53896fb265707220e55c35,nfl,spreads,,Home,3.5,loss,-0.5,2026_04_LA_PHI,-0.5,loss,-0.5,loss,,False,True,True
a936b033916b21179516b388720a68b061a73e94d0581d78401d49c1aded94f1,nfl,player_receiving_yards,Calvin Ridley,Under,6.5,loss,13.0,2026_04_TEN_BAL,13.0,loss,13.0,loss,,False,True,True
89b5bd196bf0dc2c6bfea34d06d7183020d84cedc18d5d392ba3ddf85e20a4aa,nfl,player_receiving_yards,Evan Engram,Over,17.5,loss,6.0,2026_04_DEN_SF,6.0,loss,6.0,loss,,False,True,True
759d26a0d6394abbee2da2a99060f93328e65517e3ff2b424fdde96567b6e0ec,nfl,player_receptions,Tyquan Thornton,Over,1.5,win,5.0,2026_04_KC_LV,5.0,win,5.0,win,,False,True,True
ab9301ac688c44b43507339cc8430c33b26fa7a6b7903efbbf22b43a15961e5d,nfl,player_receptions,Rashee Rice,Under,4.5,win,0.0,2026_04_KC_LV,0.0,win,,,,True,True,
e53d8ed6bcf798a31f3cc89f5318fdda2c9c63b6daef2a65a5c137f0354772e1,nfl,player_receptions,Jalen Nailor,Under,1.5,win,0.0,2026_04_KC_LV,0.0,win,,,,True,True,
f1180451f947669fd937ca0d3e1663bbabdd8a5f824addbc35271ede9342a942,nfl,atd,Trey McBride,Yes,0.5,loss,0.0,2026_04_ARI_NYG,0.0,loss,0.0,loss,0.0,False,True,True
fbe7f0bfbcd7234d5860e64647801e409fdd2b63e3da57a4d9a77334ff4270df,nfl,player_receptions,Jaylin Noel,Over,1.5,win,3.0,2026_04_DAL_HOU,3.0,win,3.0,win,,False,True,True
40f0fe0c6c451b65795558ee6f69a69b3236673eb3b673dca8d41b5395c3d911,nfl,atd,Garrett Wilson,Yes,0.5,loss,0.0,2026_04_NYJ_CHI,0.0,loss,0.0,loss,0.0,False,True,True
839222bc5a5b0b49100f8559a4fd29ac946d797378fab7b44a7ea1435b8e3d09,nfl,player_receiving_yards,Darnell Mooney (NYG),Over,29.5,loss,0.0,2026_04_ARI_NYG,0.0,loss,0.0,loss,,False,True,True
0a4169d59c16e877ff4d545e2b4d08d0835f2dde098037f2c93819602a166475,nfl,player_receptions,D'Andre Swift,Over,2.5,loss,2.0,2026_04_NYJ_CHI,2.0,loss,2.0,loss,,False,True,True
38346ba6c9a47006fe1dfa3fff4c291f48ed4572bd98e73ea104cf494acb4d74,nfl,player_receptions,Tez Johnson,Under,0.5,loss,2.0,2026_04_GB_TB,2.0,loss,2.0,loss,,False,True,True
476483133c62a52ba8e8b616c6cf80fb298d2c537126019e21b0f819aea1d999,nfl,player_receptions,Jonnu Smith,Over,1.5,loss,1.0,2026_04_GB_TB,1.0,loss,1.0,loss,,False,True,True
124b87cfa7706ec1c7b542d9a6106c2f8bb70357981834cc902279b0a2b40e73,nfl,player_receptions,DeMario Douglas,Under,1.5,loss,2.0,2026_04_NE_BUF,2.0,loss,2.0,loss,,False,True,True
d2eee0d57f0074c44186d3c986b435a360b61684db8109d20bf2a243fe04bad1,nfl,atd,Michael Wilson,Yes,0.5,loss,0.0,2026_04_ARI_NYG,0.0,loss,0.0,loss,0.0,False,True,True
c2ff65b30613786f992682d6e614c4e7986497cee3a5b27dcd5f73e4708d0e29,nfl,player_receiving_yards,Hunter Henry,Under,14.5,loss,62.0,2026_04_NE_BUF,62.0,loss,62.0,loss,,False,True,True
c855ad6c89067a0beb1cbed9e74c554bec8bc03fb1a8ae8fae67d61c3fc7e2d4,nfl,atd,AJ Barner,Yes,0.5,loss,0.0,2026_04_LAC_SEA,0.0,loss,0.0,loss,0.0,False,True,True
aefda579ae608ff34eb9a8e63c78586db90b351fa5a4ab25b26b561c3bac9af6,nfl,atd,Pat Bryant,Yes,0.5,loss,0.0,2026_04_DEN_SF,0.0,loss,0.0,loss,0.0,False,True,True
6d154767af36c268fd2e44167fb46c377f988015ea598642f38404dbfbcd0cb3,nfl,atd,Keaton Mitchell,Yes,0.5,loss,0.0,2026_04_LAC_SEA,0.0,loss,0.0,loss,0.0,False,True,True
bf484cd0f8abb6dea1238ea4b3ea36c56b6e41f8d0a6d7759647b561342ca133,nfl,player_receiving_yards,Kyren Williams (LAR),Over,69.5,loss,67.0,2026_04_LA_PHI,67.0,loss,67.0,loss,,False,True,True
e653459964394108ad98b1bf8c4d7c1bc5a97c012c1eb89c7da65d35bbf9717a,nfl,atd,David Moore,Yes,0.5,loss,0.0,2026_04_DET_CAR,0.0,loss,0.0,loss,0.0,False,True,True
ff87876dcec548f4613ba8a10bcff4bad9a30e5b4b56fb82f3b565f1c1aa6c0c,ncaa,h2h,,Away,0.0,win,-16.0,401871050,-16.0,win,,,,False,True,
9d5b5d458a36a3cbccb05fcde683dfd124c25a5f54b33191b153b9ac3a5025d0,ncaa,spreads,,Away,3.0,refund,0.0,401866434,0.0,refund,,,,False,True,
b1a37734aeb4830f23738ab3188d2a168e7c77be83968e5f3b32fd2cf4e8ebc4,ncaa,totals,,Under,54.5,loss,70.0,401858247,70.0,loss,,,,False,True,
bcc6704b2efa963c67e51ee750bd2a096b784150a9a85a8ffe4b97da404cc2c5,ncaa,totals,,Over,54.0,win,69.0,401856709,69.0,win,,,,False,True,
5c3bcf16d8d19ceb2c2a27a249e37ba7fa2c860c8e0d26b6e0cf7924486f82e7,ncaa,spreads,,Away,-14.0,loss,40.0,401858251,40.0,loss,,,,False,True,
76b2680dadf71cef9c714674c2ea2eb5f504f0261e295b7033d905c6616c2c68,ncaa,spreads,,Away,2.0,loss,33.0,401858253,33.0,loss,,,,False,True,
8f29e5deab55cea2f923d6d212b9e37b5b95ed5f8e166695a7e4e76f469b0434,ncaa,spreads,,Away,-19.0,loss,9.0,401869962,9.0,loss,,,,False,True,
48c425e0a33b3d2d084de9f594d38274dddfdbd9bcaed61aa6976b574cf3f963,ncaa,spreads,,Away,6.5,win,-9.5,401871050,-9.5,win,,,,False,True,
635d922a36407ce8e514f8a954d7c19a8cefe20a5f9328843bb26ed4028859db,ncaa,spreads,,Away,-9.0,win,-5.0,401858478,-5.0,win,,,,False,True,
6887bd7ba6039394bbb90fb9289c64ac630b10827ba71738bebd2f67353d8ce9,ncaa,totals,,Over,58.0,win,59.0,401858248,59.0,win,,,,False,True,
460e9708f8a7df6cf1ab78f844ca44a782175a4b5aa29ed4fac0d9dd0ebf8507,ncaa,totals,,Under,62.5,loss,82.0,401860899,82.0,loss,,,,False,True,
ac20a68c82c844448ce875b8706b92428d109d9fecf416b3571978c82256c519,ncaa,totals,,Over,43.5,loss,34.0,401858479,34.0,loss,,,,False,True,
50a47e2a6d92b64d7e0bd2aea2dd0598ca0a40603489b28817b99a8857e1a4da,ncaa,spreads,,Home,21.5,win,10.5,401858250,10.5,win,,,,False,True,
97d6efb11e4a071893ab29a92293cf530b893fab8b7773c86df41d5fc7a5f5bb,ncaa,totals,,Over,45.5,loss,37.0,401866432,37.0,loss,,,,False,True,
f58a8861248545ec66fd71eb78ac29b2ecd328a0a2afd2c911cdcc951c0e90ee,ncaa,totals,,Under,47.5,win,27.0,401856818,27.0,win,,,,False,True,
a11bcd9eb9bfa2854812aa9f7d16665c2f10c50a47b1a1e9e9e6cdd9478462b5,ncaa,totals,,Under,58.0,loss,60.0,401860900,60.0,loss,,,,False,True,
e606dde768c54ef513578d4f031be479ba76c126cd52c34d6d239eb3341cb13e,ncaa,totals,,Under,51.0,win,36.0,401864513,36.0,win,,,,False,True,
d0a8384667a4f0d0b71280401c80e3b284589fea4095b4cf9510ec93c07b390e,ncaa,totals,,Under,51.0,win,36.0,401864513,36.0,win,,,,False,True,
95b1e0298a536a245fa887a9f42050b7d547e33bb185e440a110f3977311393c,ncaa,spreads,,Home,2.0,loss,-5.0,401869942,-5.0,loss,,,,False,True,
2f51cc09f3be7e82f2548d6047501cbf582765f63a78708b206e72cc235088fd,ncaa,h2h,,Away,0.0,win,-4.0,401864513,-4.0,win,,,,False,True,
2b921142fbd6010da9014123050b17b05d5aa1a38b4990676fe774fb9858549f,ncaa,h2h,,Away,0.0,win,-1.0,401856709,-1.0,win,,,,False,True,
70a5d0922e55d40e015369e8ff90a17a76dfa65da6de31ae4e83411b28bc3a95,nfl,player_receiving_yards,Isaiah Davis,Under,24.5,win,0.0,2026_04_NYJ_CHI,0.0,win,0.0,win,,False,True,True
dcdd4b3d932350724bb66f6cdfc20bd75e5461c9c10dbc8efe8037f30aeed03a,nfl,player_rushing_yards,David Montgomery,Under,59.5,win,24.0,2026_04_DAL_HOU,24.0,win,24.0,win,,False,True,True
221187a29e3136d1f44932f055cb1034cdb4fbc7dd9532feb25417df9418a4d3,nfl,player_receiving_yards,Chase Brown,Under,29.5,loss,71.0,2026_04_JAX_CIN,71.0,loss,71.0,loss,,False,True,True
5ebd689f9e5848e158447ce9990ec1bb27a07e201c4d3fb1446c7e72778fe69d,nfl,player_passing_tds,Jalen Hurts,Over,0.5,win,2.0,2026_04_LA_PHI,2.0,win,2.0,win,,False,True,True
113e87fbe700dd2ef710412ecae6e98514cfe227e83b43649c7177a6b21e4479,nfl,player_receptions,Tez Johnson,Under,1.5,loss,2.0,2026_04_GB_TB,2.0,loss,2.0,loss,,False,True,True
e91d72b207e0782c8359708f5b1d84e94737badb0144e383790ccd2177f3a810,nfl,player_receptions,Zach Ertz,Under,2.5,win,2.0,2026_04_LA_PHI,2.0,win,2.0,win,,False,True,True
a8bee5b09fd15a300cfc500590ff59cfaa752d8eb37a49303f30d315bf9531ba,nfl,player_receptions,Theo Johnson,Under,1.5,win,1.0,2026_04_ARI_NYG,1.0,win,1.0,win,,False,True,True
065d14ac56349c52e07f8f236931b801e8a2c777c775c3aa3b22830d399291d0,nfl,player_receptions,Jonnu Smith,Over,0.5,win,1.0,2026_04_GB_TB,1.0,win,1.0,win,,False,True,True
47c0a6eb5648023d262f8eb403e0f0a38d3fa25967a6f5d7672b456000d9deab,nfl,player_receptions,Elijah Higgins,Over,0.5,win,2.0,2026_04_ARI_NYG,2.0,win,2.0,win,,False,True,True
15538c6b8cdd361d78a838cd3fa158e14e3b81b01d49a849c5664dc0490f1cfc,nfl,player_receptions,Malik Washington,Under,4.5,loss,5.0,2026_04_MIA_MIN,5.0,loss,5.0,loss,,False,True,True
93c1ef76b333f85ad45da38169caca7fe5555b3a2850b91f5848a6682ea9eeb5,nfl,player_receiving_yards,Aaron Jones,Under,20.5,loss,34.0,2026_04_MIA_MIN,34.0,loss,34.0,loss,,False,True,True
0d42bbd6e9feaa754ffe2aa8a50575ffd831da5b73b17c5a7c1933596a6be7a2,nfl,player_receiving_yards,DeMario Douglas,Under,26.5,win,15.0,2026_04_NE_BUF,15.0,win,15.0,win,,False,True,True
360c7481337b402ca9851ba14118b9ff37d967ac4b9f9a4b2141cb3c767e4703,nfl,player_rushing_yards,Matthew Stafford,Under,1.5,loss,10.0,2026_04_LA_PHI,10.0,loss,10.0,loss,,False,True,True
28f41414d188f28ac8e0e79f416009167ab11551bf86851ca3a079829ae25617,nfl,player_rushing_yards,Matthew Stafford,Under,0.5,loss,10.0,2026_04_LA_PHI,10.0,loss,10.0,loss,,False,True,True
263d5b77c7941d6012480ef7dd0bc5cff37e31fc39a68945bdb87dd186fc420d,nfl,player_receiving_yards,Dyami Brown,Under,0.5,loss,65.0,2026_04_IND_WAS,65.0,loss,65.0,loss,,False,True,True
cc4d0fd2df1b843362ca95b87feb2943c7c0c943bf227fb1b07bc591f74371e6,nfl,player_receiving_yards,Cody White,Under,9.5,loss,36.0,2026_04_KC_LV,36.0,loss,36.0,loss,,False,True,True
1c6a9c558761ef91bdcfb3cab5c3bde9f60cbafb8f02e837d74c6aadbf86ad63,nfl,player_receiving_yards,Tucker Kraft,Under,41.5,loss,42.0,2026_04_GB_TB,42.0,loss,42.0,loss,,False,True,True
c2309cc47c9a687c839a462717769192699b869f5e83778d27100ddb64966abe,nfl,spreads,,Home,4.0,win,1.0,2026_04_GB_TB,1.0,win,1.0,win,,False,True,True
3454e712c10b67456665c17724cff8f119c7b0efd2331e26fe1830b68652e428,nfl,player_receiving_yards,AJ Barner,Under,30.5,win,12.0,2026_04_LAC_SEA,12.0,win,12.0,win,,False,True,True
c99ea2e9dd50c42708a9b621304c483546d905492bc5f43e7ce01327f196f5f1,nfl,player_receptions,Keaton Mitchell,Under,1.5,loss,5.0,2026_04_LAC_SEA,5.0,loss,5.0,loss,,False,True,True
c2329a1c4f5b7ad7342e2ed2faf52415fc1183973cb212d693b8567b8963c910,nfl,player_receiving_yards,Dawson Knox,Under,9.5,loss,13.0,2026_04_NE_BUF,13.0,loss,13.0,loss,,False,True,True
73cc5ebe57a6906d130a4140b0efb0b310888975c6e568e0d9b15a02b7cac7ef,nfl,player_rushing_yards,Sione Vaki,Under,11.5,win,0.0,2026_04_DET_CAR,0.0,win,0.0,win,,False,True,True
6203da4a9f094c8b85f478d52636109eab27f82cadc2d7a4616e2e1319a23191,nfl,player_receiving_yards,Tommy Tremble,Over,12.5,loss,12.0,2026_04_DET_CAR,12.0,loss,12.0,loss,,False,True,True
cf82af55143dfd4ecf6391c27c23fff140b97e8982239fb65eee349c7cfcb0f2,nfl,player_receiving_yards,Tucker Kraft,Under,40.5,loss,42.0,2026_04_GB_TB,42.0,loss,42.0,loss,,False,True,True
90975f00f384e024720039c240d825e1c5a5310b3affed4ba52d42a2ead8b782,nfl,player_receiving_yards,Davante Adams,Over,65.5,loss,32.0,2026_04_LA_PHI,32.0,loss,32.0,loss,,False,True,True
7fde9f5fb8cae5422cb3573a64b839540e87b92d35870675e6f96ecfe84cfb9e,nfl,player_receptions,Stefon Diggs,Over,3.5,win,5.0,2026_04_IND_WAS,5.0,win,5.0,win,,False,True,True
2f7b7d1992b07ae660299a794e4ba5b55c58ec092d7ced395109d29aacab082e,nfl,player_receiving_yards,Jonnu Smith,Over,6.5,win,19.0,2026_04_GB_TB,19.0,win,19.0,win,,False,True,True
2552a82acb8f42880ed52e9b10b91a88885fc59f2b7162648251d67c21b84034,nfl,player_receiving_yards,Isaiah Williams,Under,23.5,loss,73.0,2026_04_NYJ_CHI,73.0,loss,73.0,loss,,False,True,True
66b20564ffea355a19c3b9a13b1f635a15ae78c0db094e966b77e06592239335,nfl,player_receiving_yards,Elijah Higgins,Under,5.5,loss,19.0,2026_04_ARI_NYG,19.0,loss,19.0,loss,,False,True,True
9b792f60cfdad96cda7f971aa3f34ab868d6c7eb45c35eccd2ff6c8e36c420d1,nfl,player_receptions,Alvin Kamara,Under,3.5,loss,5.0,2026_04_ATL_NO,5.0,loss,5.0,loss,,False,True,True
37cb9cf0d18e44f769aa7e2499cb5090036933863afb2c1985014f5a2e16c28e,nfl,player_receiving_yards,Chris Godwin,Over,28.5,win,31.0,2026_04_GB_TB,31.0,win,31.0,win,,False,True,True
3e9ab7c696cc3ac69986994f2b735817e5ca152f656e4fd37114baa83d30fd7c,nfl,player_rushing_yards,Kyren Williams,Over,61.5,win,80.0,2026_04_LA_PHI,80.0,win,80.0,win,,False,True,True
c66e4ca19200270d7985f6fc8b7b9218edc38aeca4a4e008f1094e6c1d798c0b,nfl,player_passing_yards,Tyler Shough,Over,254.5,win,286.0,2026_04_ATL_NO,286.0,win,286.0,win,,False,True,True
a6f6106032a9250b33d615d35f68e67b2b18e7e52667542c9eae21f8847cd022,nfl,player_receiving_yards,Ladd McConkey,Under,47.5,win,0.0,2026_04_LAC_SEA,0.0,win,0.0,win,,False,True,True
cb3c1fb429d4c38b41fbaa546390abd2b909a390bf78ae376c6d1bf00f5e60c9,nfl,player_passing_yards,Bo Nix,Under,220.5,win,214.0,2026_04_DEN_SF,214.0,win,214.0,win,,False,True,True
50ba5371cd51f0a162239b4107c140dc46bfebf813061d982b9a44c3cc6a716a,nfl,player_rushing_yards,Trevor Lawrence,Under,13.5,win,0.0,2026_04_JAX_CIN,0.0,win,0.0,win,,False,True,True
1497e51522a6d125c2cbf2e38abb56a1c80a2c226490f590632be58104c4ae35,nfl,player_receiving_yards,Amon-Ra St. Brown,Under,78.5,win,75.0,2026_04_DET_CAR,75.0,win,75.0,win,,False,True,True
a4bf39daec6bc53dc7cc0a31100e62124aeb1fb8ee20d83d0dfeffdce38f5a91,nfl,player_rushing_yards,Chris Rodriguez,Over,19.5,win,35.0,2026_04_JAX_CIN,35.0,win,35.0,win,,False,True,True
72691219078eac5f5cbe8d60b9ed957993e88a36a03a2ef21140701a69e8ff26,nfl,player_receiving_yards,Isaiah Williams,Under,22.5,loss,73.0,2026_04_NYJ_CHI,73.0,loss,73.0,loss,,False,True,True
d536c7dce16e2ab121b741d7513c72f5d2e5f48a7f654e6f5a704495086db768,nfl,player_receiving_yards,CeeDee Lamb,Over,74.5,win,189.0,2026_04_DAL_HOU,189.0,win,189.0,win,,False,True,True
043fb5e988e919386332a730ef440ee6a805fd081b3b335d5a8a6ab65aa73816,nfl,player_rushing_yards,Tony Pollard,Over,48.5,loss,48.0,2026_04_TEN_BAL,48.0,loss,48.0,loss,,False,True,True
cf18ab8b05277d757a9b7263156ca84410c0f82e5f864d86a9740e1d749d8b12,nfl,player_receiving_yards,Dontayvion Wicks,Under,53.5,win,18.0,2026_04_LA_PHI,18.0,win,18.0,win,,False,True,True
452ec73c13c815dbc65b1c4c309ebd48d9198e38bbe380717069a7935adc3e91,nfl,player_receiving_yards,Dalton Schultz,Over,39.5,loss,9.0,2026_04_DAL_HOU,9.0,loss,9.0,loss,,False,True,True
9dbf8ea7835213a195b5ddc1c187dff3069466ae1b52a6f6f4e8efc9b33d8f5c,nfl,player_rushing_yards,Cam Ward,Under,9.5,loss,27.0,2026_04_TEN_BAL,27.0,loss,27.0,loss,,False,True,True
28d86648d61fab0abed394038cd4384414e96b0fb8800659bfdc366063d0f59d,nfl,player_receptions,Isaiah Williams,Over,2.5,loss,2.0,2026_04_NYJ_CHI,2.0,loss,2.0,loss,,False,True,True
54a12148df4688993e5f93df071150ec7e5b302948d11dbc15040774f82feff4,nfl,player_receiving_yards,Keon Coleman,Over,12.5,win,116.0,2026_04_NE_BUF,116.0,win,116.0,win,,False,True,True
a2c483e869468a0b65cc597142c93c979176c913c70ef9b7304a86a242099ca9,nfl,player_rushing_yards,James Cook (BUF),Over,89.5,loss,75.0,2026_04_NE_BUF,75.0,loss,75.0,loss,,False,True,True
b69b9d384eca8c8132a67895c7d19152437344a0b244fda787cb82c9eb7003b5,nfl,player_rushing_yards,Aaron Jones,Under,65.5,loss,94.0,2026_04_MIA_MIN,94.0,loss,94.0,loss,,False,True,True
fa701f7300eda46e205db9582d2c5e714303db03e3d25c4267cc143854e3824f,nfl,player_receiving_yards,Dalton Schultz,Over,40.5,loss,9.0,2026_04_DAL_HOU,9.0,loss,9.0,loss,,False,True,True
d7c65eb3ad39773416ee40a88f4ced9d8c6960938a00a091f8025f402a4c18ce,nfl,player_rushing_yards,Chris Rodriguez Jr.,Over,20.5,win,35.0,2026_04_JAX_CIN,35.0,win,35.0,win,,False,True,True
9d0a6c0dffaf894b9cf66525d8b38936841cd6896f7586438d0a5ce528ff3089,nfl,player_receiving_yards,Mike Gesicki,Over,27.5,win,40.0,2026_04_JAX_CIN,40.0,win,40.0,win,,False,True,True
7ec07fa82b4caefa8a24de231e41cf5a84220d3b5ac82d3beec561c1e526e7c2,nfl,player_rushing_yards,Tyjae Spears,Under,10.5,win,7.0,2026_04_TEN_BAL,7.0,win,7.0,win,,False,True,True
152c229da35c0d7d667fb878f6bc6de1ef142054f3f4d7689ad8ebe41ba6b89a,nfl,player_receiving_yards,Theo Johnson,Under,3.5,loss,11.0,2026_04_ARI_NYG,11.0,loss,11.0,loss,,False,True,True
c8d21a2440a64f434af5498ed6bd87fb07936a482d51d5d800177a66c8af93a9,nfl,player_rushing_yards,Tony Pollard,Over,50.5,loss,48.0,2026_04_TEN_BAL,48.0,loss,48.0,loss,,False,True,True
38e38dc31cc4d8b58f6372328661cb5bad8d750cca275a208e740e0aa53c265d,nfl,player_receiving_yards,Jakobi Meyers,Under,35.5,win,33.0,2026_04_JAX_CIN,33.0,win,33.0,win,,False,True,True
5ba537a306d886bf23ee2d39df5863ebfe9d5961f4f5ef9cd6dc6e520cf098ad,nfl,player_rushing_yards,Javonte Williams,Under,56.5,loss,62.0,2026_04_DAL_HOU,62.0,loss,62.0,loss,,False,True,True
26e67d2743848b2585fb5f14e889a8e49ecd8fe8d7d8ac8300a1b491f611bf80,nfl,player_passing_yards,Geno Smith,Over,226.5,loss,119.0,2026_04_NYJ_CHI,119.0,loss,119.0,loss,,False,True,True
d0039f6c324e27fc675259c734e9e6d64d794bfe661bfca01a6156637b34a815,nfl,player_receiving_yards,Michael Wilson,Under,56.5,loss,95.0,2026_04_ARI_NYG,95.0,loss,95.0,loss,,False,True,True
c7e1ed0bcbba73f62d7638c4c089e4bd12bcbac507a8d437662ba0cb93b04fc2,nfl,player_rushing_yards,Geno Smith,Under,10.5,win,0.0,2026_04_NYJ_CHI,0.0,win,0.0,win,,False,True,True
a1f53c0b3fa1adedccfb00154f280c2f8bd303e9203c8aa21033624f2ed56e9a,nfl,player_receiving_yards,Elic Ayomanor,Over,19.5,win,22.0,2026_04_TEN_BAL,22.0,win,22.0,win,,False,True,True
eab6b9a44803ad93183e56176ced1922742c1c521a1464cbb09a549e0633bbf8,nfl,player_rushing_yards,Jacoby Brissett,Under,8.5,loss,18.0,2026_04_ARI_NYG,18.0,loss,18.0,loss,,False,True,True
f0fb7e7cc67d64703261327467f1adc8c59d752fcd0285db0a04be8f40e879e7,nfl,player_receiving_yards,Cam Skattebo,Over,17.5,loss,8.0,2026_04_ARI_NYG,8.0,loss,8.0,loss,,False,True,True
fd2f3776fb96aed968831d27b55fd95fd22cd8bad9fa94488418cbd96a8d55d5,nfl,player_rushing_yards,TreVeyon Henderson,Over,40.5,win,42.0,2026_04_NE_BUF,42.0,win,42.0,win,,False,True,True
0b88ee488c68a3a4984882f1479c347a4f393fcec6fe47b586b8432f2cfa1a0f,nfl,player_passing_yards,Jalen Hurts,Over,187.5,loss,93.0,2026_04_LA_PHI,93.0,loss,93.0,loss,,False,True,True
19d0f933d79797c93e495935acc658575e4beaaa2515f77729a861cfa0207abd,nfl,player_receiving_yards,Marvin Harrison Jr.,Under,32.5,win,12.0,2026_04_ARI_NYG,12.0,win,12.0,win,,False,True,True
eb1766a2bb25c3e4b32b272ccfbb3b55d77e1728878a14c315b1ede8506aba69,nfl,player_receiving_yards,Tez Johnson,Over,9.5,win,17.0,2026_04_GB_TB,17.0,win,17.0,win,,False,True,True
23380bdb672002fb79744ddca8860cca92692fae7a229f69da45f75434848408,nfl,player_receptions,Braelon Allen,Under,1.5,loss,2.0,2026_04_NYJ_CHI,2.0,loss,2.0,loss,,False,True,True
064f99c80f27dcbc145312978511acbaa5a5bd6d5da633940986ae78ea441bdf,nfl,player_rushing_yards,Chase Brown,Over,62.5,loss,10.0,2026_04_JAX_CIN,10.0,loss,10.0,loss,,False,True,True
31bd69dd59f66695f7be226af12f3f18e59bac37d0edfa4331f8ef5b511455a6,nfl,player_receiving_yards,Kenneth Walker,Under,20.5,win,2.0,2026_04_KC_LV,2.0,win,2.0,win,,False,True,True
5f050714495ed6ee442e7745fde4c93431dbcc6102a522ec386b59e9acb607bd,nfl,player_receiving_yards,Brian Thomas Jr.,Over,26.5,loss,17.0,2026_04_JAX_CIN,17.0,loss,17.0,loss,,False,True,True
08a27cfc82574f8f0ddc5dfe2301567de225ad6b5bf9c2f74a74ddf207535b2b,nfl,player_receiving_yards,Chuba Hubbard,Over,18.5,loss,7.0,2026_04_DET_CAR,7.0,loss,7.0,loss,,False,True,True
74a18a0d9470372968592af6d0bcd02aa7ae7e47309687e9633974c20e7f3300,nfl,spreads,,Home,4.0,refund,0.0,2026_04_LA_PHI,0.0,refund,0.0,refund,,False,True,True
42cc77aea70893023b3644c599012bbe768a0ef9ec6940c4f066503df8180f4e,nfl,spreads,,Home,-10.5,loss,-5.5,2026_04_MIA_MIN,-5.5,loss,-5.5,loss,,False,True,True
8c50585eddfa669eaedb73979c6ceecdfd821beac1ebe42a32fdffed0081d3c1,nfl,player_receptions,Hunter Henry,Under,2.5,loss,5.0,2026_04_NE_BUF,5.0,loss,5.0,loss,,False,True,True
ccda4867fdf08dac1a9bc6967e5642fbad1ed83e0206d555d28c7725f1d7e493,nfl,player_receptions,Garrett Wilson,Over,6.5,loss,3.0,2026_04_NYJ_CHI,3.0,loss,3.0,loss,,False,True,True
06fb49780af7bb1871c40916cf49715c8cd3a28bb58200b5970ada4762928ded,nfl,player_receptions,Kyle Williams,Under,0.5,win,0.0,2026_04_NE_BUF,0.0,win,0.0,win,,False,True,True
f2a630e16e6a99ab03e731c1be7e885f21b2c7228a39beb54708705b92dd54e3,nfl,player_receptions,Tory Horton,Over,1.5,loss,1.0,2026_04_LAC_SEA,1.0,loss,1.0,loss,,False,True,True
e7db350fd792e5db9b8a03210c30613d2164287a9f707aa9d8419ce1b57f3c5b,nfl,player_receptions,Austin Hooper,Over,1.5,loss,1.0,2026_04_ATL_NO,1.0,loss,1.0,loss,,False,True,True
55e68b1b7074a9d303713e368bfd0e2a2a7f7c7e66e80a6015c64be7cc324ff6,nfl,player_receptions,Colston Loveland,Under,1.5,loss,6.0,2026_04_NYJ_CHI,6.0,loss,6.0,loss,,False,True,True
aadd0e8ffdcf876c1ea39dc99d6775e60d3bba8b42e9d3cb8c0aec1bc03bb8ce,nfl,player_receptions,DJ Moore,Under,1.5,win,1.0,2026_04_NE_BUF,1.0,win,1.0,win,,False,True,True
84fbd9be75ba0108ec25632c1045d136fc02d9a13e0566f0990df874265ed860,ncaa,spreads,,Away,2.5,loss,4.5,401869842,4.5,loss,,,,False,True,
64b5b87f4f74b7493d2989b1c42fe7ce71be3a0b2d2750727e315703272c3c6f,ncaa,spreads,,Away,4.0,loss,1.0,401866434,1.0,loss,,,,False,True,
b9b82e1de6c2951d8997495beaf36e2c5473cf1f477caba8d23647da366842b7,ncaa,totals,,Under,55.5,loss,62.0,401869962,62.0,loss,,,,False,True,
cba786c1ac7e56cf13be599471ac9db437fba8abb595a50c68a6cfa729ae77ed,ncaa,totals,,Over,45.5,win,47.0,401858476,47.0,win,,,,False,True,
3964a86ff784cc31e82e648a88ddbbe228070a3af922b2144699d85bb5efd0dc,ncaa,spreads,,Home,22.0,win,11.0,401858250,11.0,win,,,,False,True,
e92fc2ab8982cf19a31714b348b6d39b755f14271d4468e2faf8ef3c5c4c4421,ncaa,spreads,,Home,-2.5,win,0.5,401856822,0.5,win,,,,False,True,
c788468a2bac5122e57b48cad89d0443939ac80d02c374388b6541003cc1288a,ncaa,totals,,Under,55.5,win,41.0,401858246,41.0,win,,,,False,True,
14a68d5359b7ff1c9596d7340513049ac57bca623d1ba0e1fad4a277216c2147,ncaa,totals,,Under,61.5,loss,82.0,401860899,82.0,loss,,,,False,True,
d870284e8d956d542310cf8c96072664c009ebe217e163da7bbb89ce8e4ce362,ncaa,totals,,Over,53.0,win,60.0,401858251,60.0,win,,,,False,True,
01c715cc5f051ef461760c187971b0d1d3225cbc7800a79f2a66567f8b90b2b8,ncaa,spreads,,Home,5.5,loss,-27.5,401856707,-27.5,loss,,,,False,True,
1c0fb8cc666f2d5f7db7c6d4b937f19ec34820a7d31280533272d52e4bd909f8,ncaa,spreads,,Away,-3.0,win,-7.0,401864513,-7.0,win,,,,False,True,
164a041481dcd802a2bc6ce720107ed42eb5f01403415d755dc73aff642a173d,ncaa,totals,,Under,55.0,loss,68.0,401858245,68.0,loss,,,,False,True,
d835f4407afc802377cc1c6533ec900a148c913debee2a58cddf6e8e2ecc7143,ncaa,spreads,,Away,7.0,win,-9.0,401871050,-9.0,win,,,,False,True,
a59b657478915250b4566a6a6aa8e43ca5b5f4f5f1202ed722aadae617249e12,ncaa,totals,,Over,45.5,win,47.0,401858476,47.0,win,,,,False,True,
1ce6d37e486202fddf2d1a9c0e604af8d8f9dadca7e677fc7e259271b2b93ef2,ncaa,spreads,,Away,2.5,loss,23.5,401858476,23.5,loss,,,,False,True,
72240d4941d615379e3ce266bebb82b9f3d885883f88bcf2d6301ff08c301148,ncaa,totals,,Over,49.5,loss,44.0,401871050,44.0,loss,,,,False,True,
4b2afd0ba6271b263a89c586e38383250197013b37ba0dc39bdf14a7f9e1cb3a,ncaa,h2h,,Away,0.0,win,-2.0,401858245,-2.0,win,,,,False,True,
db71a4108b2d6d78aba6fde3089fbc5f094bfdc7228a844bb83f2c5eb324e18a,ncaa,spreads,,Away,-2.5,win,-4.5,401858245,-4.5,win,,,,False,True,
ee3d9c61c403866b9baa8fe576b9ac0ec239a850e7b91dbc3c1a174df472ef4e,ncaa,h2h,,Away,0.0,loss,21.0,401858476,21.0,loss,,,,False,True,
f08302c162f6347250ede30a7d984592679d5e1629ef8f8e36bbcdf23cd59363,ncaa,totals,,Under,50.5,win,44.0,401871050,44.0,win,,,,False,True,
95013651f0cc01210501b21b2f4bf22caf79f183c6167b4c58b2deeca7255c8a,ncaa,spreads,,Home,3.0,win,24.0,401858476,24.0,win,,,,False,True,
a7ec948ae07011714316978503fe8b091660c7528ad9bc231bd75a8870901fc3,ncaa,totals,,Under,46.0,loss,47.0,401858476,47.0,loss,,,,False,True,
9d4541715c2d05f36c3bbc17d5a67a0b331295401f83da1f6c69ecdb4447d495,ncaa,h2h,,Home,0.0,loss,-16.0,401871050,-16.0,loss,,,,False,True,
ccae08240403a666d5695b68c0adab4209b0dc494c4d9f50f43fe0cbb15eabcf,ncaa,totals,,Over,54.5,win,68.0,401858245,68.0,win,,,,False,True,
080a13eea7511be4c32a22f95c3b0c4eb62a5a9a1fe70eac6a3be02ed808c3ae,ncaa,h2h,,Home,0.0,loss,-2.0,401858245,-2.0,loss,,,,False,True,
4c935221b152248d8ff9cab1b2b154b704df8c43bcfa842e9f7939a7850b8f13,ncaa,spreads,,Home,-2.0,loss,-4.0,401858245,-4.0,loss,,,,False,True,
479e7a9e7f458767342f393a971ea652e209a6a8ca5ff1139a41096a61962180,ncaa,h2h,,Away,0.0,win,-16.0,401871050,-16.0,win,,,,False,True,
81c72ff5cc77629f8df4be68c22c7695567a2b009461d74d7987c089fa079fb4,ncaa,h2h,,Home,0.0,win,21.0,401858476,21.0,win,,,,False,True,
ede97671cf1329b7f6bca5547c17e9694d47bb9b4db2c8b30374af660ab1dc17,ncaa,spreads,,Home,7.0,loss,-9.0,401871050,-9.0,loss,,,,False,True,
3a852c1ab67768f655642fb75d8a23c125cbabc501a08d5e9b63de67c328fc82,nfl,player_passing_yards,Bryce Young,Over,239.5,win,329.0,2026_04_DET_CAR,329.0,win,329.0,win,,False,True,True
75d124a2aa6f52a56c256cc5008054f99273c183cee04cdd12c0b3bacd2d69bc,nfl,player_receptions,Brock Wright,Over,0.5,win,1.0,2026_04_DET_CAR,1.0,win,1.0,win,,False,True,True
56e5d63ef0482b530627ba4109d8beec02fe61e814c049827414870c2c380243,nfl,player_passing_yards,Michael Penix,Over,230.5,loss,223.0,2026_04_ATL_NO,223.0,loss,223.0,loss,,False,True,True
10974b4970d56c83193c9974e0542b17a112d8141b3aef93447fd43a7496f830,nfl,player_receiving_yards,Amon-Ra St. Brown,Under,76.5,win,75.0,2026_04_DET_CAR,75.0,win,75.0,win,,False,True,True
006ba221a43eeb6fe876e95b5e35231ed4fd98559059410f3ed9ee9007c63eae,nfl,player_receptions,Darren Waller,Under,3.5,win,3.0,2026_04_DET_CAR,3.0,win,3.0,win,,False,True,True
a627b92d6fb42cc0e52bbcfebba1bcfc5385155204e4b55d58a1898dadd73052,nfl,player_receiving_yards,Brock Wright,Under,4.5,loss,8.0,2026_04_DET_CAR,8.0,loss,8.0,loss,,False,True,True
7bc61790f9df052a6ac88df2f75c2187e0572c8ac8858042e28045d844711ca4,nfl,player_rushing_yards,Bijan Robinson,Over,89.5,win,145.0,2026_04_ATL_NO,145.0,win,145.0,win,,False,True,True
e908d09b76b3eef458e60d5aac3a670e758a7bdeaf528e340e55f0c9bf618cfe,nfl,player_receiving_yards,Tommy Tremble,Over,14.5,loss,12.0,2026_04_DET_CAR,12.0,loss,12.0,loss,,False,True,True
5d3417bdd4b1cd1e65d7165ef99f517fc84513576f2cb41d5e3d7dc5fe1dd552,nfl,player_passing_yards,Jared Goff,Over,257.5,win,412.0,2026_04_DET_CAR,412.0,win,412.0,win,,False,True,True
4fab5c658ac01acf1c02ce27f7c46905ade114faf7929800c6d33eaa3072aeff,nfl,player_receiving_yards,Jameson Williams,Under,48.5,loss,102.0,2026_04_DET_CAR,102.0,loss,102.0,loss,,False,True,True
da7787210c07cc01a634686b0abd3fd36b5a22a8da3d6bf49ed75cf32de4dbd3,nfl,player_receiving_yards,Darren Waller,Over,32.5,win,36.0,2026_04_DET_CAR,36.0,win,36.0,win,,False,True,True
fef5fa657d408e45b0eff895e5e256ea525d627e20de015edd951ca161d5c540,nfl,h2h,,Home,0.0,loss,-21.0,2026_04_ATL_NO,-21.0,loss,-21.0,loss,,False,True,True
50b2b2b8679bb88d3bd08b040d725c0592acf15d7fd559199529d769e568234b,nfl,player_rushing_yards,A.J. Dillon,Over,12.5,loss,2.0,2026_04_DET_CAR,2.0,loss,2.0,loss,,False,True,True
78a842eeee9f88703c85b6fafff597feade559c6d284661d4a1094b61291f195,nfl,player_receptions,Sam LaPorta,Over,4.5,win,8.0,2026_04_DET_CAR,8.0,win,8.0,win,,False,True,True
4fa3c39a294d60bac804f7019e6fdf7b114fee29932ab189aaaabd9168279265,nfl,player_receptions,Olamide Zaccheaus,Over,1.5,loss,0.0,2026_04_ATL_NO,0.0,loss,0.0,loss,,False,True,True
ba1506548b0252b39694c20620967f8cc8a651613dee428b2019877d000185b5,nfl,spreads,,Home,4.0,win,10.0,2026_04_DET_CAR,10.0,win,10.0,win,,False,True,True
340dd49c579b873b9e6ad1d2ce2ac5e472660974c60aa7981d9baba2ac51e9a9,nfl,player_receiving_yards,Isaac TeSlaa,Over,17.5,win,95.0,2026_04_DET_CAR,95.0,win,95.0,win,,False,True,True
e25db87be5102e00965af03cb7e97c6f8044e20fb63b561dd8e772c09fdb926f,nfl,player_passing_tds,Bryce Young,Over,1.5,win,2.0,2026_04_DET_CAR,2.0,win,2.0,win,,False,True,True
eb640f4cb4eb7e0921a952c3394dd52b3ed731305eeac0be24f9995a0f40589d,nfl,player_receiving_yards,Amon-Ra St. Brown,Under,76.5,win,75.0,2026_04_DET_CAR,75.0,win,75.0,win,,False,True,True
4f95782d694ed917b53c956dd3c1cdacc72c1f2b091fa9888ae1f34e539e428c,nfl,player_receiving_yards,Brock Wright,Under,4.5,loss,8.0,2026_04_DET_CAR,8.0,loss,8.0,loss,,False,True,True
a6cb3ac88fdf6a14784e3fc3f97fb1cb37201ff561b6f06be27160c4ac703880,nfl,player_rushing_yards,Sione Vaki,Under,11.5,win,0.0,2026_04_DET_CAR,0.0,win,0.0,win,,False,True,True
d145603a108e8dd9b68cb8b14ae9420b9194e8e13aeb61b80c98fb6ab748a747,nfl,player_receiving_yards,Jameson Williams,Under,51.5,loss,102.0,2026_04_DET_CAR,102.0,loss,102.0,loss,,False,True,True
db1615e01f0704e5717face087a88fb9472a6cfb16e5d393c151bb306072627f,nfl,player_passing_tds,Jared Goff,Over,1.5,loss,1.0,2026_04_DET_CAR,1.0,loss,1.0,loss,,False,True,True
162bf8278f0358592e0d5aa6383455e75ce2c072ca53d1a1d4f7b6849ca2ae04,nfl,player_receptions,Brock Wright,Over,0.5,win,1.0,2026_04_DET_CAR,1.0,win,1.0,win,,False,True,True
1e5610cc2fc97c75b326ebec765212ae7aea5d2c34de54efdb89124d5d19fa9b,nfl,player_receptions,Darren Waller,Under,3.5,win,3.0,2026_04_DET_CAR,3.0,win,3.0,win,,False,True,True
78532b65bfc1b1c58e2607229345e7dd26e8f9b126f09fb09b1bc7b55b7c8f7c,nfl,player_receiving_yards,Chuba Hubbard,Over,19.5,loss,7.0,2026_04_DET_CAR,7.0,loss,7.0,loss,,False,True,True
5053b272d9179e300dc65e12d9f5bdc9c2c6b003a0c7f40ee3f60e15c3506283,nfl,player_receptions,Sam LaPorta,Over,4.5,win,8.0,2026_04_DET_CAR,8.0,win,8.0,win,,False,True,True
6b40da47c97554b27a50085e9aa392d9b24b75c74a39e4f6e6bfeee6df2518b1,nfl,player_receiving_yards,Darren Waller,Over,32.5,win,36.0,2026_04_DET_CAR,36.0,win,36.0,win,,False,True,True
041caf47b27dff19728fa8267df800b217da642bf868563dfb1566d2161564e9,nfl,player_rushing_yards,A.J. Dillon,Over,12.5,loss,2.0,2026_04_DET_CAR,2.0,loss,2.0,loss,,False,True,True
a613e4fbdf7435677ba037e496a49fe65ddba29be5a140dd74fcb61833f3f350,nfl,player_receptions,Tommy Tremble,Over,1.5,win,4.0,2026_04_DET_CAR,4.0,win,4.0,win,,False,True,True
d5359622c4e2016c9dc9939acadc5c544256e8864f00eaff80eb804d53b677de,nfl,player_receptions,Amon-Ra St. Brown,Over,6.5,win,8.0,2026_04_DET_CAR,8.0,win,8.0,win,,False,True,True
954616b7a239915c2ee1087bf78f16ed958c407fc2779bf7b89210d44bb774e9,nfl,atd,Darren Waller,Yes,0.5,loss,0.0,2026_04_DET_CAR,0.0,loss,0.0,loss,0.0,False,True,True
afd6f233bf3c6b772ba71313ccaedaafa280e991024f6541335e9c8f0cdb3ebd,nfl,atd,Amon-Ra St. Brown,Yes,0.5,loss,0.0,2026_04_DET_CAR,0.0,loss,0.0,loss,0.0,False,True,True
f537d19828cab19ceef994094200331461083cbd8a5f940d182d797f825d2b73,nfl,player_rushing_yards,Chuba Hubbard,Under,66.5,loss,122.0,2026_04_DET_CAR,122.0,loss,122.0,loss,,False,True,True
5292c2b7da6033df99375fc88331b232f1cb03c78a32cf6df915e79d3c78186a,nfl,atd,Bryce Young,Yes,0.5,loss,0.0,2026_04_DET_CAR,0.0,loss,0.0,loss,0.0,False,True,True
689eb47778598d2b59ab340d636375799d8eceefb62443f535d0ac760d6d1381,nfl,player_receiving_yards,Jahmyr Gibbs,Over,35.5,loss,31.0,2026_04_DET_CAR,31.0,loss,31.0,loss,,False,True,True
16b4248e3c7677498a71a33f687a4659019e5f125ed3e3da2e636ae9dab1a098,nfl,h2h,,Home,0.0,win,6.0,2026_04_DET_CAR,6.0,win,6.0,win,,False,True,True
122e08e283b583284eeb1fe3020353c4375e38e20bf66f67896e769d9ab03b40,nfl,player_receptions,Jahmyr Gibbs,Over,4.5,loss,4.0,2026_04_DET_CAR,4.0,loss,4.0,loss,,False,True,True
08e61ae72172ec9eec2ce9c070b441c2d32afe29394ae9f46c4c7464efff1964,nfl,totals,,Over,51.0,win,58.0,2026_04_DET_CAR,58.0,win,58.0,win,,False,True,True
ec5432348abeb9515bf1f1837ea9a44c214c71b779d79e2bef5ca6370bc45077,nfl,player_passing_yards,Bryce Young,Over,245.5,win,329.0,2026_04_DET_CAR,329.0,win,329.0,win,,False,True,True
d6194fccbfcd00687de043102c76ce0b1f3d15dc9e107bec1b143c9bdeb38958,nfl,player_receiving_yards,Tommy Tremble,Over,14.5,loss,12.0,2026_04_DET_CAR,12.0,loss,12.0,loss,,False,True,True
b61847a34331c389b39175c453f6d676f83dd71a84e50c9e71780e9ba473a31b,nfl,player_rushing_yards,Jahmyr Gibbs,Under,94.5,win,46.0,2026_04_DET_CAR,46.0,win,46.0,win,,False,True,True
87a3b251bcf61d22b602c91362424106ce3eaa5ce923b7d77be6c534c05a1c01,nfl,player_passing_yards,Jared Goff,Over,257.5,win,412.0,2026_04_DET_CAR,412.0,win,412.0,win,,False,True,True
dbddf70e89246129fc4b375461cf58c67af06c0c9b87ae5620abe0cfa3ac6072,nfl,atd,Jahmyr Gibbs,Yes,0.5,win,1.0,2026_04_DET_CAR,1.0,win,1.0,win,0.0,False,True,True
a4cba0154f61a35b8dc986a3a21fff5dc05e52cedf39c87905cab531bc6439cd,nfl,player_receiving_yards,Sam LaPorta,Over,48.5,win,84.0,2026_04_DET_CAR,84.0,win,84.0,win,,False,True,True
b23ea75e5396d3acbeb95e11c661170e1a72c4998de47c2da6bac8f54968921c,nfl,player_receptions,Chuba Hubbard,Under,2.5,win,1.0,2026_04_DET_CAR,1.0,win,1.0,win,,False,True,True
0535251e97fe1f3b628dbd8bb9a0910e34090212c99ea9754625293ee74f17f3,nfl,atd,Chuba Hubbard,Yes,0.5,win,2.0,2026_04_DET_CAR,2.0,win,1.0,win,0.0,False,True,True
a3423592ce74c391d91f961cd8c61e6a0d9fe2ab3869e148428577ebd1d6e349,nfl,player_receptions,Jameson Williams,Over,3.5,win,6.0,2026_04_DET_CAR,6.0,win,6.0,win,,False,True,True
444572e4aa0d9fd10c72f9a4a0724886a9c36d6bb257c5c5a893048854728bb4,nfl,player_receiving_yards,Chuba Hubbard,Under,18.5,win,7.0,2026_04_DET_CAR,7.0,win,7.0,win,,False,True,True
98aa691af6dd920a16b357b2b4e78ba87728e4628ff14f0674f9c99e208d46a6,nfl,player_receptions,Isaac TeSlaa,Over,1.5,win,4.0,2026_04_DET_CAR,4.0,win,4.0,win,,False,True,True
c051449aef48289cd99ee6fbefdd402ca096fed42499861cffceddbdf43d6966,nfl,player_receptions,Isaac TeSlaa,Under,1.5,loss,4.0,2026_04_DET_CAR,4.0,loss,4.0,loss,,False,True,True
f63956b444839a608967528f0bf3242f0b44ff25bd13a25de17a0196fa0a7cc8,nfl,player_receptions,Jameson Williams,Under,3.5,loss,6.0,2026_04_DET_CAR,6.0,loss,6.0,loss,,False,True,True
65baee96ac1d2cd10f4ce7c3b904a4e8a5b5bbbe0430841d3a107b3eac702be5,nfl,player_receptions,Sam LaPorta,Under,4.5,loss,8.0,2026_04_DET_CAR,8.0,loss,8.0,loss,,False,True,True
5b9ce3887c5e5319708272ea3946b9ff767c2db605a9ea372e2e036ee27b5585,nfl,player_receptions,Chuba Hubbard,Over,2.5,loss,1.0,2026_04_DET_CAR,1.0,loss,1.0,loss,,False,True,True
cee8ee1a13b97220b6a551e19c2241b30f3e27aff69f7056385ebeb2ab454f22,nfl,player_receptions,Darren Waller,Over,3.5,loss,3.0,2026_04_DET_CAR,3.0,loss,3.0,loss,,False,True,True
159c7bbf41786404bea6665b84c6d231b331f1f8c4b91e9b40b1470c146088f6,nfl,player_rushing_yards,A.J. Dillon,Under,12.5,win,2.0,2026_04_DET_CAR,2.0,win,2.0,win,,False,True,True
b79ab9a3b4552516fff3c953ad9aac6dd0a55a65dded8028efc4c801818faca8,nfl,player_receiving_yards,Darren Waller,Under,30.5,loss,36.0,2026_04_DET_CAR,36.0,loss,36.0,loss,,False,True,True
e413025224b1708a68397a7553c00a8bb3c6a6526a74e851a0c0b9d9bb397c0d,nfl,player_receptions,Amon-Ra St. Brown,Under,7.5,loss,8.0,2026_04_DET_CAR,8.0,loss,8.0,loss,,False,True,True
b15b1f36c471d7dfba595ec6a7d019b5511a708f0e297a0dc4c5d737e4656f26,nfl,player_receptions,Tommy Tremble,Under,1.5,loss,4.0,2026_04_DET_CAR,4.0,loss,4.0,loss,,False,True,True
fd1b75bf4af2c7afdf12fd16e3866cb3fb5122a93086467d308e26c7d2621533,nfl,player_rushing_yards,Jahmyr Gibbs,Over,94.5,loss,46.0,2026_04_DET_CAR,46.0,loss,46.0,loss,,False,True,True
cd49196f9f36c8c802ffd30d1d9c1d283813bba37d382accd52465388e66f2a3,nfl,player_passing_tds,Bryce Young,Under,1.5,loss,2.0,2026_04_DET_CAR,2.0,loss,2.0,loss,,False,True,True
8cade7f68faee68775b0ced11ac6c853ecb637bf08d3acf147892fbf9c18033c,nfl,player_receiving_yards,Amon-Ra St. Brown,Over,75.5,loss,75.0,2026_04_DET_CAR,75.0,loss,75.0,loss,,False,True,True
01b86468b59bcd47f9d9cd5031ebcb097dce266a5aab36bc5572ac2bfa47a5ec,nfl,h2h,,Away,0.0,loss,6.0,2026_04_DET_CAR,6.0,loss,6.0,loss,,False,True,True
3a07ab86b6a152c778e5b65ef459f6b6a735d28dc0ae103205d898c906fd8439,nfl,player_rushing_yards,Sione Vaki,Over,10.5,loss,0.0,2026_04_DET_CAR,0.0,loss,0.0,loss,,False,True,True
ce84dfa6a3e784b06f921fc8225fe696d620375d731243ef1230407b47302ffb,nfl,spreads,,Away,3.5,loss,9.5,2026_04_DET_CAR,9.5,loss,9.5,loss,,False,True,True
09f6870199b74694f0bbf6d266686731fee9f7f323854ca498adbc016bf06a8a,nfl,player_receiving_yards,Brock Wright,Over,4.5,win,8.0,2026_04_DET_CAR,8.0,win,8.0,win,,False,True,True
72a8c1a2c8ac8846f19a23b18e60c0b22f803b3778668fae1f0e36e5d5b2a1cd,nfl,player_passing_tds,Jared Goff,Under,1.5,win,1.0,2026_04_DET_CAR,1.0,win,1.0,win,,False,True,True
bdb2841794c4c31a696c53585629ea5b647ee1d2684e282702e8a5f44cb41b85,nfl,totals,,Under,51.5,loss,58.0,2026_04_DET_CAR,58.0,loss,58.0,loss,,False,True,True
bbdf938ab47a3dbce524dacdefda34d882a301751a4c27f339a491520290d6bd,nfl,player_receptions,Jahmyr Gibbs,Under,4.5,win,4.0,2026_04_DET_CAR,4.0,win,4.0,win,,False,True,True
18940e6cad63c70697c295396c59dc81dfe84208c0f0ae423aee71518cdd54c4,nfl,player_receiving_yards,Tetairoa McMillan,Over,72.5,win,192.0,2026_04_DET_CAR,192.0,win,192.0,win,,False,True,True
f5364ef8f0decbb265388fda7fb2a422630225508d7744959b22d533320e49d9,nfl,player_receptions,Tetairoa McMillan,Over,5.5,win,14.0,2026_04_DET_CAR,14.0,win,14.0,win,,False,True,True
5adab633530e3df19b1bf6c0b3804158b19c1e479fffe666c9fe189dcac9535b,nfl,atd,David Moore,Yes,0.5,loss,0.0,2026_04_DET_CAR,0.0,loss,0.0,loss,0.0,False,True,True
4e6e33a63f1acfc10d9c0e42e19ff99be991ad7fad09b9568c45a0692fefbcf0,nfl,player_receiving_yards,Jahmyr Gibbs,Under,36.5,win,31.0,2026_04_DET_CAR,31.0,win,31.0,win,,False,True,True
92a54cd7c8dbd298ca9e94f4e1b149df721084a27d06e0709f66f5d73044916d,nfl,player_rushing_yards,Chuba Hubbard,Over,66.5,win,122.0,2026_04_DET_CAR,122.0,win,122.0,win,,False,True,True
c036499148242e5543451f7cecadb397fe123f90eaff29dea8bac6477f53e73c,nfl,player_rushing_yards,Bryce Young,Over,14.5,loss,3.0,2026_04_DET_CAR,3.0,loss,3.0,loss,,False,True,True
ae2e8d632238364c4a239fa6e5573af495ff6fa4534f2a8d2db50533dde4a907,nfl,atd,Brock Wright,Yes,0.5,loss,0.0,2026_04_DET_CAR,0.0,loss,0.0,loss,0.0,False,True,True
41dea6233344d9e61558ee5ba843ff7a0959a0338dab0fc4b30cb75da728d787,nfl,atd,John Metchie,Yes,0.5,loss,0.0,2026_04_DET_CAR,0.0,loss,0.0,loss,0.0,False,True,True
9d30e1e1e4204bdf3723287c7d925f6cb688f25129b765b2b2b2b84ee4a9ccfb,nfl,player_receptions,Brycen Tremayne,Under,2.5,win,2.0,2026_04_DET_CAR,2.0,win,2.0,win,,False,True,True
6c8f094e2fc8cde36e02e006d8fe3ec2afea1e2dd324ab47790acb876cf869d1,nfl,player_receptions,Tetairoa McMillan,Under,5.5,loss,14.0,2026_04_DET_CAR,14.0,loss,14.0,loss,,False,True,True
d858d2269e43c2e68bb2998d5d85d7e6e0b143f16b4992ac1d65409762e6f723,nfl,player_rushing_yards,Bryce Young,Under,12.5,win,3.0,2026_04_DET_CAR,3.0,win,3.0,win,,False,True,True
284a27ee17814677d6a6cb06f51420abd6c061dc2c7b41c27267f2e0e1a242bc,nfl,player_rushing_yards,Jared Goff,Over,1.5,loss,0.0,2026_04_DET_CAR,0.0,loss,0.0,loss,,False,True,True
629c4bbd1994f79510455e0711648a71a6bc9ea1ff1a285edbbf0ad0685703b5,nfl,player_receiving_yards,Brycen Tremayne,Under,33.5,win,32.0,2026_04_DET_CAR,32.0,win,32.0,win,,False,True,True
aaf9e1c46b947ed26c405b7b4b12af182049b873eeefbae707be285970ad95f5,nfl,player_receiving_yards,Tetairoa McMillan,Under,72.5,loss,192.0,2026_04_DET_CAR,192.0,loss,192.0,loss,,False,True,True
417c1d2de57f78efbe2d0478d38cf74ca5ef8e8bc8439eccaa7ecda7fcfe8473,nfl,player_rushing_yards,Jared Goff,Under,1.5,win,0.0,2026_04_DET_CAR,0.0,win,0.0,win,,False,True,True
49b77b7a03de8f9658318a4e3caad2a2779f202affd9de7bc4a6c5f02bfd1ac1,nfl,player_receiving_yards,Sam LaPorta,Under,48.5,loss,84.0,2026_04_DET_CAR,84.0,loss,84.0,loss,,False,True,True
fc96c802615ea10e3bd69847956db279bd547e52e7fcf06f89739149491b0df3,nfl,player_passing_yards,Jared Goff,Under,255.5,loss,412.0,2026_04_DET_CAR,412.0,loss,412.0,loss,,False,True,True
c61352a412f3fcb673fdb7c8fc99f973999dc2c68df768bb5ee9ff7ae89d9b95,nfl,player_receiving_yards,Jameson Williams,Over,48.5,win,102.0,2026_04_DET_CAR,102.0,win,102.0,win,,False,True,True
7eabea234c282af5857e5c0c0e7dc364cc6e720b44f7d43c6d52617531cf5c7c,nfl,atd,Sam LaPorta,Yes,0.5,win,1.0,2026_04_DET_CAR,1.0,win,1.0,win,0.0,False,True,True
def445446a46440442f875f29805d565c9f34b7805df316a20cf886d4355d9e3,nfl,player_receiving_yards,Tommy Tremble,Under,13.5,win,12.0,2026_04_DET_CAR,12.0,win,12.0,win,,False,True,True
8fb7fa98ed5d003e2edccfc7c2dfd5f9d3890b3bb78ec0f2b4e57cf6f11fda5c,nfl,player_receptions,Brock Wright,Under,0.5,loss,1.0,2026_04_DET_CAR,1.0,loss,1.0,loss,,False,True,True
f61fe46ebdf3fc18dd0b2a417223acd7039bf40c91b97ef11efb0c6cf021e224,nfl,player_receiving_yards,Isaac TeSlaa,Under,17.5,loss,95.0,2026_04_DET_CAR,95.0,loss,95.0,loss,,False,True,True
2f517ae5d192b68ce6e5917449103a57a558e7ecc1feda3b2132e196dd74f34f,nfl,player_passing_yards,Bryce Young,Under,242.5,loss,329.0,2026_04_DET_CAR,329.0,loss,329.0,loss,,False,True,True
1b759bcbc42f82c94c32518782eb6a25501b9b4e7469d237c03b231dc8cea6b0,nfl,player_receiving_yards,Brycen Tremayne,Over,33.5,loss,32.0,2026_04_DET_CAR,32.0,loss,32.0,loss,,False,True,True
f1d765025b67e976937cb8e84bb3b1e52b89a0f134447163c5494124ff27b5eb,nfl,atd,Isaac TeSlaa,Yes,0.5,loss,0.0,2026_04_DET_CAR,0.0,loss,0.0,loss,0.0,False,True,True
bda0b502a83aa4526fb78eb55d459f36fb167f468a0999ad426f516e14febc8a,nfl,atd,Jameson Williams,Yes,0.5,loss,0.0,2026_04_DET_CAR,0.0,loss,0.0,loss,0.0,False,True,True
78afe07e9bde6d20940a399cd49e8aeb58f8504c0c7dfcdaa0e474089262ebb4,nfl,player_receptions,Brycen Tremayne,Over,2.5,loss,2.0,2026_04_DET_CAR,2.0,loss,2.0,loss,,False,True,True
27224586cffaba1acf81f623eb9d0be78688703d7ff12638d462243f7512c8d2,nfl,atd,Tetairoa McMillan,Yes,0.5,win,2.0,2026_04_DET_CAR,2.0,win,1.0,win,0.0,False,True,True
46911b209c1669a96f70890d3254e34577020c5ec6834252290e68e559164cbe,nfl,atd,Tommy Tremble,Yes,0.5,loss,0.0,2026_04_DET_CAR,0.0,loss,0.0,loss,0.0,False,True,True
f453b52dd4ece19b2348f7f0dbca8831a29787e7de7835b972859f1c5e0b3ce5,nfl,player_receptions,Mitchell Evans,Over,0.5,win,1.0,2026_04_DET_CAR,1.0,win,1.0,win,,False,True,True
37726b5b23eacf3850b5f2f59f534f3fa5a62014129d76eca0e8c35f5d5d8dd0,nfl,player_receptions,A.J. Dillon,Under,0.5,loss,1.0,2026_04_DET_CAR,1.0,loss,1.0,loss,,False,True,True
71612b20964d0da3229d2a44c3baa6b35980511fd88d4dae3e1b8917cc11872d,nfl,player_passing_yards,Bryce Young,Over,243.5,win,329.0,2026_04_DET_CAR,329.0,win,329.0,win,,False,True,True
4de6ff937be8f5c95b198e92401fc9042272b9049182454fb6980d2c1937c4c4,nfl,player_receiving_yards,Brock Wright,Under,5.5,loss,8.0,2026_04_DET_CAR,8.0,loss,8.0,loss,,False,True,True
fbb573e718614a39a2a3e0199275ffec5a2e4a4a990163b2b3f855ef50500526,nfl,spreads,,Home,4.5,win,10.5,2026_04_DET_CAR,10.5,win,10.5,win,,False,True,True
7f954c7730cb287f1fad58e361891a8531ce8d18224790e00101e5b119bdf6bc,nfl,player_receiving_yards,Isaac TeSlaa,Over,17.5,win,95.0,2026_04_DET_CAR,95.0,win,95.0,win,,False,True,True
29041f3d1e1d3b9a2243ad5def2b2a53eefe1472f1a110b7da546872e24f8963,nfl,player_receiving_yards,Amon-Ra St. Brown,Under,76.5,win,75.0,2026_04_DET_CAR,75.0,win,75.0,win,,False,True,True
ee8dca46aeedba01d55be258bc0e5c317c8aaaf1050fcb931c7487a26dd44b47,nfl,player_receiving_yards,Tommy Tremble,Over,13.5,loss,12.0,2026_04_DET_CAR,12.0,loss,12.0,loss,,False,True,True
d7f127471120908cb72e4cc90a1257a14bfd93200859a6eeb790fd4f48bfeb99,nfl,player_rushing_yards,Sione Vaki,Under,10.5,win,0.0,2026_04_DET_CAR,0.0,win,0.0,win,,False,True,True
452c1bfc43d10fd14fe787efd3176f8e82a02b86c4bd46daa025c4e68341630f,nfl,player_receiving_yards,Jameson Williams,Under,51.5,loss,102.0,2026_04_DET_CAR,102.0,loss,102.0,loss,,False,True,True
0610b638eae22ff9642de3838901aa2ea354a405282b990ba2ac6c5d07cea2da,nfl,player_receiving_yards,Isaac TeSlaa,Over,18.5,win,95.0,2026_04_DET_CAR,95.0,win,95.0,win,,False,True,True
065e949dd5291ffd99c42c8cfcbbdf701a6f045792efa172acb47bca52dbaa14,nfl,player_rushing_yards,Jahmyr Gibbs,Under,95.5,win,46.0,2026_04_DET_CAR,46.0,win,46.0,win,,False,True,True
38fec15f9a65cafc1e7a4e3f9926c77a8a965c4389e904ee88719890c49097cd,nfl,player_rushing_yards,Tyler Shough,Over,16.5,loss,5.0,2026_04_ATL_NO,5.0,loss,5.0,loss,,False,True,True
5cef53b6b534ed23f820a1b1412354c52908c46d5d07d25adc1e9ac3e6a93d6b,nfl,player_receiving_yards,Drake London,Under,80.5,loss,96.0,2026_04_ATL_NO,96.0,loss,96.0,loss,,False,True,True
26387f4f70267d85f3b76d0759f37821e2f93c565f4590e05de168cdc5e7295d,nfl,player_receiving_yards,Darren Waller,Under,37.5,win,36.0,2026_04_DET_CAR,36.0,win,36.0,win,,False,True,True
57888fee2e08a4eb4521b6b08c5ed48082c4554826f987819030b692afee6c80,nfl,player_rushing_yards,A.J. Dillon,Over,11.5,loss,2.0,2026_04_DET_CAR,2.0,loss,2.0,loss,,False,True,True
4ccaa8253b0996955e38da8498aa65164278c0bdea973c7649c6559e9470a508,nfl,player_receiving_yards,Brock Wright,Over,2.5,win,8.0,2026_04_DET_CAR,8.0,win,8.0,win,,False,True,True
6fa0036950997d3c201f1f98da3df1fd0a757cd9cabb5015fd3bd7e8feac25c4,nfl,spreads,,Home,4.5,win,10.5,2026_04_DET_CAR,10.5,win,10.5,win,,False,True,True
2b599e93642603f3f463100fc416c7cf2c8c18effd2ccc6559afedc9b987a043,nfl,player_receptions,Mitchell Evans,Over,0.5,win,1.0,2026_04_DET_CAR,1.0,win,1.0,win,,False,True,True
739ba48cd193720e5d861725a023b8091ea34f7d035c21c14293e7ffdf7db36d,nfl,player_receiving_yards,Amon-Ra St. Brown,Under,78.5,win,75.0,2026_04_DET_CAR,75.0,win,75.0,win,,False,True,True
6fb6b05de658a398aef20e0f6f75f45c524338ab552cd60443a9e1706cf8564f,nfl,player_receiving_yards,Isaac TeSlaa,Over,17.5,win,95.0,2026_04_DET_CAR,95.0,win,95.0,win,,False,True,True
fa2b913afee472d127c09f7bfad6ad2a6772688360590e1a533b226ae97feaf1,nfl,player_rushing_yards,Sione Vaki,Under,10.5,win,0.0,2026_04_DET_CAR,0.0,win,0.0,win,,False,True,True
59efaa8f08ae16e3883d5fbda4f64e32182f2bfd19c526b4312e01673e7a00c8,nfl,player_receiving_yards,Tommy Tremble,Over,12.5,loss,12.0,2026_04_DET_CAR,12.0,loss,12.0,loss,,False,True,True
10fea7e10e371b751ea7259c4d8a007fd9f9b9ae1dc7f42ae4d8b7b851faf4ad,nfl,player_receiving_yards,Jameson Williams,Under,50.5,loss,102.0,2026_04_DET_CAR,102.0,loss,102.0,loss,,False,True,True
a0c36233d6c04de3e397e21f5a6b3d8223593b092314079d8944dfcf5706556b,nfl,player_rushing_yards,Jahmyr Gibbs,Under,96.5,win,46.0,2026_04_DET_CAR,46.0,win,46.0,win,,False,True,True
69be60c46ec87199f2c6760340a67f3ee0d3d8788602c6d91ea6181933cb79b5,nfl,player_receiving_yards,Darren Waller,Under,37.5,win,36.0,2026_04_DET_CAR,36.0,win,36.0,win,,False,True,True
03686bc4e7778777f3c74cf783f5efcffb9047198120b978687bafc836c25c06,nfl,player_rushing_yards,A.J. Dillon,Over,11.5,loss,2.0,2026_04_DET_CAR,2.0,loss,2.0,loss,,False,True,True
efc5227ede0a5fcbb94822ab52d6255ada14c0472509bc6211fe2ea99d113f58,nfl,player_receiving_yards,Chuba Hubbard,Over,18.5,loss,7.0,2026_04_DET_CAR,7.0,loss,7.0,loss,,False,True,True
3ab12111069fce6a9e6437c18f27505198ad0e1a2ed7069dfd53ad0f0cb83121,nfl,player_rushing_yards,Jahmyr Gibbs,Over,98.5,loss,46.0,2026_04_DET_CAR,46.0,loss,46.0,loss,,False,True,True
d8f02bc8e0e0c6d3ad5abe61e59dc616426101b3e87ac257cf8e11e1cd04ed11,nfl,atd,Tay Martin,Yes,0.5,loss,0.0,2026_04_DET_CAR,0.0,loss,0.0,loss,0.0,False,True,True
8653243c8eead5aa63d115c03ea4c14a2328085a11ae7201d857e3013b2ca5a5,nfl,player_rushing_yards,Bryce Young,Under,11.5,win,3.0,2026_04_DET_CAR,3.0,win,3.0,win,,False,True,True
89c729787c0ac74a3e4fa5c145cd1c2b92395fb41173c438629264eede3e0f03,nfl,player_rushing_yards,Jared Goff,Over,2.5,loss,0.0,2026_04_DET_CAR,0.0,loss,0.0,loss,,False,True,True
9548023520a6fc0e00386b313893c7111b764a089bb1218c1c7f1b2dac25715b,nfl,player_receiving_yards,Mitchell Evans,Over,7.5,win,8.0,2026_04_DET_CAR,8.0,win,8.0,win,,False,True,True
046a88f34e26381cdbcea4acd44138730f679b1adec9d39208743da55215f42d,nfl,player_receiving_yards,John Metchie III,Under,17.5,loss,37.0,2026_04_DET_CAR,37.0,loss,37.0,loss,,False,True,True
8a848c5de66de310fab091976e2bb40b1798bfaf9095be072ed0a28ec9dd55bf,nfl,player_rushing_yards,Chuba Hubbard,Under,65.5,loss,122.0,2026_04_DET_CAR,122.0,loss,122.0,loss,,False,True,True
6c0841204accc9676e4bb53e49bdfd09dffb6f1a09c09ad8bcf28102cc78a2d1,nfl,player_receptions,John Metchie III,Under,1.5,loss,3.0,2026_04_DET_CAR,3.0,loss,3.0,loss,,False,True,True
c9554783827d5b54b704a284c77dfed188625c968c9e3e8fb879c5897b7ed775,nfl,player_receiving_yards,Tetairoa McMillan,Under,73.5,loss,192.0,2026_04_DET_CAR,192.0,loss,192.0,loss,,False,True,True
5ac7f89559361da1eaefab6f5d2189c12bbab2776432cf9fc1266fe27cfb0394,nfl,player_receiving_yards,Jahmyr Gibbs,Over,38.5,loss,31.0,2026_04_DET_CAR,31.0,loss,31.0,loss,,False,True,True
5f62e9f29c21b8f3c293c6e098c33ff808e2d5bef05e7b76bf616ceb6b0d4123,nfl,totals,,Over,51.5,win,58.0,2026_04_DET_CAR,58.0,win,58.0,win,,False,True,True
6d06431b56d883386d42d53ad174a4276ee929d3c6fdfd29e928fd37daad36ec,nfl,player_receptions,A.J. Dillon,Under,0.5,loss,1.0,2026_04_DET_CAR,1.0,loss,1.0,loss,,False,True,True
d592922c5ea71b1155fb18b997f6eb8598c0ea2f040143d8b8e59dd56fdc45ec,nfl,player_passing_yards,Bryce Young,Over,244.5,win,329.0,2026_04_DET_CAR,329.0,win,329.0,win,,False,True,True
1ed65580414d2df4c03f4db6a0dfc83d54063ff12aabb893a6ce26872b060ab3,nfl,player_receiving_yards,Darren Waller,Over,37.5,loss,36.0,2026_04_DET_CAR,36.0,loss,36.0,loss,,False,True,True
eaeb7d689957782aa80e51086ecea03d190d51d5b1b5190bcb68073da725233a,nfl,player_receiving_yards,Sam LaPorta,Under,49.5,loss,84.0,2026_04_DET_CAR,84.0,loss,84.0,loss,,False,True,True
773fbea2716799be140232a5edee4ad4b088a8a6cf80609df0ccec5e8bbdf2f9,nfl,player_receiving_yards,Brock Wright,Over,5.5,win,8.0,2026_04_DET_CAR,8.0,win,8.0,win,,False,True,True
26d06dfc7924051abfc70b26b256618874fbc61a92ad8c1f2b36b0c93d1a785d,nfl,player_receiving_yards,Chuba Hubbard,Under,18.5,win,7.0,2026_04_DET_CAR,7.0,win,7.0,win,,False,True,True
c6385553f9a5189cc7afb2e0beb54dde2d5a205735fd7884d3f339f320ddba15,nfl,player_rushing_yards,A.J. Dillon,Under,11.5,win,2.0,2026_04_DET_CAR,2.0,win,2.0,win,,False,True,True
3d04b960b44d2ed02fde826d657e67c459300c6a7c859d947b45c2e734ab7ae7,nfl,player_passing_tds,Bryce Young,Under,1.5,loss,2.0,2026_04_DET_CAR,2.0,loss,2.0,loss,,False,True,True
5e0100f6317fd9924d12207b4deaeb8bf7735aac6241ceec6dd3cf199f57a563,nfl,player_receiving_yards,Jameson Williams,Over,52.5,win,102.0,2026_04_DET_CAR,102.0,win,102.0,win,,False,True,True
1b4ef493460f3b77d0e90f8a1d9999e9e303b35198007761c9cfd18c181e6536,nfl,player_receiving_yards,Tommy Tremble,Under,12.5,win,12.0,2026_04_DET_CAR,12.0,win,12.0,win,,False,True,True
ba3acb6bbe37584694a3eb2e88d9f836b30f19d9a65c8025a702353c62765827,nfl,player_passing_tds,Jared Goff,Under,1.5,win,1.0,2026_04_DET_CAR,1.0,win,1.0,win,,False,True,True
bfe0317da812b94dc69642e005a517bf3f1c5d3aba67212ea565d3bb10abea36,nfl,player_rushing_yards,Sione Vaki,Over,11.5,loss,0.0,2026_04_DET_CAR,0.0,loss,0.0,loss,,False,True,True
abd6da99a867a25826c8c63bb42ae856947dd5d53f73a5e097b87add7c10524b,nfl,player_receiving_yards,Amon-Ra St. Brown,Over,76.5,loss,75.0,2026_04_DET_CAR,75.0,loss,75.0,loss,,False,True,True
878fcf1cdeb9ac2110fda79d734794028377df8abd4d7e0dc8551be904e55e35,nfl,spreads,,Away,4.0,loss,10.0,2026_04_DET_CAR,10.0,loss,10.0,loss,,False,True,True
365a7558b414149feacf69cb1a45f139fa897bbe2ea359f35cdb75d7785a6fe2,nfl,player_passing_yards,Bryce Young,Under,240.5,loss,329.0,2026_04_DET_CAR,329.0,loss,329.0,loss,,False,True,True
600c01673cdca07c1d12aa66d0dac01dcbd32516ce6813a9fc00601893c74b4e,nfl,player_rushing_yards,Jared Goff,Under,1.5,win,0.0,2026_04_DET_CAR,0.0,win,0.0,win,,False,True,True
e36fdbd8a25bb2277f71052c5afd967e181648b874d9ddfd4144bdea2117b686,nfl,player_receiving_yards,Mitchell Evans,Under,7.5,loss,8.0,2026_04_DET_CAR,8.0,loss,8.0,loss,,False,True,True
77569ca8a0cee046490422aa49cb3b4d67372300e2fa5b0e715b8de001c538ff,nfl,player_rushing_yards,Bryce Young,Over,12.5,loss,3.0,2026_04_DET_CAR,3.0,loss,3.0,loss,,False,True,True
e1b577820778a8178ac9f94d0ad5191e00d408120083aeec67612686cfba9313,nfl,player_receiving_yards,A.J. Dillon,Under,0.5,loss,5.0,2026_04_DET_CAR,5.0,loss,5.0,loss,,False,True,True
341b129c1fca0cfc69d348983dcb3bbf190bb703a04cb1ce046d2b50e7746bdd,nfl,player_receiving_yards,Sione Vaki,Over,0.5,win,17.0,2026_04_DET_CAR,17.0,win,17.0,win,,False,True,True
adf57396d9fd1c5cc32f8345d8e942acd7bdd787060d66d8705d5afb9f99f801,nfl,player_receiving_yards,Brycen Tremayne,Under,32.5,win,32.0,2026_04_DET_CAR,32.0,win,32.0,win,,False,True,True
47f789efcb9c0e9a13fdad987ff3944c276f1fe0fefc41bc5f337979d531a714,nfl,player_receptions,Sione Vaki,Over,0.5,win,1.0,2026_04_DET_CAR,1.0,win,1.0,win,,False,True,True
4d74637abce2439eec7003df4bc029188a75d2099cef9be5a54eda033e9e9655,nfl,player_receptions,Sione Vaki,Under,0.5,loss,1.0,2026_04_DET_CAR,1.0,loss,1.0,loss,,False,True,True
4f0698c056ba3a53a492539fc93df7f5333bc5b6fa0af71ea4fc8696010d570f,nfl,player_passing_yards,Jared Goff,Under,260.5,loss,412.0,2026_04_DET_CAR,412.0,loss,412.0,loss,,False,True,True
b0ba63dc9a021476f3e65d978df29bc06a2fe86a91a86ec5d2f9b151d0622c54,nfl,player_receptions,Mitchell Evans,Under,1.5,win,1.0,2026_04_DET_CAR,1.0,win,1.0,win,,False,True,True
64c8622e1ea2851e5baeaac5c8fac2044b898fa17b9707ca7759b6b77d1a9f9e,nfl,player_receptions,John Metchie,Over,1.5,win,3.0,2026_04_DET_CAR,3.0,win,3.0,win,,False,True,True
e6730b85765f2a0e75f33e5b5d951cefc6978a032636404e17ef088b90ef9799,nfl,player_receptions,A.J. Dillon,Over,0.5,win,1.0,2026_04_DET_CAR,1.0,win,1.0,win,,False,True,True
7734bb9d3ecabdc5a9939491ba44227ac753a3c8db05596a063996b3e513aabf,nfl,player_receiving_yards,John Metchie III,Over,17.5,win,37.0,2026_04_DET_CAR,37.0,win,37.0,win,,False,True,True
eeeb3566375da7de9251e90ccf04312721d33bdac64ba73a1eaaa683409f1d69,nfl,player_receiving_yards,Brycen Tremayne,Over,32.5,loss,32.0,2026_04_DET_CAR,32.0,loss,32.0,loss,,False,True,True
fb971fcff247aec5d425ffdcb5a619a9b8e2f54fad68ecec99971f5ba1781d5e,nfl,player_rushing_yards,Chuba Hubbard,Over,65.5,win,122.0,2026_04_DET_CAR,122.0,win,122.0,win,,False,True,True
18de94051ab92700fa99442f8bc7a15e83ef025ccfdb8d92d0911915f42230b9,nfl,player_receiving_yards,Sione Vaki,Under,0.5,loss,17.0,2026_04_DET_CAR,17.0,loss,17.0,loss,,False,True,True
26b7b80f8d310537ed8d9521e15610f11a2a31d6d0fb078f1a8fb136ddbb4be0,nfl,player_receiving_yards,A.J. Dillon,Over,0.5,win,5.0,2026_04_DET_CAR,5.0,win,5.0,win,,False,True,True
0633fc1347b5b52f899b1db54e2efcb698c02b8314a1d26d2679984ed9c21cae,nfl,player_receptions,Juwan Johnson (NOR),Over,2.5,win,6.0,2026_04_ATL_NO,6.0,win,6.0,win,,False,True,True
33ab1ad0f91c2207569842924541f5ed9a88ecb5ecefd26b65d1af1487cb7405,nfl,player_receptions,Chris Olave (NOR),Over,5.5,win,8.0,2026_04_ATL_NO,8.0,win,8.0,win,,False,True,True
e17be22b0bac2290fad6a5697f20e0a55fd7e0e33b976dbc61b9f37001e771e8,nfl,player_receiving_yards,Chris Olave (NOR),Over,79.5,win,116.0,2026_04_ATL_NO,116.0,win,116.0,win,,False,True,True
9a03a74271a44d2affda543e972b8cd2908c8896d641b82281d3af10cab76c7d,nfl,player_receiving_yards,Devaughn Vele,Over,44.5,win,54.0,2026_04_ATL_NO,54.0,win,54.0,win,,False,True,True
72f2db88c9f9490188cc0713b1b916980ad4221a397234d6ae192851add90165,nfl,player_rushing_yards,Kendre Miller,Under,23.5,win,9.0,2026_04_ATL_NO,9.0,win,9.0,win,,False,True,True
5a9c56ed6ae8ca038983ae2f4cfd965db8c92e182fc5979170958b8e06ed93eb,nfl,player_rushing_yards,Bijan Robinson,Over,85.5,win,145.0,2026_04_ATL_NO,145.0,win,145.0,win,,False,True,True
a644d63a4e2f2067378ac5d5e0ef9a1d951cbcb1e0b692ce23488615ca227078,nfl,player_receiving_yards,Kyle Pitts,Under,49.5,win,47.0,2026_04_ATL_NO,47.0,win,47.0,win,,False,True,True
efc122cf4e3d55a7183aaa93d2c14ba02c053a74e132bf366f07be29816e5dd9,nfl,player_receiving_yards,Olamide Zaccheaus,Under,14.5,win,0.0,2026_04_ATL_NO,0.0,win,0.0,win,,False,True,True
d89d216bfd382f61553c51f6d9811f06f3408c9674136b6eacd93302ab7f0cb8,nfl,player_receptions,Jahan Dotson,Under,2.5,win,2.0,2026_04_ATL_NO,2.0,win,2.0,win,,False,True,True
b0e03518f95a913beecdcbc26098617c3ee2533edcb8853ee7a293b8143e1c26,nfl,player_receptions,Olamide Zaccheaus,Over,0.5,loss,0.0,2026_04_ATL_NO,0.0,loss,0.0,loss,,False,True,True
0afa52cb904efda200d8af7528841454d7d26f5762b8ad75dfec079c9b0b59b1,nfl,player_receptions,Austin Hooper,Over,0.5,win,1.0,2026_04_ATL_NO,1.0,win,1.0,win,,False,True,True
9c93c3017a3e728112d094d47294fab944aa86da983cc6ed2fad15e8dbe52973,nfl,player_rushing_yards,Alvin Kamara,Under,34.5,win,23.0,2026_04_ATL_NO,23.0,win,23.0,win,,False,True,True
08a2f6a6803f1c95fb501f3e8b2b3a259e178cb88c4b2cf86cf2ec3ff91b1c06,nfl,player_receiving_yards,Chris Olave,Over,84.5,win,116.0,2026_04_ATL_NO,116.0,win,116.0,win,,False,True,True
de9ad774bfaf2de01a0617736daa271f85b44570be867fb858c4368e94897fc0,nfl,player_receiving_yards,Jahan Dotson,Under,16.5,loss,54.0,2026_04_ATL_NO,54.0,loss,54.0,loss,,False,True,True
6298b3a9993f13928795ba87e1ec598236c2b3120712a5bd5e3f7682e3684ff4,nfl,player_rushing_yards,Kendre Miller,Under,23.5,win,9.0,2026_04_ATL_NO,9.0,win,9.0,win,,False,True,True
e3f949e6f50f2ebbebe6222cadc51ab84572dff8e8c1ca5c6f3798ebae7d7af7,nfl,player_rushing_yards,Bijan Robinson,Over,84.5,win,145.0,2026_04_ATL_NO,145.0,win,145.0,win,,False,True,True
46c270ecf1b990a98f47cd8e98684ff8715f789e4a657be9b184254e5618b964,nfl,player_receiving_yards,Drake London,Under,79.5,loss,96.0,2026_04_ATL_NO,96.0,loss,96.0,loss,,False,True,True
bee98234979527dbe6bf6099d67b3cec2ec65dddd74eece7480f9097783058e3,nfl,player_receiving_yards,Drake London,Under,77.5,loss,96.0,2026_04_ATL_NO,96.0,loss,96.0,loss,,False,True,True
cb87f819e9f2c18590755a6582055d3048a20d800492e9e958f714e28ab8d64d,nfl,atd,Kendre Miller,Yes,0.5,loss,0.0,2026_04_ATL_NO,0.0,loss,0.0,loss,0.0,False,True,True
a33e59871aa5de7d97304f82efad9680f2721f1abd27038afade9e659d7747e8,nfl,player_receiving_yards,Bijan Robinson,Under,38.5,win,2.0,2026_04_ATL_NO,2.0,win,2.0,win,,False,True,True
4b76f9f7e68ce6d3c6a468524654fb5085cbac2c0d232e0aabd9c006fb8f984f,nfl,player_passing_tds,Michael Penix,Under,1.5,win,1.0,2026_04_ATL_NO,1.0,win,1.0,win,,False,True,True
2a60a2bad72e385e3a693083a9071032d64c2e7b5715b08e146e38ac211a2e4f,nfl,player_passing_tds,Tyler Shough,Over,1.5,loss,1.0,2026_04_ATL_NO,1.0,loss,1.0,loss,,False,True,True
944a6ffd1789c0f772f457905037209311cfe4844eab8435c33167d42bcb1378,nfl,atd,Brian Robinson,Yes,0.5,win,3.0,2026_04_ATL_NO,3.0,win,1.0,win,0.0,False,True,True
bf2538e3f24653e334af7ec142ffa2befd9f00feee150c02d0546f9f35c95242,nfl,player_receiving_yards,Devaughn Vele,Over,44.5,win,54.0,2026_04_ATL_NO,54.0,win,54.0,win,,False,True,True
b1fb6292e1d2308c404a446885ecdd65b9916e91143f34999135a5f3e29e8565,nfl,player_rushing_yards,Bijan Robinson,Over,87.5,win,145.0,2026_04_ATL_NO,145.0,win,145.0,win,,False,True,True
cc3333eafe963be2e8dfa198b5e15c07fd62b291e4581e7c28674410a95a568b,nfl,player_receiving_yards,Drake London,Under,77.5,loss,96.0,2026_04_ATL_NO,96.0,loss,96.0,loss,,False,True,True
87faa5fd18cd9393e9dbae8a69f3e4c680d2d175d8abb3f21113fc1b08f7909e,nfl,player_rushing_yards,Tyler Shough,Over,16.5,loss,5.0,2026_04_ATL_NO,5.0,loss,5.0,loss,,False,True,True
683361ca67c617eed52b62c80d304c46f7211e53f48e4e803dc6725f7c0fc29d,nfl,atd,Tyler Shough,Yes,0.5,loss,0.0,2026_04_ATL_NO,0.0,loss,0.0,loss,0.0,False,True,True
97c630d409af1137069c0f3b754d7a17a5d5b32a17e50688c2c7d23a4c46003c,nfl,player_receptions,Devaughn Vele,Over,3.5,win,6.0,2026_04_ATL_NO,6.0,win,6.0,win,,False,True,True
9e0ffff60352fbff826600ebbd958f4a0dc13efbd55b390434757e798fc63172,nfl,player_receptions,Bijan Robinson,Under,4.5,win,1.0,2026_04_ATL_NO,1.0,win,1.0,win,,False,True,True
30e6dfefc24ad01e6fe65bef64ac569c9bebe82c9e072ad83d0e300726f69101,nfl,totals,,Under,48.0,loss,69.0,2026_04_ATL_NO,69.0,loss,69.0,loss,,False,True,True
86fa1e1ad277e1685b1216c9a67014bfd89e773590650b3393fa5560270c622f,nfl,h2h,,Home,0.0,loss,-21.0,2026_04_ATL_NO,-21.0,loss,-21.0,loss,,False,True,True
a8819e7a8c004575ce62bc646f47b4f1156cf963eac558bc371bc40390be0fe7,nfl,player_receptions,Alvin Kamara,Under,3.5,loss,5.0,2026_04_ATL_NO,5.0,loss,5.0,loss,,False,True,True
b58dab2f440a793d28a9b61e5c99d783137fff2e309a3a9595075a4761c10ca1,nfl,spreads,,Home,-1.0,loss,-22.0,2026_04_ATL_NO,-22.0,loss,-22.0,loss,,False,True,True
49f94111a78fff05caddd46c59b280fca7b0d522f1d639b90ad19c9dfa65c0a6,nfl,player_receptions,Olamide Zaccheaus,Over,0.5,loss,0.0,2026_04_ATL_NO,0.0,loss,0.0,loss,,False,True,True
72c83b347afdfe721ff059fc9e6398523713bd031e77121c77a14110f8137d5b,nfl,atd,Austin Hooper,Yes,0.5,loss,0.0,2026_04_ATL_NO,0.0,loss,0.0,loss,0.0,False,True,True
a4faff50f3ab8a1e1500955a05576c990685296268d5d7244cb452c569d91d27,nfl,atd,Juwan Johnson,Yes,0.5,loss,0.0,2026_04_ATL_NO,0.0,loss,0.0,loss,0.0,False,True,True
d954ac7b6f671812a09e39df4d53f2a59c7065dbf86386a6023ce365bd06354d,nfl,player_receptions,Kyle Pitts,Under,2.5,loss,3.0,2026_04_ATL_NO,3.0,loss,3.0,loss,,False,True,True
fa45071cb309f2a091743f43687f12242b4d9f9bbbd0a1b3b7b4f9a532867ff5,nfl,player_receiving_yards,Juwan Johnson,Over,40.5,win,59.0,2026_04_ATL_NO,59.0,win,59.0,win,,False,True,True
d968b9f83cf14421b54505cfa253475a044b5a2524436ac8520d876d5e4c6531,nfl,player_rushing_yards,Michael Penix,Under,4.5,win,-2.0,2026_04_ATL_NO,-2.0,win,-2.0,win,,False,True,True
c7605492249ca188ac78f1f3895280a478529f5a4cf59e03a1b1bd756a1cad3d,nfl,player_receiving_yards,Alvin Kamara,Under,16.5,loss,35.0,2026_04_ATL_NO,35.0,loss,35.0,loss,,False,True,True
e51422c178377051fa5a937ae48f3e4a5bb69053937336a8d9738badc4f545e3,nfl,player_receiving_yards,Kyle Pitts,Under,29.5,loss,47.0,2026_04_ATL_NO,47.0,loss,47.0,loss,,False,True,True
b0ef656f27b4d66872bdc2b805affbcbaa41749727fb7a33524af997c5f15626,nfl,player_rushing_yards,Brian Robinson,Over,30.5,win,62.0,2026_04_ATL_NO,62.0,win,62.0,win,,False,True,True
d5b70b3d83bab5b39b91dfc7f941b379a401d670d517c973915f8ff31e5d2752,nfl,player_rushing_yards,Alvin Kamara,Under,37.5,win,23.0,2026_04_ATL_NO,23.0,win,23.0,win,,False,True,True
4cad68d477070cace7912bc8fa62292e2dffa20e2b90de9bd78b16d6e8561553,nfl,player_receiving_yards,Jahan Dotson,Under,17.5,loss,54.0,2026_04_ATL_NO,54.0,loss,54.0,loss,,False,True,True
94068041c94fe268e98dddb9edaaf2f3da3481e522d05bbed1ebcd904980830f,nfl,player_receptions,Chris Olave,Over,6.5,win,8.0,2026_04_ATL_NO,8.0,win,8.0,win,,False,True,True
108d2d897a21ba39471828830f49f97f937974b3674af1e5f0109faa1fa38d43,nfl,player_receiving_yards,Olamide Zaccheaus,Under,7.5,win,0.0,2026_04_ATL_NO,0.0,win,0.0,win,,False,True,True
cd29a4161394b4d969284a3469cd6b251789b59374a4922d094f64a5a8d53026,nfl,player_receptions,Jahan Dotson,Under,1.5,loss,2.0,2026_04_ATL_NO,2.0,loss,2.0,loss,,False,True,True
0c50524f7cabef9833efdf2b33d85fb5a44f41da6f3697301ebabb85dafa9591,nfl,player_receptions,Juwan Johnson,Over,3.5,win,6.0,2026_04_ATL_NO,6.0,win,6.0,win,,False,True,True
07ccad832b836e713df1533b0399b6075799c577942a462ba9056b3ef312da90,nfl,player_receiving_yards,Chris Olave,Over,85.5,win,116.0,2026_04_ATL_NO,116.0,win,116.0,win,,False,True,True
cc1fea986066c7b6d552c1aa756f460c918ec065c46f08dbd708e06aea933386,nfl,player_passing_yards,Michael Penix Jr.,Over,226.5,loss,223.0,2026_04_ATL_NO,223.0,loss,223.0,loss,,False,True,True
dfe7d7af5492a1fd87166385c4726f77cb4bdc5b7123d32b695c0901b3afb06c,nfl,atd,Kendre Miller,Yes,0.5,loss,0.0,2026_04_ATL_NO,0.0,loss,0.0,loss,0.0,False,True,True
97a68115ac4070f2c29f8457af1586d922c2ba074a4f84ea9d1ce7f65f394200,nfl,player_receptions,Drake London,Under,5.5,win,5.0,2026_04_ATL_NO,5.0,win,5.0,win,,False,True,True
f8b5dfcb538e263c41c20397599ddad59f9a6f233f8efd9dbf0867b34415defe,nfl,player_rushing_yards,Kendre Miller,Under,23.5,win,9.0,2026_04_ATL_NO,9.0,win,9.0,win,,False,True,True
418eb7bfbdac961caf2e1243d15f6b4e9877b42c6f6c7947cb0056e926bd7695,nfl,player_passing_yards,Tyler Shough,Over,257.5,win,286.0,2026_04_ATL_NO,286.0,win,286.0,win,,False,True,True
46bc5e2873e68ef834fd6ed58d84576b93d9ab5ee6dfcfcc3f66be26502cef63,nfl,player_receiving_yards,Austin Hooper,Over,10.5,loss,9.0,2026_04_ATL_NO,9.0,loss,9.0,loss,,False,True,True
01b644a899dc29bf5315510d9f261c3d18af81d9ba43ff7fa7227c2bb0f98e7c,nfl,player_receiving_yards,Drake London,Over,78.5,win,96.0,2026_04_ATL_NO,96.0,win,96.0,win,,False,True,True
9c5c15fba0fcf8dd00a8d4e549dec9ee67f0e902db20f1f3ef59bbd701d4f89e,nfl,player_receiving_yards,Austin Hooper,Under,7.5,loss,9.0,2026_04_ATL_NO,9.0,loss,9.0,loss,,False,True,True
34e3a7785d7be3daba26d9a477125a91a49f6238a720b1847ed0003e502fd67f,nfl,player_receptions,Austin Hooper,Over,0.5,win,1.0,2026_04_ATL_NO,1.0,win,1.0,win,,False,True,True
53fa23f44c49d6a19a48d37347b175ccd27e74c550924224c071ef590e353435,nfl,player_receptions,Austin Hooper,Under,1.5,win,1.0,2026_04_ATL_NO,1.0,win,1.0,win,,False,True,True
7949b9bbb8a41964c6be32c6bb2bf079f1c1b6ab6c38ff3375dda827a89e4b9d,nfl,atd,Bijan Robinson,Yes,0.5,win,2.0,2026_04_ATL_NO,2.0,win,1.0,win,0.0,False,True,True
44b1edd371e06dc2234a9295d850e0bf1591e6f8b77c27197977129b71281c83,nfl,player_receptions,Alvin Kamara,Over,2.5,win,5.0,2026_04_ATL_NO,5.0,win,5.0,win,,False,True,True
3bd04557e8a03c99c50ba1441cc9d0cb3b35f955c42789ab10f89b53b18a5e2a,nfl,player_receptions,Olamide Zaccheaus,Under,1.5,win,0.0,2026_04_ATL_NO,0.0,win,0.0,win,,False,True,True
ae7e188096498b45b7706890c2eb091e5504ae8f91bb3796819945c93b287567,nfl,atd,Devaughn Vele,Yes,0.5,win,1.0,2026_04_ATL_NO,1.0,win,1.0,win,0.0,False,True,True
9eea9b00b5319f4dc0d1e10ab52e96c3f43b4e08d5c0db70fc9b540899ff4629,nfl,player_receptions,Devaughn Vele,Under,4.5,loss,6.0,2026_04_ATL_NO,6.0,loss,6.0,loss,,False,True,True
b6d93c30247b6af980a07c2ae8ef9cf618709446cf1cbf629fec9cffc270d48b,nfl,player_receptions,Bijan Robinson,Over,4.5,loss,1.0,2026_04_ATL_NO,1.0,loss,1.0,loss,,False,True,True
ef2afb806ca6a31c0cd0042b31d0d23e776b681563dd1c8881ba1165d1d318bd,nfl,player_rushing_yards,Tyler Shough,Under,18.5,win,5.0,2026_04_ATL_NO,5.0,win,5.0,win,,False,True,True
dc479f22715603ae2c2b2352d84a9fb6a871c2ea784001214380c952fe941452,nfl,player_rushing_yards,Bijan Robinson,Under,87.5,loss,145.0,2026_04_ATL_NO,145.0,loss,145.0,loss,,False,True,True
18d6572b70f6bb392afd3f3163e5891ca81f9f01584b8dff051e04bc053e3a08,nfl,atd,Chris Olave,Yes,0.5,loss,0.0,2026_04_ATL_NO,0.0,loss,0.0,loss,0.0,False,True,True
0b45cd91583a1fc866bf5ba4934d93a74b17cc0dc76647fe78359678cb2b373b,nfl,player_passing_yards,Tyler Shough,Under,258.5,loss,286.0,2026_04_ATL_NO,286.0,loss,286.0,loss,,False,True,True
d1e55d05fd4da267d0cad8b983a38070cc3df4f3fb8268831501d1a0586d4a77,nfl,player_receptions,Drake London,Over,5.5,loss,5.0,2026_04_ATL_NO,5.0,loss,5.0,loss,,False,True,True
c21ced80eeb10569419da88db054abce83b497323ad9508991a749b4dbab106d,nfl,player_rushing_yards,Kendre Miller,Over,23.5,loss,9.0,2026_04_ATL_NO,9.0,loss,9.0,loss,,False,True,True
08936a8b1f52d334e14c2ed44d445a45348eb27bc1ddaea815d2825d2404d4cd,nfl,player_receiving_yards,Bijan Robinson,Over,38.5,loss,2.0,2026_04_ATL_NO,2.0,loss,2.0,loss,,False,True,True
c8920d8c786e9cc4a5a23f8f93708be3973a31b326f96d20a965c41eaa63ac51,nfl,player_passing_tds,Tyler Shough,Under,1.5,win,1.0,2026_04_ATL_NO,1.0,win,1.0,win,,False,True,True
b098150c0aad53e8ef0aef90f5983fad9df17af4989d59b64872505b13e2e64c,nfl,player_receptions,Jahan Dotson,Over,1.5,win,2.0,2026_04_ATL_NO,2.0,win,2.0,win,,False,True,True
5bfe36edf1ede0bfc91aaee6b93256a630b43b9a778fd42570027e2862a37e19,nfl,player_passing_tds,Michael Penix Jr.,Over,1.5,loss,1.0,2026_04_ATL_NO,1.0,loss,1.0,loss,,False,True,True
361815fa6c1fa072ad468ec56ac44f0b34a5e084a4cc9e4f47f42653fa5896fc,nfl,player_passing_yards,Michael Penix,Under,220.5,loss,223.0,2026_04_ATL_NO,223.0,loss,223.0,loss,,False,True,True
bd82b5d82147ca27a38b8932d3ff4de7ec69a35c05cfb65fde961ca0b18f35b8,nfl,player_receiving_yards,Chris Olave,Under,85.5,loss,116.0,2026_04_ATL_NO,116.0,loss,116.0,loss,,False,True,True
00a9415964ed914fde41824e7b12ef566b2a2e29bf3a5d1d1150d2e9b5650ce7,nfl,player_receptions,Juwan Johnson,Under,3.5,loss,6.0,2026_04_ATL_NO,6.0,loss,6.0,loss,,False,True,True
535b2f9b181211cc6a88500e18cd5c0abfa1974ed1cbdeb940dbb70afbe221e0,nfl,player_receiving_yards,Olamide Zaccheaus,Over,9.5,loss,0.0,2026_04_ATL_NO,0.0,loss,0.0,loss,,False,True,True
4d2dc877123bcefd1466405d15ed265af35b6c42fdbcce46a1b28d443419d8ea,nfl,player_receptions,Chris Olave,Under,6.5,loss,8.0,2026_04_ATL_NO,8.0,loss,8.0,loss,,False,True,True
0121e4a8ac1e58516b6a87c8e0186405869e2114d348092c3033556165d0a0f3,nfl,player_rushing_yards,Alvin Kamara,Over,37.5,loss,23.0,2026_04_ATL_NO,23.0,loss,23.0,loss,,False,True,True
e72bf24e5cc2f7d2f7c7952ed6365ce209354a206fb675cace8e57476beaafc9,nfl,player_receiving_yards,Jahan Dotson,Over,20.5,win,54.0,2026_04_ATL_NO,54.0,win,54.0,win,,False,True,True
2f885caada4f9702688586e2aed157c12e4a752207c51a4b91ac284889a7abaf,nfl,atd,Olamide Zaccheaus,Yes,0.5,loss,0.0,2026_04_ATL_NO,0.0,loss,0.0,loss,0.0,False,True,True
88368d24c7459a9a0977130ad0115dc3dd16a81974c523926bc6877866f25656,nfl,atd,Michael Penix,Yes,0.5,loss,0.0,2026_04_ATL_NO,0.0,loss,0.0,loss,0.0,False,True,True
9ab554d6a27245bac671d895f8eff8136ddcae751313907f003ec4cb44394190,nfl,atd,Kyle Pitts,Yes,0.5,loss,0.0,2026_04_ATL_NO,0.0,loss,0.0,loss,0.0,False,True,True
6a810f084c77f998321b1331fc6e67b16b0884449f63627d2938573c2eb8655a,nfl,player_rushing_yards,Brian Robinson,Under,29.5,loss,62.0,2026_04_ATL_NO,62.0,loss,62.0,loss,,False,True,True
77f9bd1fd275761d52a54e357c22be4558366c5e91fc89c82c2ab6cdda56ad1b,nfl,atd,Drake London,Yes,0.5,loss,0.0,2026_04_ATL_NO,0.0,loss,0.0,loss,0.0,False,True,True
1d27660b6f88d83430fe8b49d9ffd78929d92f8884e03d846561d43e66f3e1b4,nfl,player_receptions,Kyle Pitts,Over,2.5,win,3.0,2026_04_ATL_NO,3.0,win,3.0,win,,False,True,True
b22b1c6383d145367bb7994bcdaf196d6c813ca18a732d830268215f47417a70,nfl,player_receiving_yards,Kyle Pitts,Over,29.5,win,47.0,2026_04_ATL_NO,47.0,win,47.0,win,,False,True,True
ad5cff81347f7dc38cff1bcb0911054a326643903874d8297957a3e6c692eb81,nfl,atd,Kevin Austin Jr.,Yes,0.5,loss,0.0,2026_04_ATL_NO,0.0,loss,,,,True,True,
e563caee4a07218bf618c8c25de541aceee56d614f4cc8e77e41a3fbafb5fc09,nfl,player_rushing_yards,Michael Penix Jr.,Over,5.5,loss,-2.0,2026_04_ATL_NO,-2.0,loss,-2.0,loss,,False,True,True
ce9c3d75ec53d10a258290189d1b1b978ad373ab66b653b5195d4e31c68aaca5,nfl,player_receiving_yards,Juwan Johnson,Under,38.5,loss,59.0,2026_04_ATL_NO,59.0,loss,59.0,loss,,False,True,True
1d2aeb5f35a009b4c38cd17c889a2deca7fc23c487079c7b9e295b3cb5bb5614,nfl,spreads,,Away,-2.0,win,-23.0,2026_04_ATL_NO,-23.0,win,-23.0,win,,False,True,True
8d4652d8b1e74b7da313bcc32026e044b6941ab0ebe3be5a311dcf585d04cabf,nfl,totals,,Over,47.5,win,69.0,2026_04_ATL_NO,69.0,win,69.0,win,,False,True,True
76f45192daf116b08fc34e3c18d390c76f3012d0e706ebdfdda02b6d48b79f59,nfl,h2h,,Away,0.0,win,-21.0,2026_04_ATL_NO,-21.0,win,-21.0,win,,False,True,True
c1fea0338c50e2e718f694b5f838a0a813ab00e9ea9bdf7b5be3c6f825da6e26,nfl,player_receiving_yards,Devaughn Vele,Under,44.5,loss,54.0,2026_04_ATL_NO,54.0,loss,54.0,loss,,False,True,True
e1bbfcde7727368adb641e97bc9bcc4209aaf4c8928fff10bced4c96ecd6ee6a,nfl,player_receiving_yards,Alvin Kamara,Over,16.5,win,35.0,2026_04_ATL_NO,35.0,win,35.0,win,,False,True,True
5ef2fd38c2d3fc9d67273fa6fd82b1ee9df7e7a3ce15cc93df1fe6850066bac2,nfl,spreads,,Away,-1.0,win,-22.0,2026_04_ATL_NO,-22.0,win,-22.0,win,,False,True,True
642f9e8db10b2db69fbf11d6796c099c4b2f5968284046139852b88c070f7806,nfl,totals,,Over,48.0,win,69.0,2026_04_ATL_NO,69.0,win,69.0,win,,False,True,True
fb1cde87ba8247675cef343808c5d6433f19ecf7a3f45f8bd374d6b699fdf246,nfl,player_receiving_yards,Chris Godwin,Over,27.5,win,37.0,2026_05_TB_DAL,37.0,win,37.0,win,,False,True,True
a2c1f834547b7a037327eefc4e46bdce490d2d15e1560dc5de566f7b1134d6f0,nfl,player_receiving_yards,CeeDee Lamb,Over,78.5,loss,9.0,2026_05_TB_DAL,9.0,loss,9.0,loss,,False,True,True
5c38ce43a7d2029dcf499dc4128844391a293ea6a36b5d8b69ce57cf13c3ec0b,nfl,player_receptions,Chris Godwin,Over,2.5,win,3.0,2026_05_TB_DAL,3.0,win,3.0,win,,False,True,True
2c5ded78dc28c5cfc623a75febca9887f3f2039bb1190cce60136981c733dab6,nfl,player_receptions,CeeDee Lamb,Over,5.5,loss,2.0,2026_05_TB_DAL,2.0,loss,2.0,loss,,False,True,True
137523cae0ec8910722ab99d8eed149c72cc6b13af0f808cd7b6c124c5d4d54d,nfl,player_rushing_yards,Bucky Irving,Over,56.5,win,165.0,2026_05_TB_DAL,165.0,win,165.0,win,,False,True,True
84ff2bb1a61aa4a539b2d7ba1d7e98c262ff2ff529f2a0a12b7062887465971a,nfl,h2h,,Home,0.0,loss,-21.0,2026_04_ATL_NO,-21.0,loss,-21.0,loss,,False,True,True
1a012c046a115b494357fb4bc4447936f89dcabb56db79ca05fea6f55052a20a,nfl,spreads,,Home,-1.5,loss,-22.5,2026_04_ATL_NO,-22.5,loss,-22.5,loss,,False,True,True
6ff6cffdc204a123048493f296d42536c54d33526de9f56aef9340b3ece0ff1c,nfl,totals,,Under,47.5,loss,69.0,2026_04_ATL_NO,69.0,loss,69.0,loss,,False,True,True
6f4c87ddb0ce6bd3d11ac17935b83e8504ccb32d166aa0ce904279f6f55a0977,nfl,player_receiving_yards,Austin Hooper,Over,7.5,win,9.0,2026_04_ATL_NO,9.0,win,9.0,win,,False,True,True
654d8bb3d9fa2333c127559a6ef301354f914252b4d10933f03f8fbd06340f9d,nfl,player_receptions,Alvin Kamara,Over,2.5,win,5.0,2026_04_ATL_NO,5.0,win,5.0,win,,False,True,True
ec76c6737ba42e3320acc1173b777a2b2c9b7c471ad578610d1c157d23dd4f63,nfl,player_receiving_yards,Juwan Johnson,Over,42.5,win,59.0,2026_04_ATL_NO,59.0,win,59.0,win,,False,True,True
178a9c87bae7e65210bb828f8a9825c23803c3907dd8a7f42ac681d67fb779d1,nfl,player_receptions,Juwan Johnson (NOR),Over,3.5,win,6.0,2026_04_ATL_NO,6.0,win,6.0,win,,False,True,True
5e0814287e2de27926d1396dcad039f7937930a6e79984ea0a6d629889fe09de,nfl,player_receptions,Kyle Pitts (ATL),Under,2.5,loss,3.0,2026_04_ATL_NO,3.0,loss,3.0,loss,,False,True,True
0cedcc8f6419d945f008eb98fc640737a91e2071d2683b77cfb08274926e9964,nfl,player_receiving_yards,Drake London,Over,77.5,win,96.0,2026_04_ATL_NO,96.0,win,96.0,win,,False,True,True
cddbff0f7518d066fa74384278801b82a5bf1207c74693b628e35b79d29b4c52,nfl,player_receptions,Drake London (ATL),Under,5.5,win,5.0,2026_04_ATL_NO,5.0,win,5.0,win,,False,True,True
ea4e7cbbfa5aca57b6ddde418c2e43fc7eaffa300ceecd86b7b16a733da85ad4,nfl,player_receptions,Chris Olave (NOR),Over,6.5,win,8.0,2026_04_ATL_NO,8.0,win,8.0,win,,False,True,True
492b86359c50c60420a580acf050bc75a2535c5ffde75ddfc7dff3904a44e9bb,nfl,player_receiving_yards,Jahan Dotson,Under,17.5,loss,54.0,2026_04_ATL_NO,54.0,loss,54.0,loss,,False,True,True
bacf2a2fb314c70523938a2f5da9f4a9451389c049929f09c6eb62538d8d06ea,nfl,player_receiving_yards,Bijan Robinson,Over,38.5,loss,2.0,2026_04_ATL_NO,2.0,loss,2.0,loss,,False,True,True
2df0d185b5f4a8b54c379b24e6d19f276486e220d34bb37dc47490a2092fb5e8,nfl,player_receptions,Bijan Robinson (ATL),Under,4.5,win,1.0,2026_04_ATL_NO,1.0,win,1.0,win,,False,True,True
4ee6c913c70a9bb94ca66f0ce7ebba2d37a7088bef8c0233bf5034497fd0a641,nfl,player_receptions,Devaughn Vele (NOR),Over,3.5,win,6.0,2026_04_ATL_NO,6.0,win,6.0,win,,False,True,True
dcd571f4b161e1499a2c2634feafecfdd966c6972d9ecf093198b0b1f36468a3,nfl,player_passing_yards,Michael Penix Jr.,Over,220.5,win,223.0,2026_04_ATL_NO,223.0,win,223.0,win,,False,True,True
63ae925e6d316dffb4abbffcee2a088472669831b8d6773f12061a717c924bcd,nfl,player_rushing_yards,Michael Penix,Under,4.5,win,-2.0,2026_04_ATL_NO,-2.0,win,-2.0,win,,False,True,True
de70a1d9201262cb09854a99ffc2b1b2f28b6bb595396bba88eed88a7cad3b90,nfl,player_passing_tds,Tyler Shough (NOR),Over,1.5,loss,1.0,2026_04_ATL_NO,1.0,loss,1.0,loss,,False,True,True
1cc90d65e0b833e7650922c276bb67157dde4bdd632c9921ebf9857683c605ea,nfl,player_rushing_yards,Tyler Shough,Over,18.5,loss,5.0,2026_04_ATL_NO,5.0,loss,5.0,loss,,False,True,True
176d22395efe0aa4b6cb780b9da33dc1e451dd6194ac2c3b75b5ec60c51f5218,nfl,player_receptions,Austin Hooper,Under,1.5,win,1.0,2026_04_ATL_NO,1.0,win,1.0,win,,False,True,True
b54256c572dc8ca3f573b4db5127d916352a2da2c079b09e52d206bd3564b018,nfl,player_receiving_yards,Alvin Kamara,Under,15.5,loss,35.0,2026_04_ATL_NO,35.0,loss,35.0,loss,,False,True,True
b9b83fe825480c4966804a34afed1735e5a55f96260bd39ad756ee3e5e3e4a87,nfl,player_rushing_yards,Alvin Kamara,Under,37.5,win,23.0,2026_04_ATL_NO,23.0,win,23.0,win,,False,True,True
5f419b01d0082e703bff0d8ddee502ed475130c450634c7e9f29a5148232c9ef,nfl,player_receiving_yards,Olamide Zaccheaus,Under,7.5,win,0.0,2026_04_ATL_NO,0.0,win,0.0,win,,False,True,True
96dd36be77a3a617070a2e4f8fba6ea547103777a977600ca5c30973d18f848b,nfl,player_receptions,Olamide Zaccheaus,Under,1.5,win,0.0,2026_04_ATL_NO,0.0,win,0.0,win,,False,True,True
79dfaa76da43880685f6b36da2e0b7ac84c066c17180cdc40d4a074baff27c98,nfl,player_receiving_yards,Kyle Pitts,Under,29.5,loss,47.0,2026_04_ATL_NO,47.0,loss,47.0,loss,,False,True,True
b0224ee6ac86900e7d8cd866c8b1b7beebde6be373621bbe3746c0f4d20b3c72,nfl,player_receiving_yards,Chris Olave,Over,85.5,win,116.0,2026_04_ATL_NO,116.0,win,116.0,win,,False,True,True
b4bad14a5931eb818cedf24626edafeffc8c109190632e49cb65c9abc56c1a18,nfl,player_receptions,Jahan Dotson,Under,1.5,loss,2.0,2026_04_ATL_NO,2.0,loss,2.0,loss,,False,True,True
10e0137bf6f338a6b9053d13f02bb5509b9d65386015e5e68f06ad77caf10e9e,nfl,player_rushing_yards,Brian Robinson Jr.,Over,29.5,win,62.0,2026_04_ATL_NO,62.0,win,62.0,win,,False,True,True
e5bc8351f980333de3308044676cb7dda9dd7d6c2cfbf6f5e8cfc88e6b6a37f4,nfl,player_rushing_yards,Bijan Robinson,Over,87.5,win,145.0,2026_04_ATL_NO,145.0,win,145.0,win,,False,True,True
bee912ce20fffd19ae73f1b2c7e423ad3c47a5033475c0aaad65afecda951652,nfl,player_rushing_yards,Kendre Miller,Under,23.5,win,9.0,2026_04_ATL_NO,9.0,win,9.0,win,,False,True,True
e01b825a13ed39a1b2a744fe3fc3446089fcf1f47b5813c36c0b440172ba2568,nfl,player_receiving_yards,Devaughn Vele,Over,44.5,win,54.0,2026_04_ATL_NO,54.0,win,54.0,win,,False,True,True
589d6aebe5664d6a644de38c78dbb072530542c04034f94bb787c9e96bf301e3,nfl,player_passing_tds,Michael Penix Jr.,Under,1.5,win,1.0,2026_04_ATL_NO,1.0,win,1.0,win,,False,True,True
1c0ad21f6c59b3e6c5fe90577b7c583ac1256856f0f130baf55f5ff7ff708ab1,nfl,player_passing_yards,Tyler Shough,Over,257.5,win,286.0,2026_04_ATL_NO,286.0,win,286.0,win,,False,True,True
6dfd14f62fe15040eabbea51458b50ed821231407d958d30a637a0b61c0391a5,ncaa,h2h,,Home,0.0,win,21.0,401871090,21.0,win,,,,False,True,
4df060f22b52740251c6009892e687f196361380a95b0a766666ae8bb4aeb1a3,ncaa,spreads,,Away,-10.5,loss,10.5,401871090,10.5,loss,,,,False,True,
ea12f68246fe6b35100995e3ed56d27bcfe79786b46526e2d34a8d650585138a,ncaa,totals,,Under,49.5,loss,89.0,401871090,89.0,loss,,,,False,True,
efc7f9df0ad1bd9a85c02128b0c9736e19ed0ebf0b875dd2800872bfb0b2ba47,ncaa,h2h,,Away,0.0,win,-1.0,401871051,-1.0,win,,,,False,True,
4900f3f8f803e3e7caae437006e3058221d6c738e693ce0c03701d867440ae04,ncaa,spreads,,Away,3.0,loss,2.0,401871051,2.0,loss,,,,False,True,
4f3d2f245e7b95858778658d7629027308d1f22b095291c7d149d3cf430f9782,ncaa,totals,,Under,49.5,loss,53.0,401871051,53.0,loss,,,,False,True,
c13e0b07fba8956e40ee314c7747c09508ede4dd13d98d6aa647974b87723e19,ncaa,h2h,,Home,0.0,win,19.0,401871066,19.0,win,,,,False,True,
9dff1bf94cc250c24855e6188663d2e410c297fb32c63abf5a93d530dbee6905,ncaa,spreads,,Away,-6.0,loss,13.0,401871066,13.0,loss,,,,False,True,
ecc9b383ea7787a33eceb84fd44acd21a86ab1370b46b5b0e199c389cd417094,ncaa,totals,,Under,46.5,win,25.0,401871066,25.0,win,,,,False,True,
17075bc1957c628f445d7c5e6321fcbc11b311f2c3707fc6a00925e59bb7ba12,nfl,h2h,,Home,0.0,loss,-8.0,2026_05_TB_DAL,-8.0,loss,-8.0,loss,,False,True,True
1cd9de4af408c38df49c3a89fa441ffbc261fb732ae97a89f33248ef4a4d63b4,nfl,spreads,,Away,-10.0,win,-18.0,2026_05_TB_DAL,-18.0,win,-18.0,win,,False,True,True
93612944da57d475b585acc691cdd2b666364cbb5bf75adb7539c9fe8a80362e,nfl,totals,,Over,47.5,loss,40.0,2026_05_TB_DAL,40.0,loss,40.0,loss,,False,True,True
19fd6d3b615cf3df7c92c07b41bef4b43f1d13bd1dc610ea0adacee2de25f479,nfl,player_passing_tds,Dak Prescott,Under,2.5,win,1.0,2026_05_TB_DAL,1.0,win,1.0,win,,False,True,True
0e91e4b18efdf7107f128ae169184e9779b22c5017f7c8796331a58bbf2fc9c8,nfl,player_passing_yards,Dak Prescott,Over,261.5,win,316.0,2026_05_TB_DAL,316.0,win,316.0,win,,False,True,True
cfad6315a87bacff4df50a78813f5a8ab59f5aad96e7e29e64b4554d1650ab7d,nfl,player_receiving_yards,George Pickens,Under,63.5,loss,130.0,2026_05_TB_DAL,130.0,loss,130.0,loss,,False,True,True
b235b4ac3ab7561dfb5b4f2cda401d6cc888c81386be07ebed48eaa65106f380,nfl,player_rushing_yards,Dak Prescott,Over,9.5,loss,0.0,2026_05_TB_DAL,0.0,loss,0.0,loss,,False,True,True
ce663b172b512b728b85d43523295b984e33cda36e4e2ac316b280a51cd0001b,nfl,player_receiving_yards,Javonte Williams,Over,14.5,win,17.0,2026_05_TB_DAL,17.0,win,17.0,win,,False,True,True
0d1748f6b91918e9181856e5577c9e7eb687acf8cc23580aa2c35ab8231768d7,nfl,player_receptions,Javonte Williams,Over,2.5,loss,2.0,2026_05_TB_DAL,2.0,loss,2.0,loss,,False,True,True
6f1fdf98b5e4da32db2b362acacdddbb4eb457ff9d634beaed6d3fa0fae54d8b,nfl,player_receiving_yards,Cade Otton,Over,28.5,loss,25.0,2026_05_TB_DAL,25.0,loss,25.0,loss,,False,True,True
b6fd7b17127214b1645ee20cb4f537adb7e14b67bb9d9c24a62b80a5f939751c,nfl,player_receptions,Cade Otton,Over,3.5,loss,3.0,2026_05_TB_DAL,3.0,loss,3.0,loss,,False,True,True
d6f10d9bd4bf90672b15f4e8ed24b5a5f18aadf89520c85cc8155538f984bbc5,nfl,player_receiving_yards,Emeka Egbuka,Over,30.5,win,38.0,2026_05_TB_DAL,38.0,win,38.0,win,,False,True,True
748c2745120eff968b3e6cb639e564cc3785c361a64d9ed8b7074c080a58f010,nfl,player_receptions,Emeka Egbuka,Over,2.5,win,6.0,2026_05_TB_DAL,6.0,win,6.0,win,,False,True,True
065bf391a56ec15bf096ea0a166f1fd9c689b41c1f79dfbded2cff917cf3e526,nfl,player_rushing_yards,Javonte Williams,Under,73.5,win,45.0,2026_05_TB_DAL,45.0,win,45.0,win,,False,True,True
eb72cd518cff5fca9020900080bca9c7288de29d75ffb1ee60d60b53e528759a,nfl,player_receiving_yards,Bucky Irving,Over,14.5,loss,10.0,2026_05_TB_DAL,10.0,loss,10.0,loss,,False,True,True
646e0e0db8c5d63c6c5377ad6476867918da35434fed18b4741fc0a715f4f520,nfl,player_receptions,George Pickens,Over,4.5,win,9.0,2026_05_TB_DAL,9.0,win,9.0,win,,False,True,True
5c2d918747f6687a058298240513cc8f7e60a4f87dfdb380c2ed3038d8bd0310,nfl,player_receiving_yards,Jake Ferguson,Under,24.5,win,19.0,2026_05_TB_DAL,19.0,win,19.0,win,,False,True,True
267243d39b4983a4bdc5d26b9dfc171f32978e606c674704fab6f71df74f6a4d,nfl,player_receptions,Jake Ferguson,Under,3.5,win,3.0,2026_05_TB_DAL,3.0,win,3.0,win,,False,True,True
84cf17f3888d470d77b591432d58f4eead4322b93a3b177591c3473817742fd0,nfl,player_receptions,Bucky Irving,Over,2.5,loss,2.0,2026_05_TB_DAL,2.0,loss,2.0,loss,,False,True,True
661fb9adccda112bc88bc3be184470617e68ff1ad89d5a8bf23dbd4c507ccd85,nfl,player_receiving_yards,Ryan Flournoy,Under,33.5,loss,90.0,2026_05_TB_DAL,90.0,loss,90.0,loss,,False,True,True
e32bda19fe48e055db30012016bab2ee53b43fe6477fdac053cf5c3436491190,nfl,player_receptions,Ryan Flournoy,Under,3.5,win,3.0,2026_05_TB_DAL,3.0,win,3.0,win,,False,True,True
98c371506f72be3ed6a3431a56412c5563ccaeb2d0897ce473aad3da20fde496,nfl,player_receptions,Kyle Pitts,Under,4.5,win,3.0,2026_04_ATL_NO,3.0,win,3.0,win,,False,True,True
920353b51fb6348e2d159ed7d170ef1200ac5ff8522930e747f382f32f864ed1,nfl,player_receiving_yards,Alvin Kamara,Under,24.5,loss,35.0,2026_04_ATL_NO,35.0,loss,35.0,loss,,False,True,True
f96c87455d447258bc8877b00b75212b13be106f86f4df3b324f6e4c158d8088,nfl,player_rushing_yards,Michael Penix Jr.,Under,9.5,win,-2.0,2026_04_ATL_NO,-2.0,win,-2.0,win,,False,True,True
e8e82412427a04469d092b9f07497a5d87d15af149ce6e74c9a2c5a2385cd29b,nfl,player_rushing_yards,Alvin Kamara,Under,40.5,win,23.0,2026_04_ATL_NO,23.0,win,23.0,win,,False,True,True
9c2942ef17d0fa7f2197d927bf2f9891b9fe271a1cff26700f527d5e0349bd37,nfl,player_receiving_yards,Chris Olave,Over,82.5,win,116.0,2026_04_ATL_NO,116.0,win,116.0,win,,False,True,True
dffe0a77683ccd2e82be3d474b77e6773e5bb165f61fe775bce6f89002e186c2,nfl,player_receptions,Juwan Johnson,Over,3.5,win,6.0,2026_04_ATL_NO,6.0,win,6.0,win,,False,True,True
119b06c92b67642b0f0d1965ecdfac4f02fb9fde59a68c172280b302d2b3d2a5,nfl,player_passing_yards,Michael Penix Jr.,Over,227.5,loss,223.0,2026_04_ATL_NO,223.0,loss,223.0,loss,,False,True,True
ab117027c924eb56228b6f95ebd835d86287311b6d29f6853e1f477c058ee88c,nfl,player_rushing_yards,Kendre Miller,Under,24.5,win,9.0,2026_04_ATL_NO,9.0,win,9.0,win,,False,True,True
5dbff9d906e44a38761335bcda8bf3dc9ef102732707c86d3f21973405bf576d,nfl,player_receiving_yards,Devaughn Vele,Over,43.5,win,54.0,2026_04_ATL_NO,54.0,win,54.0,win,,False,True,True
b36492faf3c5e7d9cc328b25db4e528034b7e97fe10968522c20f3a414d8ee3a,nfl,player_receiving_yards,Austin Hooper,Over,6.5,win,9.0,2026_04_ATL_NO,9.0,win,9.0,win,,False,True,True
d726795cbf830def819dec87af9266cfcd8905fdc414c48b54745069f69a0514,nfl,player_passing_yards,Tyler Shough,Over,257.5,win,286.0,2026_04_ATL_NO,286.0,win,286.0,win,,False,True,True
79caeac741ef9bbf27c6a5e524af2e740a5cfe416f8041ec59653dd913f0e33f,nfl,player_receiving_yards,Bijan Robinson,Under,35.5,win,2.0,2026_04_ATL_NO,2.0,win,2.0,win,,False,True,True
c119151f86ee663ed0a2ebfde39da4be99ec0d7d811d1e5fb4263ac458d41300,nfl,player_passing_yards,Tyler Shough,Over,259.5,win,286.0,2026_04_ATL_NO,286.0,win,286.0,win,,False,True,True
92bc061ba18ad2e67128bc0cf2ef336ecc0c840af014e616403078489fa8e24e,nfl,player_receiving_yards,Austin Hooper,Over,7.5,win,9.0,2026_04_ATL_NO,9.0,win,9.0,win,,False,True,True
2d8224c9b13ded1f1201fabb84d64a014568fc8a64d706e7e575b69eac9984f1,nfl,player_receiving_yards,Drake London,Under,81.5,loss,96.0,2026_04_ATL_NO,96.0,loss,96.0,loss,,False,True,True
60e62beb69a6dcf62fb8f6bab9505c9eceb9f6034fd9927398eb52b52cd8f1ba,nfl,player_rushing_yards,Bijan Robinson,Over,90.5,win,145.0,2026_04_ATL_NO,145.0,win,145.0,win,,False,True,True
b429fd7310477cb8d001401e7dd7ed6475e7341f4ea5dccbdfe1da01f65a8ba5,nfl,player_rushing_yards,Kendre Miller,Under,20.5,win,9.0,2026_04_ATL_NO,9.0,win,9.0,win,,False,True,True
ec2ca9d5adfe5afd83d59ea1b828972be81d87ba506b2bbead93e706329d976c,nfl,spreads,,Home,-1.5,loss,-22.5,2026_04_ATL_NO,-22.5,loss,-22.5,loss,,False,True,True
43cc1a243e3a28141b5b7e10110580ac5e35a4adf5db046edc82345ee45bf7f2,nfl,player_receiving_yards,Juwan Johnson (NOR),Over,55.5,win,59.0,2026_04_ATL_NO,59.0,win,59.0,win,,False,True,True
5224a9ba1151414127410d673ec3ec5590542d7fd142fa1120d0dc387cb9dc78,nfl,player_receptions,Kendre Miller,Under,0.5,loss,2.0,2026_04_ATL_NO,2.0,loss,2.0,loss,,False,True,True
7f9fdbc323e4afd809bedb49f2916059edebe703f404a031e0eef88b67587478,nfl,player_receptions,Austin Hooper,Over,1.5,loss,1.0,2026_04_ATL_NO,1.0,loss,1.0,loss,,False,True,True
de1a650f1f3401e5b5c73218924a8b01b7e84c2f1cf3d96986da69e83a781875,nfl,player_receiving_yards,Chris Godwin,Over,29.5,win,37.0,2026_05_TB_DAL,37.0,win,37.0,win,,False,True,True
65a256f2729d71395c050efb0047192d3c92f1399f9727fbf6ec3f8bea0d2e42,nfl,player_receiving_yards,CeeDee Lamb,Over,80.5,loss,9.0,2026_05_TB_DAL,9.0,loss,9.0,loss,,False,True,True
c813cbb5b770f1cf96e6ae6f310aefc0dc898a69884b81409e95cfc069c18c52,nfl,player_receptions,CeeDee Lamb,Over,6.5,loss,2.0,2026_05_TB_DAL,2.0,loss,2.0,loss,,False,True,True
453ce3b5b8b3d3976308cf01aab9b23bc94c66addb2030d125dbcfeae0da7079,nfl,player_receptions,Chris Godwin,Over,3.5,loss,3.0,2026_05_TB_DAL,3.0,loss,3.0,loss,,False,True,True
6971f3ea78ea146f09384548d59d0451514ce66dc92b7e2dcc7adb3caedea173,nfl,player_rushing_yards,Bucky Irving,Over,55.5,win,165.0,2026_05_TB_DAL,165.0,win,165.0,win,,False,True,True
d37a13c41641cfa7e1686ea220ea080fa961f2020569ccd14f8b8d901d480e34,nfl,player_receiving_yards,Austin Hooper,Over,6.5,win,9.0,2026_04_ATL_NO,9.0,win,9.0,win,,False,True,True
fe006791349204f77a81e9f29cd21e36bc6d106700fafe17724c34cbaf324315,nfl,player_receptions,Austin Hooper,Over,0.5,win,1.0,2026_04_ATL_NO,1.0,win,1.0,win,,False,True,True
a733228a80f45099aaf1ae06d2f3e924aa96debe1662d96bd0053dea511ba498,nfl,player_receiving_yards,Alvin Kamara,Under,15.5,loss,35.0,2026_04_ATL_NO,35.0,loss,35.0,loss,,False,True,True
5fc54af2f8e698b8b80dae9585fb2c45405a4a914d7dfdfb3aebb1dfe782dd1d,nfl,player_rushing_yards,Alvin Kamara,Under,38.5,win,23.0,2026_04_ATL_NO,23.0,win,23.0,win,,False,True,True
e07a77d4512d8ccda00cc0cba136f655346a98df47b84ce0a44d252689bbc305,nfl,player_receiving_yards,Olamide Zaccheaus,Under,8.5,win,0.0,2026_04_ATL_NO,0.0,win,0.0,win,,False,True,True
6ae31d7bf3de243e3cf30f552f8c04ac9c594baf794e119d9c87f3d9727e2a6e,nfl,player_receptions,Olamide Zaccheaus,Under,1.5,win,0.0,2026_04_ATL_NO,0.0,win,0.0,win,,False,True,True
ecbe6a121c85b481d37fd0f024992dfc63c8175f2358f482d5abaf50a38584a8,nfl,player_receiving_yards,Juwan Johnson,Over,44.5,win,59.0,2026_04_ATL_NO,59.0,win,59.0,win,,False,True,True
c2ac40e4166533c4bfe5c8f62a642004245ecba6a4982ea0547acaecbe72c872,nfl,player_receiving_yards,Kyle Pitts,Under,30.5,loss,47.0,2026_04_ATL_NO,47.0,loss,47.0,loss,,False,True,True
88c76d7bbb58414c0d067f97a6b3b1ae1dba5b07ff7b7f490e1151596b6a82d4,nfl,player_receiving_yards,Drake London,Over,80.5,win,96.0,2026_04_ATL_NO,96.0,win,96.0,win,,False,True,True
dac720ed58e84239431aad05893929fcf59cbed5059fc677afdf6c8f4eb3d5a1,nfl,player_receiving_yards,Chris Olave,Over,85.5,win,116.0,2026_04_ATL_NO,116.0,win,116.0,win,,False,True,True
8833c63461111f137310c0cdb54b6fc53bf2fc66240f732e53feb88542e2141f,nfl,player_receiving_yards,Jahan Dotson,Under,18.5,loss,54.0,2026_04_ATL_NO,54.0,loss,54.0,loss,,False,True,True
8fb483046b79a94d4c3fb341b761acaa1e3b7033ffdbe78f8b0e5e82eba3f0bc,nfl,player_receptions,Jahan Dotson,Under,1.5,loss,2.0,2026_04_ATL_NO,2.0,loss,2.0,loss,,False,True,True
131f7d390d54aab331f7a4798036a69d00db69914dda75e2d6d0f9f6717792b8,nfl,player_rushing_yards,Brian Robinson Jr.,Over,29.5,win,62.0,2026_04_ATL_NO,62.0,win,62.0,win,,False,True,True
33bdeefb582f4ef0d210f07186cafd674dfab594ca2a403bdf6c7b97d4665110,nfl,player_receiving_yards,Bijan Robinson,Over,37.5,loss,2.0,2026_04_ATL_NO,2.0,loss,2.0,loss,,False,True,True
d2e4668c2ff78a301c4c4f4f931b65c09d33a2fe70258f27bf2e1d9597293a07,nfl,player_rushing_yards,Bijan Robinson,Over,87.5,win,145.0,2026_04_ATL_NO,145.0,win,145.0,win,,False,True,True
4dfd51b8aea24787486401467ffcec9ac9de5d771df12d0e7bfa670b57d84146,nfl,player_receiving_yards,Kendre Miller,Under,4.5,loss,10.0,2026_04_ATL_NO,10.0,loss,10.0,loss,,False,True,True
f2274cb9665cb16390e24939886d7fe966e92046c19883f6a2a13ff856efcbb8,nfl,player_receptions,Kendre Miller,Over,0.5,win,2.0,2026_04_ATL_NO,2.0,win,2.0,win,,False,True,True
56dd75e55098972ae3202260ea491042af6feef1b3615ee256f78e4952e929de,nfl,player_rushing_yards,Kendre Miller,Under,23.5,win,9.0,2026_04_ATL_NO,9.0,win,9.0,win,,False,True,True
1995d7a619f27655bfa73c144fd79a48c7a5cfb5d5a7ba586d2171d4ccb2d09a,nfl,player_receiving_yards,Devaughn Vele,Over,44.5,win,54.0,2026_04_ATL_NO,54.0,win,54.0,win,,False,True,True
79631210baf7c7acee2184d0aa27b92fc6258e6d7e5675c51fc53775fa305dda,nfl,player_passing_yards,Tyler Shough,Over,258.5,win,286.0,2026_04_ATL_NO,286.0,win,286.0,win,,False,True,True
2e4235c2406274e430e5e163c2314cea89a5c03f377eecc33130225973ae9b95,nfl,player_rushing_yards,Tyler Shough,Over,16.5,loss,5.0,2026_04_ATL_NO,5.0,loss,5.0,loss,,False,True,True
2d9ff9b9ca80a6a995450bc49b399d1f3b91ebe15e0d8806220ef374254690e9,nfl,player_rushing_yards,Michael Penix Jr.,Under,4.5,win,-2.0,2026_04_ATL_NO,-2.0,win,-2.0,win,,False,True,True
bfaa4642004a3ecfdc8cb271e603743de447067dbd898d53bd48b842d1af0489,ncaa,spreads,,Away,-6.5,loss,12.5,401871066,12.5,loss,,,,False,True,
b8441c731acb07194cd31611d439aeab0b18f0522425e17e9001452de5be4d23,nfl,spreads,,Away,-9.5,win,-17.5,2026_05_TB_DAL,-17.5,win,-17.5,win,,False,True,True
4ea2f75232417ad788771cfee501637f44f4f19b35bb0dd2fe2c973674ab5ad1,nfl,player_passing_yards,Dak Prescott,Over,260.5,win,316.0,2026_05_TB_DAL,316.0,win,316.0,win,,False,True,True
3bd7b017f3578505c3b305b5a2fabbf16fedc09bbd414b8b858878ac3cb261bd,nfl,player_rushing_yards,Dak Prescott,Over,9.5,loss,0.0,2026_05_TB_DAL,0.0,loss,0.0,loss,,False,True,True
0652bee7316b44d9b4c88004417b54a6c5565e464c8775a73b93873c8ab9606d,nfl,player_receiving_yards,Javonte Williams,Over,14.5,win,17.0,2026_05_TB_DAL,17.0,win,17.0,win,,False,True,True
85d5fc24934f1d4696663b96d26754ee40ba7a7134b006e95ee00c45fd7eec5f,nfl,player_rushing_yards,Tyler Goodson,Under,17.5,win,0.0,2026_05_TB_DAL,0.0,win,,,,True,True,
7b1e11aa3ee612ac3d7ef8e1aed5bc7868af31106177f272d01c8bd02cb334e7,nfl,player_receiving_yards,Cade Otton,Over,29.5,loss,25.0,2026_05_TB_DAL,25.0,loss,25.0,loss,,False,True,True
24dd5e98c6e58e715733e5cee000b2e86c21d12082b45dfdef568cfb876d8c38,nfl,player_receiving_yards,Emeka Egbuka,Over,30.5,win,38.0,2026_05_TB_DAL,38.0,win,38.0,win,,False,True,True
7077cefd084da78da3b928337936267b233d8a500d804b2e7c8999c6dc9c2ec7,nfl,player_receptions,Emeka Egbuka,Over,2.5,win,6.0,2026_05_TB_DAL,6.0,win,6.0,win,,False,True,True
75dc8576e31ecde0244c56a8372323c70f899418290071dfa5038446171d9505,nfl,player_receiving_yards,Tez Johnson,Over,11.5,win,64.0,2026_05_TB_DAL,64.0,win,64.0,win,,False,True,True
ac2ebe2bee529277dfe29583e5814914551a2e1928906f1cbc44e59deef1bdb1,nfl,player_receptions,Tez Johnson,Under,1.5,win,1.0,2026_05_TB_DAL,1.0,win,1.0,win,,False,True,True
ce5bbec40ed1947b44705718f0d8928f5105e38e24af54fe7683ee5d4849e1ab,nfl,player_rushing_yards,Javonte Williams,Under,72.5,win,45.0,2026_05_TB_DAL,45.0,win,45.0,win,,False,True,True
ed1c98677f6dd089041bd9b3acf06f20c4e5585a7b9f6cf74140100f1fe18e4e,nfl,player_receiving_yards,Jake Ferguson,Under,25.5,win,19.0,2026_05_TB_DAL,19.0,win,19.0,win,,False,True,True
53007e6ce87b78575f85bc50ae26f2ff6d66abe446938497f4aa958865c1b761,nfl,player_receptions,Jake Ferguson,Under,3.5,win,3.0,2026_05_TB_DAL,3.0,win,3.0,win,,False,True,True
769951c744df26c5b5681dfd842cbf908e33dd1417e6bc1ec9a36445279db1ca,nfl,player_receiving_yards,Ryan Flournoy,Under,30.5,loss,90.0,2026_05_TB_DAL,90.0,loss,90.0,loss,,False,True,True
af8977d9dbacf5892d191ec735976552a3613912995f88f2b5b3e942fad67b03,nfl,player_receiving_yards,George Pickens,Over,61.5,win,130.0,2026_05_TB_DAL,130.0,win,130.0,win,,False,True,True
9cece8e453dcde02ec5a09660199f8eafa165b077874fd70853a25eeac4df404,nfl,player_passing_yards,Tyler Shough,Over,259.5,win,286.0,2026_04_ATL_NO,286.0,win,286.0,win,,False,True,True
9533bce0ab6de857974cfb3cedb4379af9169005fb1d8d2847cd92fbc0b2f531,nfl,player_receiving_yards,Austin Hooper,Over,6.5,win,9.0,2026_04_ATL_NO,9.0,win,9.0,win,,False,True,True
d21d00edbd0620db141b2a7c4477a315967f111e8b3118f2143eeab8ba0dabb7,nfl,player_rushing_yards,Bijan Robinson,Over,90.5,win,145.0,2026_04_ATL_NO,145.0,win,145.0,win,,False,True,True
4b034a7abe611a10bcebf0d5d8aa1b4e80b182fe5933d3abd9d64d14b8878d5c,nfl,player_receiving_yards,Drake London,Under,81.5,loss,96.0,2026_04_ATL_NO,96.0,loss,96.0,loss,,False,True,True
13852f2dcc693ca9a5edf1e5de3f546d875864db17afd41bba0d1015668223f7,nfl,player_receptions,Olamide Zaccheaus,Over,1.5,loss,0.0,2026_04_ATL_NO,0.0,loss,0.0,loss,,False,True,True
efcac02ddcaa7d4bc2371dd9e6128a7967fd140db49e374499d0a3cbf295f422,nfl,spreads,,Home,-1.5,loss,-22.5,2026_04_ATL_NO,-22.5,loss,-22.5,loss,,False,True,True
ffc9c3a59b37bd328a83ca91543d826f209e6214444ca962b50856631efde1c6,nfl,player_receiving_yards,Alvin Kamara,Under,15.5,loss,35.0,2026_04_ATL_NO,35.0,loss,35.0,loss,,False,True,True
5f5a1c73a68fd2d782ebcf1b31507141941234e2bdc2cf5e2e980eb86b745936,nfl,player_receiving_yards,Juwan Johnson,Over,44.5,win,59.0,2026_04_ATL_NO,59.0,win,59.0,win,,False,True,True
4db9c32c424458cff992839d8a0b952a61820dd9c18046314039a79f423a4a19,nfl,player_rushing_yards,Brian Robinson Jr.,Over,28.5,win,62.0,2026_04_ATL_NO,62.0,win,62.0,win,,False,True,True
dbc432c3c49e5e9a488a108853922719ea823b0ddc4e397725af1cb85b2f14d8,nfl,player_receiving_yards,Jahan Dotson,Under,19.5,loss,54.0,2026_04_ATL_NO,54.0,loss,54.0,loss,,False,True,True
d854ce5467741ccc8775c4bccfc39a05f6283a87ff75ba380334e8f6f7a5bb09,nfl,player_receiving_yards,Olamide Zaccheaus,Under,8.5,win,0.0,2026_04_ATL_NO,0.0,win,0.0,win,,False,True,True
d73a09e90abeb1fd3f159d5a85e07fdcf0b7be971ca77e0e219a93004c9c7e85,nfl,player_receiving_yards,Chris Olave,Over,84.5,win,116.0,2026_04_ATL_NO,116.0,win,116.0,win,,False,True,True
792e3a6e0ed7071d2761c3a814e8847a6641db5cc528e9f652e90ef6e098b327,nfl,player_passing_yards,Michael Penix,Over,225.5,loss,223.0,2026_04_ATL_NO,223.0,loss,223.0,loss,,False,True,True
d17078cc0f44e83cc3cf71351fb41c0e5b57c49aee4ebe828ed191c3f9d8f240,nfl,player_rushing_yards,Kendre Miller,Under,24.5,win,9.0,2026_04_ATL_NO,9.0,win,9.0,win,,False,True,True
5dc63149ae32081c990bd83aa3af29df1edaa4be93276344df3b91264f510957,nfl,atd,Brian Robinson Jr.,Yes,0.5,win,3.0,2026_04_ATL_NO,3.0,win,1.0,win,0.0,False,True,True
db602c34b46646043c55db5a73ab796a373c0ac5afa764de8aee03136468a7de,nfl,player_receiving_yards,Devaughn Vele,Over,43.5,win,54.0,2026_04_ATL_NO,54.0,win,54.0,win,,False,True,True
010c5cfdb221e9d75d41d914f382c732f765fb52514f9be4595aefd6ab71ffac,nfl,player_rushing_yards,Alvin Kamara,Under,34.5,win,23.0,2026_04_ATL_NO,23.0,win,23.0,win,,False,True,True
560367f35f528387fbdcdb6b467e7272b89cdc0464c67c0ba44b1d5f2959446e,nfl,player_receiving_yards,Bijan Robinson,Under,37.5,win,2.0,2026_04_ATL_NO,2.0,win,2.0,win,,False,True,True
e0bb87c1aca4a11d48a8ec73e7dfd2c3a75084ccc480e3a71d46289e9612fa09,nfl,player_receiving_yards,Drake London,Over,80.5,win,96.0,2026_04_ATL_NO,96.0,win,96.0,win,,False,True,True
a892d442d9838f9138d482aa089a5d8b0e38e52a28227d3009ba5e48aeb13f2b,nfl,player_rushing_yards,Kendre Miller,Over,25.5,loss,9.0,2026_04_ATL_NO,9.0,loss,9.0,loss,,False,True,True
87316b940c45caefd50e97f1f8df6a1910cd9fdcfec02e7880963878340e3e48,nfl,player_receptions,Kendre Miller,Under,0.5,loss,2.0,2026_04_ATL_NO,2.0,loss,2.0,loss,,False,True,True
4fc1b31c71ce9cc2956fe5ab04ba74d10ae4deafe43b7728121f97eca22cf26f,nfl,player_receiving_yards,Bijan Robinson,Over,36.5,loss,2.0,2026_04_ATL_NO,2.0,loss,2.0,loss,,False,True,True
73a5a320fd9ae938bacdf9f8ebbd5046eaab495e2711f74df3465dd91777a1aa,nfl,player_receiving_yards,Devaughn Vele,Under,44.5,loss,54.0,2026_04_ATL_NO,54.0,loss,54.0,loss,,False,True,True
7d35844d1b618708ee3554f86f804d52fbe5bdcfecb1af698f308164d6984c0f,nfl,spreads,,Away,-2.5,win,-23.5,2026_04_ATL_NO,-23.5,win,-23.5,win,,False,True,True
5dca92e003731e413234f7cec9f486240f13f544be48ab3274c07523e50178fe,nfl,player_rushing_yards,Tyler Shough,Under,16.5,win,5.0,2026_04_ATL_NO,5.0,win,5.0,win,,False,True,True
08cd6129ebe3c7fc2d03d7c7ea9504658e3d0726c57cee84788e300a441e3129,nfl,player_rushing_yards,Bijan Robinson,Under,89.5,loss,145.0,2026_04_ATL_NO,145.0,loss,145.0,loss,,False,True,True
ae731792c87020ca69f8cda8590dbd0df083310fbb9d3fe090bb09bd15d9e433,nfl,player_passing_yards,Tyler Shough,Under,261.5,loss,286.0,2026_04_ATL_NO,286.0,loss,286.0,loss,,False,True,True
1f5390a3ba89e3db3712606ec9abddd7f36c3baceedabc2ab59f6403aa1f4fe5,nfl,player_receiving_yards,Chris Olave,Under,84.5,loss,116.0,2026_04_ATL_NO,116.0,loss,116.0,loss,,False,True,True
c623599bd29b313cf9ee5160dc321cc5c039027f02f68d0f177c101d197183e1,nfl,player_receiving_yards,Olamide Zaccheaus,Over,8.5,loss,0.0,2026_04_ATL_NO,0.0,loss,0.0,loss,,False,True,True
0d3966f47dfdc59e5a6edd23a358cffe068a3ae2926bd172e990c65001658ca9,nfl,player_receptions,Chris Olave,Under,6.5,loss,8.0,2026_04_ATL_NO,8.0,loss,8.0,loss,,False,True,True
40777302171a6a0550d7d485f1e9f777cbe18ca7744d2602c3c15252730278db,nfl,player_rushing_yards,Alvin Kamara,Over,38.5,loss,23.0,2026_04_ATL_NO,23.0,loss,23.0,loss,,False,True,True
791b499b3605ec223e3a7161f052e206213d6e975b09cd2d30b380b9e1af5145,nfl,player_receiving_yards,Jahan Dotson,Over,18.5,win,54.0,2026_04_ATL_NO,54.0,win,54.0,win,,False,True,True
246bb7ffd1cb424dc76a52cb938bf4e7841ded18ce533b85ec73a4ddb009cff2,nfl,atd,Michael Penix Jr.,Yes,0.5,loss,0.0,2026_04_ATL_NO,0.0,loss,0.0,loss,0.0,False,True,True
62f65c339b2983c7e2a923d0db1383b97312e4aa110a8428a4f38f0b737eff9e,nfl,player_rushing_yards,Brian Robinson Jr.,Under,28.5,loss,62.0,2026_04_ATL_NO,62.0,loss,62.0,loss,,False,True,True
17bd253c5dc013e2707ae9b90aa1b3c4fa85c5ba0a06d0e4540e87cf30c4405a,nfl,player_receiving_yards,Juwan Johnson,Under,45.5,loss,59.0,2026_04_ATL_NO,59.0,loss,59.0,loss,,False,True,True
381faf4d1d49f58b64d06d1e526d1bb43dc197d5cb7cd4be78085eb5044e6701,nfl,player_receiving_yards,Kyle Pitts,Over,30.5,win,47.0,2026_04_ATL_NO,47.0,win,47.0,win,,False,True,True
83a5d062bad6b9c5c28e6322116af751329638ef346893f8547e54f4df37bd47,nfl,atd,Kevin Austin,Yes,0.5,loss,0.0,2026_04_ATL_NO,0.0,loss,,,,True,True,
a7e7328ca5491cd035b903b16a1ed0f072d84d7bbf07fd3a75cca43ab9abee83,nfl,player_rushing_yards,Michael Penix Jr.,Over,4.5,loss,-2.0,2026_04_ATL_NO,-2.0,loss,-2.0,loss,,False,True,True
276d4ee1d8a020de72c519a7a884ee17f157876233c4182f66854e03e759b63a,nfl,player_receiving_yards,Kendre Miller,Under,4.5,loss,10.0,2026_04_ATL_NO,10.0,loss,10.0,loss,,False,True,True
0ef6b022e85b2ddc65951a4a07db2b5d35820fd00adad6c763cef6a2ed6261c0,nfl,player_receptions,Kendre Miller,Over,0.5,win,2.0,2026_04_ATL_NO,2.0,win,2.0,win,,False,True,True
91b518b202286ec56c68851895acad2d8ef5f0a7ed1b93781f55307983611948,nfl,player_receiving_yards,Kendre Miller,Over,4.5,win,10.0,2026_04_ATL_NO,10.0,win,10.0,win,,False,True,True
767a13d1ed8e8c7a7b470cf3784b87e66805a5f664dc713ba4ad114b56591246,nfl,player_receiving_yards,Olamide Zaccheaus,Under,9.5,win,0.0,2026_04_ATL_NO,0.0,win,0.0,win,,False,True,True
6eda7d5d95e692040a9bf010d711b215399faef869566f8f585c2b87989bef21,nfl,player_rushing_yards,Bijan Robinson,Over,87.5,win,145.0,2026_04_ATL_NO,145.0,win,145.0,win,,False,True,True
8b573ab387f2921f57ce5c3819c3a364724bada726e7efda12c8e1a4381b1fc1,nfl,player_rushing_yards,Bucky Irving,Over,56.5,win,165.0,2026_05_TB_DAL,165.0,win,165.0,win,,False,True,True
e379cd31947189d6eb9be0f19cd89833025958fe9cac49d7d0e11ab4e95c9db8,nfl,player_receiving_yards,CeeDee Lamb,Over,80.5,loss,9.0,2026_05_TB_DAL,9.0,loss,9.0,loss,,False,True,True
839fa3ead032d747516c3b8afb6ac910cfcb0a66bafac0fc6acc9b31c8cad22d,nfl,player_rushing_yards,Alvin Kamara,Under,37.5,win,23.0,2026_04_ATL_NO,23.0,win,23.0,win,,False,True,True
b4ea0df67e2d27b9fd6343b49c0ab70badeca171b4dab8c0ac1a83fb45f62f7b,nfl,player_receiving_yards,Drake London,Over,81.5,win,96.0,2026_04_ATL_NO,96.0,win,96.0,win,,False,True,True
8b5aadcb3646516277c7601ec21148f375f56ea17b2fac13a5436bff2462d2b0,nfl,player_receiving_yards,Olamide Zaccheaus,Under,8.5,win,0.0,2026_04_ATL_NO,0.0,win,0.0,win,,False,True,True
bdf804b23480bc10092e7efad00b6302e90962cb693394d55db9059c3d0c3f1a,nfl,player_receiving_yards,Juwan Johnson,Over,45.5,win,59.0,2026_04_ATL_NO,59.0,win,59.0,win,,False,True,True
f02cb8aaa25deb0eb41205efba8489ffd90009c008048be4ac60460d36f2498e,nfl,player_receptions,Juwan Johnson,Over,3.5,win,6.0,2026_04_ATL_NO,6.0,win,6.0,win,,False,True,True
08175ee45c6323f5b8d52db501edd76599c84862dd2b552e86f883c2be2ee2eb,nfl,player_receptions,Kyle Pitts,Under,2.5,loss,3.0,2026_04_ATL_NO,3.0,loss,3.0,loss,,False,True,True
f366628afab5686490200cd8f2f4fba9c2222d7149e0d1b34a1bfee52cf2da5b,nfl,player_receptions,Drake London,Under,5.5,win,5.0,2026_04_ATL_NO,5.0,win,5.0,win,,False,True,True
3bd7f88c68861affd9cdbb1e0ca52591feb41dbe66b3aa00673e7aedf4283466,nfl,player_receptions,Chris Olave,Over,6.5,win,8.0,2026_04_ATL_NO,8.0,win,8.0,win,,False,True,True
70b79e73b6dc15cfe5dcd823be43fb081fab45d82650b353e3d60d767206f753,nfl,player_receptions,Bijan Robinson,Under,4.5,win,1.0,2026_04_ATL_NO,1.0,win,1.0,win,,False,True,True
d1031037a359b6dc87fc5740c96c7a8754da2311e464f1393c89499c814e91ee,nfl,player_receptions,Devaughn Vele,Over,3.5,win,6.0,2026_04_ATL_NO,6.0,win,6.0,win,,False,True,True
b3c80cff08523f840dc8b92627148d0495cae5019d290659c3586662731f7385,nfl,player_passing_yards,Michael Penix Jr.,Over,224.5,loss,223.0,2026_04_ATL_NO,223.0,loss,223.0,loss,,False,True,True
35f4cfb93e39a24061fb2ff047d81e70acf4359ddc3a505931644ca6b63e2e38,nfl,player_passing_tds,Tyler Shough,Over,1.5,loss,1.0,2026_04_ATL_NO,1.0,loss,1.0,loss,,False,True,True
53c0d087ecd2fc4b31378b427bd161762eaf7303075f09ff1fe110ce5bdb8aac,nfl,player_rushing_yards,Tyler Shough,Over,16.5,loss,5.0,2026_04_ATL_NO,5.0,loss,5.0,loss,,False,True,True
32b370535f554e8085e6d8e098f3f50808e817ff44129f3afbb710b3b1dd18eb,nfl,player_receiving_yards,Tez Johnson,Over,11.5,win,64.0,2026_05_TB_DAL,64.0,win,64.0,win,,False,True,True
b4aff068ec611f54327e9dcc674b9ef7882fad3778053ce0b7d2b99da77e982d,nfl,player_receptions,Tez Johnson,Under,1.5,win,1.0,2026_05_TB_DAL,1.0,win,1.0,win,,False,True,True
012317f8ab77feae68da4e1653a70fc614c2601fa37ca40be23bb2262e49a947,nfl,player_receiving_yards,Javonte Williams,Over,16.5,win,17.0,2026_05_TB_DAL,17.0,win,17.0,win,,False,True,True
89e15ee290466fc777baca6ea0e2325f9dd84e0671a7be1e2aab008b5884ecd5,nfl,player_receiving_yards,George Pickens,Over,61.5,win,130.0,2026_05_TB_DAL,130.0,win,130.0,win,,False,True,True
4a72a6041d473b85fc127d0b7628f18b23badf8604a4459b37a2a912c5973fe4,nfl,player_rushing_yards,Bijan Robinson,Over,87.5,win,145.0,2026_04_ATL_NO,145.0,win,145.0,win,,False,True,True
89c200c7c8b8e02448042008e22d9694257da87585fbfd01f753e4485234800a,nfl,player_receiving_yards,Jahan Dotson,Under,18.5,loss,54.0,2026_04_ATL_NO,54.0,loss,54.0,loss,,False,True,True
6683dc1110cfb16160e6df6d3fd05843ca8f80f9211f394bdc2611369e8fee37,nfl,atd,Kendre Miller,Yes,0.5,loss,0.0,2026_04_ATL_NO,0.0,loss,0.0,loss,0.0,False,True,True
50cc8d7364c1f7300db25735b6bea160d931b5fe3ac0210217628d8a511373e5,nfl,player_rushing_yards,Kendre Miller,Under,25.5,win,9.0,2026_04_ATL_NO,9.0,win,9.0,win,,False,True,True
297ce9d71b509326a2ae578133f02e55ffb1aee9fa2dcc26ebf00d67e9036c8f,nfl,player_receiving_yards,Austin Hooper,Over,7.5,win,9.0,2026_04_ATL_NO,9.0,win,9.0,win,,False,True,True
c8db683447be80981a5784c9b477a8cd5084a71a88c73e486192dad57af1671d,nfl,player_rushing_yards,Kendre Miller,Over,24.5,loss,9.0,2026_04_ATL_NO,9.0,loss,9.0,loss,,False,True,True
0931e7c2a8336d66a3fc9ad9ef093f6f254963f903f3c7de8af2498158baa82e,nfl,player_receiving_yards,Drake London,Over,81.5,win,96.0,2026_04_ATL_NO,96.0,win,96.0,win,,False,True,True
012e403e7e1539b1907776a8cd909a5e82068b435200da2abd387b3bb41ca0db,nfl,player_rushing_yards,Bijan Robinson,Under,88.5,loss,145.0,2026_04_ATL_NO,145.0,loss,145.0,loss,,False,True,True
9e1dcb218ba6a8560ac5160973f5f46ddc49ebfd5a206cefcd365e08104e0e76,nfl,player_passing_yards,Tyler Shough,Under,257.5,loss,286.0,2026_04_ATL_NO,286.0,loss,286.0,loss,,False,True,True
10a6ca6b40b7924a78c39496d2231486369bb2aab5cc55017c570e7a4114738e,nfl,player_passing_yards,Michael Penix Jr.,Under,225.5,win,223.0,2026_04_ATL_NO,223.0,win,223.0,win,,False,True,True
649bfb94983b05c25ed3eb44fcf984b8914d6a21fb897ab0fd2d7ea2b4aef9da,nfl,player_receiving_yards,Olamide Zaccheaus,Over,7.5,loss,0.0,2026_04_ATL_NO,0.0,loss,0.0,loss,,False,True,True
7c35b3336ecfde0d32a7d3ded1a9b3e70d4b12dd182d5dc651ba4231ee6fb9f3,nfl,player_rushing_yards,Alvin Kamara,Over,41.5,loss,23.0,2026_04_ATL_NO,23.0,loss,23.0,loss,,False,True,True
57bb00ded0562f85f4ce082dff548c3adf0d81bedd8b07958c8e1917d1090149,nfl,player_receiving_yards,CeeDee Lamb,Over,79.5,loss,9.0,2026_05_TB_DAL,9.0,loss,9.0,loss,,False,True,True
d988976f47ed6fe541a6eaf7b76449259715b372a58305386effc4e92f0393ce,nfl,player_receiving_yards,Chris Godwin,Over,27.5,win,37.0,2026_05_TB_DAL,37.0,win,37.0,win,,False,True,True
74e65f6a2a5a353106de6551ad62b6a4bd23db80c210a02de9846cf12ce684ca,nfl,player_receptions,CeeDee Lamb,Over,6.5,loss,2.0,2026_05_TB_DAL,2.0,loss,2.0,loss,,False,True,True
691eab695f2bf71107e4e1d75ac6a318f8c7d78a8cbaa92ae733f3855a6d6a77,nfl,player_receptions,Chris Godwin,Over,3.5,loss,3.0,2026_05_TB_DAL,3.0,loss,3.0,loss,,False,True,True
8bcae0041127fee8b273c2c8d823e01c0f4e53440fd915fedb2b9250e6c8f7b7,nfl,player_rushing_yards,Bucky Irving,Over,57.5,win,165.0,2026_05_TB_DAL,165.0,win,165.0,win,,False,True,True
ffb28973ad5eeac4e6671ac4a6bad16425e859c62e21de6b1407323ec9762e4b,nfl,player_receptions,Emeka Egbuka,Over,2.5,win,6.0,2026_05_TB_DAL,6.0,win,6.0,win,,False,True,True
2ea29746c98cdcb878115756df6f67826334eb4377175c007da9e4046a2643bc,nfl,player_receiving_yards,Cade Otton,Over,28.5,loss,25.0,2026_05_TB_DAL,25.0,loss,25.0,loss,,False,True,True
3d6d76dcf2e1cb76ef60c9bd312f105a1f7db6a28d0af1e6a3178272f8fe7831,nfl,player_rushing_yards,Dak Prescott,Over,9.5,loss,0.0,2026_05_TB_DAL,0.0,loss,0.0,loss,,False,True,True
32bbb100a745980cb0a9d4fb4dff7ee24f4983cff47a437bdc83305a33f6c68b,nfl,player_receptions,Tez Johnson,Under,1.5,win,1.0,2026_05_TB_DAL,1.0,win,1.0,win,,False,True,True
bc30bb3b3cf6ee39d37f6b0ead83726668ade36d1a5e43e093b59ac09e170e87,nfl,player_receptions,Javonte Williams,Over,2.5,loss,2.0,2026_05_TB_DAL,2.0,loss,2.0,loss,,False,True,True
bd2bcca24c4ff3348ac6ebfc70633fa77af0d45bb776a4f2572092ca3c0ab45f,nfl,spreads,,Away,-8.5,win,-16.5,2026_05_TB_DAL,-16.5,win,-16.5,win,,False,True,True
e06656c469e0e21d8e30ac9ece08a4af33e90f8f4e2db1838833eda4e28bdbe9,ncaa,h2h,,Home,0.0,win,21.0,401871090,21.0,win,,,,False,True,
64029ea9f574bd560b0829b290965873f13f83c0367c8c8545de204030e3d370,nfl,player_rushing_yards,Tyler Goodson,Under,17.5,win,0.0,2026_05_TB_DAL,0.0,win,,,,True,True,
ead1ac43593a6c911482ad23fa8c50547fca4a88ce0c856a428cf0756e90cc90,nfl,player_receiving_yards,Tez Johnson,Over,10.5,win,64.0,2026_05_TB_DAL,64.0,win,64.0,win,,False,True,True
9da47a0c8e1c3526e768b9bef9dd9ab1b80613a300c9aefceebe42b3d262829b,nfl,player_passing_tds,Dak Prescott,Over,1.5,loss,1.0,2026_05_TB_DAL,1.0,loss,1.0,loss,,False,True,True
ac2e031cb5c18f5aeecbcbe828967482c661ab8ca815613e82dfa8657e06a15e,ncaa,h2h,,Away,0.0,win,-1.0,401871051,-1.0,win,,,,False,True,
569966d6d5f8652f2891bef86882b01e0f7db0742e6b57481670c3653331540a,nfl,h2h,,Home,0.0,loss,-8.0,2026_05_TB_DAL,-8.0,loss,-8.0,loss,,False,True,True
9ce5f81484563971a2973542eedd5080c28399e51943838b3af030a8d26a96d0,ncaa,spreads,,Away,-10.5,loss,10.5,401871090,10.5,loss,,,,False,True,
e47fc2cd928a09c8432aba931e995e71c7a1a295ef02743c04e55a0343d74069,ncaa,totals,,Under,50.5,loss,53.0,401871051,53.0,loss,,,,False,True,
c8009ce564e2bb68ea7db4fd646036b16f8b6d32ee1e202f1eb7cc6ceb23f860,nfl,totals,,Over,47.5,loss,40.0,2026_05_TB_DAL,40.0,loss,40.0,loss,,False,True,True
861c8c7cec7f0461fa416f2e7e9ac649eccb68d4df78aeff21f365458789395f,nfl,player_receiving_yards,Emeka Egbuka,Over,31.5,win,38.0,2026_05_TB_DAL,38.0,win,38.0,win,,False,True,True
c5fadba2efc6269afe45a86a630c24c4decb012a2d78081048a6fe52bb006c85,nfl,player_receptions,Cade Otton,Over,3.5,loss,3.0,2026_05_TB_DAL,3.0,loss,3.0,loss,,False,True,True
89603e6c2ff2d0ac5cd1ce6a860b98cb6e35e93e4f0c78de46a123a0f9de160d,ncaa,h2h,,Home,0.0,win,19.0,401871066,19.0,win,,,,False,True,
153252daac27cef5a9252cafb2b1c2adc082e39e9bab973b4a4a7c40611e1eb4,ncaa,spreads,,Away,-6.5,loss,12.5,401871066,12.5,loss,,,,False,True,
56a5888c2eb253bcdbeb631dc58829db2cfac17ad385922cda36cf28028b8160,nfl,player_receiving_yards,Javonte Williams,Over,14.5,win,17.0,2026_05_TB_DAL,17.0,win,17.0,win,,False,True,True
ca0a8f57166a8cab675a369a3a94863a2ded4f3a189d8a436702e35027709edc,ncaa,totals,,Under,50.5,loss,89.0,401871090,89.0,loss,,,,False,True,
3d0472d25ec245524d155f329efba5c82b8b3916e4734ef984e317ef958f6a44,ncaa,spreads,,Away,3.0,loss,2.0,401871051,2.0,loss,,,,False,True,
2dccaac5d3a86d81c27a30d93552a5fd6f2c01fe65177e7fe5f59592ff362445,ncaa,totals,,Under,46.5,win,25.0,401871066,25.0,win,,,,False,True,
04d4551cd061020e811b6aaa09f1c8b3c5ea35f1a13a0fd5f9f4fddb059bfb94,nfl,player_passing_yards,Dak Prescott,Over,263.5,win,316.0,2026_05_TB_DAL,316.0,win,316.0,win,,False,True,True
3978c3638be9166cf6a3dfdf9bf90800f67dc4933161b10d2eaa7fafdb3cd91d,nfl,player_rushing_yards,Javonte Williams,Under,72.5,win,45.0,2026_05_TB_DAL,45.0,win,45.0,win,,False,True,True
701ead45917a54ba40adfc3a75e51ba8b9825e795e9daea34148f5cd5ae20e0b,nfl,player_receptions,Jake Ferguson,Under,3.5,win,3.0,2026_05_TB_DAL,3.0,win,3.0,win,,False,True,True
e60f642cd615240c0138ad0245bbb98182a47f8e7fc9c192ed6768923d938784,nfl,player_receiving_yards,Jake Ferguson,Under,26.5,win,19.0,2026_05_TB_DAL,19.0,win,19.0,win,,False,True,True
2b13b69de4c5f78aef07fe07850113d0bac9b504ca415188d10457c545416c20,nfl,player_receptions,Bucky Irving,Over,2.5,loss,2.0,2026_05_TB_DAL,2.0,loss,2.0,loss,,False,True,True
746d174147140794793357826165707ad13f0280ef90f7f5ea9444eec6a5003d,nfl,player_receptions,Ryan Flournoy,Under,3.5,win,3.0,2026_05_TB_DAL,3.0,win,3.0,win,,False,True,True
c61540a1c566edcd7826139529573d0731412e11d77f94e1e176c7020adeb36b,nfl,player_receiving_yards,Bucky Irving,Over,14.5,loss,10.0,2026_05_TB_DAL,10.0,loss,10.0,loss,,False,True,True
7154b8115c9ea96d35b3428e28c178296e2519faa60ed251a942980275317764,nfl,player_receiving_yards,Ryan Flournoy,Under,30.5,loss,90.0,2026_05_TB_DAL,90.0,loss,90.0,loss,,False,True,True
6079becdb82e4de8d4d6674eea5d755e2ea456a8da228c8b6917bad2528fa0c5,nfl,player_receptions,George Pickens,Over,4.5,win,9.0,2026_05_TB_DAL,9.0,win,9.0,win,,False,True,True
3848e2fcefdbf4fcadc4ce46c590ce269bae45aeba4aff2fae3ffaaf1696742c,nfl,player_receiving_yards,George Pickens,Over,59.5,win,130.0,2026_05_TB_DAL,130.0,win,130.0,win,,False,True,True
d92c3986aa507f004a331ed94c9384e97dd5b2dd90f197f37c5631fda02a007e,nfl,player_receptions,CeeDee Lamb,Over,4.5,loss,2.0,2026_05_TB_DAL,2.0,loss,2.0,loss,,False,True,True
4c89209ad3739cd50a64a100d6c9ba6580f4eaaa1fcd2fb6efa488a975121445,nfl,player_receptions,Bucky Irving,Over,1.5,win,2.0,2026_05_TB_DAL,2.0,win,2.0,win,,False,True,True
6b0d82259ff4732a56a97c33f65068cc7733f2b1ae9d6b60c9a7d0a9411faa8e,nfl,player_receiving_yards,CeeDee Lamb,Over,69.5,loss,9.0,2026_05_TB_DAL,9.0,loss,9.0,loss,,False,True,True
892a9d8380083c9786f4a9ad70ff173fa2465c62cc6bc6e546f9b9f0bb07a7e4,nfl,player_receptions,Chris Godwin,Over,2.5,win,3.0,2026_05_TB_DAL,3.0,win,3.0,win,,False,True,True
5473df19565a7895894b917eaee73022c8cd9fdaff3945ec16273522e5a71700,nfl,atd,Javonte Williams,Yes,0.5,win,1.0,2026_05_TB_DAL,1.0,win,1.0,win,0.0,False,True,True
f4faf1efe77fb2cbbc3e806a54aaf054ecaf3d3f405a514a66c86ca7408e4c86,nfl,player_receptions,Tez Johnson,Under,1.5,win,1.0,2026_05_TB_DAL,1.0,win,1.0,win,,False,True,True
e451265cc976356615069787c76f1df1bd6e94cae871d4a7b7f5f8c4dded5cc2,nfl,player_receptions,Emeka Egbuka,Over,2.5,win,6.0,2026_05_TB_DAL,6.0,win,6.0,win,,False,True,True
713173322673208604b8d6ff7598114a0e0cab5fee20ef418ecf2f72798c77d4,nfl,player_receiving_yards,Jake Ferguson,Under,23.5,win,19.0,2026_05_TB_DAL,19.0,win,19.0,win,,False,True,True
569eaf53719824ab892f1f6682e9a4284d17886d4140d7526388f675376cccca,nfl,player_receiving_yards,Chris Godwin,Over,27.5,win,37.0,2026_05_TB_DAL,37.0,win,37.0,win,,False,True,True
81652499a8be7a7a54cd6fdcf4f72cfb9fab40bad6d142cee9f2e19b5c2cc321,nfl,player_receptions,Tyler Goodson,Under,0.5,win,0.0,2026_05_TB_DAL,0.0,win,,,,True,True,
b24b1efb6fa8614292ef81c835e3a4ef9c165953f8d47a96e07c8efd4201002f,nfl,player_receptions,Jake Ferguson,Under,3.5,win,3.0,2026_05_TB_DAL,3.0,win,3.0,win,,False,True,True
f39902146da08b7baa4062ad12e539ccb8082b4fcfe05ca79f7a96afff217c95,nfl,player_receptions,Javonte Williams,Over,2.5,loss,2.0,2026_05_TB_DAL,2.0,loss,2.0,loss,,False,True,True
21032b8cfd9a153e1a0c87ccff236048462ecb77b76b4c2c05f314a5daa126a8,nfl,player_receiving_yards,Chris Godwin,Over,28.5,win,37.0,2026_05_TB_DAL,37.0,win,37.0,win,,False,True,True
1c24493c521f9f742e6e9d60e40047a73d441b7d56c479afbc62d593cd855362,nfl,player_receiving_yards,George Pickens,Under,61.5,loss,130.0,2026_05_TB_DAL,130.0,loss,130.0,loss,,False,True,True
d9aacccb2c9c19773f87733916c03196f8d9cf8a417be74a2e34eb0c73d8c4ba,nfl,player_receiving_yards,Cade Otton,Over,31.5,loss,25.0,2026_05_TB_DAL,25.0,loss,25.0,loss,,False,True,True
211858d236c7055bd4e88e6ab9bb5dfa4d2ef7d5e3c6ce14cd1be4b447ee0c8e,nfl,player_receiving_yards,Javonte Williams,Under,17.5,win,17.0,2026_05_TB_DAL,17.0,win,17.0,win,,False,True,True
857792fa2da01e11caab821eb21ab95a5d996f54c37a7ae5db632a9c89d3b9c2,nfl,player_receptions,Bucky Irving,Over,2.5,loss,2.0,2026_05_TB_DAL,2.0,loss,2.0,loss,,False,True,True
bb4ca3bcb78504ff9a66dc9fd96e430bca400d81b20e092b6c21a086fb5bd8d6,nfl,totals,,Over,47.0,loss,40.0,2026_05_TB_DAL,40.0,loss,40.0,loss,,False,True,True
49126b888aa8e78c61317aee4f322d402b890ce97121c345c4fd4fb06f3ac72d,nfl,player_receiving_yards,Bucky Irving,Under,13.5,win,10.0,2026_05_TB_DAL,10.0,win,10.0,win,,False,True,True
5d190a2641df131ddd1c3793b6916d98906d786502008a2e9869fadf9022e66c,nfl,player_rushing_yards,Tyler Goodson,Under,14.5,win,0.0,2026_05_TB_DAL,0.0,win,,,,True,True,
e89ed937f6baa77a18fe3573a8f9ffed72dd3352306e672c1ed923c21496d534,nfl,player_rushing_yards,Javonte Williams,Under,59.5,win,45.0,2026_05_TB_DAL,45.0,win,45.0,win,,False,True,True
1178497124c005bed4ee8162e193ee046ff9a65bac83f5cd631e464fdda87b58,nfl,atd,CeeDee Lamb,Yes,0.5,loss,0.0,2026_05_TB_DAL,0.0,loss,0.0,loss,0.0,False,True,True
5c940c5e9a797f28d07e7fdea3d80e13e87fbe312163db43f59880c2bc9b525a,nfl,player_receptions,Chris Godwin,Over,3.5,loss,3.0,2026_05_TB_DAL,3.0,loss,3.0,loss,,False,True,True
8f36c6389e490186527c43e512f58cc6d70fa726d7dc470391c748f1606358e5,nfl,player_receptions,Cade Otton,Over,3.5,loss,3.0,2026_05_TB_DAL,3.0,loss,3.0,loss,,False,True,True
89826de32c923e39b6bc5ca6209620d6b12a18c1300efa4438c7a4a52bca9938,nfl,player_receiving_yards,Ryan Flournoy,Under,24.5,loss,90.0,2026_05_TB_DAL,90.0,loss,90.0,loss,,False,True,True
4c18ba2f958b4dcac50cf677dcb40041b8351c8fa413a57a4374398d03ed2030,nfl,player_rushing_yards,Dak Prescott,Over,14.5,loss,0.0,2026_05_TB_DAL,0.0,loss,0.0,loss,,False,True,True
d0b6628497f94e5d42a22b6a8663802ec36996530cd07e7bb6a70f6b67bbc05c,nfl,player_passing_tds,Dak Prescott,Under,1.5,win,1.0,2026_05_TB_DAL,1.0,win,1.0,win,,False,True,True
533ea1db0d4afa0e0eb22e49cd0f49f5ddb69c99ff07c05e7e793f6b29eddf69,ncaa,spreads,,Away,-10.5,loss,10.5,401871090,10.5,loss,,,,False,True,
181b180cd98ccd7cd9029c4afc7ab40a9505918de80bea394a24c1aeaa4f6f58,ncaa,totals,,Under,51.0,loss,53.0,401871051,53.0,loss,,,,False,True,
36c738d01f3493e7b5ac8189d4499f3b4acbab1d9a7aed2d6662ac4809ebb230,ncaa,spreads,,Away,-6.5,loss,12.5,401871066,12.5,loss,,,,False,True,
dca32c56242141c10591fc5f2614b503f54e61aaa535c1df1a6ea003d07f98de,ncaa,totals,,Under,50.5,loss,89.0,401871090,89.0,loss,,,,False,True,
878283fecacfe8f37ecedffcddef4ff494997418c950111a5ab9efeda59b8a5a,ncaa,spreads,,Away,3.0,loss,2.0,401871051,2.0,loss,,,,False,True,
df934b35b2213b54e0210bc8a154d4020495d8981dc0118e0004fb287afe0662,nfl,player_receiving_yards,CeeDee Lamb,Over,82.5,loss,9.0,2026_05_TB_DAL,9.0,loss,9.0,loss,,False,True,True
0fb2ce2a871a4d10c53f0a0d2083a7d81bf678be43c179fe9b0763bfd3ac8612,nfl,player_receiving_yards,Chris Godwin,Over,28.5,win,37.0,2026_05_TB_DAL,37.0,win,37.0,win,,False,True,True
e7886a387f6da679e6b014d5a64bc049c2fe0843b34a15caaba72cd8a226799a,nfl,player_receptions,Ryan Flournoy,Over,2.5,win,3.0,2026_05_TB_DAL,3.0,win,3.0,win,,False,True,True
d03252b62d1193d8c60f20ae3223510246b5fbf61475ce11ce6dbef31b0aabb8,nfl,player_rushing_yards,Bucky Irving,Over,55.5,win,165.0,2026_05_TB_DAL,165.0,win,165.0,win,,False,True,True
d5d8c21e510b4ba09494711489daddb68c3d5e9f4b30a1b67c55b628d5ee70b3,nfl,player_receiving_yards,Tyler Goodson,Under,2.5,win,0.0,2026_05_TB_DAL,0.0,win,,,,True,True,
c8bb6482b623dcf8d89c460d9890454e91046e794899d892f7a6a1e9034d031e,nfl,player_receiving_yards,Cade Otton,Over,29.5,loss,25.0,2026_05_TB_DAL,25.0,loss,25.0,loss,,False,True,True
b39d83baf54357b9f455d643632aca830548a2894a9b22a2bef560c258240335,nfl,spreads,,Away,-9.0,win,-17.0,2026_05_TB_DAL,-17.0,win,-17.0,win,,False,True,True
7078c23b8cfc8a76ff82bc77863e4ec8f69279f84d25d6a85c68f7c203749d5b,nfl,player_receiving_yards,Tez Johnson,Over,11.5,win,64.0,2026_05_TB_DAL,64.0,win,64.0,win,,False,True,True
c0e4cd132e1693439611ef5b870b4ad7ca50f2aad3c6ffcdc49c1bf7b76d834b,ncaa,totals,,Under,50.0,loss,89.0,401871090,89.0,loss,,,,False,True,
502039350744601bcb8144bbf55a41a60ad6cb54f38dcebde2693cabf5abaee3,nfl,player_receiving_yards,Javonte Williams,Over,15.5,win,17.0,2026_05_TB_DAL,17.0,win,17.0,win,,False,True,True
c9619ab2e2be95c0c3229a16032cca60764800cc914a267fdba83d4c62577cc4,nfl,player_passing_yards,Dak Prescott,Over,265.5,win,316.0,2026_05_TB_DAL,316.0,win,316.0,win,,False,True,True
cc163dede433b357839f1ea8be52fc13a605ecd388ba22f9723dddc11caf340a,nfl,player_receiving_yards,George Pickens,Under,62.5,loss,130.0,2026_05_TB_DAL,130.0,loss,130.0,loss,,False,True,True
7643806ac6a21c2f7d6fda419312635cd897bd653650654f7351fad28edc3f20,nfl,player_receiving_yards,Jake Ferguson,Under,28.5,win,19.0,2026_05_TB_DAL,19.0,win,19.0,win,,False,True,True
3d7be264094bc110245fe49c4c09b93b683b20d04e69c9f8f8219866ebb57b3c,nfl,player_receiving_yards,Bucky Irving,Over,13.5,loss,10.0,2026_05_TB_DAL,10.0,loss,10.0,loss,,False,True,True
4b7c81f83457b6b4be60db4c2c02ff013eea97778f91c203553a8492afe721a1,nfl,player_receptions,Tyler Goodson,Under,0.5,win,0.0,2026_05_TB_DAL,0.0,win,,,,True,True,
e64c2d677115ff444d6a174518a5034d0190f68ba9b65b3d1fb9a13f9a740b81,ncaa,h2h,,Away,0.0,loss,21.0,401871090,21.0,loss,,,,False,True,
01330796144ef281ecde70e7482b8e4c758acf3ce73e7ebfd78840e572dcd2d6,ncaa,spreads,,Away,-10.5,loss,10.5,401871090,10.5,loss,,,,False,True,
c41032aa664d8db2c716ae28b3a9e55bc064a70239cfb22b2221e17cc98320cb,ncaa,totals,,Under,50.5,loss,89.0,401871090,89.0,loss,,,,False,True,
2233dc8a908840e72b4275736c899264c24d329b5a01f2ff2b6541cb9f517d71,ncaa,totals,,Over,50.0,win,89.0,401871090,89.0,win,,,,False,True,
9a0a101ed4ef9bb47c409584e59ce2ee1278ed7c3c3b02c5ac912d5003909cf6,ncaa,h2h,,Home,0.0,win,21.0,401871090,21.0,win,,,,False,True,
cff4df70c989e1e0c3ebd9783e7237f3fd96d159c7b84fb6f243b7546382f540,ncaa,spreads,,Home,-10.0,win,11.0,401871090,11.0,win,,,,False,True,
eb5112a9c3ee8a2e40824b2202457915cd1fb47990413bd741c85fb1f4c47ea3,nfl,player_receiving_yards,Ryan Flournoy,Under,33.5,loss,90.0,2026_05_TB_DAL,90.0,loss,90.0,loss,,False,True,True
92df15750cf1d7546acd952bac149be3f56d16d16660740ba8ef00514d4719dd,nfl,player_receiving_yards,CeeDee Lamb,Over,82.5,loss,9.0,2026_05_TB_DAL,9.0,loss,9.0,loss,,False,True,True
b3b6e02f05d7ad83256c44d776218286148800807b8edbeb50d9ff7bf78c1bce,nfl,player_receptions,Jake Ferguson,Under,3.5,win,3.0,2026_05_TB_DAL,3.0,win,3.0,win,,False,True,True
d6421cb395e902ebc13771ec1e775907aa33ed7f7e3ea53d878607dfd95c554f,nfl,player_receiving_yards,Cade Otton,Over,30.5,loss,25.0,2026_05_TB_DAL,25.0,loss,25.0,loss,,False,True,True
7a63a0646d14d5f9bd7a85dfcdc3e7eb99f5be8efef22ea2581b89d0d157c993,nfl,spreads,,Away,-7.5,win,-15.5,2026_05_TB_DAL,-15.5,win,-15.5,win,,False,True,True
74d8d2cd0af4acf0b3119f9d4e6993e1bfce29f6cf94684c368ceb97692cb4e9,nfl,player_rushing_yards,Tyler Goodson,Under,15.5,win,0.0,2026_05_TB_DAL,0.0,win,,,,True,True,
94e92dac6a57e2b757d21b674de9ff86ee2256c2d28221eb41b66086fe019006,nfl,player_receiving_yards,George Pickens,Under,62.5,loss,130.0,2026_05_TB_DAL,130.0,loss,130.0,loss,,False,True,True
5223572b2d1d408d080c14070a5f4fe0991f4bad0d525b805ab1e96b97306c04,nfl,player_receiving_yards,George Pickens,Under,61.5,loss,130.0,2026_05_TB_DAL,130.0,loss,130.0,loss,,False,True,True
13ed7a8dc0b4783338ce30c1cd84cdd0183eeef0d1aab45e57d1ba2bd00a9106,nfl,player_receptions,Ryan Flournoy,Under,3.5,win,3.0,2026_05_TB_DAL,3.0,win,3.0,win,,False,True,True
8b9e56c7b760babca0b5864ad27e4391e6f690f2925cd0a20ef0f5246d3b6c3b,nfl,totals,,Over,47.5,loss,40.0,2026_05_TB_DAL,40.0,loss,40.0,loss,,False,True,True
574ed889ee0b7114cd1acf46ae4d98d9218c84357ee08f0621f8e3ad4cd0ce1e,nfl,player_receptions,Chris Godwin,Over,3.5,loss,3.0,2026_05_TB_DAL,3.0,loss,3.0,loss,,False,True,True
06e7efaad6738f5be338dd9fa6a983beb42f214f4aba71abf4e2aceae7355ced,nfl,player_receiving_yards,Bucky Irving,Under,12.5,win,10.0,2026_05_TB_DAL,10.0,win,10.0,win,,False,True,True
ef94ea968e0c6059efd728e3db6dd7c83344fbad1f0907a4422414ebd673fdeb,ncaa,totals,,Under,51.5,loss,89.0,401871090,89.0,loss,,,,False,True,
cff5cd9dd8aa989f09aa0c9975e2531be8220d38f3e5f9a982a65e787a9fe579,ncaa,totals,,Under,50.0,loss,53.0,401871051,53.0,loss,,,,False,True,
7f1438136bdbdafeb7ce2377b9078e19b942665e2d3423c13f7b5e0fe556fe77,ncaa,spreads,,Away,-6.0,loss,13.0,401871066,13.0,loss,,,,False,True,
958f23b4e6518fc1f76e3e3572818683b76d337e5f9c5161d06e277fccfee73c,nfl,player_receiving_yards,CeeDee Lamb,Over,80.5,loss,9.0,2026_05_TB_DAL,9.0,loss,9.0,loss,,False,True,True
b3f6a47049cd57d0fc164ecbc58d1f43c4d56de181acaa22c49db311a453c8ee,nfl,player_rushing_yards,Bucky Irving,Over,56.5,win,165.0,2026_05_TB_DAL,165.0,win,165.0,win,,False,True,True
cbaa3dd5fad720424989f742218a5f371c19998f178a243ba314e97c497ae341,nfl,player_receiving_yards,Tyler Goodson,Under,0.5,win,0.0,2026_05_TB_DAL,0.0,win,,,,True,True,
967f2b3b684e8f7c2e64c754dfafe0ea4907be71dd6ba404afc8ff79a79eefc2,nfl,player_passing_tds,Dak Prescott,Over,1.5,loss,1.0,2026_05_TB_DAL,1.0,loss,1.0,loss,,False,True,True
e515a9ee79835fc4ea2b3a5770952c43b632317bb56886eb4fefcc33fa3d626f,nfl,player_receiving_yards,Emeka Egbuka,Over,31.5,win,38.0,2026_05_TB_DAL,38.0,win,38.0,win,,False,True,True
2160909be8c89b31abae37fdbe8f638b1430bbe6d454e974495320066e3ff0e3,ncaa,totals,,Under,51.5,loss,89.0,401871090,89.0,loss,,,,False,True,
c5cf89ffbb830a5d2ef0c7d156d3bfcc35bfdbf7936c42a7eaaa68f7930eda32,ncaa,totals,,Under,49.5,loss,53.0,401871051,53.0,loss,,,,False,True,
e10819c7a71ddbe51083a3d3e0a197f3738406cf442ce86c62df7bef0a6e7d47,nfl,player_passing_yards,Dak Prescott,Over,260.5,win,316.0,2026_05_TB_DAL,316.0,win,316.0,win,,False,True,True
08d2adde32c4e545af56e43fba748c674f85e24a7f88ff2088f1f9928030f73a,nfl,player_receiving_yards,Jake Ferguson,Under,27.5,win,19.0,2026_05_TB_DAL,19.0,win,19.0,win,,False,True,True
bf818b85c057af6ee486e46326edae4475171b12f9df4d0bd67e289a1b741f56,nfl,player_receiving_yards,Bucky Irving,Over,13.5,loss,10.0,2026_05_TB_DAL,10.0,loss,10.0,loss,,False,True,True
623c3a97891c6f5a328f979c7f924780e9de22e797058ebe35af9fe3aa33a706,nfl,player_receiving_yards,Ryan Flournoy,Under,31.5,loss,90.0,2026_05_TB_DAL,90.0,loss,90.0,loss,,False,True,True
9dd8da5962535ec93723222b67aa89a60a5119abe5ec2a77f6c0c1caa8965f72,nfl,player_rushing_yards,Tyler Goodson,Under,16.5,win,0.0,2026_05_TB_DAL,0.0,win,,,,True,True,
649bdf43624fe95f5b07a323fd128601067db6462054c88f36bd60431cb0bb8c,ncaa,totals,,Under,51.5,loss,89.0,401871090,89.0,loss,,,,False,True,
73f9f020a5f750910920c0112316888200daec229906bc4db615d9182e20939b,ncaa,totals,,Over,51.0,win,89.0,401871090,89.0,win,,,,False,True,
9d88122a68ba664c4918a6f7141c40cb1466ea86f956450259e0bb261f1fd468,ncaa,spreads,,Home,-10.5,win,10.5,401871090,10.5,win,,,,False,True,
43845bd7594d8475d66bb5bcdd681f2a664bcf9c260517411ef22b14ca0da1e4,nfl,player_rushing_yards,Javonte Williams,Under,74.5,win,45.0,2026_05_TB_DAL,45.0,win,45.0,win,,False,True,True
27bed4ea1048da53cbe8e0826efa8eb645bb1f1b948b81587a7068e00c3ea38c,nfl,atd,Javonte Williams,Yes,0.5,win,1.0,2026_05_TB_DAL,1.0,win,1.0,win,0.0,False,True,True
558759ebb49994f2c263df4feac55623c6185ed79a1caf28f4b0193c4007f2b0,nfl,player_rushing_yards,Bucky Irving,Over,51.5,win,165.0,2026_05_TB_DAL,165.0,win,165.0,win,,False,True,True
422b5755afb875ff569e44a67e12f7e0b2ca4f43ddae024da4525e4e4922d0f7,nfl,player_rushing_yards,Bucky Irving,Over,52.5,win,165.0,2026_05_TB_DAL,165.0,win,165.0,win,,False,True,True
88ed7c83865f38f72442e0dcce17443c55c8ba0e23af54a22940709c7ecc030c,nfl,player_receiving_yards,Javonte Williams,Under,16.5,loss,17.0,2026_05_TB_DAL,17.0,loss,17.0,loss,,False,True,True
74b2b396224eba4d8bd7158629dc1cbd595fbe96f63f9a329ac213aeefe9c29a,nfl,player_receiving_yards,Bucky Irving,Under,12.5,win,10.0,2026_05_TB_DAL,10.0,win,10.0,win,,False,True,True
83cb8241549db7dc8ddeff0faaa10f286d530b5e0b769532f58c2c3b0e996f1d,nfl,player_receiving_yards,Tez Johnson,Under,13.5,loss,64.0,2026_05_TB_DAL,64.0,loss,64.0,loss,,False,True,True
0ef5ecc1be80bd7b952d42e5badc04c6ab870cb84bbf6a319cd4ec4422656fbe,nfl,player_passing_tds,Dak Prescott (DAL),Under,1.5,win,1.0,2026_05_TB_DAL,1.0,win,1.0,win,,False,True,True
76f0e0938f81c6a460220e81469e8c964bec47c259a624be025cabd762086f30,ncaa,totals,,Under,52.0,loss,89.0,401871090,89.0,loss,,,,False,True,
07817ff6afd75f3820e3cda2721b01b03d9dc820573f6bfe51f4fc101b0accf3,ncaa,spreads,,Away,-10.0,loss,11.0,401871090,11.0,loss,,,,False,True,
7c3f083a3b121071b490eb812539cf7c0059136aa635fb8c6576b787f4b88160,ncaa,totals,,Under,49.5,loss,53.0,401871051,53.0,loss,,,,False,True,
29c52ed2a7f57e0ed7c0c8eb7c1d32c0d73dfdf036ebc25c782d64497dfa6be2,nfl,player_receiving_yards,CeeDee Lamb,Over,80.5,loss,9.0,2026_05_TB_DAL,9.0,loss,9.0,loss,,False,True,True
dd19f0c43b2e9162a1d75ba32fd9bef14762a92d80b6b881fa6a93d0755c6865,nfl,player_rushing_yards,Bucky Irving,Over,51.5,win,165.0,2026_05_TB_DAL,165.0,win,165.0,win,,False,True,True
0d3e7314beabf3fa7ff4b44c9a6ce41b8c051d4dceb8f8694a524256d290f4a6,nfl,player_receptions,Chris Godwin,Over,3.5,loss,3.0,2026_05_TB_DAL,3.0,loss,3.0,loss,,False,True,True
0674b328674ec5e39d0c316bf78106283e844abbf3d007307854123b2f668abb,nfl,player_receptions,Emeka Egbuka,Over,2.5,win,6.0,2026_05_TB_DAL,6.0,win,6.0,win,,False,True,True
73030b4dbd9034dc5cea117d413fe948ed1c41a0bc5f410b146ea09cc767eb46,nfl,player_rushing_yards,Dak Prescott,Over,9.5,loss,0.0,2026_05_TB_DAL,0.0,loss,0.0,loss,,False,True,True
f3c75ede9b13c815cb6ce1841dfe029c9209deed5dd5e0e3443c3f52e5c58c4c,nfl,player_receptions,Tez Johnson,Under,1.5,win,1.0,2026_05_TB_DAL,1.0,win,1.0,win,,False,True,True
be69c488d88ed78da2e39f63c3cd59019d51eaa858f913272abfb04a99c14d1e,nfl,player_receptions,Javonte Williams,Over,2.5,loss,2.0,2026_05_TB_DAL,2.0,loss,2.0,loss,,False,True,True
39ebdd88c40bb2bd4fa1fe082112bc0e2e2caf832d0ce5d197824b6c94f2dfdd,nfl,player_receiving_yards,Cade Otton,Over,30.5,loss,25.0,2026_05_TB_DAL,25.0,loss,25.0,loss,,False,True,True
8dc74dd8efce129173c90f2e3c152cd77e412b98a51dea3d543884772349bdbe,nfl,player_passing_tds,Dak Prescott,Under,2.5,win,1.0,2026_05_TB_DAL,1.0,win,1.0,win,,False,True,True
e9e9bd3a15f31b5497bf967ff2d3cf2c088577207383b653ef13069176f73af6,ncaa,spreads,,Away,-10.0,loss,11.0,401871090,11.0,loss,,,,False,True,
38b378fa571e26e2750f8f18182cbab333c2eafd1f3ea72ab7d8aca6921b949e,nfl,player_receptions,Cade Otton,Over,3.5,loss,3.0,2026_05_TB_DAL,3.0,loss,3.0,loss,,False,True,True
3772f69fdb047cc8e8f933017e8b0bcb483048c67fe603f4fea1f078dd1eba8e,nfl,player_receiving_yards,Javonte Williams,Over,14.5,win,17.0,2026_05_TB_DAL,17.0,win,17.0,win,,False,True,True
11edfffe5718c2038b62c1784906b6fb37e61511cdf40ffb0e6dbacec846b08f,nfl,player_receiving_yards,Tez Johnson,Over,14.5,win,64.0,2026_05_TB_DAL,64.0,win,64.0,win,,False,True,True
26d222d91b9aff28f718911b8c2a1c8b5d8319b0a8a13c9d683264f1e13d46b6,nfl,player_passing_yards,Dak Prescott,Over,263.5,win,316.0,2026_05_TB_DAL,316.0,win,316.0,win,,False,True,True
ce868e82f38b7769ef26e2528f823e71bd039e11169bae5c562cd6f219e5b415,nfl,player_receiving_yards,Jake Ferguson,Under,26.5,win,19.0,2026_05_TB_DAL,19.0,win,19.0,win,,False,True,True
77575d1665533a47ff47d290052a135affd8be2c825024ff17816dafec82228a,nfl,player_receiving_yards,Bucky Irving,Over,12.5,loss,10.0,2026_05_TB_DAL,10.0,loss,10.0,loss,,False,True,True
5d909db37181af9468ff1a9863993d0fc207291ed08649532768157647d84ae3,nfl,player_receptions,Bucky Irving,Over,2.5,loss,2.0,2026_05_TB_DAL,2.0,loss,2.0,loss,,False,True,True
1c808f3deeecf666b66f3b9b770efb45ae338ef1b99aadec86086283bff5edad,nfl,player_receiving_yards,Ryan Flournoy,Under,31.5,loss,90.0,2026_05_TB_DAL,90.0,loss,90.0,loss,,False,True,True
35cee9843a022603aa6a477ecd56e037af5d15b4c259a7c8dcc263ef513c2719,nfl,player_receptions,Ryan Flournoy,Under,3.5,win,3.0,2026_05_TB_DAL,3.0,win,3.0,win,,False,True,True
c36312b6af2f12f81215297136566a841565d54948053b978b6dd31549e41353,nfl,player_receptions,George Pickens,Over,4.5,win,9.0,2026_05_TB_DAL,9.0,win,9.0,win,,False,True,True
019ad2e8f438153584bccdd3c9151c4bf16504edfec5f640af59ba5ef5978079,nfl,player_rushing_yards,Tyler Goodson,Under,16.5,win,0.0,2026_05_TB_DAL,0.0,win,,,,True,True,
3bd7b328220c789d0b37bb05d63144cf8ba60ca2b7cf0c8bde1ff62b0e9d9bf8,nfl,player_receiving_yards,George Pickens,Over,61.5,win,130.0,2026_05_TB_DAL,130.0,win,130.0,win,,False,True,True
516c6dd9c5cab608503afbf4287f00ebc5a1652bd80dcb753fca08e96eb255b1,ncaa,spreads,,Away,-10.0,loss,11.0,401871090,11.0,loss,,,,False,True,
be17a70bce639f889d1a9ac694cedb6a571a0a29148f3de0aade51a456a85a87,ncaa,totals,,Under,52.0,loss,89.0,401871090,89.0,loss,,,,False,True,
a837bd3f0663b2c29d605a171e95a1c03c15122372f69448e9adbca1cdfed17b,ncaa,totals,,Over,52.0,win,89.0,401871090,89.0,win,,,,False,True,
60833fb824bba59a3f45ea7c345304fb788d29a735313b8752d82d5248a58f63,nfl,player_rushing_yards,Dak Prescott,Over,8.5,loss,0.0,2026_05_TB_DAL,0.0,loss,0.0,loss,,False,True,True
1437c680db238ba7db4171806d90ad41d10eb2fc50f91611680ca239f47751a2,nfl,player_receiving_yards,Tez Johnson,Under,14.5,loss,64.0,2026_05_TB_DAL,64.0,loss,64.0,loss,,False,True,True
c72f0544747d90f64be01f06444a9526dbc36555509cfa8def9cb3e47ca5e99b,nfl,player_rushing_yards,Bucky Irving,Over,51.5,win,165.0,2026_05_TB_DAL,165.0,win,165.0,win,,False,True,True
1d968a223f370f903d4a7d6740a085ece2cb6b55a9531048ac07e3aa117e5986,nfl,spreads,,Away,-8.0,win,-16.0,2026_05_TB_DAL,-16.0,win,-16.0,win,,False,True,True
078ee11688a934f7a3ad423dcecc05f4ad928cfc649d9720b8adcef91c166812,nfl,player_receptions,Jake Ferguson,Under,3.5,win,3.0,2026_05_TB_DAL,3.0,win,3.0,win,,False,True,True
9955fd0f965b93e6427282b20112f4f3ec90efc82e1a861d92d0025b8030a1ec,nfl,player_receiving_yards,Javonte Williams,Over,16.5,win,17.0,2026_05_TB_DAL,17.0,win,17.0,win,,False,True,True
1ecb860678890e816db1e06449b5f69b9a6859686c6fe6d59cc714ffd984b615,nfl,player_receiving_yards,George Pickens,Over,61.5,win,130.0,2026_05_TB_DAL,130.0,win,130.0,win,,False,True,True
5fc25e4e7a35c0c5e6c3a39b280ced0a3c9a3919af5bcfe45ec6413adca1abe2,ncaa,totals,,Over,51.5,win,89.0,401871090,89.0,win,,,,False,True,
77636af0471b4268ba01208d764899d88fb75a8544dfa1c39025dc005b6ee40d,nfl,player_receiving_yards,Cade Otton,Over,29.5,loss,25.0,2026_05_TB_DAL,25.0,loss,25.0,loss,,False,True,True
0363bcf6849be9162eb6282c333a4e375d4706252e537142d5be69204479271e,nfl,player_receiving_yards,Chris Godwin,Over,29.5,win,37.0,2026_05_TB_DAL,37.0,win,37.0,win,,False,True,True
e9266b556dc56805e24f5eb97b1bf3e4dab2ec505290870ab031af9f04930b9a,nfl,player_receiving_yards,Chris Godwin,Over,29.5,win,37.0,2026_05_TB_DAL,37.0,win,37.0,win,,False,True,True
d13a2b173f165b9e596e6ccb86899ce812bf83d9132230c9e7cb8306f8503f25,nfl,player_receiving_yards,Emeka Egbuka,Over,32.5,win,38.0,2026_05_TB_DAL,38.0,win,38.0,win,,False,True,True
07380b1529c369de3518f78c17ef27962397011d95a7171eafabaada8984999f,nfl,player_receiving_yards,Bucky Irving,Over,12.5,loss,10.0,2026_05_TB_DAL,10.0,loss,10.0,loss,,False,True,True
c56598cbabbbd96c3feec30e16e68610bf95eecc49ac6b99465fb090496e0365,ncaa,spreads,,Home,-9.5,win,11.5,401871090,11.5,win,,,,False,True,
e8de505ea50696870f05dd85c1355743e1450da7bb9133ac614746a83e627e83,nfl,player_receiving_yards,George Pickens,Under,60.5,loss,130.0,2026_05_TB_DAL,130.0,loss,130.0,loss,,False,True,True
b5d63bc11e7023b5b70add90869b1e18e12c2169b59af973a6fa637a3f12504e,nfl,player_receiving_yards,Emeka Egbuka,Under,33.5,loss,38.0,2026_05_TB_DAL,38.0,loss,38.0,loss,,False,True,True
9305bc84aa3bb736c119c5b222046a05d43d4d1f8d164d32bc455d218869158f,nfl,player_rushing_yards,Bucky Irving,Over,52.5,win,165.0,2026_05_TB_DAL,165.0,win,165.0,win,,False,True,True
14accfbcd9c8756d161bf0f9dbab20bfaece1d6931a833627bf19411f530b4b3,nfl,player_receiving_yards,Tez Johnson,Over,13.5,win,64.0,2026_05_TB_DAL,64.0,win,64.0,win,,False,True,True
3550285e6fea60cd6ab5a21052a84ddc8a47f3aab3b68e70d2960e5cf150f00f,nfl,player_rushing_yards,Javonte Williams,Under,73.5,win,45.0,2026_05_TB_DAL,45.0,win,45.0,win,,False,True,True
ab8891a6c9e3cd876b30903bea09493ccfcb7a18ebaa63bda4d503e032ab9448,nfl,player_receiving_yards,George Pickens,Over,60.5,win,130.0,2026_05_TB_DAL,130.0,win,130.0,win,,False,True,True
2ed812693d01dc7102057a1e2794d55893d12dd275a402e1e1269d4356944472,nfl,player_rushing_yards,Javonte Williams,Under,72.5,win,45.0,2026_05_TB_DAL,45.0,win,45.0,win,,False,True,True
445108cee826d513c78a7b651d512c3f9c1605760ccd76bacedb211e31b66bad,nfl,player_receiving_yards,Cade Otton,Over,27.5,loss,25.0,2026_05_TB_DAL,25.0,loss,25.0,loss,,False,True,True
750352d665d9bb1006964c563402a27fb311f77718b62243e9758a655dbeccb4,nfl,player_receiving_yards,Tez Johnson,Over,13.5,win,64.0,2026_05_TB_DAL,64.0,win,64.0,win,,False,True,True
dbe6155b294aae4d4fa66c7ee62c3d73ee1c3f7e0c94b90c484c2aa7fffa017e,nfl,player_rushing_yards,Javonte Williams,Under,74.5,win,45.0,2026_05_TB_DAL,45.0,win,45.0,win,,False,True,True
ea5a29f30f2b79fa136d6495bc5209fb883776fc147469008e8e1c016c7bf895,nfl,spreads,,Away,-8.0,win,-16.0,2026_05_TB_DAL,-16.0,win,-16.0,win,,False,True,True
9912a7a5caef47a29060706cd1c5fce10d96aa25db593ea77d296167b31459d0,nfl,player_receiving_yards,Jake Ferguson,Under,19.5,win,19.0,2026_05_TB_DAL,19.0,win,19.0,win,,False,True,True
a8d837d2e58f1dd06176e1e749d6953eda3fcbcb5d707e692469d84e4151421b,nfl,player_receiving_yards,Emeka Egbuka,Under,33.5,loss,38.0,2026_05_TB_DAL,38.0,loss,38.0,loss,,False,True,True
135f917fed360c6b42a35b47e88ad409d4c1b139c2315faec7284e5cceb591a0,nfl,player_passing_yards,Dak Prescott,Under,263.5,loss,316.0,2026_05_TB_DAL,316.0,loss,316.0,loss,,False,True,True
dd8a673e4b2ad553fefcd0d1d24f3cc38e6c98e6406d32bda6bb153921ad1357,ncaa,h2h,,Away,0.0,win,-1.0,401871051,-1.0,win,,,,False,True,
6ac72ba8d86317afe239baff724f370805c64127ab5329a7f0ac5aa39b831549,nfl,player_receiving_yards,Emeka Egbuka,Over,33.5,win,38.0,2026_05_TB_DAL,38.0,win,38.0,win,,False,True,True
fbb495d4eb7f178c779f6576339343708df8216a89eceeb429312f2aa360d5a4,ncaa,totals,,Under,49.5,loss,53.0,401871051,53.0,loss,,,,False,True,
baef7634d9b3dce02d4c4a000b2c3a6e0e0086a21656db5077f6cccf3053ebec,ncaa,spreads,,Away,3.0,loss,2.0,401871051,2.0,loss,,,,False,True,
49fc5d843d67da3b9ccfd3f471390a705a7fbcab0f00f8ebc583d164c2099575,ncaa,h2h,,Away,0.0,win,-1.0,401871051,-1.0,win,,,,False,True,
8a0e8b6671687c270ec368aade6bde97b1f76b65b3c8aae0df5b66b7649afc60,ncaa,spreads,,Away,-6.5,loss,12.5,401871066,12.5,loss,,,,False,True,
18739b964a04634cb440f246118660480bb8969c4cd0aac356effb8d7928dc09,ncaa,totals,,Over,46.5,loss,25.0,401871066,25.0,loss,,,,False,True,
19d0e5f8d17190b4c9efaeb20b97c4bac4c666e156bd908e3a6f6a002ecb17d4,ncaa,h2h,,Home,0.0,loss,-1.0,401871051,-1.0,loss,,,,False,True,
dec8482f7a10897b65a5d127f996114b92666df402a02242697ef0afdd7cb775,ncaa,spreads,,Home,3.0,win,2.0,401871051,2.0,win,,,,False,True,
9204c13507de679bbd68b3e2016d99f3ec43f39d6636b3c5182ca66d52f5c8d4,ncaa,totals,,Over,49.5,win,53.0,401871051,53.0,win,,,,False,True,
7574846682b6c2baf1bc3214cf5f1eef0eb37c6d07330fc16ebaa7c18df926da,ncaa,spreads,,Home,-6.5,win,12.5,401871066,12.5,win,,,,False,True,
d333b5e680269e1232354b60f14d4ab26e0c7ba63d3c96710e2785da6089e7d2,ncaa,h2h,,Away,0.0,loss,19.0,401871066,19.0,loss,,,,False,True,
98df939eb66ecdc9fe1ce5ec7d864f3889fb492e0b5d7c1344cd42fba6c2c770,ncaa,totals,,Under,47.5,win,25.0,401871066,25.0,win,,,,False,True,
1dbf366399f07b3698651212050b9dc98683a5dcc1ea5251aeed798310802bf0,ncaa,h2h,,Home,0.0,win,19.0,401871066,19.0,win,,,,False,True,
e41f629ba786c7ac8cb54e2cf45e58dd8685b246be7a223e043078472d3fbd08,nfl,player_receiving_yards,Jake Ferguson,Under,29.5,win,19.0,2026_05_TB_DAL,19.0,win,19.0,win,,False,True,True
849b1e74af0e793c42eff22726cccaf899015d2ca04d36250c849cb2238bf57c,nfl,player_receiving_yards,CeeDee Lamb,Over,81.5,loss,9.0,2026_05_TB_DAL,9.0,loss,9.0,loss,,False,True,True
2f2f7307306fcb7cf97d6c42d33ece7985cfc9b622622b4829c8aeb1bafd8d97,ncaa,totals,,Under,46.0,win,25.0,401871066,25.0,win,,,,False,True,
068cb49d9f124c556dd0fc274e8464270758893093ac28adb808ae70b24e369b,ncaa,totals,,Over,46.0,loss,25.0,401871066,25.0,loss,,,,False,True,
80b95cd7ed88490f1189efa08f9307cbdfc55386d2cb0a1c880acf39f6e44148,nfl,player_receiving_yards,Chris Godwin,Over,27.5,win,37.0,2026_05_TB_DAL,37.0,win,37.0,win,,False,True,True
de1c830fee44aea9eec0fe5f109efbc0d7e92b5ad042a378ae4bcfc80ce921d6,nfl,player_receiving_yards,Emeka Egbuka,Under,34.5,loss,38.0,2026_05_TB_DAL,38.0,loss,38.0,loss,,False,True,True
c2bab3ab2ed4e89b0873a995c46835932bb8905e243ae485632f9d88ce1276e8,ncaa,totals,,Under,48.5,loss,53.0,401871051,53.0,loss,,,,False,True,
e39355da3b35e51cdcc07c7e54c750eac024d4d67526e8ec80e22a351a34e320,nfl,player_receiving_yards,Emeka Egbuka,Over,34.5,win,38.0,2026_05_TB_DAL,38.0,win,38.0,win,,False,True,True
b824864226b36e618a37e3d9fc1ead0dd0955070909e57957727931b8c2aa00f,ncaa,totals,,Under,48.5,loss,53.0,401871051,53.0,loss,,,,False,True,
e145529b95f8284dcc8946e7f590e7cd3fff4720a08e0f2ebda22fc7cc7328f5,nfl,player_receptions,Emeka Egbuka (TB),Over,3.5,win,6.0,2026_05_TB_DAL,6.0,win,6.0,win,,False,True,True
21fcf7b6a3d333c0018dddcf2a2b2b2d1271e0147262f359eb77c571a041ffa2,nfl,player_rushing_yards,Javonte Williams,Under,73.5,win,45.0,2026_05_TB_DAL,45.0,win,45.0,win,,False,True,True
4bfe2df5879566fcb7e9fa7f41fb8a096a93908ce2ef060e6add4c48ed6479dc,ncaa,spreads,,Away,2.5,loss,1.5,401871051,1.5,loss,,,,False,True,
3b33fd37027a54ba74de7c59626a01f9cf2d8b855cf1cbcde5fb348f73433b28,ncaa,totals,,Under,48.5,loss,53.0,401871051,53.0,loss,,,,False,True,
5d683911f34291ffd336a394868cbd4a0085a32438b796bbac22d9f145cd4f26,ncaa,totals,,Over,48.5,win,53.0,401871051,53.0,win,,,,False,True,
a18c7e5673ea9d78c704867183a99bb176a90985fee12028235e77fe06f02839,ncaa,totals,,Under,46.5,win,25.0,401871066,25.0,win,,,,False,True,
a293ee56241627b67b8f7bf6b97de7ba2e53e0f71eae92179716c5d6ef61237c,nfl,player_receptions,Kenny Gainwell,Over,1.5,win,3.0,2026_05_TB_DAL,3.0,win,3.0,win,,False,True,True
8051c821e2d1619eb02312bfd4e4daa33a3a4fab63df3e12c47d13f624830ef7,nfl,player_receiving_yards,Ryan Flournoy,Under,30.5,loss,90.0,2026_05_TB_DAL,90.0,loss,90.0,loss,,False,True,True
666c7ba87755c75d935772881511d3889bdda71c3a4174d6f4ba68b6d06cbeea,nfl,player_rushing_yards,Kenny Gainwell,Under,12.5,loss,18.0,2026_05_TB_DAL,18.0,loss,18.0,loss,,False,True,True
b0355ea48068dddd45c9cf756e945fd963c264fd41d4790d2acc77e42ecc0374,nfl,player_rushing_yards,Bucky Irving,Over,51.5,win,165.0,2026_05_TB_DAL,165.0,win,165.0,win,,False,True,True
7ca6442956f4e5d599c83caf9edd34b39f24506b9a450dbc2fe4578c728b528b,nfl,player_receiving_yards,Emeka Egbuka,Under,35.5,loss,38.0,2026_05_TB_DAL,38.0,loss,38.0,loss,,False,True,True
b0719f66ce7467a09fcb5ce0a395a2d4f3afe786ef481d3b0de9e8a899ea7174,nfl,player_receptions,Kenny Gainwell,Over,1.5,win,3.0,2026_05_TB_DAL,3.0,win,3.0,win,,False,True,True
92aa6ebf94899da519004f08b110d29f510e77a3a18b07c1bd881fd8cda8760f,nfl,player_receiving_yards,Kenny Gainwell,Over,10.5,loss,10.0,2026_05_TB_DAL,10.0,loss,10.0,loss,,False,True,True
9c3f375cf3298be6d2008d66762c406c20c930f02ff497b3b234e5ef37838c2c,nfl,player_receiving_yards,Emeka Egbuka,Over,33.5,win,38.0,2026_05_TB_DAL,38.0,win,38.0,win,,False,True,True
b643474c289179887af265dbc297998384832c90c11d4ab351bc981a031f4b81,nfl,player_rushing_yards,Kenny Gainwell,Over,12.5,win,18.0,2026_05_TB_DAL,18.0,win,18.0,win,,False,True,True
535d875ea7138af8c9b00ac3c92008b725ec10d58cfd86a8e26e9b6df7e1d075,nfl,player_rushing_yards,Javonte Williams,Over,49.5,loss,45.0,2026_05_TB_DAL,45.0,loss,45.0,loss,,False,True,True
58db69a3ebfebdaee18c8a65e3c2b233b6c4c7fa122d3d3da5fa30321a151e3f,nfl,player_receiving_yards,Emeka Egbuka,Over,35.5,win,38.0,2026_05_TB_DAL,38.0,win,38.0,win,,False,True,True
4c58e3608bc1f2a26c3746627d19d9241429c45c2bc47ca4de943938f04d471b,nfl,player_passing_yards,Dak Prescott,Over,264.5,win,316.0,2026_05_TB_DAL,316.0,win,316.0,win,,False,True,True
885d9ba16efba35fc866a4997c18b86a12c16bba285af769098ae26daf857717,nfl,totals,,Over,48.0,loss,40.0,2026_05_TB_DAL,40.0,loss,40.0,loss,,False,True,True
da90cb624bac9fd1477596508689c729d386e325d9d0db267cdebc739fa993e1,nfl,totals,,Over,48.0,loss,40.0,2026_05_TB_DAL,40.0,loss,40.0,loss,,False,True,True
56b1d9e6a24e90e6cab46d5abaedbaa7ed3deb37daa567933959d2478db525cf,nfl,totals,,Over,48.0,loss,40.0,2026_05_TB_DAL,40.0,loss,40.0,loss,,False,True,True
a042c2fb9b9295be5b104a93ff0adadfd3bb69640f6fb1e5a04681def3ea4ee4,nfl,h2h,,Away,0.0,win,-8.0,2026_05_TB_DAL,-8.0,win,-8.0,win,,False,True,True
e4bcb749ac3073b24725765c50c0dd41be575067527cb0e21cc17e8c7ebc4643,nfl,spreads,,Away,-8.0,win,-16.0,2026_05_TB_DAL,-16.0,win,-16.0,win,,False,True,True
a64683f1b60d723aba06374a0587830273964d1fa6ac4a4e967263cee154504e,nfl,totals,,Under,48.0,win,40.0,2026_05_TB_DAL,40.0,win,40.0,win,,False,True,True
cbfbd8d69182ba9da3e8904217083d15018c783890c2299062c24328fe836462,nfl,h2h,,Home,0.0,loss,-8.0,2026_05_TB_DAL,-8.0,loss,-8.0,loss,,False,True,True
866fd5ab1c3e28978ff730c07258b13fac10543d78262372e442b969404e9eee,nfl,spreads,,Home,-8.0,loss,-16.0,2026_05_TB_DAL,-16.0,loss,-16.0,loss,,False,True,True
1a4d58dbc5ccdccc258db8c16298b0257a7d46b1c6245a00601931dd5fa4610c,nfl,spreads,,Away,-8.5,win,-16.5,2026_05_TB_DAL,-16.5,win,-16.5,win,,False,True,True
3ecb7ebcb04c812485253d2c92f0eff2c0421b745421b7a6deff8dc00da4790b,nfl,totals,,Over,48.5,loss,40.0,2026_05_TB_DAL,40.0,loss,40.0,loss,,False,True,True
ae42fcacf3d439beaf2b98e9ed791341ff7e97cdc8dc3b18b1753c202c8cb8b3,nfl,totals,,Over,48.5,loss,40.0,2026_05_TB_DAL,40.0,loss,40.0,loss,,False,True,True
4269db98948119cd151bc32859653a78940cf3315974a1fead5a6cc97159062d,nfl,spreads,,Away,-8.5,win,-16.5,2026_05_TB_DAL,-16.5,win,-16.5,win,,False,True,True
f8ec44377677b63d726439ba46ad196c11a23bae14f5738e33a777f0ce392fdc,nfl,totals,,Over,48.5,loss,40.0,2026_05_TB_DAL,40.0,loss,40.0,loss,,False,True,True
3562b9073ce4b8255784530cc3a926dfeea443bc10003816da13fe36b45287cb,nfl,totals,,Under,48.5,win,40.0,2026_05_TB_DAL,40.0,win,40.0,win,,False,True,True
a6ebdc755b853cd62584795ab75b7a10b50f7f269570ec5ffb625c73c4ace201,nfl,spreads,,Home,-8.5,loss,-16.5,2026_05_TB_DAL,-16.5,loss,-16.5,loss,,False,True,True
8e2f54a203cbece96b994c0dc700629c15d26c7fb9a112c36961c08866a14bf9,nfl,totals,,Over,49.0,loss,40.0,2026_05_TB_DAL,40.0,loss,40.0,loss,,False,True,True
b2cf4407f6044bef7e1308bcd3a02f5219ca9e1179a12fb06b7bfd8486eaa0e0,nfl,spreads,,Away,-9.5,win,-17.5,2026_05_TB_DAL,-17.5,win,-17.5,win,,False,True,True
85f51cc298feba9be883bcd0836c4048ddb00e282ce6a9d69764741381de6d14,nfl,totals,,Over,49.0,loss,40.0,2026_05_TB_DAL,40.0,loss,40.0,loss,,False,True,True
f9c7ae173e3306b0e1984792de0272c1d277ee2e6ba774e30eb781508af459f0,nfl,totals,,Under,49.0,win,40.0,2026_05_TB_DAL,40.0,win,40.0,win,,False,True,True
e9b61e83ca889bda9091666f54eaa5236e6555844c3357786d112bc2b794fab1,nfl,spreads,,Away,-9.5,win,-17.5,2026_05_TB_DAL,-17.5,win,-17.5,win,,False,True,True
ea218fec4ef62cd732839084613f8e8ff0ecb91560d77f87850bc4eae95c971d,nfl,spreads,,Home,-9.5,loss,-17.5,2026_05_TB_DAL,-17.5,loss,-17.5,loss,,False,True,True
3136949c3631df21a2e4e32e10c05fc9f5cd88aedf254edad6c870f7f0bdac71,nfl,totals,,Over,49.0,loss,40.0,2026_05_TB_DAL,40.0,loss,40.0,loss,,False,True,True
0bd823f8bba7028cac95a2269ad0448899e74cb06de8d606dc724953c4470ea0,nfl,spreads,,Away,-9.0,win,-17.0,2026_05_TB_DAL,-17.0,win,-17.0,win,,False,True,True
83576e07ccfe480d1063643c2defddd0c6b0d8205d7296943ef7abbe573eed39,nfl,spreads,,Home,-9.0,loss,-17.0,2026_05_TB_DAL,-17.0,loss,-17.0,loss,,False,True,True
