slice_type,slice,lo,hi,n,n_games,mean_p,freq,wilson_lo,wilson_hi,mean_market_ref,n_ref,mean_implied_raw_vig_incl
overall,"ALL (pooled, as published)",0.0,0.1,162,37,0.07464086605828898,0.16666666666666666,0.11714404789856393,0.23163213371087543,0.4582957065272215,2,0.1888922779651119
overall,"ALL (pooled, as published)",0.1,0.2,173,41,0.1533621610096582,0.2658959537572254,0.20566558502696045,0.3362973920101169,0.5015653508728475,14,0.3105468961263085
overall,"ALL (pooled, as published)",0.2,0.30000000000000004,342,63,0.2571462518033769,0.3567251461988304,0.30780420855659824,0.40882907095633486,0.4512503800007061,32,0.368490392875672
overall,"ALL (pooled, as published)",0.30000000000000004,0.4,396,87,0.35674273728177736,0.3686868686868687,0.32264232475828314,0.4172546744534046,0.45301308389785766,54,0.4526600537915458
overall,"ALL (pooled, as published)",0.4,0.5,584,106,0.4516094266008763,0.5291095890410958,0.48856750252035,0.5692712077716741,0.46233968798147396,77,0.492650854726141
overall,"ALL (pooled, as published)",0.5,0.6000000000000001,1468,147,0.5618638169951874,0.48501362397820164,0.45951979593328746,0.5105856828084466,0.4935944838257882,332,0.5220210157045908
overall,"ALL (pooled, as published)",0.6000000000000001,0.7000000000000001,1360,132,0.6389693366307205,0.5279411764705882,0.5013672947478344,0.5543576516095726,0.5050964773996335,323,0.54138108433573
overall,"ALL (pooled, as published)",0.7000000000000001,0.8,357,70,0.7407272207049364,0.5490196078431373,0.49715334829790964,0.5998421200738081,0.5636671309304775,64,0.5874541789046158
overall,"ALL (pooled, as published)",0.8,0.9,145,43,0.8400455507306246,0.5586206896551724,0.4773198889120115,0.6368954917342594,0.5923167869258426,26,0.6230228081272994
overall,"ALL (pooled, as published)",0.9,1.0,79,35,0.9400781596367677,0.7215189873417721,0.6141734225170346,0.8083196244545352,0.711882813155794,16,0.6867984701822458
overall_family,ALL family-dedup,0.0,0.1,126,36,0.07566495657844251,0.15873015873015872,0.10516545348415542,0.23248904245551266,0.4582957065272215,2,0.16657098391858352
overall_family,ALL family-dedup,0.1,0.2,112,40,0.1534277842195008,0.21428571428571427,0.14843966088099214,0.2990817821929985,0.5145335826690093,3,0.2559625480799269
overall_family,ALL family-dedup,0.2,0.30000000000000004,193,55,0.25389069707649536,0.29015544041450775,0.23071789423518407,0.3577837233090747,0.4427257962040229,4,0.31705089945044346
overall_family,ALL family-dedup,0.30000000000000004,0.4,157,55,0.354597962709658,0.3375796178343949,0.26827380211481894,0.4146440499831458,0.43327886815058547,4,0.4028937540326466
overall_family,ALL family-dedup,0.4,0.5,203,64,0.45740826855747335,0.5073891625615764,0.43911844440268266,0.575385407820468,0.4378387126721991,16,0.4637155618054098
overall_family,ALL family-dedup,0.5,0.6000000000000001,601,137,0.5592467107280971,0.4908485856905158,0.45106546009968007,0.5307479601412558,0.48683266457525054,69,0.5176369455395718
overall_family,ALL family-dedup,0.6000000000000001,0.7000000000000001,555,117,0.6412822174434969,0.5477477477477477,0.5061522135871296,0.5886868248810159,0.5165790464409379,65,0.5503499063608134
overall_family,ALL family-dedup,0.7000000000000001,0.8,158,51,0.7409254935008172,0.569620253164557,0.49166646899978184,0.6442689147334488,0.5873296231232105,20,0.5979857467957802
overall_family,ALL family-dedup,0.8,0.9,58,33,0.8474136727210734,0.5517241379310345,0.4245185822161052,0.6725034870705885,0.6069000368930492,9,0.6438172338692807
overall_family,ALL family-dedup,0.9,1.0,40,27,0.9395458492250398,0.75,0.598057409330299,0.8581303210445048,0.7344279458072563,7,0.705240157888104
market,atd,0.0,0.1,122,33,0.07716876494166248,0.12295081967213115,0.07594305873968113,0.192979141868067,,0,0.11581299796865978
market,atd,0.1,0.2,87,35,0.15148678268349516,0.13793103448275862,0.08069698827736069,0.22578814628653956,,0,0.16155134761148718
market,atd,0.2,0.30000000000000004,166,39,0.2542104890021684,0.19879518072289157,0.14520087187123953,0.2660152259516731,0.2662320021733225,1,0.2412070020633377
market,atd,0.30000000000000004,0.4,74,30,0.36201880214907844,0.14864864864864866,0.08507972301585125,0.24689700921986846,0.246242774566474,1,0.31452768801777603
market,atd,0.4,0.5,36,23,0.45964512888122283,0.3333333333333333,0.20214424774586046,0.49666302907033155,,0,0.38066077050362135
market,atd,0.5,0.6000000000000001,33,24,0.5480878768170339,0.24242424242424243,0.12831561346647294,0.4102494868549029,0.48729792147806006,1,0.44991645645205647
market,atd,0.6000000000000001,0.7000000000000001,21,15,0.6449501344104099,0.7142857142857143,0.500432261771624,0.8618632425437179,0.5700173656056924,2,0.5569754994370191
market,atd,0.7000000000000001,0.8,5,4,0.7324626808640818,1.0,0.5655085052479191,1.0,0.6404988994864271,1,0.7022846029057209
market,atd,0.8,0.9,1,1,0.838333906523013,1.0,0.20654329147389294,1.0,,0,0.6875
market,h2h,0.0,0.1,1,1,0.08048131220800364,0.0,0.0,0.7934567085261071,,0,0.047619047619047616
market,h2h,0.1,0.2,3,3,0.16670373073944297,0.0,0.0,0.5615060804490177,,0,0.1747656508258423
market,h2h,0.2,0.30000000000000004,7,7,0.2447526414639832,0.14285714285714285,0.02567895594897479,0.51313450331903,0.29457364341085274,1,0.17546848237750043
market,h2h,0.30000000000000004,0.4,41,41,0.35365584888025964,0.34146341463414637,0.2155861736664346,0.4945044564627312,0.38967624118326394,5,0.33355137339844243
market,h2h,0.4,0.5,47,47,0.44580785461752864,0.5106382978723404,0.37242217589372884,0.6472467566339649,0.40040078282731284,6,0.40995009682059
market,h2h,0.5,0.6000000000000001,43,43,0.5531433150114117,0.4883720930232558,0.34617209277756,0.6324793623392592,0.4475619988067089,2,0.5575015672928342
market,h2h,0.6000000000000001,0.7000000000000001,41,41,0.648512385298317,0.6097560975609756,0.45726583898692563,0.7434406478467289,0.40090771558245086,1,0.6142402023345439
market,h2h,0.7000000000000001,0.8,5,5,0.7405301052720141,0.6,0.23071993220883708,0.8823817688407467,0.6888888888888889,1,0.7169199463868707
market,h2h,0.8,0.9,3,3,0.830613797486159,0.6666666666666666,0.2076549551264879,0.9385096847238394,,0,0.7430434006788688
market,player_passing_tds,0.1,0.2,1,1,0.1164443525307588,1.0,0.20654329147389294,1.0,,0,0.3846153846153846
market,player_passing_tds,0.2,0.30000000000000004,6,5,0.27092455349960776,0.3333333333333333,0.09676933255921683,0.7000116786584712,0.39516483109118905,3,0.4124298077568098
market,player_passing_tds,0.30000000000000004,0.4,15,13,0.36519301846112157,0.4,0.19824228082594664,0.642535572434923,0.4748354848499391,2,0.44178194256194026
market,player_passing_tds,0.4,0.5,32,23,0.4555777811997549,0.34375,0.20410233354328552,0.5168922649121406,0.3454375247311229,2,0.4587919518118023
market,player_passing_tds,0.5,0.6000000000000001,40,30,0.5450828115330562,0.65,0.4950559699353738,0.7786566682895086,0.40847201210287454,1,0.5165269057575244
market,player_passing_tds,0.6000000000000001,0.7000000000000001,37,27,0.6537245445131469,0.4864864864864865,0.33446153327211037,0.6410536277401908,0.5199646321519409,5,0.5881380666787719
market,player_passing_tds,0.7000000000000001,0.8,21,16,0.738171741565487,0.5714285714285714,0.3654621629703244,0.7553030051347894,0.591513230093891,1,0.6555661597904456
market,player_passing_tds,0.8,0.9,3,2,0.8324386679652672,0.6666666666666666,0.2076549551264879,0.9385096847238394,0.6591820368885325,2,0.6848739495798318
market,player_passing_yards,0.0,0.1,1,1,0.01872995775057429,1.0,0.20654329147389294,1.0,,0,0.5260663507109005
market,player_passing_yards,0.1,0.2,3,2,0.15209446821143724,1.0,0.43849391955098227,1.0,,0,0.5252856854042918
market,player_passing_yards,0.2,0.30000000000000004,5,4,0.2620891974883617,0.0,0.0,0.43449149475208104,0.48987854251012153,1,0.527829529342043
market,player_passing_yards,0.30000000000000004,0.4,16,11,0.3489041064324947,0.5,0.2799923761135083,0.7200076238864916,0.4985159393433237,5,0.5270165260021148
market,player_passing_yards,0.4,0.5,28,17,0.4463795193509292,0.39285714285714285,0.23565451827580033,0.575912739650937,0.497328142116523,3,0.531789471178219
market,player_passing_yards,0.5,0.6000000000000001,117,36,0.5675086193926507,0.5128205128205128,0.4232920424346017,0.6015338453391449,0.4971808729128365,29,0.5281228896914482
market,player_passing_yards,0.6000000000000001,0.7000000000000001,148,34,0.6394937926639023,0.47297297297297297,0.3942401397812506,0.553073376409306,0.49629836303436364,44,0.5309180239667765
market,player_passing_yards,0.7000000000000001,0.8,8,7,0.7359471795585686,0.625,0.30573785458380187,0.863158240538479,,0,0.5782912635461912
market,player_passing_yards,0.8,0.9,6,5,0.8459509404523385,0.16666666666666666,0.03005258587173032,0.563509436563646,0.5515204825332999,1,0.6171469347730151
market,player_passing_yards,0.9,1.0,2,2,0.9139522927310595,1.0,0.34237195288961925,1.0,,0,0.7555555555555555
market,player_receiving_yards,0.0,0.1,14,11,0.06815347969040296,0.42857142857142855,0.21380509930400526,0.6740973309713064,0.4582957065272215,2,0.4246264359932401
market,player_receiving_yards,0.1,0.2,29,16,0.15424288515783827,0.4482758620689655,0.2841291114874579,0.6245233293193238,0.5082324898851394,5,0.4503822110727435
market,player_receiving_yards,0.2,0.30000000000000004,57,20,0.25563647102625753,0.543859649122807,0.41590460831272247,0.6662760049518861,0.4794132590908132,14,0.5121235994457648
market,player_receiving_yards,0.30000000000000004,0.4,91,21,0.35493841097778905,0.4175824175824176,0.32161134602464436,0.5202302087361358,0.4806487854503859,15,0.5175662385675558
market,player_receiving_yards,0.4,0.5,131,28,0.4491465121619701,0.5877862595419847,0.5021640639675548,0.668406442463695,0.48490744402181085,9,0.5219353823347687
market,player_receiving_yards,0.5,0.6000000000000001,458,48,0.5672975690945944,0.5,0.45439845561268727,0.5456015443873127,0.4953311316560046,126,0.5266044631945549
market,player_receiving_yards,0.6000000000000001,0.7000000000000001,475,48,0.6375394672941194,0.5136842105263157,0.46880631894683655,0.5583425336173515,0.49743367697007296,121,0.5320196662798573
market,player_receiving_yards,0.7000000000000001,0.8,88,27,0.7477715367999364,0.45454545454545453,0.3545923104525652,0.5583011931449331,0.5158130186305251,19,0.5604047944727523
market,player_receiving_yards,0.8,0.9,41,21,0.8446841561453796,0.4634146341463415,0.32055999118185885,0.6125378465402564,0.5722942457105031,9,0.5898337512615811
market,player_receiving_yards,0.9,1.0,36,20,0.9429709214164254,0.7222222222222222,0.5600719978365485,0.841518299741862,0.7015927045413849,11,0.6954717048977422
market,player_receptions,0.0,0.1,11,8,0.06374472572164079,0.36363636363636365,0.15166223614131383,0.6462032231083628,,0,0.45575342768896815
market,player_receptions,0.1,0.2,28,17,0.1568316394047105,0.42857142857142855,0.2650829618073122,0.609295210143846,0.5239065239613909,2,0.4791096584382006
market,player_receptions,0.2,0.30000000000000004,47,19,0.2614216312173923,0.574468085106383,0.43281668771211546,0.7048658399817417,0.4191641878674439,6,0.48619857281485696
market,player_receptions,0.30000000000000004,0.4,71,21,0.35296103254659095,0.4084507042253521,0.30168552002378446,0.5246142918455503,0.37647965975337266,11,0.48823339428057844
market,player_receptions,0.4,0.5,149,42,0.4560959129782948,0.5704697986577181,0.49020049147177364,0.6471966569485517,0.42785724544396125,26,0.4885495397982799
market,player_receptions,0.5,0.6000000000000001,227,45,0.5542298270318461,0.4977973568281938,0.43333324338998325,0.5623347817839889,0.4748524140275184,46,0.5105292588180382
market,player_receptions,0.6000000000000001,0.7000000000000001,208,47,0.6492918489696147,0.6009615384615384,0.5331603678109946,0.6651009746259959,0.5486578033704266,39,0.5750624081031597
market,player_receptions,0.7000000000000001,0.8,148,44,0.7399223635059389,0.6081081081081081,0.5276761046762952,0.6830698305614789,0.6047074524765571,28,0.6068850012491854
market,player_receptions,0.8,0.9,61,29,0.8364393435146611,0.6229508196721312,0.49747627570942377,0.7338566957163277,0.6141098146545636,9,0.6392037339208044
market,player_receptions,0.9,1.0,16,10,0.9404710661464586,0.5625,0.33178195606776517,0.7690163666481448,0.7812536751734682,1,0.6424871761581736
market,player_rushing_yards,0.0,0.1,11,8,0.06938811370228422,0.09090909090909091,0.01623175226282597,0.3773646254862038,,0,0.3534098782505175
market,player_rushing_yards,0.1,0.2,20,10,0.15600848810081075,0.2,0.0806563532712,0.41602172202575993,0.490419916410198,7,0.4830551394673989
market,player_rushing_yards,0.2,0.30000000000000004,31,18,0.26107141404903894,0.5161290322580645,0.34840118286973176,0.6803001396872117,0.49617712069644737,6,0.5040742679660406
market,player_rushing_yards,0.30000000000000004,0.4,37,16,0.35652256408636396,0.32432432432432434,0.19633077820815478,0.48536631495176064,0.4974845596393544,6,0.5103175800516315
market,player_rushing_yards,0.4,0.5,47,18,0.4418032161481836,0.5531914893617021,0.41245213738758246,0.685892525250887,0.49643400999601195,8,0.5233462526848721
market,player_rushing_yards,0.5,0.6000000000000001,202,44,0.566663181534688,0.5198019801980198,0.45117890477942374,0.5876859310943744,0.4946799520728235,57,0.529783504578858
market,player_rushing_yards,0.6000000000000001,0.7000000000000001,213,44,0.6336626009528064,0.5305164319248826,0.46354663638562343,0.5964049596180955,0.49920159480390414,75,0.5306821640792148
market,player_rushing_yards,0.7000000000000001,0.8,47,22,0.7412042201284258,0.5531914893617021,0.41245213738758246,0.685892525250887,0.5161172825120828,10,0.5608598471585291
market,player_rushing_yards,0.8,0.9,27,16,0.8438639898701342,0.6296296296296297,0.442289046234463,0.7846771293206314,0.570543072095188,5,0.6204274231018917
market,player_rushing_yards,0.9,1.0,22,19,0.940621630465341,0.8181818181818182,0.6148297802336213,0.9269323397589488,0.7228378963410004,4,0.7206032229102413
market,spreads,0.0,0.1,2,1,0.07970487963629792,0.0,0.0,0.6576280471103807,,0,0.5260557053009883
market,spreads,0.1,0.2,2,2,0.14748273844898552,0.5,0.09452865480086614,0.9054713451991339,,0,0.5238095238095238
market,spreads,0.2,0.30000000000000004,20,19,0.263491539373182,0.5,0.2992949144298199,0.7007050855701801,,0,0.5198372409503282
market,spreads,0.30000000000000004,0.4,23,19,0.3649448383058747,0.391304347826087,0.22157377982382145,0.5921482039625402,0.4998715156725741,7,0.5220421555701632
market,spreads,0.4,0.5,46,37,0.4517466649452429,0.5652173913043478,0.4224718277662822,0.6979095404080942,0.5008367581383776,8,0.5226192123737129
market,spreads,0.5,0.6000000000000001,129,85,0.5565473565218666,0.4883720930232558,0.4037032622727371,0.5737134505642055,0.4993443027762127,24,0.5200499576706158
market,spreads,0.6000000000000001,0.7000000000000001,94,53,0.6332813120941094,0.5319148936170213,0.4317808473355929,0.6295427614361362,0.5034522692111636,22,0.5249797460042588
market,spreads,0.7000000000000001,0.8,24,20,0.7337992279394522,0.5,0.31427131627763083,0.6857286837223692,,0,0.5193971724827909
market,spreads,0.8,0.9,3,3,0.8214099425002356,0.3333333333333333,0.0614903152761605,0.7923450448735121,,0,0.5793405081330777
market,spreads,0.9,1.0,3,2,0.9167013087567817,0.6666666666666666,0.2076549551264879,0.9385096847238394,,0,0.5253069781371669
market,totals,0.2,0.30000000000000004,3,3,0.2915583350032176,0.6666666666666666,0.2076549551264879,0.9385096847238394,,0,0.5253069781371669
market,totals,0.30000000000000004,0.4,28,24,0.3562781056645467,0.6785714285714286,0.4933850455563118,0.8206695245657927,0.49540793849899617,2,0.5211397778837433
market,totals,0.4,0.5,68,50,0.4532502046252335,0.5441176470588235,0.4265639778429344,0.6569530930463552,0.5032180185988929,15,0.5200005155767983
market,totals,0.5,0.6000000000000001,219,108,0.5609551182435562,0.3972602739726027,0.33475889285895316,0.46330394639547684,0.504962504691143,46,0.519990355773469
market,totals,0.6000000000000001,0.7000000000000001,123,70,0.6313001532236248,0.4715447154471545,0.38552806231685766,0.5592849958596396,0.504647845803728,14,0.5232133776978777
market,totals,0.7000000000000001,0.8,11,10,0.7204804543438016,0.2727272727272727,0.09745880573921467,0.5656502930102463,0.5650916281592396,4,0.5701229639996835
market_side,atd|Yes,0.0,0.1,122,33,0.07716876494166248,0.12295081967213115,0.07594305873968113,0.192979141868067,,0,0.11581299796865978
market_side,atd|Yes,0.1,0.2,87,35,0.15148678268349516,0.13793103448275862,0.08069698827736069,0.22578814628653956,,0,0.16155134761148718
market_side,atd|Yes,0.2,0.30000000000000004,166,39,0.2542104890021684,0.19879518072289157,0.14520087187123953,0.2660152259516731,0.2662320021733225,1,0.2412070020633377
market_side,atd|Yes,0.30000000000000004,0.4,74,30,0.36201880214907844,0.14864864864864866,0.08507972301585125,0.24689700921986846,0.246242774566474,1,0.31452768801777603
market_side,atd|Yes,0.4,0.5,36,23,0.45964512888122283,0.3333333333333333,0.20214424774586046,0.49666302907033155,,0,0.38066077050362135
market_side,atd|Yes,0.5,0.6000000000000001,33,24,0.5480878768170339,0.24242424242424243,0.12831561346647294,0.4102494868549029,0.48729792147806006,1,0.44991645645205647
market_side,atd|Yes,0.6000000000000001,0.7000000000000001,21,15,0.6449501344104099,0.7142857142857143,0.500432261771624,0.8618632425437179,0.5700173656056924,2,0.5569754994370191
market_side,atd|Yes,0.7000000000000001,0.8,5,4,0.7324626808640818,1.0,0.5655085052479191,1.0,0.6404988994864271,1,0.7022846029057209
market_side,atd|Yes,0.8,0.9,1,1,0.838333906523013,1.0,0.20654329147389294,1.0,,0,0.6875
market_side,h2h|Away,0.1,0.2,2,2,0.1552680342407462,0.0,0.0,0.6576280471103807,,0,0.08732330141358868
market_side,h2h|Away,0.2,0.30000000000000004,4,4,0.24189398890284558,0.25,0.045586062644636216,0.6993639475573634,,0,0.13986898945977108
market_side,h2h|Away,0.30000000000000004,0.4,16,16,0.34624087831383965,0.25,0.10181901984237346,0.49498768929398645,0.21705123191239734,1,0.23336073656095938
market_side,h2h|Away,0.4,0.5,23,23,0.4472972792252446,0.5217391304347826,0.3296242986421849,0.7076313046005427,0.40040078282731284,6,0.36602692294976
market_side,h2h|Away,0.5,0.6000000000000001,21,21,0.5504320670022421,0.42857142857142855,0.24469699486521043,0.6345378370296754,,0,0.4899640556282553
market_side,h2h|Away,0.6000000000000001,0.7000000000000001,26,26,0.6447391721992156,0.5769230769230769,0.3894829692111983,0.744558100972706,0.40090771558245086,1,0.5838518298257839
market_side,h2h|Away,0.7000000000000001,0.8,2,2,0.7377830422526419,1.0,0.34237195288961925,1.0,0.6888888888888889,1,0.7366609294320138
market_side,h2h|Away,0.8,0.9,3,3,0.830613797486159,0.6666666666666666,0.2076549551264879,0.9385096847238394,,0,0.7430434006788688
market_side,h2h|Home,0.0,0.1,1,1,0.08048131220800364,0.0,0.0,0.7934567085261071,,0,0.047619047619047616
market_side,h2h|Home,0.1,0.2,1,1,0.1895751237368365,0.0,0.0,0.7934567085261071,,0,0.34965034965034963
market_side,h2h|Home,0.2,0.30000000000000004,3,3,0.24856417821216667,0.0,0.0,0.5615060804490177,0.29457364341085274,1,0.22293447293447297
market_side,h2h|Home,0.30000000000000004,0.4,25,25,0.3584014300427684,0.4,0.23403057664190918,0.5926087221487266,0.4328324935009806,4,0.3976733809744315
market_side,h2h|Home,0.4,0.5,24,24,0.4443804893684677,0.5,0.31427131627763083,0.6857286837223692,,0,0.4520431384468022
market_side,h2h|Home,0.5,0.6000000000000001,22,22,0.5557313244747099,0.5454545454545454,0.34659473289041554,0.7307998556799515,0.4475619988067089,2,0.6219691920635684
market_side,h2h|Home,0.6000000000000001,0.7000000000000001,15,15,0.6550526213367596,0.6666666666666666,0.41713125151212976,0.8482389930530876,,0,0.6669133813497281
market_side,h2h|Home,0.7000000000000001,0.8,3,3,0.7423614806182623,0.3333333333333333,0.0614903152761605,0.7923450448735121,,0,0.703759291023442
market_side,player_passing_tds|Over,0.1,0.2,1,1,0.1164443525307588,1.0,0.20654329147389294,1.0,,0,0.3846153846153846
market_side,player_passing_tds|Over,0.2,0.30000000000000004,3,3,0.2766780949761294,0.0,0.0,0.5615060804490177,0.44655929721815524,1,0.42108437791891024
market_side,player_passing_tds|Over,0.30000000000000004,0.4,3,3,0.3679007887341253,0.3333333333333333,0.0614903152761605,0.7923450448735121,,0,0.5401067400584426
market_side,player_passing_tds|Over,0.4,0.5,20,15,0.45560072101031823,0.25,0.11186005278940309,0.4687050099580636,,0,0.44474666625316883
market_side,player_passing_tds|Over,0.5,0.6000000000000001,16,12,0.5468204816710736,0.625,0.3864064709793481,0.815190174452472,,0,0.5059387884518027
market_side,player_passing_tds|Over,0.6000000000000001,0.7000000000000001,19,15,0.6511580989031774,0.42105263157894735,0.2314162039203038,0.6372444853483988,0.5087297071071458,3,0.5820331715519005
market_side,player_passing_tds|Over,0.7000000000000001,0.8,8,5,0.7434860323961116,0.5,0.21521252682444186,0.7847874731755582,0.591513230093891,1,0.6716638397369263
market_side,player_passing_tds|Over,0.8,0.9,2,1,0.8068801782132802,1.0,0.34237195288961925,1.0,0.6591820368885325,2,0.7058823529411764
market_side,player_passing_tds|Under,0.2,0.30000000000000004,3,2,0.2651710120230861,0.6666666666666666,0.2076549551264879,0.9385096847238394,0.369467598027706,2,0.4037752375947094
market_side,player_passing_tds|Under,0.30000000000000004,0.4,12,11,0.36451607589287055,0.4166666666666667,0.19325746190524656,0.6804926643446272,0.4748354848499391,2,0.4172007431878148
market_side,player_passing_tds|Under,0.4,0.5,12,9,0.4555395481821496,0.5,0.2537781703934222,0.7462218296065778,0.3454375247311229,2,0.4822007610761914
market_side,player_passing_tds|Under,0.5,0.6000000000000001,24,19,0.543924364774378,0.6666666666666666,0.4670595949408046,0.8202802131162036,0.40847201210287454,1,0.5235856506280056
market_side,player_passing_tds|Under,0.6000000000000001,0.7000000000000001,18,15,0.6564335704347813,0.5555555555555556,0.3371606942825164,0.7544076889861088,0.5368170197191335,2,0.5945821226460251
market_side,player_passing_tds|Under,0.7000000000000001,0.8,13,12,0.7349014087466413,0.6153846153846154,0.35522480972268555,0.8229055341876319,,0,0.6456598952079958
market_side,player_passing_tds|Under,0.8,0.9,1,1,0.8835556474692412,0.0,0.0,0.7934567085261071,,0,0.6428571428571428
market_side,player_passing_yards|Over,0.1,0.2,2,2,0.1469394546028312,1.0,0.34237195288961925,1.0,,0,0.5260237662016758
market_side,player_passing_yards|Over,0.2,0.30000000000000004,2,2,0.23719516449985206,0.0,0.0,0.6576280471103807,,0,0.5260557053009883
market_side,player_passing_yards|Over,0.30000000000000004,0.4,9,7,0.3505044737744606,0.5555555555555556,0.2666473457440297,0.811224570528086,,0,0.5275402818479396
market_side,player_passing_yards|Over,0.4,0.5,20,12,0.44816138118367965,0.55,0.3420820083075997,0.7418049791429071,,0,0.5340861411650145
market_side,player_passing_yards|Over,0.5,0.6000000000000001,41,17,0.5609037094763232,0.5121951219512195,0.36484259315865186,0.657458127600643,0.498112770844247,20,0.5282613754105292
market_side,player_passing_yards|Over,0.6000000000000001,0.7000000000000001,54,13,0.6438579569125413,0.6111111111111112,0.47788056581508337,0.7295825749002496,0.49397535884084237,23,0.5318592717853787
market_side,player_passing_yards|Over,0.7000000000000001,0.8,3,2,0.7236140749701133,1.0,0.43849391955098227,1.0,,0,0.5914046369721597
market_side,player_passing_yards|Over,0.8,0.9,2,2,0.8202603405575933,0.0,0.0,0.6576280471103807,,0,0.5887123469049984
market_side,player_passing_yards|Over,0.9,1.0,2,2,0.9139522927310595,1.0,0.34237195288961925,1.0,,0,0.7555555555555555
market_side,player_passing_yards|Under,0.0,0.1,1,1,0.01872995775057429,1.0,0.20654329147389294,1.0,,0,0.5260663507109005
market_side,player_passing_yards|Under,0.1,0.2,1,1,0.16240449542864932,1.0,0.20654329147389294,1.0,,0,0.5238095238095238
market_side,player_passing_yards|Under,0.2,0.30000000000000004,3,2,0.27868521948070146,0.0,0.0,0.5615060804490177,0.48987854251012153,1,0.529012078702746
market_side,player_passing_yards|Under,0.30000000000000004,0.4,7,4,0.3468464912785388,0.42857142857142855,0.15821692226262685,0.7495457695909742,0.4985159393433237,5,0.5263431256289116
market_side,player_passing_yards|Under,0.4,0.5,8,6,0.441924864769053,0.0,0.0,0.3244156195108769,0.497328142116523,3,0.5260477962112297
market_side,player_passing_yards|Under,0.5,0.6000000000000001,76,25,0.5710717944790907,0.5131578947368421,0.4028849903549509,0.622164607849494,0.49510998862081324,9,0.528048180290365
market_side,player_passing_yards|Under,0.6000000000000001,0.7000000000000001,94,26,0.6369867195848969,0.39361702127659576,0.3008973662970317,0.4946906044638717,0.4988426057225061,21,0.5303773071348133
market_side,player_passing_yards|Under,0.7000000000000001,0.8,5,5,0.7433470423116416,0.4,0.1176182311592533,0.769280067791163,,0,0.5704232394906099
market_side,player_passing_yards|Under,0.8,0.9,4,4,0.8587962403997114,0.25,0.045586062644636216,0.6993639475573634,0.5515204825332999,1,0.6313642287070234
market_side,player_receiving_yards|Over,0.0,0.1,9,7,0.06621315338244617,0.4444444444444444,0.188775429471914,0.7333526542559703,0.4256384576865298,1,0.36683462964985863
market_side,player_receiving_yards|Over,0.1,0.2,20,13,0.14949349662127615,0.5,0.2992949144298199,0.7007050855701801,0.5052696870959956,4,0.4150322343244065
market_side,player_receiving_yards|Over,0.2,0.30000000000000004,36,17,0.2550382670776664,0.5277777777777778,0.3700567162693947,0.6801420709279067,0.5005878706889113,8,0.5116763678855176
market_side,player_receiving_yards|Over,0.30000000000000004,0.4,56,18,0.3513926043548984,0.42857142857142855,0.3076876241309292,0.5586261107959444,0.46817513697069224,8,0.5121566100016152
market_side,player_receiving_yards|Over,0.4,0.5,86,26,0.4482784550570601,0.5581395348837209,0.4529326746260169,0.6583743368252482,0.5016734955288467,6,0.5201744207587171
market_side,player_receiving_yards|Over,0.5,0.6000000000000001,215,43,0.5656570219648835,0.5162790697674419,0.4497815821654536,0.5822050236718277,0.49690526816717834,58,0.5255079191646628
market_side,player_receiving_yards|Over,0.6000000000000001,0.7000000000000001,197,41,0.6377702048373474,0.49238578680203043,0.4233881697436179,0.5616746857604211,0.4970179593355343,51,0.5308760164419416
market_side,player_receiving_yards|Over,0.7000000000000001,0.8,29,18,0.747209997467344,0.4482758620689655,0.2841291114874579,0.6245233293193238,0.5064565340639049,6,0.5531527891836395
market_side,player_receiving_yards|Over,0.8,0.9,18,14,0.838816979321906,0.6666666666666666,0.4374906934425036,0.8372144563633714,0.49716545113039473,2,0.5978426185833492
market_side,player_receiving_yards|Over,0.9,1.0,15,11,0.9456138499404088,0.8666666666666667,0.6211750079348376,0.9626395301086407,0.5980592441266599,2,0.6991435230537981
market_side,player_receiving_yards|Under,0.0,0.1,5,4,0.0716460670447252,0.4,0.1176182311592533,0.769280067791163,0.49095295536791317,1,0.528651687411327
market_side,player_receiving_yards|Under,0.1,0.2,9,7,0.16479708190575393,0.3333333333333333,0.12058159868274293,0.6458026525009102,0.5200837010417141,1,0.5289377149579368
market_side,player_receiving_yards|Under,0.2,0.30000000000000004,21,13,0.25666196350955645,0.5714285714285714,0.3654621629703244,0.7553030051347894,0.45118044362668225,6,0.5128902821204744
market_side,player_receiving_yards|Under,0.30000000000000004,0.4,35,17,0.3606117015744139,0.4,0.25550504933307244,0.5642758041848053,0.4949043837128931,7,0.5262216442730612
market_side,player_receiving_yards|Under,0.4,0.5,45,19,0.45080546574024255,0.6444444444444445,0.49835546011952203,0.7678110864309596,0.45137534100773946,3,0.5253007755690008
market_side,player_receiving_yards|Under,0.5,0.6000000000000001,243,46,0.568749081987137,0.48559670781893005,0.42347043861896416,0.5481712943790393,0.4939884858082388,68,0.5275746564720314
market_side,player_receiving_yards|Under,0.6000000000000001,0.7000000000000001,278,46,0.6373759590350693,0.5287769784172662,0.47010563232409686,0.5866638438639464,0.49773655696095126,70,0.532830094402409
market_side,player_receiving_yards|Under,0.7000000000000001,0.8,59,22,0.7480475476583294,0.4576271186440678,0.3370110214024243,0.583423849765719,0.5201313961228113,13,0.5639693394453669
market_side,player_receiving_yards|Under,0.8,0.9,23,15,0.8492758597463592,0.30434782608695654,0.15603828020972454,0.5086612906057261,0.5937596155905341,7,0.5835659420532407
market_side,player_receiving_yards|Under,0.9,1.0,21,14,0.9410831153278658,0.6190476190476191,0.40878295815501514,0.7924923220201749,0.7246001401891016,9,0.6928489776434167
market_side,player_receptions|Over,0.0,0.1,9,6,0.06338806215509574,0.3333333333333333,0.12058159868274293,0.6458026525009102,,0,0.45697398355577806
market_side,player_receptions|Over,0.1,0.2,20,15,0.1527465225367391,0.45,0.25819502085709295,0.6579179916924003,0.5239065239613909,2,0.4609616295659328
market_side,player_receptions|Over,0.2,0.30000000000000004,29,15,0.2533950515838202,0.6206896551724138,0.4400222620928496,0.7731220426913266,0.4571561596661515,2,0.48610391492349625
market_side,player_receptions|Over,0.30000000000000004,0.4,37,18,0.3550956029149811,0.3783783783783784,0.2406378746389103,0.5389985744718004,0.3923154024802012,5,0.4929482665964784
market_side,player_receptions|Over,0.4,0.5,94,37,0.45977468566287033,0.5319148936170213,0.4317808473355929,0.6295427614361362,0.4352032564961226,19,0.489803315624319
market_side,player_receptions|Over,0.5,0.6000000000000001,100,35,0.5620835640286649,0.45,0.3561437510640346,0.5475557296835656,0.4704835084157035,14,0.5121244765455991
market_side,player_receptions|Over,0.6000000000000001,0.7000000000000001,98,40,0.6471212398549294,0.5306122448979592,0.43252291695680106,0.6263921040169464,0.5577263019837122,20,0.5746761342458294
market_side,player_receptions|Over,0.7000000000000001,0.8,52,28,0.7341361946807731,0.7115384615384616,0.5772695428589907,0.816701976581713,0.6042924230274219,13,0.6073394845554408
market_side,player_receptions|Over,0.8,0.9,23,17,0.8360942376509286,0.6956521739130435,0.49133870939427393,0.8439617197902755,0.6885784024913728,1,0.6781757856810899
market_side,player_receptions|Over,0.9,1.0,5,5,0.9312420326391619,0.2,0.03622316096978745,0.6244717358814613,,0,0.6844568825218846
market_side,player_receptions|Under,0.0,0.1,2,2,0.06534971177109358,0.5,0.09452865480086614,0.9054713451991339,,0,0.4502609262883235
market_side,player_receptions|Under,0.1,0.2,8,5,0.167044431574639,0.375,0.13684175946152105,0.6942621454161981,,0,0.5244797306188698
market_side,player_receptions|Under,0.2,0.30000000000000004,18,11,0.27435334284925855,0.5,0.2903070395897999,0.7096929604102,0.4001682019680902,4,0.4863510771953824
market_side,player_receptions|Under,0.30000000000000004,0.4,34,16,0.35063811773393094,0.4411764705882353,0.28883240215296746,0.6054638221081631,0.36328320748101567,6,0.483102503819158
market_side,player_receptions|Under,0.4,0.5,55,26,0.44980855602647485,0.6363636363636364,0.5042251814868371,0.7506965065705916,0.4079180725880948,7,0.4864067229319586
market_side,player_receptions|Under,0.5,0.6000000000000001,127,42,0.548045782152461,0.5354330708661418,0.4489269894614608,0.6198584732659899,0.4767638102326875,32,0.5092731818672027
market_side,player_receptions|Under,0.6000000000000001,0.7000000000000001,110,44,0.6512256643626981,0.6636363636363637,0.5711478504963664,0.7450810148744648,0.5391120153564419,19,0.5754065429942359
market_side,player_receptions|Under,0.7000000000000001,0.8,96,41,0.743056538286237,0.5520833333333334,0.45251459064008087,0.6476440606635844,0.6050671446658077,15,0.6066388227916304
market_side,player_receptions|Under,0.8,0.9,38,23,0.8366482233795519,0.5789473684210527,0.42192070613127325,0.7214772518818047,0.6048012411749625,8,0.6156153868027371
market_side,player_receptions|Under,0.9,1.0,11,7,0.9446660813770481,0.7272727272727273,0.4343497069897537,0.9025411942607853,0.7812536751734682,1,0.6234100369019413
market_side,player_rushing_yards|Over,0.0,0.1,10,8,0.06791668113474555,0.0,0.0,0.2775401687666166,,0,0.33592067739632403
market_side,player_rushing_yards|Over,0.1,0.2,15,9,0.1522614931409085,0.13333333333333333,0.0373604698913593,0.3788249920651624,0.4854393687073616,5,0.46827659940578087
market_side,player_rushing_yards|Over,0.2,0.30000000000000004,16,12,0.258959467758357,0.3125,0.14164435051961052,0.5559606813326594,0.49426568104467106,4,0.48280718153285573
market_side,player_rushing_yards|Over,0.30000000000000004,0.4,22,13,0.3520948203787374,0.2727272727272727,0.1315058201581444,0.4815212369900198,0.4974845596393544,6,0.5008943114216169
market_side,player_rushing_yards|Over,0.4,0.5,25,15,0.4438016318272904,0.52,0.334982179531473,0.6996899607103998,0.4978354041300489,1,0.5225352145414117
market_side,player_rushing_yards|Over,0.5,0.6000000000000001,96,32,0.5660888798321712,0.4583333333333333,0.36218682395415014,0.5576862550029179,0.49705560261354875,31,0.5322761201865105
market_side,player_rushing_yards|Over,0.6000000000000001,0.7000000000000001,90,37,0.6323287087083219,0.4888888888888889,0.3882031497910542,0.5904843406183163,0.4975024431833783,29,0.5297761423764077
market_side,player_rushing_yards|Over,0.7000000000000001,0.8,20,15,0.7396066622955936,0.4,0.21880396741419272,0.613422057684794,0.5114901909568842,3,0.5504911319021344
market_side,player_rushing_yards|Over,0.8,0.9,15,10,0.8336915852255146,0.4666666666666667,0.24809225259746442,0.6988336984894921,0.5143625752325369,2,0.6148100263318469
market_side,player_rushing_yards|Over,0.9,1.0,4,4,0.9610273706832045,1.0,0.5100999795960008,1.0,,0,0.7995358678588493
market_side,player_rushing_yards|Under,0.0,0.1,1,1,0.08410243937767092,1.0,0.20654329147389294,1.0,,0,0.5283018867924528
market_side,player_rushing_yards|Under,0.1,0.2,5,4,0.16724947298051746,0.4,0.1176182311592533,0.769280067791163,0.502871285667289,2,0.5273907596522531
market_side,player_rushing_yards|Under,0.2,0.30000000000000004,15,11,0.2633241567590995,0.7333333333333333,0.4804911034231324,0.8910272389681718,0.5,2,0.5267591601614379
market_side,player_rushing_yards|Under,0.30000000000000004,0.4,15,11,0.36301658819088295,0.4,0.19824228082594664,0.642535572434923,,0,0.5241383740423193
market_side,player_rushing_yards|Under,0.4,0.5,22,13,0.43953228924010773,0.5909090909090909,0.38734477382893806,0.7674444033117963,0.4962338108340067,7,0.5242678869388043
market_side,player_rushing_yards|Under,0.5,0.6000000000000001,106,37,0.5671833038313071,0.5754716981132075,0.4803591504335626,0.6653051516159342,0.49184744565888183,26,0.527526041387022
market_side,player_rushing_yards|Under,0.6000000000000001,0.7000000000000001,123,35,0.6346386196682826,0.5609756097560976,0.4727433780611214,0.645514354417813,0.5002727990864096,46,0.5313451067885859
market_side,player_rushing_yards|Under,0.7000000000000001,0.8,27,13,0.7423875963008939,0.6666666666666666,0.47824419872105484,0.8135694555640665,0.5181003217500251,7,0.5685403769780805
market_side,player_rushing_yards|Under,0.8,0.9,12,10,0.8565794956759092,0.8333333333333334,0.5519636426153274,0.9530358523851776,0.6079967366702886,3,0.6274491690644478
market_side,player_rushing_yards|Under,0.9,1.0,18,15,0.9360870215280381,0.7777777777777778,0.5478497354769452,0.90999218086618,0.7228378963410004,4,0.7030626351438839
market_side,spreads|Away,0.2,0.30000000000000004,3,3,0.2597388911047087,0.3333333333333333,0.0614903152761605,0.7923450448735121,,0,0.5214355108510653
market_side,spreads|Away,0.30000000000000004,0.4,9,8,0.38199759623314683,0.3333333333333333,0.12058159868274293,0.6458026525009102,0.5010974539069359,2,0.5239624663901464
market_side,spreads|Away,0.4,0.5,13,12,0.46154187430509247,0.7692307692307693,0.49743126004873084,0.918206209075343,0.5,2,0.5230357200200653
market_side,spreads|Away,0.5,0.6000000000000001,63,45,0.5557937471319534,0.4126984126984127,0.2995827804043614,0.5358490464818889,0.5040838324044857,8,0.5212456087731362
market_side,spreads|Away,0.6000000000000001,0.7000000000000001,56,32,0.6371095438018847,0.5,0.37331520958682995,0.62668479041317,0.5039149259601953,14,0.5259146890636514
market_side,spreads|Away,0.7000000000000001,0.8,20,17,0.7327030979938318,0.5,0.2992949144298199,0.7007050855701801,,0,0.5189725776753198
market_side,spreads|Away,0.8,0.9,3,3,0.8214099425002356,0.3333333333333333,0.0614903152761605,0.7923450448735121,,0,0.5793405081330777
market_side,spreads|Away,0.9,1.0,3,2,0.9167013087567817,0.6666666666666666,0.2076549551264879,0.9385096847238394,,0,0.5253069781371669
market_side,spreads|Home,0.0,0.1,2,1,0.07970487963629792,0.0,0.0,0.6576280471103807,,0,0.5260557053009883
market_side,spreads|Home,0.1,0.2,2,2,0.14748273844898552,0.5,0.09452865480086614,0.9054713451991339,,0,0.5238095238095238
market_side,spreads|Home,0.2,0.30000000000000004,17,16,0.2641537714205596,0.5294117647058824,0.30962897311549487,0.738351988039119,,0,0.5195551933207865
market_side,spreads|Home,0.30000000000000004,0.4,14,11,0.353982351066914,0.42857142857142855,0.21380509930400526,0.6740973309713064,0.49938114037882925,5,0.5208076700430312
market_side,spreads|Home,0.4,0.5,33,25,0.4478879461065144,0.48484848484848486,0.32503781646924224,0.6478189541378976,0.5011156775178368,6,0.5224551336039376
market_side,spreads|Home,0.5,0.6000000000000001,66,46,0.5572667109395107,0.5606060606060606,0.4408242143005392,0.6737206987598716,0.496974537962076,16,0.5189086543454826
market_side,spreads|Home,0.6000000000000001,0.7000000000000001,38,21,0.627639707472125,0.5789473684210527,0.42192070613127325,0.7214772518818047,0.5026426199003579,8,0.5236019351798906
market_side,spreads|Home,0.7000000000000001,0.8,4,3,0.7392798776675547,0.5,0.15003570882017148,0.8499642911798285,,0,0.5215201465201464
market_side,totals|Over,0.2,0.30000000000000004,2,2,0.28939816304836163,0.5,0.09452865480086614,0.9054713451991339,,0,0.5260557053009883
market_side,totals|Over,0.30000000000000004,0.4,8,8,0.37519367150108385,0.75,0.40926987910258916,0.9285223111419724,0.49514563106796117,1,0.5217146557509742
market_side,totals|Over,0.4,0.5,31,20,0.4490971098899103,0.5161290322580645,0.34840118286973176,0.6803001396872117,0.5031671374497702,10,0.5201843459102184
market_side,totals|Over,0.5,0.6000000000000001,111,66,0.5617356615523704,0.3963963963963964,0.31033119486484406,0.48939294690956525,0.5030488282330021,20,0.519492098649734
market_side,totals|Over,0.6000000000000001,0.7000000000000001,76,47,0.6357310143890597,0.4868421052631579,0.377835392150506,0.5971150096450492,0.5068249445110024,9,0.523644373379136
market_side,totals|Over,0.7000000000000001,0.8,8,7,0.7209040597882715,0.375,0.13684175946152105,0.6942621454161981,0.5636786050312972,3,0.5812203472985377
market_side,totals|Under,0.2,0.30000000000000004,1,1,0.29587867891292946,1.0,0.20654329147389294,1.0,,0,0.5238095238095238
market_side,totals|Under,0.30000000000000004,0.4,20,16,0.3487118793299319,0.65,0.43285051021946463,0.8188104521320554,0.4956702459300312,1,0.520909826736851
market_side,totals|Under,0.4,0.5,37,30,0.45672982453861255,0.5675675675675675,0.40913906334200717,0.713285131596487,0.5033197808971386,5,0.5198464955677164
market_side,totals|Under,0.5,0.6000000000000001,108,50,0.5601528931761638,0.39814814814814814,0.31085532269880395,0.49243790629648926,0.5064345635050975,26,0.5205024533728633
market_side,totals|Under,0.6000000000000001,0.7000000000000001,47,26,0.6241353564454744,0.44680851063829785,0.31410747474911305,0.5875478626124176,0.5007290681306342,5,0.5225164485111621
market_side,totals|Under,0.7000000000000001,0.8,3,3,0.7193508398252151,0.0,0.0,0.5615060804490177,0.569330697543067,1,0.5405299418694061
market_family_dedup,atd,0.0,0.1,105,33,0.07822404853709519,0.12380952380952381,0.07380094170864485,0.2003736385988846,,0,0.11720012218540919
market_family_dedup,atd,0.1,0.2,74,35,0.1512577069670772,0.14864864864864866,0.08507972301585125,0.24689700921986846,,0,0.1603694976969591
market_family_dedup,atd,0.2,0.30000000000000004,130,39,0.25337586765731746,0.2,0.140298557361553,0.27692299408433524,0.2662320021733225,1,0.24255224653549318
market_family_dedup,atd,0.30000000000000004,0.4,57,30,0.36101173243976403,0.15789473684210525,0.08535699749316844,0.2736342190428858,,0,0.31361713796937
market_family_dedup,atd,0.4,0.5,30,23,0.4593112021044108,0.3333333333333333,0.19230295526846194,0.5122027418616973,,0,0.3835387568403739
market_family_dedup,atd,0.5,0.6000000000000001,28,24,0.5487300302789132,0.2857142857142857,0.15253815848329969,0.470596357370175,0.48729792147806006,1,0.4474001710243643
market_family_dedup,atd,0.6000000000000001,0.7000000000000001,15,15,0.6455989517221828,0.6666666666666666,0.41713125151212976,0.8482389930530876,0.6133944846239784,1,0.5549197926132255
market_family_dedup,atd,0.7000000000000001,0.8,4,4,0.7337112993386055,1.0,0.5100999795960008,1.0,,0,0.7128897672375933
market_family_dedup,h2h,0.0,0.1,1,1,0.08048131220800364,0.0,0.0,0.7934567085261071,,0,0.047619047619047616
market_family_dedup,h2h,0.1,0.2,3,3,0.16670373073944297,0.0,0.0,0.5615060804490177,,0,0.1747656508258423
market_family_dedup,h2h,0.2,0.30000000000000004,5,5,0.23784309921279925,0.2,0.03622316096978745,0.6244717358814613,,0,0.13411741379003908
market_family_dedup,h2h,0.30000000000000004,0.4,22,22,0.3532911743161338,0.36363636363636365,0.19732972772607899,0.5704865065628195,0.44130177620280103,2,0.3071149007072543
market_family_dedup,h2h,0.4,0.5,27,27,0.44555203575530905,0.48148148148148145,0.3074295064970908,0.6601467541378958,0.5252506710599503,2,0.41543129150199226
market_family_dedup,h2h,0.5,0.6000000000000001,28,28,0.5545827796612565,0.5,0.3263284683244634,0.6736715316755366,,0,0.5623345758023123
market_family_dedup,h2h,0.6000000000000001,0.7000000000000001,30,30,0.6450140917247892,0.6666666666666666,0.48779725813830266,0.807697044731538,,0,0.6296385022814184
market_family_dedup,h2h,0.7000000000000001,0.8,4,4,0.7440349173943361,0.75,0.3006360524426366,0.9544139373553637,0.6888888888888889,1,0.6982332663169217
market_family_dedup,h2h,0.8,0.9,2,2,0.8407082580976568,0.5,0.09452865480086614,0.9054713451991339,,0,0.7869788941217513
market_family_dedup,player_passing_tds,0.1,0.2,1,1,0.1164443525307588,1.0,0.20654329147389294,1.0,,0,0.3846153846153846
market_family_dedup,player_passing_tds,0.2,0.30000000000000004,1,1,0.26424111765711533,0.0,0.0,0.7934567085261071,,0,0.4273504273504274
market_family_dedup,player_passing_tds,0.30000000000000004,0.4,9,9,0.37646688832096437,0.4444444444444444,0.188775429471914,0.7333526542559703,,0,0.4304432763235342
market_family_dedup,player_passing_tds,0.4,0.5,15,15,0.45638787702934613,0.26666666666666666,0.1089727610318281,0.5195088965768675,,0,0.45837019163678955
market_family_dedup,player_passing_tds,0.5,0.6000000000000001,22,22,0.543763397215277,0.6818181818181818,0.47318222782839336,0.8363961264530752,0.40847201210287454,1,0.5031622306899993
market_family_dedup,player_passing_tds,0.6000000000000001,0.7000000000000001,22,21,0.6557685138349458,0.5909090909090909,0.38734477382893806,0.7674444033117963,0.5203045685279188,1,0.6021971304652002
market_family_dedup,player_passing_tds,0.7000000000000001,0.8,11,11,0.7370829990087923,0.45454545454545453,0.21270957543988045,0.7199122443100118,,0,0.6466238332356529
market_family_dedup,player_passing_tds,0.8,0.9,1,1,0.8068801782132802,1.0,0.20654329147389294,1.0,0.6591820368885325,1,0.7058823529411764
market_family_dedup,player_passing_yards,0.0,0.1,1,1,0.01872995775057429,1.0,0.20654329147389294,1.0,,0,0.5260663507109005
market_family_dedup,player_passing_yards,0.1,0.2,2,2,0.1469394546028312,1.0,0.34237195288961925,1.0,,0,0.5260237662016758
market_family_dedup,player_passing_yards,0.2,0.30000000000000004,2,2,0.24683670577571407,0.0,0.0,0.6576280471103807,,0,0.5305060835831423
market_family_dedup,player_passing_yards,0.30000000000000004,0.4,2,2,0.3294234316273153,0.5,0.09452865480086614,0.9054713451991339,,0,0.5249379372602121
market_family_dedup,player_passing_yards,0.4,0.5,4,4,0.456281547457234,0.75,0.3006360524426366,0.9544139373553637,,0,0.5266146642890518
market_family_dedup,player_passing_yards,0.5,0.6000000000000001,32,30,0.5649761818043619,0.5625,0.3932530203122613,0.7183491403055682,0.5,1,0.5283258388126515
market_family_dedup,player_passing_yards,0.6000000000000001,0.7000000000000001,33,26,0.63897141869852,0.42424242424242425,0.272353589950299,0.5919302630853998,0.49798203570951444,4,0.5323528512986994
market_family_dedup,player_passing_yards,0.7000000000000001,0.8,3,3,0.748210144757136,0.3333333333333333,0.0614903152761605,0.7923450448735121,,0,0.5676128362831728
market_family_dedup,player_passing_yards,0.8,0.9,3,3,0.8555201992661422,0.3333333333333333,0.0614903152761605,0.7923450448735121,0.5515204825332999,1,0.6672087000662486
market_family_dedup,player_passing_yards,0.9,1.0,1,1,0.9234295184418794,1.0,0.20654329147389294,1.0,,0,0.7777777777777779
market_family_dedup,player_receiving_yards,0.0,0.1,7,7,0.07180688072487706,0.5714285714285714,0.2504542304090258,0.8417830777373732,0.4582957065272215,2,0.3824633332055818
market_family_dedup,player_receiving_yards,0.1,0.2,9,9,0.1541925769232304,0.3333333333333333,0.12058159868274293,0.6458026525009102,,0,0.3961778487117132
market_family_dedup,player_receiving_yards,0.2,0.30000000000000004,15,10,0.243633079465374,0.4666666666666667,0.24809225259746442,0.6988336984894921,0.5055836100299723,2,0.5107122780447637
market_family_dedup,player_receiving_yards,0.30000000000000004,0.4,22,12,0.34651423873940795,0.36363636363636365,0.19732972772607899,0.5704865065628195,,0,0.5170856326284397
market_family_dedup,player_receiving_yards,0.4,0.5,39,23,0.45978868093494835,0.5384615384615384,0.3856918682173881,0.6843335276595165,0.5072254335260116,1,0.5013609902998137
market_family_dedup,player_receiving_yards,0.5,0.6000000000000001,159,46,0.5658576503928945,0.5220125786163522,0.444769134449836,0.5982174242673471,0.4977623287345822,30,0.5275247403763238
market_family_dedup,player_receiving_yards,0.6000000000000001,0.7000000000000001,170,48,0.6400128898584363,0.5235294117647059,0.44876252971873043,0.5972563748472653,0.49832422940904275,27,0.5338781050922381
market_family_dedup,player_receiving_yards,0.7000000000000001,0.8,30,19,0.7493529290127853,0.3333333333333333,0.19230295526846194,0.5122027418616973,0.49589827727645613,4,0.5661222378161676
market_family_dedup,player_receiving_yards,0.8,0.9,14,11,0.8503631727295472,0.35714285714285715,0.16344490737202735,0.6123599531785959,0.48987854251012153,1,0.6014973923084959
market_family_dedup,player_receiving_yards,0.9,1.0,19,16,0.9426733621460678,0.8421052631578947,0.6243407235682331,0.9447962896007217,0.7365364703091519,5,0.6863567858224225
market_family_dedup,player_receptions,0.0,0.1,6,4,0.05197586385186264,0.16666666666666666,0.03005258587173032,0.563509436563646,,0,0.49726316630574313
market_family_dedup,player_receptions,0.1,0.2,13,10,0.15834992172102805,0.38461538461538464,0.17709446581236818,0.6447751902773146,0.5239065239613909,2,0.5096802488170951
market_family_dedup,player_receptions,0.2,0.30000000000000004,12,10,0.26810542600548054,0.5833333333333334,0.3195073356553728,0.8067425380947535,,0,0.4895021472884029
market_family_dedup,player_receptions,0.30000000000000004,0.4,27,15,0.34855808183556614,0.5185185185185185,0.3398532458621043,0.6925704935029092,0.3427719821162444,1,0.4916542355728795
market_family_dedup,player_receptions,0.4,0.5,65,36,0.4583275771362149,0.6,0.47855778499746787,0.71028152146839,0.4190532790084056,13,0.475356230889941
market_family_dedup,player_receptions,0.5,0.6000000000000001,105,42,0.5530462768065862,0.47619047619047616,0.38319838627334735,0.5708632960245974,0.46017133049711834,17,0.5013530124056069
market_family_dedup,player_receptions,0.6000000000000001,0.7000000000000001,129,45,0.6483891251084695,0.6356589147286822,0.5498038353373884,0.7136678482316141,0.5462724044707589,20,0.573677956205909
market_family_dedup,player_receptions,0.7000000000000001,0.8,83,39,0.7416839313119639,0.6506024096385542,0.5434401797494255,0.744440283070237,0.6079701556900231,14,0.6081913426584172
market_family_dedup,player_receptions,0.8,0.9,28,22,0.8403471262357808,0.6071428571428571,0.42408726034906297,0.7643454817241996,0.645843020031541,3,0.6365278049515269
market_family_dedup,player_receptions,0.9,1.0,6,4,0.9249700340320565,0.3333333333333333,0.09676933255921683,0.7000116786584712,,0,0.6362941850098222
market_family_dedup,player_rushing_yards,0.0,0.1,5,4,0.06696748352484931,0.2,0.03622316096978745,0.6244717358814613,,0,0.3847227783721111
market_family_dedup,player_rushing_yards,0.1,0.2,9,8,0.16073106889257888,0.2222222222222222,0.06322376231222723,0.5474166563271946,0.49578770008424605,1,0.45824992100482276
market_family_dedup,player_rushing_yards,0.2,0.30000000000000004,15,13,0.25939831861968476,0.5333333333333333,0.3011663015105079,0.7519077474025355,0.4935039625828245,1,0.4806700949533515
market_family_dedup,player_rushing_yards,0.30000000000000004,0.4,9,8,0.3448172961082005,0.3333333333333333,0.12058159868274293,0.6458026525009102,,0,0.48091930202506183
market_family_dedup,player_rushing_yards,0.4,0.5,12,9,0.44575265264546826,0.4166666666666667,0.19325746190524656,0.6804926643446272,,0,0.5184912516097674
market_family_dedup,player_rushing_yards,0.5,0.6000000000000001,68,40,0.5651574484394531,0.5,0.3843786388809909,0.6156213611190091,0.49620813736543845,13,0.527346451125972
market_family_dedup,player_rushing_yards,0.6000000000000001,0.7000000000000001,71,43,0.6342536786585763,0.49295774647887325,0.3800495431702562,0.6065889038966157,0.504924577931641,10,0.533551836848006
market_family_dedup,player_rushing_yards,0.7000000000000001,0.8,15,11,0.7340539115189156,0.5333333333333333,0.3011663015105079,0.7519077474025355,,0,0.5562227160120924
market_family_dedup,player_rushing_yards,0.8,0.9,10,10,0.866033177279971,0.7,0.39677321997956516,0.892210712513788,0.6079967366702886,3,0.6816191292073162
market_family_dedup,player_rushing_yards,0.9,1.0,13,12,0.9458594319250172,0.8461538461538461,0.5776482949136899,0.9567427368172621,0.7291566345525174,2,0.773036536403992
market_family_dedup,spreads,0.0,0.1,1,1,0.07170739672061746,0.0,0.0,0.7934567085261071,,0,0.5238095238095238
market_family_dedup,spreads,0.1,0.2,1,1,0.1875452683499792,0.0,0.0,0.7934567085261071,,0,0.5238095238095238
market_family_dedup,spreads,0.2,0.30000000000000004,12,12,0.2549309449333203,0.5,0.2537781703934222,0.7462218296065778,,0,0.5189182193024618
market_family_dedup,spreads,0.30000000000000004,0.4,2,2,0.36487064688996507,0.5,0.09452865480086614,0.9054713451991339,0.5077399380804953,1,0.5315928038613427
market_family_dedup,spreads,0.4,0.5,7,7,0.4828901984726682,0.7142857142857143,0.35892909014821267,0.9177828342909844,,0,0.5243186720126333
market_family_dedup,spreads,0.5,0.6000000000000001,70,70,0.5583977570930139,0.44285714285714284,0.3324934170610057,0.5591665686381124,0.48772816399663843,3,0.5188043483871718
market_family_dedup,spreads,0.6000000000000001,0.7000000000000001,39,39,0.6356922674405211,0.48717948717948717,0.3386492878313309,0.6380089135430342,0.5112813799476359,2,0.5285592582780497
market_family_dedup,spreads,0.7000000000000001,0.8,7,7,0.7208462888291632,0.5714285714285714,0.2504542304090258,0.8417830777373732,,0,0.5208143360738677
market_family_dedup,spreads,0.9,1.0,1,1,0.9016177505668609,0.0,0.0,0.7934567085261071,,0,0.5238095238095238
market_family_dedup,totals,0.2,0.30000000000000004,1,1,0.2930042924983073,1.0,0.20654329147389294,1.0,,0,0.5283018867924528
market_family_dedup,totals,0.30000000000000004,0.4,7,7,0.34389689752435687,0.7142857142857143,0.35892909014821267,0.9177828342909844,,0,0.522248819662564
market_family_dedup,totals,0.4,0.5,4,4,0.4803447130002627,0.75,0.3006360524426366,0.9544139373553637,,0,0.5215201465201464
market_family_dedup,totals,0.5,0.6000000000000001,89,89,0.5574461454520266,0.47191011235955055,0.3715184758755657,0.5746263557516358,0.5086703879607551,3,0.5186165433130178
market_family_dedup,totals,0.6000000000000001,0.7000000000000001,46,46,0.6325187283103996,0.4782608695652174,0.34124459875672114,0.6186282785184867,,0,0.5251204218309542
market_family_dedup,totals,0.7000000000000001,0.8,1,1,0.7056128189647715,1.0,0.20654329147389294,1.0,0.5625282848091718,1,0.5689655172413793
group,all_projection,0.0,0.1,127,21,0.07349728205442828,0.18110236220472442,0.12381720937688437,0.25711362607606036,0.4582957065272215,2,0.22489052489320638
group,all_projection,0.1,0.2,128,22,0.154473329479302,0.3125,0.23865407613652956,0.397272672325261,0.5015653508728475,14,0.3728395577065632
group,all_projection,0.2,0.30000000000000004,258,41,0.25736269795388894,0.4069767441860465,0.34882034180505767,0.46786272154316516,0.47372702084208484,29,0.41563311887698035
group,all_projection,0.30000000000000004,0.4,339,65,0.3559993778173836,0.3864306784660767,0.33614367661876526,0.43926280847522575,0.47600222579677737,49,0.4733003349763286
group,all_projection,0.4,0.5,441,74,0.4487634806714228,0.5260770975056689,0.479449862924355,0.572253934562211,0.48945772765365714,56,0.5092136261771313
group,all_projection,0.5,0.6000000000000001,421,71,0.550163009025136,0.4584323040380047,0.41142543374788376,0.5061909202061545,0.514946832489339,59,0.5275909458580014
group,all_projection,0.6000000000000001,0.7000000000000001,339,64,0.6433690227772016,0.5811209439528023,0.5279780435053827,0.6324458957131951,0.5143820615360424,55,0.547451730474477
group,all_projection,0.7000000000000001,0.8,189,38,0.7410851950206238,0.4708994708994709,0.4010255147136024,0.5419328511161772,0.5282723607016198,30,0.5519099634709954
group,all_projection,0.8,0.9,77,20,0.8386098082702345,0.5584415584415584,0.44738036790961955,0.6639484528955104,0.4933682301558797,11,0.5635094114330521
group,all_projection,0.9,1.0,33,16,0.9298814551846613,0.6060606060606061,0.4368314280651038,0.7531711776849179,0.5371807711567351,2,0.5629347126365638
group,best_model,0.0,0.1,43,26,0.0773139892615987,0.09302325581395349,0.036771045103346514,0.2160298839853268,,0,0.06831147693561294
group,best_model,0.1,0.2,48,29,0.15040880222184097,0.125,0.05856971750400844,0.24700727086054822,,0,0.13355569693614774
group,best_model,0.2,0.30000000000000004,97,37,0.2572544502775676,0.21649484536082475,0.14618670657065763,0.3084034625658892,0.23397618520071214,3,0.22370283071066202
group,best_model,0.30000000000000004,0.4,69,39,0.3596656209068439,0.21739130434782608,0.13640646957336042,0.328185192334121,0.3030017221978207,8,0.31971304322617405
group,best_model,0.4,0.5,129,52,0.46273767861846554,0.46511627906976744,0.38129883334069925,0.5509513051701287,0.4005945302252977,25,0.41560663193067887
group,best_model,0.5,0.6000000000000001,1195,133,0.5674693111879066,0.4920502092050209,0.4637754222413762,0.5203759452120054,0.4913290370032559,320,0.5187799440495445
group,best_model,0.6000000000000001,0.7000000000000001,1200,121,0.6360945338485582,0.5233333333333333,0.49504455958570615,0.5514731882641771,0.5051490244182513,325,0.5388505969228365
group,best_model,0.7000000000000001,0.8,181,52,0.7412833130018461,0.6298342541436464,0.5574742702987874,0.6967974953643532,0.5870149072684416,49,0.6341903536658999
group,best_model,0.8,0.9,66,37,0.8404110514520006,0.5757575757575758,0.4556043708792928,0.6875767704462209,0.6467151458244146,17,0.7153145406908927
group,best_model,0.9,1.0,46,26,0.9450147278911907,0.8043478260869565,0.668284622588308,0.893495095558782,0.7368402477270882,14,0.7865911621360354
group,going_picks_v1,0.30000000000000004,0.4,4,2,0.3757510434034289,0.5,0.15003570882017148,0.8499642911798285,,0,0.5246527117661175
group,going_picks_v1,0.4,0.5,7,2,0.4359921332413231,0.8571428571428571,0.48686549668097007,0.9743210440510253,,0,0.5508143186695013
group,going_picks_v1,0.5,0.6000000000000001,40,5,0.557116622142966,0.575,0.42194800436059987,0.7149083147518411,,0,0.5459191643311821
group,going_picks_v1,0.6000000000000001,0.7000000000000001,36,4,0.6527131571090118,0.6388888888888888,0.4757478039083198,0.7752461320781867,,0,0.5662478686763912
group,going_picks_v1,0.7000000000000001,0.8,29,2,0.7350104039835873,0.7586206896551724,0.578920477816713,0.8778173181493787,,0,0.5741131142975913
group,going_picks_v1,0.8,0.9,14,2,0.8384484712069137,0.5,0.2679886791947528,0.7320113208052472,,0,0.5122161741657152
group,going_picks_v2,0.30000000000000004,0.4,3,1,0.38206688769187097,1.0,0.43849391955098227,1.0,,0,0.5327034777429823
group,going_picks_v2,0.4,0.5,26,1,0.4524178414262558,0.8076923076923077,0.6212336384535001,0.9149306422821174,,0,0.5550566672838966
group,going_picks_v2,0.5,0.6000000000000001,39,4,0.5558496766167179,0.358974358974359,0.22741884696491105,0.515821368153105,,0,0.5480799949527296
group,going_picks_v2,0.6000000000000001,0.7000000000000001,33,3,0.6544997409305187,0.6060606060606061,0.4368314280651038,0.7531711776849179,,0,0.5618215174344705
group,going_picks_v2,0.7000000000000001,0.8,16,1,0.7391204480573853,0.75,0.5050123107060135,0.8981809801576265,,0,0.5580343522175846
group,going_picks_v2,0.9,1.0,2,1,0.9800000000000002,1.0,0.34237195288961925,1.0,,0,0.5348837209302326
group_market,all_projection|atd,0.0,0.1,93,19,0.07607030773095895,0.11827956989247312,0.06734368519538154,0.19950031572984073,,0,0.13393937717368115
group_market,all_projection|atd,0.1,0.2,49,18,0.15143470829263625,0.12244897959183673,0.057347477598098245,0.2424466240188096,,0,0.18162317323056631
group_market,all_projection|atd,0.2,0.30000000000000004,86,18,0.2522716771491645,0.20930232558139536,0.13669707033094278,0.3067678724127305,,0,0.2580287243726201
group_market,all_projection|atd,0.30000000000000004,0.4,41,17,0.3634238389274328,0.0975609756097561,0.0385964597529614,0.22547975519030555,0.246242774566474,1,0.3104123357321121
group_market,all_projection|atd,0.4,0.5,20,13,0.46519621856628246,0.35,0.18118954786794464,0.5671494897805354,,0,0.3769607082394378
group_market,all_projection|atd,0.5,0.6000000000000001,17,13,0.5445634868463756,0.29411764705882354,0.13279793865556402,0.5313353332621391,,0,0.42208194219779993
group_market,all_projection|atd,0.6000000000000001,0.7000000000000001,6,5,0.6477334353576585,0.8333333333333334,0.43649056343635395,0.9699474141282697,0.6133944846239784,1,0.506990410962713
group_market,all_projection|atd,0.7000000000000001,0.8,2,2,0.7361588660598293,0.5,0.09452865480086614,0.9054713451991339,,0,0.6111111111111112
group_market,all_projection|atd,0.8,0.9,1,1,0.8418868628742733,1.0,0.20654329147389294,1.0,,0,0.7752808988764045
group_market,all_projection|h2h,0.0,0.1,1,1,0.08048131220800364,0.0,0.0,0.7934567085261071,,0,0.047619047619047616
group_market,all_projection|h2h,0.1,0.2,2,2,0.15315305467340548,0.0,0.0,0.6576280471103807,,0,0.18462909639380226
group_market,all_projection|h2h,0.2,0.30000000000000004,7,7,0.24473311422247918,0.14285714285714285,0.02567895594897479,0.51313450331903,0.29457364341085274,1,0.17471342348290667
group_market,all_projection|h2h,0.30000000000000004,0.4,34,34,0.35255550994526735,0.3235294117647059,0.19131451326458573,0.4915741595188061,0.4016252160089944,4,0.3361314021580489
group_market,all_projection|h2h,0.4,0.5,35,35,0.4458011786442884,0.4857142857142857,0.32993980391252736,0.6443146037328837,0.4096901306710368,4,0.41440324700545095
group_market,all_projection|h2h,0.5,0.6000000000000001,34,34,0.5522343420250488,0.47058823529411764,0.31451251633111366,0.6326355957994516,0.5831506510990455,4,0.5726248052213947
group_market,all_projection|h2h,0.6000000000000001,0.7000000000000001,28,28,0.6474589827907897,0.6071428571428571,0.42408726034906297,0.7643454817241996,0.573199678720467,4,0.6301728370281455
group_market,all_projection|h2h,0.7000000000000001,0.8,3,3,0.7341526208662801,0.6666666666666666,0.2076549551264879,0.9385096847238394,0.6957699520733487,1,0.7589100695017512
group_market,all_projection|h2h,0.8,0.9,1,1,0.8104248762631635,1.0,0.20654329147389294,1.0,,0,0.6551724137931035
group_market,all_projection|player_passing_tds,0.1,0.2,1,1,0.1164443525307588,1.0,0.20654329147389294,1.0,,0,0.3846153846153846
group_market,all_projection|player_passing_tds,0.2,0.30000000000000004,6,5,0.27092455349960776,0.3333333333333333,0.09676933255921683,0.7000116786584712,0.39516483109118905,3,0.4124298077568098
group_market,all_projection|player_passing_tds,0.30000000000000004,0.4,11,9,0.3601459463346837,0.45454545454545453,0.21270957543988045,0.7199122443100118,0.46517694743711435,3,0.4866112357941477
group_market,all_projection|player_passing_tds,0.4,0.5,19,15,0.45813486450193946,0.3684210526315789,0.19149272376273843,0.5896084250184328,,0,0.5037559021107363
group_market,all_projection|player_passing_tds,0.5,0.6000000000000001,18,15,0.5425058866137992,0.6666666666666666,0.4374906934425036,0.8372144563633714,,0,0.5409023809760086
group_market,all_projection|player_passing_tds,0.6000000000000001,0.7000000000000001,15,12,0.6474071339412892,0.6,0.357464427565077,0.8017577191740534,0.5067058314098887,2,0.5984761116655982
group_market,all_projection|player_passing_tds,0.7000000000000001,0.8,11,9,0.7394127542678604,0.6363636363636364,0.35379677689163724,0.8483377638586862,0.5737683218706272,2,0.66361300940427
group_market,all_projection|player_passing_tds,0.8,0.9,1,1,0.8835556474692412,0.0,0.0,0.7934567085261071,,0,0.6428571428571428
group_market,all_projection|player_passing_yards,0.0,0.1,1,1,0.01872995775057429,1.0,0.20654329147389294,1.0,,0,0.5260663507109005
group_market,all_projection|player_passing_yards,0.1,0.2,3,2,0.15209446821143724,1.0,0.43849391955098227,1.0,,0,0.5252856854042918
group_market,all_projection|player_passing_yards,0.2,0.30000000000000004,5,4,0.2620891974883617,0.0,0.0,0.43449149475208104,0.48987854251012153,1,0.527829529342043
group_market,all_projection|player_passing_yards,0.30000000000000004,0.4,16,11,0.3489041064324947,0.5,0.2799923761135083,0.7200076238864916,0.4985159393433237,5,0.5270165260021148
group_market,all_projection|player_passing_yards,0.4,0.5,22,16,0.4399787092361384,0.22727272727272727,0.10122890794820358,0.4344035606295935,0.497328142116523,3,0.5265599648860847
group_market,all_projection|player_passing_yards,0.5,0.6000000000000001,15,12,0.5510244370544904,0.7333333333333333,0.4804911034231324,0.8910272389681718,0.4978354041300489,1,0.5251550828658196
group_market,all_projection|player_passing_yards,0.6000000000000001,0.7000000000000001,19,11,0.6427732372860494,0.5263157894736842,0.31707482511825114,0.7267049451255145,0.48085592387113824,6,0.5264036248194635
group_market,all_projection|player_passing_yards,0.7000000000000001,0.8,5,4,0.7309142164592884,0.8,0.3755282641185388,0.9637768390302125,,0,0.5242220085630434
group_market,all_projection|player_passing_yards,0.8,0.9,3,2,0.8445826196374003,0.0,0.0,0.5615060804490177,,0,0.5268115294047512
group_market,all_projection|player_receiving_yards,0.0,0.1,11,8,0.06966149426531151,0.5454545454545454,0.28008775568998817,0.7872904245601196,0.4582957065272215,2,0.5261374581262939
group_market,all_projection|player_receiving_yards,0.1,0.2,24,13,0.1591843632333686,0.5416666666666666,0.35074553553106635,0.7210894164831857,0.5082324898851394,5,0.5208518334580562
group_market,all_projection|player_receiving_yards,0.2,0.30000000000000004,55,18,0.255627838644691,0.5636363636363636,0.43269584078681317,0.686267613639987,0.4981470144468847,13,0.5221058171487887
group_market,all_projection|player_receiving_yards,0.30000000000000004,0.4,85,19,0.35470121351447614,0.4117647058823529,0.3131683862386879,0.51799179097559,0.4975442287698707,14,0.5250584113535933
group_market,all_projection|player_receiving_yards,0.4,0.5,99,19,0.4488982483333124,0.5757575757575758,0.4773648481449719,0.6684905255559431,0.4995099735125813,9,0.5299333948043938
group_market,all_projection|player_receiving_yards,0.5,0.6000000000000001,93,19,0.5513806813574736,0.45161290322580644,0.3543959312279996,0.5526688012836483,0.49616314752389273,12,0.5235752389799384
group_market,all_projection|player_receiving_yards,0.6000000000000001,0.7000000000000001,93,19,0.6446620086585737,0.5806451612903226,0.47911260524081306,0.6757795072397739,0.4962246648852745,14,0.5281286594697872
group_market,all_projection|player_receiving_yards,0.7000000000000001,0.8,57,18,0.7477624494047851,0.3684210526315789,0.2552337550616508,0.4982244051445238,0.4988654550958774,13,0.5313844533766207
group_market,all_projection|player_receiving_yards,0.8,0.9,23,14,0.8394604487187043,0.4782608695652174,0.2923686953994572,0.6703757013578151,0.49736824079515185,6,0.5337983680199057
group_market,all_projection|player_receiving_yards,0.9,1.0,11,8,0.9261942908449389,0.45454545454545453,0.21270957543988045,0.7199122443100118,0.5371807711567351,2,0.5336983588269691
group_market,all_projection|player_receptions,0.0,0.1,10,7,0.06075833886212799,0.4,0.16817758120350967,0.6873304525498135,,0,0.49332877045786505
group_market,all_projection|player_receptions,0.1,0.2,27,16,0.15695154236979883,0.4444444444444444,0.2758559767007283,0.6268728052042312,0.5239065239613909,2,0.49203820090985567
group_market,all_projection|player_receptions,0.2,0.30000000000000004,45,18,0.26128524390726404,0.5555555555555556,0.4117588341636533,0.6906129145096089,0.46303260264754664,5,0.4975859091785665
group_market,all_projection|player_receptions,0.30000000000000004,0.4,65,18,0.35116468694816616,0.4461538461538462,0.331693339691393,0.5666239568269913,0.44010282187957994,6,0.5027014490273645
group_market,all_projection|player_receptions,0.4,0.5,87,19,0.44546452641141565,0.5862068965517241,0.4812140531159266,0.6839085338926685,0.47298462376659384,9,0.5280815317098945
group_market,all_projection|player_receptions,0.5,0.6000000000000001,94,19,0.5541734369313825,0.4148936170212766,0.32054873736395484,0.5159216392447679,0.5400452139646416,13,0.5404354335260487
group_market,all_projection|player_receptions,0.6000000000000001,0.7000000000000001,75,18,0.6462605907354799,0.6133333333333333,0.5001726873212743,0.7154495222736602,0.5540432882392748,10,0.5732012191678737
group_market,all_projection|player_receptions,0.7000000000000001,0.8,57,18,0.7418455730505306,0.49122807017543857,0.3661606806374018,0.6174031967096765,0.5853322888337367,7,0.5674993890139407
group_market,all_projection|player_receptions,0.8,0.9,32,16,0.839296665870786,0.59375,0.4225972657298823,0.744805975196862,0.4659954968879122,2,0.5855670801989605
group_market,all_projection|player_receptions,0.9,1.0,12,7,0.940044543610283,0.5833333333333334,0.3195073356553728,0.8067425380947535,,0,0.5953664923356695
group_market,all_projection|player_rushing_yards,0.0,0.1,9,7,0.0696817052402591,0.1111111111111111,0.019890371327130535,0.4350062147680601,,0,0.4175708923761182
group_market,all_projection|player_rushing_yards,0.1,0.2,20,10,0.15600848810081075,0.2,0.0806563532712,0.41602172202575993,0.490419916410198,7,0.4830551394673989
group_market,all_projection|player_rushing_yards,0.2,0.30000000000000004,31,18,0.26107141404903894,0.5161290322580645,0.34840118286973176,0.6803001396872117,0.49617712069644737,6,0.5040742679660406
group_market,all_projection|player_rushing_yards,0.30000000000000004,0.4,35,15,0.35750655702029027,0.3142857142857143,0.18550658059782457,0.47980071879251973,0.4974845596393544,6,0.5165771449803848
group_market,all_projection|player_rushing_yards,0.4,0.5,45,17,0.44035409863781505,0.5555555555555556,0.4117588341636533,0.6906129145096089,0.49643400999601195,8,0.5234929287495251
group_market,all_projection|player_rushing_yards,0.5,0.6000000000000001,37,16,0.5591188299668981,0.4594594594594595,0.31038327828457724,0.6161622047523264,0.5003184067616137,7,0.5268361658313957
group_market,all_projection|player_rushing_yards,0.6000000000000001,0.7000000000000001,39,16,0.6417260932578712,0.5641025641025641,0.40975423474522105,0.7069547583829534,0.4976491951167422,7,0.5244860273635381
group_market,all_projection|player_rushing_yards,0.7000000000000001,0.8,28,16,0.7373287015866331,0.5357142857142857,0.3581239514210167,0.7046869626034041,0.4888981838787755,7,0.5270657311427683
group_market,all_projection|player_rushing_yards,0.8,0.9,14,9,0.8362420666443935,0.7142857142857143,0.4535045882751561,0.882788120898909,0.5036166977226474,3,0.5480965398686072
group_market,all_projection|player_rushing_yards,0.9,1.0,7,7,0.9239017674579644,0.8571428571428571,0.48686549668097007,0.9743210440510253,,0,0.5694063896386299
group_market,all_projection|spreads,0.0,0.1,2,1,0.07970487963629792,0.0,0.0,0.6576280471103807,,0,0.5260557053009883
group_market,all_projection|spreads,0.1,0.2,2,2,0.14748273844898552,0.5,0.09452865480086614,0.9054713451991339,,0,0.5238095238095238
group_market,all_projection|spreads,0.2,0.30000000000000004,20,19,0.263491539373182,0.5,0.2992949144298199,0.7007050855701801,,0,0.5198372409503282
group_market,all_projection|spreads,0.30000000000000004,0.4,24,20,0.36619287411037643,0.375,0.21159133433631458,0.5729038096209293,0.5001619396902363,8,0.5221157959134699
group_market,all_projection|spreads,0.4,0.5,46,37,0.4517466649452429,0.5652173913043478,0.4224718277662822,0.6979095404080942,0.5008367581383776,8,0.5226192123737129
group_market,all_projection|spreads,0.5,0.6000000000000001,50,35,0.5391759587052443,0.42,0.2937479723456693,0.5576680331222217,0.5034268725602538,9,0.5219266437265577
group_market,all_projection|spreads,0.6000000000000001,0.7000000000000001,26,21,0.631655336886836,0.6923076923076923,0.5001138848576876,0.8349887906020732,0.4981268380894468,8,0.5224176078575427
group_market,all_projection|spreads,0.7000000000000001,0.8,23,19,0.7352320477354136,0.4782608695652174,0.2923686953994572,0.6703757013578151,,0,0.5192053311207591
group_market,all_projection|spreads,0.8,0.9,2,2,0.8154337149361619,0.5,0.09452865480086614,0.9054713451991339,,0,0.5238095238095238
group_market,all_projection|spreads,0.9,1.0,3,2,0.9167013087567817,0.6666666666666666,0.2076549551264879,0.9385096847238394,,0,0.5253069781371669
group_market,all_projection|totals,0.2,0.30000000000000004,3,3,0.2915583350032176,0.6666666666666666,0.2076549551264879,0.9385096847238394,,0,0.5253069781371669
group_market,all_projection|totals,0.30000000000000004,0.4,28,24,0.3562781056645467,0.6785714285714286,0.4933850455563118,0.8206695245657927,0.49540793849899617,2,0.5211397778837433
group_market,all_projection|totals,0.4,0.5,68,50,0.4532502046252335,0.5441176470588235,0.4265639778429344,0.6569530930463552,0.5032180185988929,15,0.5200005155767983
group_market,all_projection|totals,0.5,0.6000000000000001,63,46,0.548217560280064,0.47619047619047616,0.35781921387369653,0.5972985570952808,0.5033699120110876,13,0.5202362605095354
group_market,all_projection|totals,0.6000000000000001,0.7000000000000001,38,32,0.6391994886080513,0.42105263157894735,0.2785227481181953,0.5780792938687267,0.5100452392035066,3,0.5204388037361783
group_market,all_projection|totals,0.7000000000000001,0.8,3,3,0.7130056208810727,0.0,0.0,0.5615060804490177,,0,0.5184118049971708
group_market,best_model|atd,0.0,0.1,37,22,0.07856450707086396,0.10810810810810811,0.04285120520506268,0.24708846415167163,,0,0.06948013011742157
group_market,best_model|atd,0.1,0.2,41,27,0.15169766371836732,0.14634146341463414,0.0688415452945541,0.2844375526858926,,0,0.1357306234981816
group_market,best_model|atd,0.2,0.30000000000000004,90,35,0.2566976681789409,0.2,0.130422969625965,0.29413927142704344,0.2662320021733225,1,0.2227651785041826
group_market,best_model|atd,0.30000000000000004,0.4,40,25,0.35954858257412414,0.2,0.10499864973166874,0.34757607381856676,,0,0.31599684333706113
group_market,best_model|atd,0.4,0.5,18,12,0.4564703350185104,0.3333333333333333,0.1627855436366286,0.5625093065574964,,0,0.3883391937908459
group_market,best_model|atd,0.5,0.6000000000000001,20,16,0.5517010629204031,0.25,0.11186005278940309,0.4687050099580636,0.48729792147806006,1,0.4798633165901845
group_market,best_model|atd,0.6000000000000001,0.7000000000000001,17,13,0.6438999607184241,0.6470588235294118,0.4129996672121182,0.826905138560951,0.5266402465874065,1,0.5730792882617588
group_market,best_model|atd,0.7000000000000001,0.8,4,3,0.7372045502951499,1.0,0.5100999795960008,1.0,0.6404988994864271,1,0.6973001980765956
group_market,best_model|atd,0.8,0.9,1,1,0.838333906523013,1.0,0.20654329147389294,1.0,,0,0.6875
group_market,best_model|h2h,0.1,0.2,1,1,0.19380508287151796,0.0,0.0,0.7934567085261071,,0,0.15503875968992248
group_market,best_model|h2h,0.2,0.30000000000000004,2,2,0.27242607245392364,0.5,0.09452865480086614,0.9054713451991339,,0,0.24127906976744184
group_market,best_model|h2h,0.30000000000000004,0.4,12,12,0.3507220430733326,0.4166666666666667,0.19325746190524656,0.6804926643446272,0.3418803418803419,1,0.31399107451786784
group_market,best_model|h2h,0.4,0.5,15,15,0.4461300890580498,0.6,0.357464427565077,0.8017577191740534,0.40969988523837814,3,0.40517620984809954
group_market,best_model|h2h,0.5,0.6000000000000001,12,12,0.5566174064703702,0.4166666666666667,0.19325746190524656,0.6804926643446272,0.5389950938927424,1,0.4998933252169669
group_market,best_model|h2h,0.6000000000000001,0.7000000000000001,20,20,0.6453686269157414,0.6,0.3865779423152061,0.7811960325858074,0.5634920634920635,1,0.578549185648958
group_market,best_model|h2h,0.7000000000000001,0.8,3,3,0.7491219935257968,0.6666666666666666,0.2076549551264879,0.9385096847238394,0.6888888888888889,1,0.6779656402297912
group_market,best_model|h2h,0.8,0.9,3,3,0.830613797486159,0.6666666666666666,0.2076549551264879,0.9385096847238394,,0,0.7430434006788688
group_market,best_model|player_passing_tds,0.30000000000000004,0.4,5,5,0.3774815196290441,0.2,0.03622316096978745,0.6244717358814613,,0,0.3500392041767914
group_market,best_model|player_passing_tds,0.4,0.5,16,12,0.45164626882591147,0.25,0.10181901984237346,0.49498768929398645,0.3454375247311229,2,0.3909544979779481
group_market,best_model|player_passing_tds,0.5,0.6000000000000001,25,22,0.5465290212395468,0.68,0.48409913734576715,0.8279501248310887,0.40847201210287454,1,0.4795751350370127
group_market,best_model|player_passing_tds,0.6000000000000001,0.7000000000000001,25,20,0.6512433771404179,0.44,0.2666537494700256,0.6293298298043557,0.5199646321519409,5,0.5697349706511382
group_market,best_model|player_passing_tds,0.7000000000000001,0.8,17,14,0.7391648842120687,0.5882352941176471,0.36005074385515545,0.7838921396086862,0.591513230093891,1,0.6474207594455768
group_market,best_model|player_passing_tds,0.8,0.9,2,1,0.8068801782132802,1.0,0.34237195288961925,1.0,0.6591820368885325,2,0.7058823529411764
group_market,best_model|player_passing_yards,0.5,0.6000000000000001,111,33,0.5697200792121548,0.5135135135135135,0.42164528410960095,0.6044776539198238,0.49718087291283647,29,0.528275484796894
group_market,best_model|player_passing_yards,0.6000000000000001,0.7000000000000001,139,34,0.6378647441436157,0.4748201438848921,0.3936014333920228,0.5573932348278794,0.4988698396383165,41,0.5312497824705785
group_market,best_model|player_passing_yards,0.7000000000000001,0.8,2,2,0.7550158253561967,0.0,0.0,0.6576280471103807,,0,0.6426660551861194
group_market,best_model|player_passing_yards,0.8,0.9,3,3,0.847319261267277,0.3333333333333333,0.0614903152761605,0.7923450448735121,0.5515204825332999,1,0.7074823401412789
group_market,best_model|player_passing_yards,0.9,1.0,2,2,0.9139522927310595,1.0,0.34237195288961925,1.0,,0,0.7555555555555555
group_market,best_model|player_receiving_yards,0.0,0.1,3,3,0.0626240929157383,0.0,0.0,0.5615060804490177,,0,0.05241935483870968
group_market,best_model|player_receiving_yards,0.1,0.2,5,3,0.13052379039529252,0.0,0.0,0.43449149475208104,,0,0.1121280236232424
group_market,best_model|player_receiving_yards,0.2,0.30000000000000004,2,2,0.25587386151933755,0.0,0.0,0.6576280471103807,0.2358744394618834,1,0.23761261261261263
group_market,best_model|player_receiving_yards,0.30000000000000004,0.4,3,3,0.33186050972723385,0.3333333333333333,0.0614903152761605,0.7923450448735121,0.24411257897759908,1,0.30161187281930313
group_market,best_model|player_receiving_yards,0.4,0.5,12,9,0.4598449041386678,0.4166666666666667,0.19325746190524656,0.6804926643446272,0.3584557770931871,1,0.40294676341698593
group_market,best_model|player_receiving_yards,0.5,0.6000000000000001,408,48,0.5722175851208682,0.5,0.45170958146503226,0.5482904185349677,0.4952657606664966,123,0.5272451409634342
group_market,best_model|player_receiving_yards,0.6000000000000001,0.7000000000000001,425,48,0.6337553255914674,0.5247058823529411,0.47721826955872937,0.5717508603018066,0.49711764400185027,126,0.5320059784022162
group_market,best_model|player_receiving_yards,0.7000000000000001,0.8,24,14,0.7535741822735065,0.5416666666666666,0.35074553553106635,0.7210894164831857,0.5365614373239724,9,0.6345861671733581
group_market,best_model|player_receiving_yards,0.8,0.9,15,13,0.8512267175310924,0.4,0.19824228082594664,0.642535572434923,0.6666096916559042,4,0.7050268402222131
group_market,best_model|player_receiving_yards,0.9,1.0,23,15,0.9477746074650863,0.8260869565217391,0.6286194521470433,0.9302145964938723,0.7381286897379737,9,0.786805738580939
group_market,best_model|player_receptions,0.0,0.1,1,1,0.09360859431676882,0.0,0.0,0.7934567085261071,,0,0.08
group_market,best_model|player_receptions,0.1,0.2,1,1,0.15359425934732562,0.0,0.0,0.7934567085261071,,0,0.13003901170351104
group_market,best_model|player_receptions,0.2,0.30000000000000004,2,2,0.2644903456952783,1.0,0.34237195288961925,1.0,0.19982211396693045,1,0.22998350463139197
group_market,best_model|player_receptions,0.30000000000000004,0.4,8,6,0.37715889993713936,0.0,0.0,0.3244156195108769,0.30633680945410413,6,0.34134188111257663
group_market,best_model|player_receptions,0.4,0.5,67,34,0.47144550783583933,0.5373134328358209,0.4191624869467383,0.6514175112464138,0.40718067228220395,19,0.43394993459056297
group_market,best_model|player_receptions,0.5,0.6000000000000001,158,44,0.556610810215839,0.5126582278481012,0.4353481244196621,0.5893673998954706,0.45160554422239135,38,0.49123415939595283
group_market,best_model|player_receptions,0.6000000000000001,0.7000000000000001,173,46,0.650081077425891,0.5895953757225434,0.5151214369210247,0.6601766829783656,0.5427757418445713,42,0.5744530160443275
group_market,best_model|player_receptions,0.7000000000000001,0.8,109,43,0.7392942630021817,0.6788990825688074,0.5864456580156824,0.7591715611658961,0.608628416013681,28,0.632530075988179
group_market,best_model|player_receptions,0.8,0.9,29,21,0.8331005216947185,0.6896551724137931,0.5076952952728147,0.8272457551023193,0.6564281911593212,7,0.7121169220181571
group_market,best_model|player_receptions,0.9,1.0,5,5,0.9401853522274479,0.6,0.23071993220883708,0.8823817688407467,0.7812536751734682,1,0.7816248366460032
group_market,best_model|player_rushing_yards,0.0,0.1,2,2,0.06806695178139727,0.0,0.0,0.6576280471103807,,0,0.06468531468531469
group_market,best_model|player_rushing_yards,0.2,0.30000000000000004,1,1,0.26531098148229726,0.0,0.0,0.7934567085261071,,0,0.23255813953488372
group_market,best_model|player_rushing_yards,0.30000000000000004,0.4,1,1,0.3260596959032397,0.0,0.0,0.7934567085261071,,0,0.26666666666666666
group_market,best_model|player_rushing_yards,0.4,0.5,1,1,0.45341499969828847,0.0,0.0,0.7934567085261071,,0,0.3802281368821293
group_market,best_model|player_rushing_yards,0.5,0.6000000000000001,184,44,0.5694715747154082,0.5217391304347826,0.4498567949838235,0.5927322800666446,0.49488848855002787,58,0.5276815798952279
group_market,best_model|player_rushing_yards,0.6000000000000001,0.7000000000000001,198,44,0.631338936406421,0.5151515151515151,0.44591460533757754,0.5838116750724074,0.4993540209296062,74,0.5317732033413806
group_market,best_model|player_rushing_yards,0.7000000000000001,0.8,14,11,0.7460812580227151,0.5714285714285714,0.3259026690286936,0.7861949006959948,0.5423628681497319,5,0.6272791282648568
group_market,best_model|player_rushing_yards,0.8,0.9,12,10,0.8516298055733803,0.5,0.2537781703934222,0.7462218296065778,0.620945605988606,3,0.7368934948846825
group_market,best_model|player_rushing_yards,0.9,1.0,16,14,0.9464393852936512,0.8125,0.5699064013154177,0.9340852122641324,0.7228378963410003,4,0.7917141360346812
group_market,best_model|spreads,0.5,0.6000000000000001,101,70,0.5675402811443919,0.5247524752475248,0.42824811910483207,0.6194428737834871,0.49682965111762817,26,0.5185825934749683
group_market,best_model|spreads,0.6000000000000001,0.7000000000000001,90,51,0.6315723245427699,0.5222222222222223,0.4202438257848399,0.6223811933964188,0.5038780158583525,23,0.5253670324293838
group_market,best_model|spreads,0.8,0.9,1,1,0.833362397628383,0.0,0.0,0.7934567085261071,,0,0.6904024767801857
group_market,best_model|totals,0.5,0.6000000000000001,176,93,0.568162622291605,0.3977272727272727,0.3283465846180823,0.4714772603655031,0.5040111393420014,43,0.5199819453243315
group_market,best_model|totals,0.6000000000000001,0.7000000000000001,113,63,0.6270692610167724,0.4778761061946903,0.38802696183039537,0.569180060326097,0.5045848187236156,12,0.5235685919242252
group_market,best_model|totals,0.7000000000000001,0.8,8,7,0.7232835168923251,0.375,0.13684175946152105,0.6942621454161981,0.5650916281592396,4,0.5895146486256259
group_market,going_picks_v1|h2h,0.5,0.6000000000000001,3,3,0.5800952529053262,0.3333333333333333,0.0614903152761605,0.7923450448735121,,0,0.6954156954156954
group_market,going_picks_v1|h2h,0.6000000000000001,0.7000000000000001,2,2,0.6231081400338452,1.0,0.34237195288961925,1.0,,0,0.7022332506203475
group_market,going_picks_v1|player_passing_tds,0.6000000000000001,0.7000000000000001,3,2,0.6868266168997598,0.3333333333333333,0.0614903152761605,0.7923450448735121,,0,0.6105232334176686
group_market,going_picks_v1|player_passing_tds,0.7000000000000001,0.8,1,1,0.7290705304230143,1.0,0.20654329147389294,1.0,,0,0.5901639344262295
group_market,going_picks_v1|player_passing_yards,0.4,0.5,2,1,0.48241979709003413,1.0,0.34237195288961925,1.0,,0,0.5524922585156329
group_market,going_picks_v1|player_passing_yards,0.6000000000000001,0.7000000000000001,3,1,0.6410673925802038,0.6666666666666666,0.2076549551264879,0.9385096847238394,,0,0.5290330715202218
group_market,going_picks_v1|player_passing_yards,0.7000000000000001,0.8,1,1,0.7229747034597134,1.0,0.20654329147389294,1.0,,0,0.7198879551820728
group_market,going_picks_v1|player_receiving_yards,0.30000000000000004,0.4,4,2,0.3757510434034289,0.5,0.15003570882017148,0.8499642911798285,,0,0.5246527117661175
group_market,going_picks_v1|player_receiving_yards,0.4,0.5,5,2,0.4174210677018387,0.8,0.3755282641185388,0.9637768390302125,,0,0.5501431427310486
group_market,going_picks_v1|player_receiving_yards,0.5,0.6000000000000001,7,1,0.5291329443889774,1.0,0.6456611570247934,1.0,,0,0.5292086892732757
group_market,going_picks_v1|player_receiving_yards,0.6000000000000001,0.7000000000000001,14,2,0.6588861450236736,0.5,0.2679886791947528,0.7320113208052472,,0,0.5399000276161694
group_market,going_picks_v1|player_receiving_yards,0.7000000000000001,0.8,9,2,0.7296743122224716,0.5555555555555556,0.2666473457440297,0.811224570528086,,0,0.5347282069704047
group_market,going_picks_v1|player_receiving_yards,0.8,0.9,7,1,0.8464816499724084,0.42857142857142855,0.15821692226262685,0.7495457695909742,,0,0.5174915334904394
group_market,going_picks_v1|player_receptions,0.5,0.6000000000000001,12,2,0.573186975091606,0.75,0.46768966087934005,0.9110599603710386,,0,0.5487191122992234
group_market,going_picks_v1|player_receptions,0.6000000000000001,0.7000000000000001,11,2,0.6453473604109642,0.7272727272727273,0.4343497069897537,0.9025411942607853,,0,0.5857788821120777
group_market,going_picks_v1|player_receptions,0.7000000000000001,0.8,9,2,0.7323715812217171,0.8888888888888888,0.5649937852319399,0.9801096286728695,,0,0.6088811330746247
group_market,going_picks_v1|player_receptions,0.8,0.9,3,2,0.8145305155711969,0.0,0.0,0.5615060804490177,,0,0.4862642737260474
group_market,going_picks_v1|player_rushing_yards,0.5,0.6000000000000001,8,2,0.5590169536095665,0.625,0.30573785458380187,0.863158240538479,,0,0.5333299877798586
group_market,going_picks_v1|player_rushing_yards,0.6000000000000001,0.7000000000000001,2,1,0.6311336563006704,1.0,0.34237195288961925,1.0,,0,0.5237123222426345
group_market,going_picks_v1|player_rushing_yards,0.7000000000000001,0.8,8,2,0.750499883501409,0.75,0.40926987910258916,0.9285223111419724,,0,0.5653668551008824
group_market,going_picks_v1|player_rushing_yards,0.8,0.9,4,1,0.8423288750940844,1.0,0.5100999795960008,1.0,,0,0.5224482206771985
group_market,going_picks_v1|spreads,0.5,0.6000000000000001,5,4,0.5570543077394858,0.0,0.0,0.43449149475208104,,0,0.5237014828620047
group_market,going_picks_v1|spreads,0.6000000000000001,0.7000000000000001,1,1,0.6822810399634649,1.0,0.20654329147389294,1.0,,0,0.5121951219512195
group_market,going_picks_v1|spreads,0.7000000000000001,0.8,1,1,0.7008443726323386,1.0,0.20654329147389294,1.0,,0,0.5238095238095238
group_market,going_picks_v1|totals,0.5,0.6000000000000001,5,5,0.5409595295213172,0.2,0.03622316096978745,0.6244717358814613,,0,0.5152563995895387
group_market,going_picks_v2|h2h,0.5,0.6000000000000001,2,2,0.5862543500180424,0.5,0.09452865480086614,0.9054713451991339,,0,0.7637499999999999
group_market,going_picks_v2|h2h,0.6000000000000001,0.7000000000000001,2,2,0.6231081400338452,1.0,0.34237195288961925,1.0,,0,0.7006802721088435
group_market,going_picks_v2|player_passing_tds,0.5,0.6000000000000001,2,1,0.5733134111955349,0.0,0.0,0.6576280471103807,,0,0.684863523573201
group_market,going_picks_v2|player_passing_tds,0.6000000000000001,0.7000000000000001,1,1,0.696967014554644,1.0,0.20654329147389294,1.0,,0,0.6774193548387096
group_market,going_picks_v2|player_passing_yards,0.4,0.5,5,1,0.4679198553730899,1.0,0.5655085052479191,1.0,,0,0.5660862156189259
group_market,going_picks_v2|player_receiving_yards,0.30000000000000004,0.4,2,1,0.39682749174677245,1.0,0.34237195288961925,1.0,,0,0.5316133561493572
group_market,going_picks_v2|player_receiving_yards,0.4,0.5,19,1,0.44465271970155373,0.7368421052631579,0.5120803155892935,0.8819376166045982,,0,0.5529681956322526
group_market,going_picks_v2|player_receiving_yards,0.5,0.6000000000000001,6,1,0.5432787374565738,0.8333333333333334,0.43649056343635395,0.9699474141282697,,0,0.5301231449820251
group_market,going_picks_v2|player_receiving_yards,0.6000000000000001,0.7000000000000001,13,1,0.6602850357890042,0.15384615384615385,0.04325726318273798,0.4223517050863101,,0,0.5491749413134838
group_market,going_picks_v2|player_receiving_yards,0.7000000000000001,0.8,5,1,0.7375780358961809,0.8,0.3755282641185388,0.9637768390302125,,0,0.5363852375888705
group_market,going_picks_v2|player_receiving_yards,0.9,1.0,2,1,0.9800000000000002,1.0,0.34237195288961925,1.0,,0,0.5348837209302326
group_market,going_picks_v2|player_receptions,0.4,0.5,1,1,0.4794612053230207,1.0,0.20654329147389294,1.0,,0,0.4347826086956522
group_market,going_picks_v2|player_receptions,0.5,0.6000000000000001,10,1,0.5567906064163373,0.4,0.16817758120350967,0.6873304525498135,,0,0.5055965025504522
group_market,going_picks_v2|player_receptions,0.6000000000000001,0.7000000000000001,8,1,0.6503991060391625,0.75,0.40926987910258916,0.9285223111419724,,0,0.5752332244558107
group_market,going_picks_v2|player_receptions,0.7000000000000001,0.8,4,1,0.7343681510570619,0.75,0.3006360524426366,0.9544139373553637,,0,0.5975456483268984
group_market,going_picks_v2|player_rushing_yards,0.30000000000000004,0.4,1,1,0.35254567958206806,1.0,0.20654329147389294,1.0,,0,0.5348837209302326
group_market,going_picks_v2|player_rushing_yards,0.4,0.5,1,1,0.49540172056466136,1.0,0.20654329147389294,1.0,,0,0.6598639455782314
group_market,going_picks_v2|player_rushing_yards,0.5,0.6000000000000001,3,1,0.5503484153097598,0.6666666666666666,0.2076549551264879,0.9385096847238394,,0,0.6345085770058695
group_market,going_picks_v2|player_rushing_yards,0.6000000000000001,0.7000000000000001,5,1,0.6428804078968321,1.0,0.5655085052479191,1.0,,0,0.5273132900359127
group_market,going_picks_v2|player_rushing_yards,0.7000000000000001,0.8,7,1,0.7429377693155733,0.7142857142857143,0.35892909014821267,0.9177828342909844,,0,0.5509201220327726
group_market,going_picks_v2|spreads,0.5,0.6000000000000001,4,3,0.570973235248725,0.0,0.0,0.48990002040399916,,0,0.5232399179767601
group_market,going_picks_v2|spreads,0.6000000000000001,0.7000000000000001,4,1,0.6635019507575661,1.0,0.5100999795960008,1.0,,0,0.5209059233449478
group_market,going_picks_v2|totals,0.5,0.6000000000000001,12,4,0.5497070991498211,0.16666666666666666,0.04696414761482223,0.44803635738467273,,0,0.5203919548073941
cohort,current-80-20,0.0,0.1,18,4,0.054323717485226915,0.16666666666666666,0.05836470400465757,0.39222499638359243,0.4582957065272215,2,0.15824175230676438
cohort,current-80-20,0.1,0.2,20,6,0.15283811538053796,0.4,0.21880396741419272,0.613422057684794,0.5015653508728475,14,0.4479990082351847
cohort,current-80-20,0.2,0.30000000000000004,70,14,0.2596844684203765,0.3142857142857143,0.21762136964668138,0.4302735838754525,0.4512503800007061,32,0.34213027493523224
cohort,current-80-20,0.30000000000000004,0.4,65,19,0.36087139694999193,0.2153846153846154,0.13286637631048948,0.32966790528668427,0.45376359483767237,56,0.4553634938023281
cohort,current-80-20,0.4,0.5,111,29,0.45021285313514375,0.5675675675675675,0.47466952682168206,0.6559451633254423,0.4561637432942471,87,0.4632895328271939
cohort,current-80-20,0.5,0.6000000000000001,467,53,0.5651943678914642,0.48394004282655245,0.4389305779289365,0.529211574336284,0.49476988072913536,383,0.5207969066229389
cohort,current-80-20,0.6000000000000001,0.7000000000000001,480,45,0.6370680228804859,0.5270833333333333,0.4823804396100301,0.571356155176363,0.5066401490288728,389,0.5389667037690854
cohort,current-80-20,0.7000000000000001,0.8,89,21,0.7419919205798708,0.6292134831460674,0.5254685409761142,0.7222652335387585,0.5621037876789525,71,0.6122630485577994
cohort,current-80-20,0.8,0.9,37,13,0.8406844957864784,0.6216216216216216,0.4610014255281996,0.7593621253610898,0.5864717146689188,28,0.6573605529486449
cohort,current-80-20,0.9,1.0,26,13,0.9452938341045203,0.7307692307692307,0.5391659658023868,0.8629572447493261,0.7191708407808268,19,0.7711696086452545
cohort,going-picks-v1,0.30000000000000004,0.4,4,2,0.3757510434034289,0.5,0.15003570882017148,0.8499642911798285,,0,0.5246527117661175
cohort,going-picks-v1,0.4,0.5,7,2,0.4359921332413231,0.8571428571428571,0.48686549668097007,0.9743210440510253,,0,0.5508143186695013
cohort,going-picks-v1,0.5,0.6000000000000001,40,5,0.557116622142966,0.575,0.42194800436059987,0.7149083147518411,,0,0.5459191643311821
cohort,going-picks-v1,0.6000000000000001,0.7000000000000001,36,4,0.6527131571090118,0.6388888888888888,0.4757478039083198,0.7752461320781867,,0,0.5662478686763912
cohort,going-picks-v1,0.7000000000000001,0.8,29,2,0.7350104039835873,0.7586206896551724,0.578920477816713,0.8778173181493787,,0,0.5741131142975913
cohort,going-picks-v1,0.8,0.9,14,2,0.8384484712069137,0.5,0.2679886791947528,0.7320113208052472,,0,0.5122161741657152
cohort,going-picks-v2,0.30000000000000004,0.4,3,1,0.38206688769187097,1.0,0.43849391955098227,1.0,,0,0.5327034777429823
cohort,going-picks-v2,0.4,0.5,26,1,0.4524178414262558,0.8076923076923077,0.6212336384535001,0.9149306422821174,,0,0.5550566672838966
cohort,going-picks-v2,0.5,0.6000000000000001,39,4,0.5558496766167179,0.358974358974359,0.22741884696491105,0.515821368153105,,0,0.5480799949527296
cohort,going-picks-v2,0.6000000000000001,0.7000000000000001,33,3,0.6544997409305187,0.6060606060606061,0.4368314280651038,0.7531711776849179,,0,0.5618215174344705
cohort,going-picks-v2,0.7000000000000001,0.8,16,1,0.7391204480573853,0.75,0.5050123107060135,0.8981809801576265,,0,0.5580343522175846
cohort,going-picks-v2,0.9,1.0,2,1,0.9800000000000002,1.0,0.34237195288961925,1.0,,0,0.5348837209302326
cohort,legacy,0.0,0.1,144,34,0.07681327857467185,0.16666666666666666,0.11463231075610264,0.23602406742162269,,0,0.19458404165354296
cohort,legacy,0.1,0.2,149,37,0.15360074895207285,0.2483221476510067,0.1858614593480986,0.32343443915073944,,0,0.29677872757570817
cohort,legacy,0.2,0.30000000000000004,275,57,0.25666889917300445,0.36363636363636365,0.30902084221616566,0.42200924798558326,,0,0.37363207584336905
cohort,legacy,0.30000000000000004,0.4,329,72,0.35584420118452736,0.39209726443769,0.3408771833610034,0.4458081348203777,,0,0.45153842965725316
cohort,legacy,0.4,0.5,454,88,0.4516663045341897,0.5044052863436124,0.4585697723247493,0.5501668737117839,,0,0.49444184123226215
cohort,legacy,0.5,0.6000000000000001,981,130,0.5608945576062767,0.48114169215086644,0.45000947859889306,0.5124210279922176,,0,0.5214974691440601
cohort,legacy,0.6000000000000001,0.7000000000000001,867,115,0.6391152021474503,0.532871972318339,0.49958943860884125,0.56586448550319,,0,0.5417080670755096
cohort,legacy,0.7000000000000001,0.8,249,55,0.7406663292453897,0.5020080321285141,0.44034664371769,0.5636084016545906,,0,0.5799335394221465
cohort,legacy,0.8,0.9,102,32,0.8397852105933459,0.5490196078431373,0.4524253919116267,0.6420554171464375,,0,0.621788738040845
cohort,legacy,0.9,1.0,54,25,0.9375257385903943,0.7037037037037037,0.5717217482621142,0.8086273430493296,,0,0.6579182258551036
cohort,role-aware-equal-weight,0.0,0.1,2,2,0.07995558537067671,0.0,0.0,0.6576280471103807,,0,0.07417582417582418
cohort,role-aware-equal-weight,0.1,0.2,4,3,0.14709498830031398,0.25,0.045586062644636216,0.6993639475573634,,0,0.13615061409179058
cohort,role-aware-equal-weight,0.2,0.30000000000000004,1,1,0.28346868942621073,0.0,0.0,0.7934567085261071,,0,0.23255813953488372
cohort,role-aware-equal-weight,0.4,0.5,3,3,0.48593511311813375,0.3333333333333333,0.0614903152761605,0.7923450448735121,,0,0.4575078954923916
cohort,role-aware-equal-weight,0.5,0.6000000000000001,25,9,0.5661567534813453,0.68,0.48409913734576715,0.8279501248310887,,0,0.5226686457965449
cohort,role-aware-equal-weight,0.6000000000000001,0.7000000000000001,38,15,0.6387434469667109,0.5,0.3484967553286069,0.6515032446713931,,0,0.5444193032944366
cohort,role-aware-equal-weight,0.7000000000000001,0.8,1,1,0.7893443381919251,0.0,0.0,0.7934567085261071,,0,0.6598639455782314
cohort_market,current-80-20|atd,0.0,0.1,14,3,0.04920000471482776,0.14285714285714285,0.040093073737921175,0.39941907763863693,,0,0.1227446892465226
cohort_market,current-80-20|atd,0.1,0.2,5,5,0.12263607225554526,0.6,0.23071993220883708,0.8823817688407467,,0,0.2756595365418895
cohort_market,current-80-20|atd,0.2,0.30000000000000004,38,12,0.26180856858042995,0.21052631578947367,0.1107466035209593,0.36346088376442165,0.2662320021733225,1,0.2288265851047249
cohort_market,current-80-20|atd,0.30000000000000004,0.4,8,6,0.35071339008098606,0.25,0.07147768885802763,0.5907301208974108,0.246242774566474,1,0.3011794203692087
cohort_market,current-80-20|atd,0.4,0.5,12,8,0.463701946266795,0.25,0.08894003962896138,0.53231033912066,,0,0.39082097457718
cohort_market,current-80-20|atd,0.5,0.6000000000000001,7,7,0.5715901685794927,0.14285714285714285,0.02567895594897479,0.51313450331903,0.48729792147806006,1,0.4773242630385487
cohort_market,current-80-20|atd,0.6000000000000001,0.7000000000000001,5,3,0.6341068326490342,1.0,0.5655085052479191,1.0,0.5700173656056924,2,0.5941146510928992
cohort_market,current-80-20|atd,0.7000000000000001,0.8,3,2,0.7379196476372746,0.6666666666666666,0.2076549551264879,0.9385096847238394,0.6404988994864271,1,0.6189445475159762
cohort_market,current-80-20|atd,0.8,0.9,3,2,0.8395182253067665,1.0,0.43849391955098227,1.0,,0,0.7137448903753252
cohort_market,current-80-20|h2h,0.1,0.2,1,1,0.19380508287151796,0.0,0.0,0.7934567085261071,,0,0.15503875968992248
cohort_market,current-80-20|h2h,0.2,0.30000000000000004,1,1,0.2528266831838403,0.0,0.0,0.7934567085261071,0.29457364341085274,1,0.3076923076923077
cohort_market,current-80-20|h2h,0.30000000000000004,0.4,7,7,0.37707429398339753,0.2857142857142857,0.0822171657090155,0.6410709098517873,0.38967624118326394,5,0.38211461554734016
cohort_market,current-80-20|h2h,0.4,0.5,14,14,0.439788228931751,0.5714285714285714,0.3259026690286936,0.7861949006959948,0.3978264005791155,11,0.4094347013111423
cohort_market,current-80-20|h2h,0.5,0.6000000000000001,6,6,0.5636460061718044,0.6666666666666666,0.29998832134152864,0.9032306674407831,0.5901908655256439,4,0.566796108357233
cohort_market,current-80-20|h2h,0.6000000000000001,0.7000000000000001,11,11,0.6474497440260915,0.7272727272727273,0.4343497069897537,0.9025411942607853,0.5735944437473074,7,0.5834961624423202
cohort_market,current-80-20|h2h,0.7000000000000001,0.8,2,2,0.7393103398330627,1.0,0.34237195288961925,1.0,0.6338750056898357,2,0.6625903279599779
cohort_market,current-80-20|player_passing_tds,0.2,0.30000000000000004,3,2,0.28032645478342094,0.6666666666666666,0.2076549551264879,0.9385096847238394,0.39516483109118905,3,0.42126245847176075
cohort_market,current-80-20|player_passing_tds,0.30000000000000004,0.4,3,2,0.3534930145825063,0.3333333333333333,0.0614903152761605,0.7923450448735121,0.46517694743711435,3,0.4953638220964954
cohort_market,current-80-20|player_passing_tds,0.4,0.5,4,3,0.4322821493900487,0.75,0.3006360524426366,0.9544139373553637,0.3524582651508403,3,0.38344439843120703
cohort_market,current-80-20|player_passing_tds,0.5,0.6000000000000001,2,2,0.5404337990237846,1.0,0.34237195288961925,1.0,0.40847201210287454,1,0.4673913043478261
cohort_market,current-80-20|player_passing_tds,0.6000000000000001,0.7000000000000001,12,8,0.6439439924815191,0.3333333333333333,0.13811783989736134,0.609382412602386,0.5295576821351278,7,0.5518890357014519
cohort_market,current-80-20|player_passing_tds,0.7000000000000001,0.8,4,3,0.7301270204488588,0.5,0.15003570882017148,0.8499642911798285,0.5802393736676352,2,0.6348303807077165
cohort_market,current-80-20|player_passing_tds,0.8,0.9,2,1,0.8068801782132802,1.0,0.34237195288961925,1.0,0.6591820368885325,2,0.7058823529411764
cohort_market,current-80-20|player_passing_yards,0.2,0.30000000000000004,1,1,0.2770252965402867,0.0,0.0,0.7934567085261071,0.48987854251012153,1,0.5238095238095238
cohort_market,current-80-20|player_passing_yards,0.30000000000000004,0.4,5,2,0.3436177035224356,0.2,0.03622316096978745,0.6244717358814613,0.4985159393433237,5,0.5246779424472194
cohort_market,current-80-20|player_passing_yards,0.4,0.5,3,2,0.4237524359538168,0.0,0.0,0.5615060804490177,0.497328142116523,3,0.5275426141756198
cohort_market,current-80-20|player_passing_yards,0.5,0.6000000000000001,39,10,0.5656983761198484,0.4358974358974359,0.2930452416170466,0.5902457652547789,0.49690916362098486,33,0.527603428355752
cohort_market,current-80-20|player_passing_yards,0.6000000000000001,0.7000000000000001,55,11,0.6434302170718315,0.5454545454545454,0.41522461348360484,0.669749282535538,0.49623927208743757,46,0.5323503472445668
cohort_market,current-80-20|player_passing_yards,0.8,0.9,1,1,0.8561013809102151,0.0,0.0,0.7934567085261071,0.5515204825332999,1,0.7674418604651163
cohort_market,current-80-20|player_receiving_yards,0.0,0.1,3,3,0.06491108062011579,0.3333333333333333,0.0614903152761605,0.7923450448735121,0.4582957065272215,2,0.3463389337204503
cohort_market,current-80-20|player_receiving_yards,0.1,0.2,5,1,0.16065980174957478,0.8,0.3755282641185388,0.9637768390302125,0.5082324898851394,5,0.5224293873582972
cohort_market,current-80-20|player_receiving_yards,0.2,0.30000000000000004,15,4,0.2603711014235528,0.3333333333333333,0.15176100694691236,0.5828687484878701,0.4794132590908132,14,0.48833047524799517
cohort_market,current-80-20|player_receiving_yards,0.30000000000000004,0.4,15,3,0.3660081617896313,0.3333333333333333,0.15176100694691236,0.5828687484878701,0.48064878545038586,15,0.508725969327754
cohort_market,current-80-20|player_receiving_yards,0.4,0.5,11,4,0.43171731154145865,0.7272727272727273,0.4343497069897537,0.9025411942607853,0.4854045538706419,10,0.5021881008477397
cohort_market,current-80-20|player_receiving_yards,0.5,0.6000000000000001,154,17,0.5698945051545243,0.4675324675324675,0.3904795652294576,0.5461657804842198,0.49558919286971825,133,0.5255336451107778
cohort_market,current-80-20|player_receiving_yards,0.6000000000000001,0.7000000000000001,160,17,0.6358638726342682,0.49375,0.4173402592091182,0.5704528287490073,0.497263042883129,138,0.5315250681631765
cohort_market,current-80-20|player_receiving_yards,0.7000000000000001,0.8,23,6,0.7414410609386463,0.4782608695652174,0.2923686953994572,0.6703757013578151,0.5142436252861732,21,0.5781941737634253
cohort_market,current-80-20|player_receiving_yards,0.8,0.9,11,5,0.8482608916632745,0.36363636363636365,0.15166223614131383,0.6462032231083628,0.5650648211394528,10,0.6103074922197425
cohort_market,current-80-20|player_receiving_yards,0.9,1.0,14,7,0.9416166412084411,0.7142857142857143,0.4535045882751561,0.882788120898909,0.7048117259530228,12,0.7584784280652614
cohort_market,current-80-20|player_receptions,0.1,0.2,2,2,0.1576478501255149,0.5,0.09452865480086614,0.9054713451991339,0.5239065239613909,2,0.559437166424066
cohort_market,current-80-20|player_receptions,0.2,0.30000000000000004,6,3,0.2589924968026182,0.5,0.18761280689940868,0.8123871931005913,0.4191641878674439,6,0.44999661178441586
cohort_market,current-80-20|player_receptions,0.30000000000000004,0.4,11,5,0.36615785682833146,0.18181818181818182,0.05136660067100063,0.4769861375782448,0.37647965975337266,11,0.40327036598936883
cohort_market,current-80-20|player_receptions,0.4,0.5,35,12,0.46490156623485057,0.4857142857142857,0.32993980391252736,0.6443146037328837,0.42690738191938626,29,0.45162505682301857
cohort_market,current-80-20|player_receptions,0.5,0.6000000000000001,64,16,0.5486258446869685,0.59375,0.471449865045497,0.7054327556474111,0.4722665750135246,52,0.5024463146817972
cohort_market,current-80-20|player_receptions,0.6000000000000001,0.7000000000000001,69,17,0.6450747439828675,0.5507246376811594,0.43378559191253313,0.6623133405656112,0.5420296864268305,51,0.5744209939103182
cohort_market,current-80-20|player_receptions,0.7000000000000001,0.8,41,15,0.7428536261660764,0.6829268292682927,0.5301551434425414,0.8043556679468827,0.6029140304747186,30,0.6386304964403229
cohort_market,current-80-20|player_receptions,0.8,0.9,14,9,0.836217451570265,0.6428571428571429,0.3876400468214042,0.8365550926279727,0.6141098146545636,9,0.6830619482124142
cohort_market,current-80-20|player_receptions,0.9,1.0,3,3,0.9375090715670785,0.3333333333333333,0.0614903152761605,0.7923450448735121,0.7812536751734682,1,0.7717510085368856
cohort_market,current-80-20|player_rushing_yards,0.0,0.1,1,1,0.09429360686614852,0.0,0.0,0.7934567085261071,,0,0.09090909090909091
cohort_market,current-80-20|player_rushing_yards,0.1,0.2,7,2,0.16159745063751588,0.0,0.0,0.35433884297520657,0.490419916410198,7,0.5279460646663866
cohort_market,current-80-20|player_rushing_yards,0.2,0.30000000000000004,6,2,0.23313905618777034,0.6666666666666666,0.29998832134152864,0.9032306674407831,0.49617712069644737,6,0.522247167523862
cohort_market,current-80-20|player_rushing_yards,0.30000000000000004,0.4,6,2,0.3584612423118423,0.0,0.0,0.3903430336530645,0.4974845596393544,6,0.5245123603446736
cohort_market,current-80-20|player_rushing_yards,0.4,0.5,9,3,0.4285510735326252,0.4444444444444444,0.188775429471914,0.7333526542559703,0.49643400999601195,8,0.5063106187116581
cohort_market,current-80-20|player_rushing_yards,0.5,0.6000000000000001,68,14,0.5731254871301059,0.5735294117647058,0.455165693769645,0.6840294243791712,0.4949751243373155,59,0.5270540805240199
cohort_market,current-80-20|player_rushing_yards,0.6000000000000001,0.7000000000000001,96,15,0.6311533907632172,0.53125,0.4321542477927087,0.6279409429894902,0.4991203722271381,81,0.5313331961900261
cohort_market,current-80-20|player_rushing_yards,0.7000000000000001,0.8,11,4,0.7577201581182244,0.7272727272727273,0.4343497069897537,0.9025411942607853,0.5176125190105554,11,0.5808795732378124
cohort_market,current-80-20|player_rushing_yards,0.8,0.9,6,5,0.8464993000938158,0.8333333333333334,0.43649056343635395,0.9699474141282697,0.5622811518556268,6,0.6209415887059078
cohort_market,current-80-20|player_rushing_yards,0.9,1.0,9,8,0.9536088327886794,0.8888888888888888,0.5649937852319399,0.9801096286728695,0.7375419313709948,6,0.7907176451391444
cohort_market,current-80-20|spreads,0.30000000000000004,0.4,8,4,0.3530203430286756,0.0,0.0,0.3244156195108769,0.5001619396902363,8,0.5214674687178139
cohort_market,current-80-20|spreads,0.4,0.5,8,5,0.44577707706113007,1.0,0.6755843804891231,1.0,0.5008367581383776,8,0.521689849301083
cohort_market,current-80-20|spreads,0.5,0.6000000000000001,52,32,0.5631310576039101,0.5384615384615384,0.405033783976834,0.6665974013760211,0.4985688621343559,43,0.519362603158697
cohort_market,current-80-20|spreads,0.6000000000000001,0.7000000000000001,46,23,0.6348207686588926,0.5434782608695652,0.4017993496608042,0.67845489578878,0.5029588712007553,40,0.5228985184216851
cohort_market,current-80-20|totals,0.30000000000000004,0.4,2,2,0.3700285059007677,0.5,0.09452865480086614,0.9054713451991339,0.49540793849899617,2,0.5096153846153846
cohort_market,current-80-20|totals,0.4,0.5,15,7,0.4538773805916519,0.8,0.5481406466534955,0.9295257935638959,0.5032180185988929,15,0.5217023155560203
cohort_market,current-80-20|totals,0.5,0.6000000000000001,75,40,0.5638466979665546,0.3333333333333333,0.23708065705320355,0.445827858248363,0.50401948357944,57,0.5203135234713181
cohort_market,current-80-20|totals,0.6000000000000001,0.7000000000000001,26,19,0.6285893060958989,0.5,0.32060306315002074,0.6793969368499793,0.5047642893972029,17,0.5258719643231621
cohort_market,current-80-20|totals,0.7000000000000001,0.8,5,5,0.715865682707331,0.6,0.23071993220883708,0.8823817688407467,0.5650916281592396,4,0.5796167688234884
cohort_market,going-picks-v1|h2h,0.5,0.6000000000000001,3,3,0.5800952529053262,0.3333333333333333,0.0614903152761605,0.7923450448735121,,0,0.6954156954156954
cohort_market,going-picks-v1|h2h,0.6000000000000001,0.7000000000000001,2,2,0.6231081400338452,1.0,0.34237195288961925,1.0,,0,0.7022332506203475
cohort_market,going-picks-v1|player_passing_tds,0.6000000000000001,0.7000000000000001,3,2,0.6868266168997598,0.3333333333333333,0.0614903152761605,0.7923450448735121,,0,0.6105232334176686
cohort_market,going-picks-v1|player_passing_tds,0.7000000000000001,0.8,1,1,0.7290705304230143,1.0,0.20654329147389294,1.0,,0,0.5901639344262295
cohort_market,going-picks-v1|player_passing_yards,0.4,0.5,2,1,0.48241979709003413,1.0,0.34237195288961925,1.0,,0,0.5524922585156329
cohort_market,going-picks-v1|player_passing_yards,0.6000000000000001,0.7000000000000001,3,1,0.6410673925802038,0.6666666666666666,0.2076549551264879,0.9385096847238394,,0,0.5290330715202218
cohort_market,going-picks-v1|player_passing_yards,0.7000000000000001,0.8,1,1,0.7229747034597134,1.0,0.20654329147389294,1.0,,0,0.7198879551820728
cohort_market,going-picks-v1|player_receiving_yards,0.30000000000000004,0.4,4,2,0.3757510434034289,0.5,0.15003570882017148,0.8499642911798285,,0,0.5246527117661175
cohort_market,going-picks-v1|player_receiving_yards,0.4,0.5,5,2,0.4174210677018387,0.8,0.3755282641185388,0.9637768390302125,,0,0.5501431427310486
cohort_market,going-picks-v1|player_receiving_yards,0.5,0.6000000000000001,7,1,0.5291329443889774,1.0,0.6456611570247934,1.0,,0,0.5292086892732757
cohort_market,going-picks-v1|player_receiving_yards,0.6000000000000001,0.7000000000000001,14,2,0.6588861450236736,0.5,0.2679886791947528,0.7320113208052472,,0,0.5399000276161694
cohort_market,going-picks-v1|player_receiving_yards,0.7000000000000001,0.8,9,2,0.7296743122224716,0.5555555555555556,0.2666473457440297,0.811224570528086,,0,0.5347282069704047
cohort_market,going-picks-v1|player_receiving_yards,0.8,0.9,7,1,0.8464816499724084,0.42857142857142855,0.15821692226262685,0.7495457695909742,,0,0.5174915334904394
cohort_market,going-picks-v1|player_receptions,0.5,0.6000000000000001,12,2,0.573186975091606,0.75,0.46768966087934005,0.9110599603710386,,0,0.5487191122992234
cohort_market,going-picks-v1|player_receptions,0.6000000000000001,0.7000000000000001,11,2,0.6453473604109642,0.7272727272727273,0.4343497069897537,0.9025411942607853,,0,0.5857788821120777
cohort_market,going-picks-v1|player_receptions,0.7000000000000001,0.8,9,2,0.7323715812217171,0.8888888888888888,0.5649937852319399,0.9801096286728695,,0,0.6088811330746247
cohort_market,going-picks-v1|player_receptions,0.8,0.9,3,2,0.8145305155711969,0.0,0.0,0.5615060804490177,,0,0.4862642737260474
cohort_market,going-picks-v1|player_rushing_yards,0.5,0.6000000000000001,8,2,0.5590169536095665,0.625,0.30573785458380187,0.863158240538479,,0,0.5333299877798586
cohort_market,going-picks-v1|player_rushing_yards,0.6000000000000001,0.7000000000000001,2,1,0.6311336563006704,1.0,0.34237195288961925,1.0,,0,0.5237123222426345
cohort_market,going-picks-v1|player_rushing_yards,0.7000000000000001,0.8,8,2,0.750499883501409,0.75,0.40926987910258916,0.9285223111419724,,0,0.5653668551008824
cohort_market,going-picks-v1|player_rushing_yards,0.8,0.9,4,1,0.8423288750940844,1.0,0.5100999795960008,1.0,,0,0.5224482206771985
cohort_market,going-picks-v1|spreads,0.5,0.6000000000000001,5,4,0.5570543077394858,0.0,0.0,0.43449149475208104,,0,0.5237014828620047
cohort_market,going-picks-v1|spreads,0.6000000000000001,0.7000000000000001,1,1,0.6822810399634649,1.0,0.20654329147389294,1.0,,0,0.5121951219512195
cohort_market,going-picks-v1|spreads,0.7000000000000001,0.8,1,1,0.7008443726323386,1.0,0.20654329147389294,1.0,,0,0.5238095238095238
cohort_market,going-picks-v1|totals,0.5,0.6000000000000001,5,5,0.5409595295213172,0.2,0.03622316096978745,0.6244717358814613,,0,0.5152563995895387
cohort_market,going-picks-v2|h2h,0.5,0.6000000000000001,2,2,0.5862543500180424,0.5,0.09452865480086614,0.9054713451991339,,0,0.7637499999999999
cohort_market,going-picks-v2|h2h,0.6000000000000001,0.7000000000000001,2,2,0.6231081400338452,1.0,0.34237195288961925,1.0,,0,0.7006802721088435
cohort_market,going-picks-v2|player_passing_tds,0.5,0.6000000000000001,2,1,0.5733134111955349,0.0,0.0,0.6576280471103807,,0,0.684863523573201
cohort_market,going-picks-v2|player_passing_tds,0.6000000000000001,0.7000000000000001,1,1,0.696967014554644,1.0,0.20654329147389294,1.0,,0,0.6774193548387096
cohort_market,going-picks-v2|player_passing_yards,0.4,0.5,5,1,0.4679198553730899,1.0,0.5655085052479191,1.0,,0,0.5660862156189259
cohort_market,going-picks-v2|player_receiving_yards,0.30000000000000004,0.4,2,1,0.39682749174677245,1.0,0.34237195288961925,1.0,,0,0.5316133561493572
cohort_market,going-picks-v2|player_receiving_yards,0.4,0.5,19,1,0.44465271970155373,0.7368421052631579,0.5120803155892935,0.8819376166045982,,0,0.5529681956322526
cohort_market,going-picks-v2|player_receiving_yards,0.5,0.6000000000000001,6,1,0.5432787374565738,0.8333333333333334,0.43649056343635395,0.9699474141282697,,0,0.5301231449820251
cohort_market,going-picks-v2|player_receiving_yards,0.6000000000000001,0.7000000000000001,13,1,0.6602850357890042,0.15384615384615385,0.04325726318273798,0.4223517050863101,,0,0.5491749413134838
cohort_market,going-picks-v2|player_receiving_yards,0.7000000000000001,0.8,5,1,0.7375780358961809,0.8,0.3755282641185388,0.9637768390302125,,0,0.5363852375888705
cohort_market,going-picks-v2|player_receiving_yards,0.9,1.0,2,1,0.9800000000000002,1.0,0.34237195288961925,1.0,,0,0.5348837209302326
cohort_market,going-picks-v2|player_receptions,0.4,0.5,1,1,0.4794612053230207,1.0,0.20654329147389294,1.0,,0,0.4347826086956522
cohort_market,going-picks-v2|player_receptions,0.5,0.6000000000000001,10,1,0.5567906064163373,0.4,0.16817758120350967,0.6873304525498135,,0,0.5055965025504522
cohort_market,going-picks-v2|player_receptions,0.6000000000000001,0.7000000000000001,8,1,0.6503991060391625,0.75,0.40926987910258916,0.9285223111419724,,0,0.5752332244558107
cohort_market,going-picks-v2|player_receptions,0.7000000000000001,0.8,4,1,0.7343681510570619,0.75,0.3006360524426366,0.9544139373553637,,0,0.5975456483268984
cohort_market,going-picks-v2|player_rushing_yards,0.30000000000000004,0.4,1,1,0.35254567958206806,1.0,0.20654329147389294,1.0,,0,0.5348837209302326
cohort_market,going-picks-v2|player_rushing_yards,0.4,0.5,1,1,0.49540172056466136,1.0,0.20654329147389294,1.0,,0,0.6598639455782314
cohort_market,going-picks-v2|player_rushing_yards,0.5,0.6000000000000001,3,1,0.5503484153097598,0.6666666666666666,0.2076549551264879,0.9385096847238394,,0,0.6345085770058695
cohort_market,going-picks-v2|player_rushing_yards,0.6000000000000001,0.7000000000000001,5,1,0.6428804078968321,1.0,0.5655085052479191,1.0,,0,0.5273132900359127
cohort_market,going-picks-v2|player_rushing_yards,0.7000000000000001,0.8,7,1,0.7429377693155733,0.7142857142857143,0.35892909014821267,0.9177828342909844,,0,0.5509201220327726
cohort_market,going-picks-v2|spreads,0.5,0.6000000000000001,4,3,0.570973235248725,0.0,0.0,0.48990002040399916,,0,0.5232399179767601
cohort_market,going-picks-v2|spreads,0.6000000000000001,0.7000000000000001,4,1,0.6635019507575661,1.0,0.5100999795960008,1.0,,0,0.5209059233449478
cohort_market,going-picks-v2|totals,0.5,0.6000000000000001,12,4,0.5497070991498211,0.16666666666666666,0.04696414761482223,0.44803635738467273,,0,0.5203919548073941
cohort_market,legacy|atd,0.0,0.1,108,31,0.08030470356406712,0.12037037037037036,0.07170995898043295,0.19511025818384223,,0,0.11739504270378699
cohort_market,legacy|atd,0.1,0.2,79,32,0.15306678693297693,0.10126582278481013,0.05221118365843358,0.1873013317927407,,0,0.15490011544214555
cohort_market,legacy|atd,0.2,0.30000000000000004,131,35,0.2524279199507732,0.19083969465648856,0.1327375014143466,0.2665576715886436,,0,0.24442120494234673
cohort_market,legacy|atd,0.30000000000000004,0.4,66,26,0.36338915512702913,0.13636363636363635,0.07343237343346894,0.23929814820406514,,0,0.31614565985396603
cohort_market,legacy|atd,0.4,0.5,26,18,0.459835134488668,0.38461538461538464,0.22428359511834428,0.5746547996057992,,0,0.3796618917315027
cohort_market,legacy|atd,0.5,0.6000000000000001,27,19,0.5417164048470273,0.25925925925925924,0.13170208422866778,0.4467893040261568,,0,0.44466567487585273
cohort_market,legacy|atd,0.6000000000000001,0.7000000000000001,14,10,0.646621523175677,0.6428571428571429,0.3876400468214042,0.8365550926279727,,0,0.53989604978347
cohort_market,legacy|atd,0.7000000000000001,0.8,3,3,0.7357923301294781,1.0,0.43849391955098227,1.0,,0,0.7181964573268921
cohort_market,legacy|h2h,0.0,0.1,1,1,0.08048131220800364,0.0,0.0,0.7934567085261071,,0,0.047619047619047616
cohort_market,legacy|h2h,0.1,0.2,2,2,0.15315305467340548,0.0,0.0,0.6576280471103807,,0,0.18462909639380226
cohort_market,legacy|h2h,0.2,0.30000000000000004,6,6,0.24340696784400706,0.16666666666666666,0.03005258587173032,0.563509436563646,,0,0.1534311781583659
cohort_market,legacy|h2h,0.30000000000000004,0.4,34,34,0.3488344043002018,0.35294117647058826,0.21487714895296073,0.5208634116998658,,0,0.32355305883837515
cohort_market,legacy|h2h,0.4,0.5,38,38,0.4459394655300584,0.5,0.3484967553286069,0.6515032446713931,,0,0.4094239562674422
cohort_market,legacy|h2h,0.5,0.6000000000000001,37,37,0.5514343128258767,0.4594594594594595,0.31038327828457724,0.6161622047523264,,0,0.5554056483282309
cohort_market,legacy|h2h,0.6000000000000001,0.7000000000000001,34,34,0.6497809286589524,0.5882352941176471,0.42221304146519273,0.7363426221431113,,0,0.6210264022745733
cohort_market,legacy|h2h,0.7000000000000001,0.8,4,4,0.7389645327136853,0.5,0.15003570882017148,0.8499642911798285,,0,0.7175785044121599
cohort_market,legacy|h2h,0.8,0.9,3,3,0.830613797486159,0.6666666666666666,0.2076549551264879,0.9385096847238394,,0,0.7430434006788688
cohort_market,legacy|player_passing_tds,0.1,0.2,1,1,0.1164443525307588,1.0,0.20654329147389294,1.0,,0,0.3846153846153846
cohort_market,legacy|player_passing_tds,0.2,0.30000000000000004,3,3,0.26152265221579457,0.0,0.0,0.5615060804490177,,0,0.4035971570418589
cohort_market,legacy|player_passing_tds,0.30000000000000004,0.4,13,11,0.36834876646763254,0.38461538461538464,0.17709446581236818,0.6447751902773146,,0,0.4320637037176996
cohort_market,legacy|player_passing_tds,0.4,0.5,29,21,0.457081594846269,0.3103448275862069,0.17275424489768068,0.49230470472718546,,0,0.4667297159819881
cohort_market,legacy|player_passing_tds,0.5,0.6000000000000001,36,27,0.5437727233578782,0.6666666666666666,0.5033369709296683,0.7978557522541395,,0,0.5099046270683034
cohort_market,legacy|player_passing_tds,0.6000000000000001,0.7000000000000001,22,18,0.6530868934937784,0.5,0.3072180469247956,0.6927819530752044,,0,0.6014742830285958
cohort_market,legacy|player_passing_tds,0.7000000000000001,0.8,17,15,0.7400646171223408,0.5882352941176471,0.36005074385515545,0.7838921396086862,,0,0.6610237587260155
cohort_market,legacy|player_passing_tds,0.8,0.9,1,1,0.8835556474692412,0.0,0.0,0.7934567085261071,,0,0.6428571428571428
cohort_market,legacy|player_passing_yards,0.0,0.1,1,1,0.01872995775057429,1.0,0.20654329147389294,1.0,,0,0.5260663507109005
cohort_market,legacy|player_passing_yards,0.1,0.2,3,2,0.15209446821143724,1.0,0.43849391955098227,1.0,,0,0.5252856854042918
cohort_market,legacy|player_passing_yards,0.2,0.30000000000000004,4,3,0.25835517272538044,0.0,0.0,0.48990002040399916,,0,0.5288345307251727
cohort_market,legacy|player_passing_yards,0.30000000000000004,0.4,11,9,0.351307016846158,0.6363636363636364,0.35379677689163724,0.8483377638586862,,0,0.5280795185270674
cohort_market,legacy|player_passing_yards,0.4,0.5,19,14,0.4425407523859787,0.2631578947368421,0.11806238339540162,0.48791968441070643,,0,0.5264048097351054
cohort_market,legacy|player_passing_yards,0.5,0.6000000000000001,76,29,0.5693010912232729,0.5526315789473685,0.4410031528161144,0.6591952400016647,,0,0.5282992467066312
cohort_market,legacy|player_passing_yards,0.6000000000000001,0.7000000000000001,87,25,0.6365850801541649,0.4482758620689655,0.348170047270701,0.552756400524142,,0,0.5298898699626422
cohort_market,legacy|player_passing_yards,0.7000000000000001,0.8,6,5,0.7292097324694851,0.6666666666666666,0.29998832134152864,0.9032306674407831,,0,0.5410963679348707
cohort_market,legacy|player_passing_yards,0.8,0.9,5,4,0.8439208523607633,0.2,0.03622316096978745,0.6244717358814613,,0,0.5870879496345948
cohort_market,legacy|player_passing_yards,0.9,1.0,2,2,0.9139522927310595,1.0,0.34237195288961925,1.0,,0,0.7555555555555555
cohort_market,legacy|player_receiving_yards,0.0,0.1,11,8,0.06903777034593583,0.45454545454545453,0.21270957543988045,0.7199122443100118,,0,0.4459775729767283
cohort_market,legacy|player_receiving_yards,0.1,0.2,23,15,0.15457644661345019,0.391304347826087,0.22157377982382145,0.5921482039625402,,0,0.4497345725004936
cohort_market,legacy|player_receiving_yards,0.2,0.30000000000000004,42,16,0.2539455315986521,0.6190476190476191,0.46813768219996377,0.7500047910121407,,0,0.5206211438021112
cohort_market,legacy|player_receiving_yards,0.30000000000000004,0.4,73,17,0.3514392089187357,0.4246575342465753,0.31784011426782005,0.5390082595297062,,0,0.5192316581314661
cohort_market,legacy|player_receiving_yards,0.4,0.5,100,23,0.45210175007705894,0.54,0.44264685393523856,0.6343935614666815,,0,0.5177469813731368
cohort_market,legacy|player_receiving_yards,0.5,0.6000000000000001,295,41,0.5669634976264704,0.5084745762711864,0.4516837929902918,0.5650474786934362,,0,0.526946787721754
cohort_market,legacy|player_receiving_yards,0.6000000000000001,0.7000000000000001,299,40,0.6377410181686026,0.5451505016722408,0.48849065520256707,0.6006648637221778,,0,0.5315392395809538
cohort_market,legacy|player_receiving_yards,0.7000000000000001,0.8,57,21,0.7533264730261391,0.38596491228070173,0.2706253699552471,0.5157050355567709,,0,0.5560429738133035
cohort_market,legacy|player_receiving_yards,0.8,0.9,26,17,0.8427555629607404,0.5,0.32060306315002074,0.6793969368499793,,0,0.594378771622265
cohort_market,legacy|player_receiving_yards,0.9,1.0,21,14,0.9403152189434183,0.7142857142857143,0.500432261771624,0.8618632425437179,,0,0.6723157563844444
cohort_market,legacy|player_receptions,0.0,0.1,11,8,0.06374472572164079,0.36363636363636365,0.15166223614131383,0.6462032231083628,,0,0.45575342768896815
cohort_market,legacy|player_receptions,0.1,0.2,26,15,0.15676885396464862,0.4230769230769231,0.255441899027294,0.6105170307888017,,0,0.4729306193623648
cohort_market,legacy|player_receptions,0.2,0.30000000000000004,41,16,0.26177711430248124,0.5853658536585366,0.433668353568366,0.7224366917466984,,0,0.4914964207705312
cohort_market,legacy|player_receptions,0.30000000000000004,0.4,60,16,0.3505416147616051,0.45,0.33093453853760824,0.575082854510185,,0,0.5038099494673002
cohort_market,legacy|player_receptions,0.4,0.5,114,33,0.45299912776187456,0.5964912280701754,0.5047098907900662,0.6819813964972754,,0,0.49959338111962187
cohort_market,legacy|player_receptions,0.5,0.6000000000000001,155,38,0.5559805198337953,0.44516129032258067,0.3691874886196331,0.523787651394066,,0,0.5125578474771659
cohort_market,legacy|player_receptions,0.6000000000000001,0.7000000000000001,136,41,0.6519345885594151,0.625,0.5412521912933481,0.7018800383150088,,0,0.57324873398687
cohort_market,legacy|player_receptions,0.7000000000000001,0.8,103,30,0.738638068251957,0.5728155339805825,0.476361241327509,0.6640335112782175,,0,0.5947017742200006
cohort_market,legacy|player_receptions,0.8,0.9,45,21,0.837168850012646,0.6444444444444445,0.49835546011952203,0.7678110864309596,,0,0.6318384585773354
cohort_market,legacy|player_receptions,0.9,1.0,13,7,0.941154603357085,0.6153846153846154,0.35522480972268555,0.8229055341876319,,0,0.6126570609938555
cohort_market,legacy|player_rushing_yards,0.0,0.1,10,7,0.06689756438589779,0.1,0.01787574951572113,0.4041563854975721,,0,0.3796599569846602
cohort_market,legacy|player_rushing_yards,0.1,0.2,13,8,0.15299904673489265,0.3076923076923077,0.12680497161618087,0.5763111218666236,,0,0.4588831028217901
cohort_market,legacy|player_rushing_yards,0.2,0.30000000000000004,25,16,0.26777517993574335,0.48,0.30031003928960015,0.6650178204685269,,0,0.49971277207216347
cohort_market,legacy|player_rushing_yards,0.30000000000000004,0.4,30,13,0.35626739125807827,0.36666666666666664,0.21873702204017678,0.5448675356639506,,0,0.5066597526304029
cohort_market,legacy|player_rushing_yards,0.4,0.5,37,15,0.4435781020704416,0.5675675675675675,0.40913906334200717,0.713285131596487,,0,0.5238003881677255
cohort_market,legacy|player_rushing_yards,0.5,0.6000000000000001,123,34,0.5638751409317914,0.4715447154471545,0.38552806231685766,0.5592849958596396,,0,0.5283258996171395
cohort_market,legacy|player_rushing_yards,0.6000000000000001,0.7000000000000001,113,35,0.6339979325038038,0.5132743362831859,0.4222063746832804,0.6034694120228243,,0,0.5300812325196719
cohort_market,legacy|player_rushing_yards,0.7000000000000001,0.8,30,18,0.7343566766786982,0.4666666666666667,0.30232127224128236,0.6385798671847496,,0,0.5543614064286267
cohort_market,legacy|player_rushing_yards,0.8,0.9,19,12,0.8428746033547752,0.5263157894736842,0.31707482511825114,0.7267049451255145,,0,0.6310749455021707
cohort_market,legacy|player_rushing_yards,0.9,1.0,15,12,0.9377834620463297,0.7333333333333333,0.4804911034231324,0.8910272389681718,,0,0.6904919649106357
cohort_market,legacy|spreads,0.0,0.1,2,1,0.07970487963629792,0.0,0.0,0.6576280471103807,,0,0.5260557053009883
cohort_market,legacy|spreads,0.1,0.2,2,2,0.14748273844898552,0.5,0.09452865480086614,0.9054713451991339,,0,0.5238095238095238
cohort_market,legacy|spreads,0.2,0.30000000000000004,20,19,0.263491539373182,0.5,0.2992949144298199,0.7007050855701801,,0,0.5198372409503282
cohort_market,legacy|spreads,0.30000000000000004,0.4,16,16,0.3727791396512269,0.5625,0.33178195606776517,0.7690163666481448,,0,0.522439959511298
cohort_market,legacy|spreads,0.4,0.5,38,32,0.4530034202892668,0.47368421052631576,0.3247877880894159,0.6274128925728913,,0,0.5228148677574245
cohort_market,legacy|spreads,0.5,0.6000000000000001,91,63,0.5547771822050493,0.46153846153846156,0.3627526243994019,0.5634401011556289,,0,0.5199613992337365
cohort_market,legacy|spreads,0.6000000000000001,0.7000000000000001,62,39,0.6305093468570776,0.46774193548387094,0.34908630867622215,0.5901618262415199,,0,0.5259268018828303
cohort_market,legacy|spreads,0.7000000000000001,0.8,23,19,0.7352320477354136,0.4782608695652174,0.2923686953994572,0.6703757013578151,,0,0.5192053311207591
cohort_market,legacy|spreads,0.8,0.9,3,3,0.8214099425002356,0.3333333333333333,0.0614903152761605,0.7923450448735121,,0,0.5793405081330777
cohort_market,legacy|spreads,0.9,1.0,3,2,0.9167013087567817,0.6666666666666666,0.2076549551264879,0.9385096847238394,,0,0.5253069781371669
cohort_market,legacy|totals,0.2,0.30000000000000004,3,3,0.2915583350032176,0.6666666666666666,0.2076549551264879,0.9385096847238394,,0,0.5253069781371669
cohort_market,legacy|totals,0.30000000000000004,0.4,26,22,0.35522038256945276,0.6923076923076923,0.5001138848576876,0.8349887906020732,,0,0.5220262696736171
cohort_market,legacy|totals,0.4,0.5,53,43,0.4530727019932283,0.4716981132075472,0.343820276089814,0.6034014769924354,,0,0.5195188740732448
cohort_market,legacy|totals,0.5,0.6000000000000001,141,85,0.56094233505788,0.44680851063829785,0.3672400378434736,0.5291985543841736,,0,0.5200665530234841
cohort_market,legacy|totals,0.6000000000000001,0.7000000000000001,100,56,0.6313579937813882,0.48,0.38464384320080547,0.5768359490982345,,0,0.5225589741840583
cohort_market,legacy|totals,0.7000000000000001,0.8,6,5,0.7243260973741937,0.0,0.0,0.3903430336530645,,0,0.5622114599798462
cohort_market,role-aware-equal-weight|atd,0.0,0.1,2,2,0.07995558537067671,0.0,0.0,0.6576280471103807,,0,0.07417582417582418
cohort_market,role-aware-equal-weight|atd,0.1,0.2,3,2,0.15796452149372484,0.3333333333333333,0.0614903152761605,0.7923450448735121,,0,0.14652014652014653
cohort_market,role-aware-equal-weight|atd,0.2,0.30000000000000004,1,1,0.28346868942621073,0.0,0.0,0.7934567085261071,,0,0.23255813953488372
cohort_market,role-aware-equal-weight|atd,0.4,0.5,1,1,0.486582880967408,0.0,0.0,0.7934567085261071,,0,0.4444444444444444
cohort_market,role-aware-equal-weight|atd,0.6000000000000001,0.7000000000000001,2,2,0.66035866745698,0.5,0.09452865480086614,0.9054713451991339,,0,0.5836837678721616
cohort_market,role-aware-equal-weight|player_passing_tds,0.6000000000000001,0.7000000000000001,2,2,0.6596713890418613,1.0,0.34237195288961925,1.0,,0,0.5690291620524179
cohort_market,role-aware-equal-weight|player_passing_yards,0.5,0.6000000000000001,6,5,0.5655258740678163,0.5,0.18761280689940868,0.8123871931005913,,0,0.5286221421844113
cohort_market,role-aware-equal-weight|player_passing_yards,0.6000000000000001,0.7000000000000001,6,5,0.638030551821264,0.3333333333333333,0.09676933255921683,0.7000116786584712,,0,0.5315788089610843
cohort_market,role-aware-equal-weight|player_passing_yards,0.7000000000000001,0.8,1,1,0.7893443381919251,0.0,0.0,0.7934567085261071,,0,0.6598639455782314
cohort_market,role-aware-equal-weight|player_receiving_yards,0.1,0.2,1,1,0.11448638872008143,0.0,0.0,0.7934567085261071,,0,0.10504201680672269
cohort_market,role-aware-equal-weight|player_receiving_yards,0.5,0.6000000000000001,7,6,0.564933051000752,0.7142857142857143,0.35892909014821267,0.9177828342909844,,0,0.5295166534338144
cohort_market,role-aware-equal-weight|player_receiving_yards,0.6000000000000001,0.7000000000000001,15,10,0.6251102452215336,0.4,0.19824228082594664,0.642535572434923,,0,0.5326714214611027
cohort_market,role-aware-equal-weight|player_receptions,0.4,0.5,2,2,0.48561122919349664,0.5,0.09452865480086614,0.9054713451991339,,0,0.4640396210163652
cohort_market,role-aware-equal-weight|player_receptions,0.5,0.6000000000000001,6,3,0.552478565924722,0.6666666666666666,0.29998832134152864,0.9032306674407831,,0,0.4990600660741655
cohort_market,role-aware-equal-weight|player_receptions,0.6000000000000001,0.7000000000000001,6,3,0.649832448239093,0.5,0.18761280689940868,0.8123871931005913,,0,0.579395326989112
cohort_market,role-aware-equal-weight|player_rushing_yards,0.5,0.6000000000000001,6,4,0.5818934733455232,0.8333333333333334,0.43649056343635395,0.9699474141282697,,0,0.5323343868875773
cohort_market,role-aware-equal-weight|player_rushing_yards,0.6000000000000001,0.7000000000000001,7,4,0.6469084561503119,0.7142857142857143,0.35892909014821267,0.9177828342909844,,0,0.5323702182459595
sport_season2026,ncaa,0.0,0.1,3,2,0.07996369049353316,0.0,0.0,0.5615060804490177,,0,0.3665768194070081
sport_season2026,ncaa,0.1,0.2,3,3,0.13723215416931517,0.3333333333333333,0.0614903152761605,0.7923450448735121,,0,0.3557422969187676
sport_season2026,ncaa,0.2,0.30000000000000004,24,22,0.2563141697971772,0.4583333333333333,0.2789105835168143,0.6492544644689336,0.29457364341085274,1,0.4313640993019588
sport_season2026,ncaa,0.30000000000000004,0.4,63,48,0.36045572907995843,0.49206349206349204,0.3726660281435346,0.6123732288461243,0.42160953929496797,7,0.4370507069300791
sport_season2026,ncaa,0.4,0.5,103,60,0.4487610283468187,0.5533980582524272,0.45719037245005417,0.645765779460812,0.4800023324362216,20,0.4894149736801955
sport_season2026,ncaa,0.5,0.6000000000000001,261,99,0.559704564170929,0.4329501915708812,0.3742398267807112,0.4936057080597368,0.5039110711783734,54,0.5229696309589682
sport_season2026,ncaa,0.6000000000000001,0.7000000000000001,181,84,0.633387095705559,0.46408839779005523,0.3929351437306724,0.5367343678944162,0.49710640737342376,23,0.5382297403604601
sport_season2026,ncaa,0.7000000000000001,0.8,26,24,0.7345449516320627,0.38461538461538464,0.22428359511834428,0.5746547996057992,0.596681779179169,4,0.5540087136738057
sport_season2026,ncaa,0.8,0.9,3,3,0.8296609394183184,0.6666666666666666,0.2076549551264879,0.9385096847238394,,0,0.6255596255596255
sport_season2026,ncaa,0.9,1.0,3,2,0.9167013087567817,0.6666666666666666,0.2076549551264879,0.9385096847238394,,0,0.5253069781371669
sport_season2026,nfl,0.0,0.1,159,35,0.0745404354085674,0.16981132075471697,0.11940776062040104,0.23579385862185648,0.4582957065272215,2,0.18553973944734026
sport_season2026,nfl,0.1,0.2,170,38,0.15364680818919366,0.2647058823529412,0.20411663917448852,0.33569431516555426,0.5015653508728474,14,0.309749330229971
sport_season2026,nfl,0.2,0.30000000000000004,318,41,0.2572090504453543,0.3490566037735849,0.29874912634765655,0.4029674944993689,0.4563044682777982,31,0.3637452074850088
sport_season2026,nfl,0.30000000000000004,0.4,333,39,0.3560402793740134,0.34534534534534533,0.29630045704422164,0.3979178342832153,0.4576902075621178,47,0.45561317346803937
sport_season2026,nfl,0.4,0.5,481,46,0.4522193746677535,0.5239085239085239,0.47926281781380586,0.5681753558082596,0.45614226887454495,57,0.49334377727859924
sport_season2026,nfl,0.5,0.6000000000000001,1207,48,0.5623307308204827,0.49627174813587405,0.4681211305319821,0.5244460227604055,0.4915905423975881,278,0.5218158884623436
sport_season2026,nfl,0.6000000000000001,0.7000000000000001,1179,48,0.6398263218787734,0.53774385072095,0.509207691449175,0.5660348431387192,0.5057090494349762,300,0.5418648784489817
sport_season2026,nfl,0.7000000000000001,0.8,331,46,0.7412128370067332,0.5619335347432024,0.5080748881231264,0.61437106841274,0.5614661543805648,60,0.5900813151463109
sport_season2026,nfl,0.8,0.9,142,40,0.8402649439273634,0.5563380281690141,0.4742077463729324,0.635500320461222,0.5923167869258426,26,0.6229692133928134
sport_season2026,nfl,0.9,1.0,76,33,0.9410009300662407,0.7236842105263158,0.6142442230029846,0.8115989464725769,0.7118828131557939,16,0.69317313434192
sport_market,ncaa|h2h,0.0,0.1,1,1,0.08048131220800364,0.0,0.0,0.7934567085261071,,0,0.047619047619047616
sport_market,ncaa|h2h,0.1,0.2,1,1,0.11673098560997446,0.0,0.0,0.7934567085261071,,0,0.0196078431372549
sport_market,ncaa|h2h,0.2,0.30000000000000004,6,6,0.24034036320797272,0.16666666666666666,0.03005258587173032,0.563509436563646,0.29457364341085274,1,0.16304656277375051
sport_market,ncaa|h2h,0.30000000000000004,0.4,30,30,0.3580192436536324,0.3333333333333333,0.19230295526846194,0.5122027418616973,0.38967624118326394,5,0.3423346564888965
sport_market,ncaa|h2h,0.4,0.5,31,31,0.44380588473653515,0.45161290322580644,0.29161482836586106,0.6222812039633085,0.3871360250398947,4,0.41378891817248337
sport_market,ncaa|h2h,0.5,0.6000000000000001,29,29,0.5494408064693287,0.5517241379310345,0.37547667068067625,0.715870888512542,,0,0.5454910376878671
sport_market,ncaa|h2h,0.6000000000000001,0.7000000000000001,30,30,0.649462648011146,0.6,0.42320052498273836,0.7540960567391659,0.40090771558245086,1,0.6089973607639378
sport_market,ncaa|h2h,0.7000000000000001,0.8,3,3,0.7362510740777147,0.3333333333333333,0.0614903152761605,0.7923450448735121,0.6888888888888889,1,0.7343073593073594
sport_market,ncaa|h2h,0.8,0.9,1,1,0.8581153883826316,1.0,0.20654329147389294,1.0,,0,0.8290598290598291
sport_market,ncaa|spreads,0.0,0.1,2,1,0.07970487963629792,0.0,0.0,0.6576280471103807,,0,0.5260557053009883
sport_market,ncaa|spreads,0.1,0.2,2,2,0.14748273844898552,0.5,0.09452865480086614,0.9054713451991339,,0,0.5238095238095238
sport_market,ncaa|spreads,0.2,0.30000000000000004,15,15,0.25565485939165083,0.5333333333333333,0.3011663015105079,0.7519077474025355,,0,0.5199025381462005
sport_market,ncaa|spreads,0.30000000000000004,0.4,13,13,0.36818535157840054,0.6153846153846154,0.35522480972268555,0.8229055341876319,0.5077399380804953,1,0.5228632386962674
sport_market,ncaa|spreads,0.4,0.5,30,26,0.4478697998341113,0.6333333333333333,0.45513246433604937,0.7812629779598231,0.5011156775178368,6,0.5231225973300453
sport_market,ncaa|spreads,0.5,0.6000000000000001,79,57,0.561520902524661,0.4810126582278481,0.3742954498192782,0.5894908604403015,0.49958509055017913,18,0.5212843627404202
sport_market,ncaa|spreads,0.6000000000000001,0.7000000000000001,62,39,0.629962808905115,0.4032258064516129,0.2902468291165249,0.5274975756367011,0.5000770958090643,13,0.5245834995952294
sport_market,ncaa|spreads,0.7000000000000001,0.8,16,15,0.7422926914365862,0.4375,0.2309836333518552,0.6682180439322347,,0,0.5198094209830808
sport_market,ncaa|spreads,0.8,0.9,2,2,0.8154337149361619,0.5,0.09452865480086614,0.9054713451991339,,0,0.5238095238095238
sport_market,ncaa|spreads,0.9,1.0,3,2,0.9167013087567817,0.6666666666666666,0.2076549551264879,0.9385096847238394,,0,0.5253069781371669
sport_market,ncaa|totals,0.2,0.30000000000000004,3,3,0.2915583350032176,0.6666666666666666,0.2076549551264879,0.9385096847238394,,0,0.5253069781371669
sport_market,ncaa|totals,0.30000000000000004,0.4,20,18,0.3590862025954599,0.65,0.43285051021946463,0.8188104521320554,0.49514563106796117,1,0.5233466369438308
sport_market,ncaa|totals,0.4,0.5,42,36,0.45305498804443806,0.5714285714285714,0.4220597791187447,0.7088257048085179,0.5044808483457832,10,0.5211573310907571
sport_market,ncaa|totals,0.5,0.6000000000000001,153,76,0.56071213438924,0.38562091503267976,0.3121939475797486,0.46465097111529163,0.5060740614924705,36,0.5195710387637213
sport_market,ncaa|totals,0.6000000000000001,0.7000000000000001,89,51,0.6303538284298278,0.4606741573033708,0.3608954818482133,0.563707282429869,0.5035041564987177,9,0.5238818562631565
sport_market,ncaa|totals,0.7000000000000001,0.8,7,7,0.7161046367450146,0.2857142857142857,0.0822171657090155,0.6410709098517873,0.5659460759425956,3,0.5549076774096536
sport_market,nfl|atd,0.0,0.1,122,33,0.07716876494166248,0.12295081967213115,0.07594305873968113,0.192979141868067,,0,0.11581299796865978
sport_market,nfl|atd,0.1,0.2,87,35,0.15148678268349516,0.13793103448275862,0.08069698827736069,0.22578814628653956,,0,0.16155134761148718
sport_market,nfl|atd,0.2,0.30000000000000004,166,39,0.2542104890021684,0.19879518072289157,0.14520087187123953,0.2660152259516731,0.2662320021733225,1,0.2412070020633377
sport_market,nfl|atd,0.30000000000000004,0.4,74,30,0.36201880214907844,0.14864864864864866,0.08507972301585125,0.24689700921986846,0.246242774566474,1,0.31452768801777603
sport_market,nfl|atd,0.4,0.5,36,23,0.45964512888122283,0.3333333333333333,0.20214424774586046,0.49666302907033155,,0,0.38066077050362135
sport_market,nfl|atd,0.5,0.6000000000000001,33,24,0.5480878768170339,0.24242424242424243,0.12831561346647294,0.4102494868549029,0.48729792147806006,1,0.44991645645205647
sport_market,nfl|atd,0.6000000000000001,0.7000000000000001,21,15,0.6449501344104099,0.7142857142857143,0.500432261771624,0.8618632425437179,0.5700173656056924,2,0.5569754994370191
sport_market,nfl|atd,0.7000000000000001,0.8,5,4,0.7324626808640818,1.0,0.5655085052479191,1.0,0.6404988994864271,1,0.7022846029057209
sport_market,nfl|atd,0.8,0.9,1,1,0.838333906523013,1.0,0.20654329147389294,1.0,,0,0.6875
sport_market,nfl|h2h,0.1,0.2,2,2,0.19169010330417724,0.0,0.0,0.6576280471103807,,0,0.25234455467013606
sport_market,nfl|h2h,0.2,0.30000000000000004,1,1,0.2712263110000458,0.0,0.0,0.7934567085261071,,0,0.25
sport_market,nfl|h2h,0.30000000000000004,0.4,11,11,0.34175568131651546,0.36363636363636365,0.15166223614131383,0.6462032231083628,,0,0.3095969649699312
sport_market,nfl|h2h,0.4,0.5,16,16,0.44968667126195383,0.625,0.3864064709793481,0.815190174452472,0.4269302984021492,2,0.4025123804512969
sport_market,nfl|h2h,0.5,0.6000000000000001,14,14,0.5608127969914408,0.35714285714285715,0.16344490737202735,0.6123599531785959,0.4475619988067089,2,0.5823805214745513
sport_market,nfl|h2h,0.6000000000000001,0.7000000000000001,11,11,0.6459207597178745,0.6363636363636364,0.35379677689163724,0.8483377638586862,,0,0.6285388611634697
sport_market,nfl|h2h,0.7000000000000001,0.8,2,2,0.7469486520634633,1.0,0.34237195288961925,1.0,,0,0.6908388270061379
sport_market,nfl|h2h,0.8,0.9,2,2,0.8168630020379228,0.5,0.09452865480086614,0.9054713451991339,,0,0.7000351864883885
sport_market,nfl|player_passing_tds,0.1,0.2,1,1,0.1164443525307588,1.0,0.20654329147389294,1.0,,0,0.3846153846153846
sport_market,nfl|player_passing_tds,0.2,0.30000000000000004,6,5,0.27092455349960776,0.3333333333333333,0.09676933255921683,0.7000116786584712,0.39516483109118905,3,0.4124298077568098
sport_market,nfl|player_passing_tds,0.30000000000000004,0.4,15,13,0.36519301846112157,0.4,0.19824228082594664,0.642535572434923,0.4748354848499391,2,0.44178194256194026
sport_market,nfl|player_passing_tds,0.4,0.5,32,23,0.4555777811997549,0.34375,0.20410233354328552,0.5168922649121406,0.3454375247311229,2,0.4587919518118023
sport_market,nfl|player_passing_tds,0.5,0.6000000000000001,40,30,0.5450828115330562,0.65,0.4950559699353738,0.7786566682895086,0.40847201210287454,1,0.5165269057575244
sport_market,nfl|player_passing_tds,0.6000000000000001,0.7000000000000001,37,27,0.6537245445131469,0.4864864864864865,0.33446153327211037,0.6410536277401908,0.5199646321519409,5,0.5881380666787719
sport_market,nfl|player_passing_tds,0.7000000000000001,0.8,21,16,0.738171741565487,0.5714285714285714,0.3654621629703244,0.7553030051347894,0.591513230093891,1,0.6555661597904456
sport_market,nfl|player_passing_tds,0.8,0.9,3,2,0.8324386679652672,0.6666666666666666,0.2076549551264879,0.9385096847238394,0.6591820368885325,2,0.6848739495798318
sport_market,nfl|player_passing_yards,0.0,0.1,1,1,0.01872995775057429,1.0,0.20654329147389294,1.0,,0,0.5260663507109005
sport_market,nfl|player_passing_yards,0.1,0.2,3,2,0.15209446821143724,1.0,0.43849391955098227,1.0,,0,0.5252856854042918
sport_market,nfl|player_passing_yards,0.2,0.30000000000000004,5,4,0.2620891974883617,0.0,0.0,0.43449149475208104,0.48987854251012153,1,0.527829529342043
sport_market,nfl|player_passing_yards,0.30000000000000004,0.4,16,11,0.3489041064324947,0.5,0.2799923761135083,0.7200076238864916,0.4985159393433237,5,0.5270165260021148
sport_market,nfl|player_passing_yards,0.4,0.5,28,17,0.4463795193509292,0.39285714285714285,0.23565451827580033,0.575912739650937,0.497328142116523,3,0.531789471178219
sport_market,nfl|player_passing_yards,0.5,0.6000000000000001,117,36,0.5675086193926507,0.5128205128205128,0.4232920424346017,0.6015338453391449,0.4971808729128365,29,0.5281228896914482
sport_market,nfl|player_passing_yards,0.6000000000000001,0.7000000000000001,148,34,0.6394937926639023,0.47297297297297297,0.3942401397812506,0.553073376409306,0.49629836303436364,44,0.5309180239667765
sport_market,nfl|player_passing_yards,0.7000000000000001,0.8,8,7,0.7359471795585686,0.625,0.30573785458380187,0.863158240538479,,0,0.5782912635461912
sport_market,nfl|player_passing_yards,0.8,0.9,6,5,0.8459509404523385,0.16666666666666666,0.03005258587173032,0.563509436563646,0.5515204825332999,1,0.6171469347730151
sport_market,nfl|player_passing_yards,0.9,1.0,2,2,0.9139522927310595,1.0,0.34237195288961925,1.0,,0,0.7555555555555555
sport_market,nfl|player_receiving_yards,0.0,0.1,14,11,0.06815347969040296,0.42857142857142855,0.21380509930400526,0.6740973309713064,0.4582957065272215,2,0.4246264359932401
sport_market,nfl|player_receiving_yards,0.1,0.2,29,16,0.15424288515783827,0.4482758620689655,0.2841291114874579,0.6245233293193238,0.5082324898851394,5,0.4503822110727435
sport_market,nfl|player_receiving_yards,0.2,0.30000000000000004,57,20,0.25563647102625753,0.543859649122807,0.41590460831272247,0.6662760049518861,0.4794132590908132,14,0.5121235994457648
sport_market,nfl|player_receiving_yards,0.30000000000000004,0.4,91,21,0.35493841097778905,0.4175824175824176,0.32161134602464436,0.5202302087361358,0.4806487854503859,15,0.5175662385675558
sport_market,nfl|player_receiving_yards,0.4,0.5,131,28,0.4491465121619701,0.5877862595419847,0.5021640639675548,0.668406442463695,0.48490744402181085,9,0.5219353823347687
sport_market,nfl|player_receiving_yards,0.5,0.6000000000000001,458,48,0.5672975690945944,0.5,0.45439845561268727,0.5456015443873127,0.4953311316560046,126,0.5266044631945549
sport_market,nfl|player_receiving_yards,0.6000000000000001,0.7000000000000001,475,48,0.6375394672941194,0.5136842105263157,0.46880631894683655,0.5583425336173515,0.49743367697007296,121,0.5320196662798573
sport_market,nfl|player_receiving_yards,0.7000000000000001,0.8,88,27,0.7477715367999364,0.45454545454545453,0.3545923104525652,0.5583011931449331,0.5158130186305251,19,0.5604047944727523
sport_market,nfl|player_receiving_yards,0.8,0.9,41,21,0.8446841561453796,0.4634146341463415,0.32055999118185885,0.6125378465402564,0.5722942457105031,9,0.5898337512615811
sport_market,nfl|player_receiving_yards,0.9,1.0,36,20,0.9429709214164254,0.7222222222222222,0.5600719978365485,0.841518299741862,0.7015927045413849,11,0.6954717048977422
sport_market,nfl|player_receptions,0.0,0.1,11,8,0.06374472572164079,0.36363636363636365,0.15166223614131383,0.6462032231083628,,0,0.45575342768896815
sport_market,nfl|player_receptions,0.1,0.2,28,17,0.1568316394047105,0.42857142857142855,0.2650829618073122,0.609295210143846,0.5239065239613909,2,0.4791096584382006
sport_market,nfl|player_receptions,0.2,0.30000000000000004,47,19,0.2614216312173923,0.574468085106383,0.43281668771211546,0.7048658399817417,0.4191641878674439,6,0.48619857281485696
sport_market,nfl|player_receptions,0.30000000000000004,0.4,71,21,0.35296103254659095,0.4084507042253521,0.30168552002378446,0.5246142918455503,0.37647965975337266,11,0.48823339428057844
sport_market,nfl|player_receptions,0.4,0.5,149,42,0.4560959129782948,0.5704697986577181,0.49020049147177364,0.6471966569485517,0.42785724544396125,26,0.4885495397982799
sport_market,nfl|player_receptions,0.5,0.6000000000000001,227,45,0.5542298270318461,0.4977973568281938,0.43333324338998325,0.5623347817839889,0.4748524140275184,46,0.5105292588180382
sport_market,nfl|player_receptions,0.6000000000000001,0.7000000000000001,208,47,0.6492918489696147,0.6009615384615384,0.5331603678109946,0.6651009746259959,0.5486578033704266,39,0.5750624081031597
sport_market,nfl|player_receptions,0.7000000000000001,0.8,148,44,0.7399223635059389,0.6081081081081081,0.5276761046762952,0.6830698305614789,0.6047074524765571,28,0.6068850012491854
sport_market,nfl|player_receptions,0.8,0.9,61,29,0.8364393435146611,0.6229508196721312,0.49747627570942377,0.7338566957163277,0.6141098146545636,9,0.6392037339208044
sport_market,nfl|player_receptions,0.9,1.0,16,10,0.9404710661464586,0.5625,0.33178195606776517,0.7690163666481448,0.7812536751734682,1,0.6424871761581736
sport_market,nfl|player_rushing_yards,0.0,0.1,11,8,0.06938811370228422,0.09090909090909091,0.01623175226282597,0.3773646254862038,,0,0.3534098782505175
sport_market,nfl|player_rushing_yards,0.1,0.2,20,10,0.15600848810081075,0.2,0.0806563532712,0.41602172202575993,0.490419916410198,7,0.4830551394673989
sport_market,nfl|player_rushing_yards,0.2,0.30000000000000004,31,18,0.26107141404903894,0.5161290322580645,0.34840118286973176,0.6803001396872117,0.49617712069644737,6,0.5040742679660406
sport_market,nfl|player_rushing_yards,0.30000000000000004,0.4,37,16,0.35652256408636396,0.32432432432432434,0.19633077820815478,0.48536631495176064,0.4974845596393544,6,0.5103175800516315
sport_market,nfl|player_rushing_yards,0.4,0.5,47,18,0.4418032161481836,0.5531914893617021,0.41245213738758246,0.685892525250887,0.49643400999601195,8,0.5233462526848721
sport_market,nfl|player_rushing_yards,0.5,0.6000000000000001,202,44,0.566663181534688,0.5198019801980198,0.45117890477942374,0.5876859310943744,0.4946799520728235,57,0.529783504578858
sport_market,nfl|player_rushing_yards,0.6000000000000001,0.7000000000000001,213,44,0.6336626009528064,0.5305164319248826,0.46354663638562343,0.5964049596180955,0.49920159480390414,75,0.5306821640792148
sport_market,nfl|player_rushing_yards,0.7000000000000001,0.8,47,22,0.7412042201284258,0.5531914893617021,0.41245213738758246,0.685892525250887,0.5161172825120828,10,0.5608598471585291
sport_market,nfl|player_rushing_yards,0.8,0.9,27,16,0.8438639898701342,0.6296296296296297,0.442289046234463,0.7846771293206314,0.570543072095188,5,0.6204274231018917
sport_market,nfl|player_rushing_yards,0.9,1.0,22,19,0.940621630465341,0.8181818181818182,0.6148297802336213,0.9269323397589488,0.7228378963410004,4,0.7206032229102413
sport_market,nfl|spreads,0.2,0.30000000000000004,5,4,0.28700157931777526,0.4,0.1176182311592533,0.769280067791163,,0,0.5196413493627116
sport_market,nfl|spreads,0.30000000000000004,0.4,10,6,0.36073217105159117,0.1,0.01787574951572113,0.4041563854975721,0.49856011193792044,6,0.520974747506228
sport_market,nfl|spreads,0.4,0.5,16,11,0.459015787028615,0.4375,0.2309836333518552,0.6682180439322347,0.5,2,0.5216753655805897
sport_market,nfl|spreads,0.5,0.6000000000000001,50,28,0.5486891538374512,0.5,0.36644286412332855,0.6335571358766714,0.498621939454313,6,0.5180995976603248
sport_market,nfl|spreads,0.6000000000000001,0.7000000000000001,32,14,0.6397109120227862,0.78125,0.6124466920955516,0.8897630306846815,0.5083275196808624,9,0.5257474734217532
sport_market,nfl|spreads,0.7000000000000001,0.8,8,5,0.7168123009451841,0.625,0.30573785458380187,0.863158240538479,,0,0.5185726754822112
sport_market,nfl|spreads,0.8,0.9,1,1,0.833362397628383,0.0,0.0,0.7934567085261071,,0,0.6904024767801857
sport_market,nfl|totals,0.30000000000000004,0.4,8,6,0.3492578633372637,0.75,0.40926987910258916,0.9285223111419724,0.4956702459300312,1,0.5156226302335248
sport_market,nfl|totals,0.4,0.5,26,14,0.4535655544865186,0.5,0.32060306315002074,0.6793969368499793,0.5006923591051125,5,0.5181318135927109
sport_market,nfl|totals,0.5,0.6000000000000001,66,32,0.5615183989967439,0.42424242424242425,0.31242322955377905,0.5443956291207072,0.5009609002063637,10,0.5209624088415205
sport_market,nfl|totals,0.6000000000000001,0.7000000000000001,34,19,0.6337772975367987,0.5,0.34069062628048985,0.6593093737195102,0.5067064865527466,5,0.5214635367475889
sport_market,nfl|totals,0.7000000000000001,0.8,4,3,0.728138135141679,0.25,0.045586062644636216,0.6993639475573634,0.5625282848091718,1,0.5967497155322361
obs_week,2026-W38,0.0,0.1,83,15,0.07559395468658361,0.13253012048192772,0.07564228787871974,0.22192938284130387,,0,0.20916073845817273
obs_week,2026-W38,0.1,0.2,96,14,0.15232768278752382,0.25,0.17413849417796745,0.3450999795644406,,0,0.32257683008811966
obs_week,2026-W38,0.2,0.30000000000000004,161,15,0.2587326735918944,0.36645962732919257,0.2959491438185864,0.44319437335183665,,0,0.39868099797622575
obs_week,2026-W38,0.30000000000000004,0.4,192,15,0.35351860722550504,0.4114583333333333,0.3442517073648385,0.4821385999038928,,0,0.46560399320458595
obs_week,2026-W38,0.4,0.5,236,15,0.44981775779644745,0.4915254237288136,0.4283904936604919,0.5549318324080468,,0,0.5118643789398315
obs_week,2026-W38,0.5,0.6000000000000001,253,15,0.5540570008963402,0.4624505928853755,0.4020327485071318,0.5239916961311198,,0,0.5227044384088205
obs_week,2026-W38,0.6000000000000001,0.7000000000000001,231,15,0.643705700926556,0.5108225108225108,0.44671050325578915,0.5745804434929982,,0,0.5448040749939366
obs_week,2026-W38,0.7000000000000001,0.8,118,15,0.7396448545477807,0.5084745762711864,0.41943704288165534,0.5969777120132246,,0,0.5588976483424739
obs_week,2026-W38,0.8,0.9,55,14,0.843452759791353,0.5454545454545454,0.41522461348360484,0.669749282535538,,0,0.5903128093522009
obs_week,2026-W38,0.9,1.0,17,9,0.9370160288999777,0.8823529411764706,0.6566315750229009,0.967120919987079,,0,0.5812085907145667
obs_week,2026-W39,0.0,0.1,44,15,0.07638241308426211,0.20454545454545456,0.11153127823467596,0.34500863681833227,,0,0.18947564615382204
obs_week,2026-W39,0.1,0.2,42,18,0.15487381992375163,0.2857142857142857,0.1716685874457567,0.43567496077245566,,0,0.23473737117144491
obs_week,2026-W39,0.2,0.30000000000000004,88,35,0.25533774638478013,0.375,0.2810776628624691,0.4793794720306513,,0,0.3575341467669459
obs_week,2026-W39,0.30000000000000004,0.4,122,53,0.358796460540122,0.38524590163934425,0.30364856037074855,0.47384950068378345,,0,0.43483969337000306
obs_week,2026-W39,0.4,0.5,187,66,0.45469284015211797,0.5133689839572193,0.4421849879229693,0.5840147504988424,,0,0.4744388701831588
obs_week,2026-W39,0.5,0.6000000000000001,580,69,0.5632104958006505,0.4879310344827586,0.447463996758448,0.5285568965797451,,0,0.5227580624046593
obs_week,2026-W39,0.6000000000000001,0.7000000000000001,534,61,0.6376688190689546,0.5337078651685393,0.4913055297352064,0.5756286754285442,,0,0.5407205234942439
obs_week,2026-W39,0.7000000000000001,0.8,112,34,0.7406482356203276,0.4642857142857143,0.37464203862409856,0.5562981417601502,,0,0.5928720341737604
obs_week,2026-W39,0.8,0.9,33,16,0.8325256494011151,0.48484848484848486,0.32503781646924224,0.6478189541378976,,0,0.6534638080450057
obs_week,2026-W39,0.9,1.0,28,12,0.9428113443240316,0.6071428571428571,0.42408726034906297,0.7643454817241996,,0,0.6846003488546791
obs_week,2026-W40,0.0,0.1,29,10,0.07492951631542477,0.2413793103448276,0.12218268185062131,0.4210795221832869,0.4256384576865298,1,0.12955337557081725
obs_week,2026-W40,0.1,0.2,23,11,0.15135961790917438,0.21739130434782608,0.09663835601719065,0.4190388018273492,0.5024763575526153,3,0.28842030411942365
obs_week,2026-W40,0.2,0.30000000000000004,76,16,0.2551356465558861,0.34210526315789475,0.2453616992261352,0.4540431223205272,0.4280888469028621,19,0.2992310615372354
obs_week,2026-W40,0.30000000000000004,0.4,53,19,0.36401014319544356,0.2641509433962264,0.16437206511316813,0.3958092105722453,0.450508748126879,31,0.432865019094731
obs_week,2026-W40,0.4,0.5,96,24,0.455626474498849,0.5,0.40192229167030874,0.5980777083296912,0.4517944037597819,42,0.4628033524747414
obs_week,2026-W40,0.5,0.6000000000000001,539,62,0.5652944638446136,0.5120593692022264,0.4699242153853423,0.5540238387063118,0.4931147589316563,284,0.5188503067525204
obs_week,2026-W40,0.6000000000000001,0.7000000000000001,523,56,0.6368961906555989,0.5181644359464627,0.4753640762653579,0.5606998943854031,0.5057520886383148,292,0.538894175503386
obs_week,2026-W40,0.7000000000000001,0.8,77,23,0.7432933863030647,0.5974025974025974,0.48576649330491517,0.6997815413703016,0.5727463360274753,42,0.6199282827129863
obs_week,2026-W40,0.8,0.9,34,13,0.8414964329252614,0.6470588235294118,0.4791365883001342,0.7851228510470394,0.6284478283662597,16,0.6817201196298109
obs_week,2026-W40,0.9,1.0,26,12,0.9367935390115565,0.7307692307692307,0.5391659658023868,0.8629572447493261,0.7213139789869872,11,0.7568190553901832
obs_week,2026-W41,0.0,0.1,6,1,0.04728998560025366,0.0,0.0,0.3903430336530645,0.49095295536791317,1,0.19103856933298613
obs_week,2026-W41,0.1,0.2,12,1,0.1601853881966669,0.4166666666666667,0.19325746190524656,0.6804926643446272,0.5013168945056381,11,0.5220500631203716
obs_week,2026-W41,0.2,0.30000000000000004,17,1,0.26047216755011293,0.23529411764705882,0.0955488907167594,0.47262245889171595,0.4851018514514014,13,0.44891224099919774
obs_week,2026-W41,0.30000000000000004,0.4,29,4,0.3561670896908098,0.20689655172413793,0.09845936515585207,0.3839044660825772,0.456388492980481,23,0.47810779320725766
obs_week,2026-W41,0.4,0.5,65,5,0.4433109482248399,0.7538461538461538,0.6369398600835174,0.842421456329814,0.47499402904750443,35,0.519367925668312
obs_week,2026-W41,0.5,0.6000000000000001,96,5,0.5550401931826755,0.375,0.2847245670539583,0.4748946698172457,0.49643285611606786,48,0.5335691312770511
obs_week,2026-W41,0.6000000000000001,0.7000000000000001,72,4,0.6484781084450764,0.6111111111111112,0.4956214320752605,0.7153445812999848,0.49892104250624764,31,0.5533627783166124
obs_week,2026-W41,0.7000000000000001,0.8,50,2,0.7395066364042299,0.76,0.6258705062480763,0.8570274759812779,0.5463341030180277,22,0.5927014753634964
obs_week,2026-W41,0.8,0.9,23,2,0.840542518161759,0.5652173913043478,0.3681104930501695,0.7436563166780135,0.5345071206211749,10,0.5707962143995042
obs_week,2026-W41,0.9,1.0,8,2,0.9476940580789548,0.75,0.40926987910258916,0.9285223111419724,0.6911342483271689,5,0.6913034867717511
odds_band,1.67–2.00,0.0,0.1,23,12,0.06995401023457608,0.391304347826087,0.22157377982382145,0.5921482039625402,0.49095295536791317,1,0.5300642625147255
odds_band,1.67–2.00,0.1,0.2,54,18,0.15526405996456008,0.46296296296296297,0.33689688992410527,0.5939487298374504,0.5015653508728475,14,0.5293242376216436
odds_band,1.67–2.00,0.2,0.30000000000000004,138,36,0.2601989643657566,0.5217391304347826,0.43894037630479876,0.6033603309630267,0.49478183239496604,23,0.5255370588725337
odds_band,1.67–2.00,0.30000000000000004,0.4,228,48,0.3559951937709905,0.44298245614035087,0.3799779779454663,0.5078764882072863,0.4976684109600889,39,0.5255576350777856
odds_band,1.67–2.00,0.4,0.5,358,70,0.4476642457470883,0.5670391061452514,0.5152686523001364,0.6173860783886513,0.49999812270084826,45,0.5280788827177861
odds_band,1.67–2.00,0.5,0.6000000000000001,1239,142,0.5648863101788986,0.48748991121872476,0.45973895848538315,0.5153182008501266,0.4988463174017447,293,0.5270788879766084
odds_band,1.67–2.00,0.6000000000000001,0.7000000000000001,1225,126,0.6370074020729856,0.5085714285714286,0.4805925289181608,0.5364967362890066,0.5021768424110568,307,0.5331183511260998
odds_band,1.67–2.00,0.7000000000000001,0.8,185,53,0.7357603371652575,0.4810810810810811,0.4102015764907947,0.552730319871024,0.5158924845031125,28,0.5382680887794253
odds_band,1.67–2.00,0.8,0.9,59,20,0.8392542971071275,0.576271186440678,0.4493425547283663,0.6938746771689757,0.4955761642869063,8,0.535496703093546
odds_band,1.67–2.00,0.9,1.0,27,15,0.9295344942932876,0.6296296296296297,0.442289046234463,0.7846771293206314,0.5,1,0.5320721815181508
odds_band,2.01–3.00,0.0,0.1,8,8,0.06646078615482154,0.5,0.21521252682444186,0.7847874731755582,0.4256384576865298,1,0.424599215873337
odds_band,2.01–3.00,0.1,0.2,22,15,0.15868931744127499,0.4090909090909091,0.23255559668820378,0.6126552261710619,,0,0.4251878547212265
odds_band,2.01–3.00,0.2,0.30000000000000004,40,15,0.25735349005179303,0.45,0.30705075280944694,0.6017117011155924,0.41270556318507773,5,0.4175933425280885
odds_band,2.01–3.00,0.30000000000000004,0.4,89,40,0.3650550814892754,0.3258426966292135,0.2374382846345705,0.42865967145407946,0.38476698895079553,10,0.3990556010314173
odds_band,2.01–3.00,0.4,0.5,173,62,0.4599606205651274,0.45664739884393063,0.3841663630408885,0.5310119660400519,0.4023449516516071,29,0.4194171464621702
odds_band,2.01–3.00,0.5,0.6000000000000001,171,62,0.5437506257841567,0.4502923976608187,0.3776290550831713,0.5251400799510539,0.43320837478387925,34,0.4569916092256713
odds_band,2.01–3.00,0.6000000000000001,0.7000000000000001,17,14,0.6411061702597892,0.5882352941176471,0.36005074385515545,0.7838921396086862,0.4315002237060124,2,0.4495756389691915
odds_band,2.01–3.00,0.7000000000000001,0.8,11,9,0.7418244759969344,0.2727272727272727,0.09745880573921467,0.5656502930102463,,0,0.4664229690177825
odds_band,2.01–3.00,0.8,0.9,7,4,0.8410416683086513,0.14285714285714285,0.02567895594897479,0.51313450331903,0.4414696667616063,1,0.4702413042843796
odds_band,2.01–3.00,0.9,1.0,1,1,0.987562012372383,1.0,0.20654329147389294,1.0,,0,0.46511627906976744
odds_band,<1.67,0.0,0.1,1,1,0.012437987627617053,0.0,0.0,0.7934567085261071,,0,0.6226415094339623
odds_band,<1.67,0.1,0.2,3,3,0.15845788661455962,0.6666666666666666,0.2076549551264879,0.9385096847238394,,0,0.6415726519090549
odds_band,<1.67,0.2,0.30000000000000004,3,2,0.2627121985936722,0.6666666666666666,0.2076549551264879,0.9385096847238394,,0,0.7206742346061231
odds_band,<1.67,0.30000000000000004,0.4,11,10,0.3602842180208126,0.7272727272727273,0.4343497069897537,0.9025411942607853,,0,0.6388423214088597
odds_band,<1.67,0.4,0.5,32,21,0.44885050125848347,0.625,0.45254100589525126,0.7706633153404079,0.6111236773068738,2,0.6542173516127066
odds_band,<1.67,0.5,0.6000000000000001,49,28,0.5511057156990482,0.5918367346938775,0.4524706997204626,0.7178496539402894,0.5964625777597157,5,0.6712920960804667
odds_band,<1.67,0.6000000000000001,0.7000000000000001,116,55,0.6596129463136826,0.7327586206896551,0.6457177692022618,0.8048770159140917,0.5796336523196566,14,0.6469454955259938
odds_band,<1.67,0.7000000000000001,0.8,161,49,0.7463595414914497,0.6459627329192547,0.5694771847141707,0.7156450174483903,0.6008251892628728,36,0.6522415700966369
odds_band,<1.67,0.8,0.9,79,41,0.8405482233982211,0.5822784810126582,0.47219053936580124,0.6847354495093532,0.6467151458244146,17,0.7019280071639056
odds_band,<1.67,0.9,1.0,51,27,0.944729044176735,0.7647058823529411,0.632375118636542,0.8599518740113747,0.7260083340328468,15,0.7730590973399525
odds_band,>3.00,0.0,0.1,130,36,0.07645195222447213,0.1076923076923077,0.06524074078456057,0.17266436495237023,,0,0.11068950581606751
odds_band,>3.00,0.1,0.2,94,38,0.1508601699258819,0.10638297872340426,0.058818256468396224,0.18485723534694615,,0,0.14747078126264332
odds_band,>3.00,0.2,0.30000000000000004,161,47,0.2543744399778122,0.18633540372670807,0.13375556058308333,0.25353502625907304,0.2491255497532473,4,0.21511704244800167
odds_band,>3.00,0.30000000000000004,0.4,68,45,0.34779692842681686,0.11764705882352941,0.06083419938921196,0.21535118623694333,0.24119372270657843,5,0.248279801123873
odds_band,>3.00,0.4,0.5,21,18,0.454271512353126,0.3333333333333333,0.17194536432683688,0.5462692434278971,0.20998950052497375,1,0.2457970265493742
odds_band,>3.00,0.5,0.6000000000000001,9,7,0.5484897732150574,0.2222222222222222,0.06322376231222723,0.5474166563271946,,0,0.2485812184209864
odds_band,>3.00,0.6000000000000001,0.7000000000000001,2,2,0.6251618057845514,0.0,0.0,0.6576280471103807,,0,0.25991561181434597
alt_line_proxy,line_far_from_family_median,0.0,0.1,7,7,0.06197035786477426,0.14285714285714285,0.02567895594897479,0.51313450331903,,0,0.19501125221827018
alt_line_proxy,line_far_from_family_median,0.1,0.2,7,6,0.14082105072593626,0.0,0.0,0.35433884297520657,0.49795039967206395,1,0.3015774721485179
alt_line_proxy,line_far_from_family_median,0.2,0.30000000000000004,4,4,0.2719432631088322,0.25,0.045586062644636216,0.6993639475573634,0.2358744394618834,1,0.3049203049203049
alt_line_proxy,line_far_from_family_median,0.30000000000000004,0.4,6,5,0.32980034690041465,0.5,0.18761280689940868,0.8123871931005913,0.24411257897759908,1,0.37169925497738876
alt_line_proxy,line_far_from_family_median,0.4,0.5,11,8,0.46144891397731375,0.18181818181818182,0.05136660067100063,0.4769861375782448,0.3584557770931871,1,0.44520135038342173
alt_line_proxy,line_far_from_family_median,0.5,0.6000000000000001,40,19,0.5579908622068782,0.425,0.28509168524815875,0.5780519956394001,0.4718208955915548,12,0.5270388439645496
alt_line_proxy,line_far_from_family_median,0.6000000000000001,0.7000000000000001,23,17,0.6392849708091556,0.5652173913043478,0.3681104930501695,0.7436563166780135,0.4971185930943959,4,0.5349693288238268
alt_line_proxy,line_far_from_family_median,0.7000000000000001,0.8,11,10,0.7524493694435672,0.45454545454545453,0.21270957543988045,0.7199122443100118,0.5379125571713192,2,0.6211210540079705
alt_line_proxy,line_far_from_family_median,0.8,0.9,15,14,0.8494178452562083,0.4666666666666667,0.24809225259746442,0.6988336984894921,0.6761645056497424,3,0.7136966295408147
alt_line_proxy,line_far_from_family_median,0.9,1.0,26,17,0.945957357640036,0.8076923076923077,0.6212336384535001,0.9149306422821174,0.7418144292447134,7,0.7789443309614376
alt_line_proxy,near_median,0.0,0.1,155,36,0.07521308255735094,0.16774193548387098,0.11711824803411118,0.23443701204888973,0.4582957065272215,2,0.1886159371923886
alt_line_proxy,near_median,0.1,0.2,166,40,0.15389100300957417,0.27710843373493976,0.21464895836591302,0.34965095402304225,0.5018434240421386,13,0.31092512484826357
alt_line_proxy,near_median,0.2,0.30000000000000004,338,63,0.25697113924354903,0.35798816568047337,0.308737303768517,0.4104308723692029,0.4581979909858294,31,0.3692427016088716
alt_line_proxy,near_median,0.30000000000000004,0.4,390,87,0.35715723559533685,0.36666666666666664,0.32035600927367025,0.4155784374683701,0.4569546028586173,53,0.4539056045425327
alt_line_proxy,near_median,0.4,0.5,573,106,0.45142053591825704,0.5357766143106457,0.4948387082410623,0.5762379963516715,0.4637065815457936,76,0.4935617527152683
alt_line_proxy,near_median,0.5,0.6000000000000001,1428,147,0.5619723031237115,0.48669467787114845,0.46084078543031937,0.512619966094151,0.49441099338457184,320,0.5218804602911467
alt_line_proxy,near_median,0.6000000000000001,0.7000000000000001,1337,131,0.6389639068729763,0.5272999252056844,0.5004983600702391,0.5539450581530618,0.5051965135664703,319,0.5414913837947977
alt_line_proxy,near_median,0.7000000000000001,0.8,346,70,0.7403545512363672,0.5520231213872833,0.499338041163536,0.6035656729745198,0.5644979236323858,62,0.5863838447250295
alt_line_proxy,near_median,0.8,0.9,130,42,0.8389641321315188,0.5692307692307692,0.483326884526903,0.6511604497548151,0.5813801279618555,23,0.6125604441180476
alt_line_proxy,near_median,0.9,1.0,53,29,0.9371940247672393,0.6792452830188679,0.5451826763724886,0.7890795541065968,0.6886026673088566,9,0.6415948403660383
quote_age,quote1-6h_old,0.0,0.1,1,1,0.03571042103527555,0.0,0.0,0.7934567085261071,,0,0.09090909090909091
quote_age,quote1-6h_old,0.2,0.30000000000000004,2,2,0.26718662791072995,0.5,0.09452865480086614,0.9054713451991339,,0,0.1258503401360544
quote_age,quote1-6h_old,0.4,0.5,3,2,0.4844393482105616,0.6666666666666666,0.2076549551264879,0.9385096847238394,,0,0.4477691977691978
quote_age,quote1-6h_old,0.5,0.6000000000000001,24,16,0.5582546385938634,0.3333333333333333,0.17971978688379642,0.5329404050591954,0.49675288673872525,6,0.5378381022424749
quote_age,quote1-6h_old,0.6000000000000001,0.7000000000000001,9,9,0.6301100193518236,0.7777777777777778,0.4525833436728054,0.9367762376877727,0.5165745856353592,1,0.5676590565108213
quote_age,quote1-6h_old,0.7000000000000001,0.8,3,3,0.7197268635116364,0.3333333333333333,0.0614903152761605,0.7923450448735121,,0,0.5476800976800976
quote_age,quote1-6h_old,0.9,1.0,2,2,0.9670968429136894,0.5,0.09452865480086614,0.9054713451991339,,0,0.6102091560626006
quote_age,quote<1h_old,0.0,0.1,70,24,0.0755335051780506,0.21428571428571427,0.13438585667978442,0.32391407181580606,0.4582957065272215,2,0.16051798320544144
quote_age,quote<1h_old,0.1,0.2,72,28,0.1556816713996677,0.2638888888888889,0.17593641596552728,0.37576080561207664,0.5012071532968349,12,0.2804824355273705
quote_age,quote<1h_old,0.2,0.30000000000000004,155,51,0.25579230675451625,0.3161290322580645,0.24813021420255713,0.39302172584337536,0.44542101943985607,25,0.3326825837317584
quote_age,quote<1h_old,0.30000000000000004,0.4,185,76,0.3586166147258917,0.35135135135135137,0.28621827384622156,0.42253234042521015,0.44472709649890063,42,0.43912493732161995
quote_age,quote<1h_old,0.4,0.5,334,102,0.452753799707398,0.5359281437125748,0.482338393577753,0.5887008153296167,0.4574294243952829,65,0.48017103723932714
quote_age,quote<1h_old,0.5,0.6000000000000001,1173,141,0.5638880325082619,0.49531116794543906,0.46676056570667285,0.5238923819797449,0.49306577514904787,312,0.5211031783494662
quote_age,quote<1h_old,0.6000000000000001,0.7000000000000001,1103,121,0.6377712526709182,0.5249320036264733,0.49542533758833346,0.554265602831687,0.5048414988030628,315,0.5400385487760255
quote_age,quote<1h_old,0.7000000000000001,0.8,221,60,0.7408054116722711,0.583710407239819,0.5178304029964649,0.6467298918955837,0.5680367909988765,59,0.6051907352023691
quote_age,quote<1h_old,0.8,0.9,83,30,0.8369824069783909,0.5783132530120482,0.4709262842089882,0.6787715564572362,0.5963886053223074,25,0.6536216409907608
quote_age,quote<1h_old,0.9,1.0,58,26,0.9401431194952135,0.6896551724137931,0.5619669315326005,0.7937806558519432,0.7118828131557939,16,0.7249131014267876
quote_age,quote>6h_old,0.0,0.1,91,16,0.07438202766971427,0.13186813186813187,0.07707031566880387,0.21648862892934714,,0,0.2117953968687707
quote_age,quote>6h_old,0.1,0.2,101,16,0.15170864865242367,0.26732673267326734,0.19070838238104165,0.36099628446875837,0.5037145363289229,2,0.3319789868503039
quote_age,quote>6h_old,0.2,0.30000000000000004,185,16,0.2581720935890996,0.3891891891891892,0.32186587695325425,0.4610209445945403,0.4720695248608851,7,0.4011146659718117
quote_age,quote>6h_old,0.30000000000000004,0.4,211,16,0.3550997641672696,0.38388625592417064,0.32089713534357145,0.4510278549748771,0.48201403979420737,12,0.46452733600451374
quote_age,quote>6h_old,0.4,0.5,247,18,0.44966323072068476,0.5182186234817814,0.45610348920297367,0.5797757270035886,0.4889369490733421,12,0.5100715187401762
quote_age,quote>6h_old,0.5,0.6000000000000001,271,18,0.5534218077139896,0.45387453874538747,0.39565454746848233,0.5133839678072256,0.5040235330876001,14,0.5245930199136393
quote_age,quote>6h_old,0.6000000000000001,0.7000000000000001,248,18,0.6446194191435116,0.532258064516129,0.47013907934857485,0.5933929185421628,0.5149307844973562,7,0.5463984834195127
quote_age,quote>6h_old,0.7000000000000001,0.8,133,18,0.7410709866282366,0.49624060150375937,0.41257294665911187,0.5801193340508476,0.5121051421233694,5,0.5588793165126613
quote_age,quote>6h_old,0.8,0.9,62,18,0.8441462109150664,0.532258064516129,0.40983817375848014,0.650913691323778,0.490521327014218,1,0.5820598544552461
quote_age,quote>6h_old,0.9,1.0,19,10,0.9370357891976243,0.8421052631578947,0.6243407235682331,0.9447962896007217,,0,0.5785105762904498
time_to_kickoff,2-24h_to_ko,0.0,0.1,115,22,0.07453640990464414,0.1826086956521739,0.12265283002248902,0.26308415096733273,0.49095295536791317,1,0.2247834476169042
time_to_kickoff,2-24h_to_ko,0.1,0.2,130,22,0.15427973387804714,0.3,0.2278913261239656,0.3835897081732933,0.5013168945056381,11,0.35444681558006963
time_to_kickoff,2-24h_to_ko,0.2,0.30000000000000004,232,36,0.2578999567815577,0.3620689655172414,0.30293674972160745,0.4256946706893804,0.47149269373421937,14,0.40312142663777484
time_to_kickoff,2-24h_to_ko,0.30000000000000004,0.4,301,58,0.3549623461462931,0.38205980066445183,0.3289804671320601,0.43811168826930247,0.45231009976965375,27,0.4674048842609741
time_to_kickoff,2-24h_to_ko,0.4,0.5,407,66,0.4495283410432754,0.515970515970516,0.4674964689053213,0.5641458964247719,0.48384335076292884,33,0.5092061408408227
time_to_kickoff,2-24h_to_ko,0.5,0.6000000000000001,438,75,0.552637832674957,0.4634703196347032,0.4172892351503416,0.510286620088278,0.5078801820432242,31,0.523850558489971
time_to_kickoff,2-24h_to_ko,0.6000000000000001,0.7000000000000001,345,53,0.6442690324101266,0.5449275362318841,0.49217257546115994,0.5966929726844741,0.49874060377179247,24,0.5451395460999116
time_to_kickoff,2-24h_to_ko,0.7000000000000001,0.8,188,35,0.7410818832910339,0.526595744680851,0.45540672644287217,0.5967196111189496,0.5434772486157013,17,0.5663944620968417
time_to_kickoff,2-24h_to_ko,0.8,0.9,96,20,0.8410171115056405,0.5520833333333334,0.45251459064008087,0.6476440606635844,0.5351495617496306,9,0.5861697842144352
time_to_kickoff,2-24h_to_ko,0.9,1.0,43,18,0.936098043948148,0.6744186046511628,0.5251593250655096,0.7950688481822019,0.6985828822085617,6,0.6265490839854952
time_to_kickoff,<2h_to_ko,0.0,0.1,12,3,0.06685987856037634,0.16666666666666666,0.04696414761482223,0.44803635738467273,0.4256384576865298,1,0.19465134596373182
time_to_kickoff,<2h_to_ko,0.1,0.2,7,3,0.14587941394912374,0.2857142857142857,0.0822171657090155,0.6410709098517873,0.5024763575526153,3,0.4046668803341834
time_to_kickoff,<2h_to_ko,0.2,0.30000000000000004,33,6,0.2550911424264914,0.6363636363636364,0.46615872621534094,0.7781303383204013,0.475812392809426,15,0.46389404402578677
time_to_kickoff,<2h_to_ko,0.30000000000000004,0.4,48,12,0.36474342829740714,0.3958333333333333,0.2702062649595057,0.5368984540306487,0.48753264594296836,22,0.48133164117287003
time_to_kickoff,<2h_to_ko,0.4,0.5,46,13,0.4472479819766724,0.5652173913043478,0.4224718277662822,0.6979095404080942,0.5025975653267667,20,0.4987115568796913
time_to_kickoff,<2h_to_ko,0.5,0.6000000000000001,49,11,0.5476638829996386,0.3877551020408163,0.26428814373960496,0.5275425351194757,0.5045140497147658,23,0.540974824375952
time_to_kickoff,<2h_to_ko,0.6000000000000001,0.7000000000000001,35,4,0.6381315164404617,0.6285714285714286,0.46336640488021064,0.7683439263110894,0.5059468764678572,18,0.5495409775678305
time_to_kickoff,<2h_to_ko,0.7000000000000001,0.8,28,8,0.7460724858825306,0.32142857142857145,0.1793304754342074,0.5066149544436882,0.5157510817531397,13,0.5438184288207875
time_to_kickoff,<2h_to_ko,0.8,0.9,3,2,0.8367122876091043,0.6666666666666666,0.2076549551264879,0.9385096847238394,0.4901999347621698,2,0.5645765803633739
time_to_kickoff,<2h_to_ko,0.9,1.0,2,2,0.927596285649799,0.5,0.09452865480086614,0.9054713451991339,0.5743615423134701,1,0.5680725120236774
time_to_kickoff,>24h_to_ko,0.0,0.1,35,21,0.07765184627669201,0.11428571428571428,0.0453510585448975,0.2595179478812023,,0,0.06898961150969593
time_to_kickoff,>24h_to_ko,0.1,0.2,36,22,0.1515036820244687,0.1388888888888889,0.060817253631150966,0.2865985128039319,,0,0.1337183011695289
time_to_kickoff,>24h_to_ko,0.2,0.30000000000000004,77,27,0.255756109654017,0.22077922077922077,0.14266286171984086,0.3254327722112046,0.23397618520071214,3,0.22326025883980674
time_to_kickoff,>24h_to_ko,0.30000000000000004,0.4,47,29,0.3599738981973211,0.2553191489361702,0.15253006046383732,0.3950844913992039,0.30492312519167164,5,0.3289487736723642
time_to_kickoff,>24h_to_ko,0.4,0.5,131,40,0.45960658900283774,0.5572519083969466,0.47176553459047255,0.6394761000386033,0.3992239205358963,24,0.4390875436747
time_to_kickoff,>24h_to_ko,0.5,0.6000000000000001,981,117,0.5666923367689313,0.49949031600407745,0.468264412883559,0.5307201954026872,0.49109805699058307,278,0.5202574312347711
time_to_kickoff,>24h_to_ko,0.6000000000000001,0.7000000000000001,980,106,0.6371335495519083,0.5183673469387755,0.4870728598034724,0.5495183963499571,0.5055848538545806,281,0.539766527629846
time_to_kickoff,>24h_to_ko,0.7000000000000001,0.8,141,37,0.7391928661577097,0.624113475177305,0.5418724999583782,0.6997707848437782,0.5920829144203772,34,0.6241990566507769
time_to_kickoff,>24h_to_ko,0.8,0.9,46,25,0.8382353323602559,0.5652173913043478,0.4224718277662822,0.6979095404080942,0.6402327023200594,15,0.7037451772344021
time_to_kickoff,>24h_to_ko,0.9,1.0,34,20,0.9458460632421959,0.7941176470588235,0.6320128389178601,0.8965060397764868,0.7360295749919847,9,0.7699801032051107
prob_range_pooled,.3-.5,0.30000000000000004,0.4,396,87,0.35674273728177736,0.3686868686868687,0.32264232475828314,0.4172546744534046,0.45301308389785766,54,0.4526600537915458
prob_range_pooled,.3-.5,0.4,0.5,584,106,0.4516094266008763,0.5291095890410958,0.48856750252035,0.5692712077716741,0.46233968798147396,77,0.492650854726141
prob_range_pooled,.5-.7,0.5,0.6000000000000001,1468,147,0.5618638169951874,0.48501362397820164,0.45951979593328746,0.5105856828084466,0.4935944838257882,332,0.5220210157045908
prob_range_pooled,.5-.7,0.6000000000000001,0.7000000000000001,1360,132,0.6389693366307205,0.5279411764705882,0.5013672947478344,0.5543576516095726,0.5050964773996335,323,0.54138108433573
prob_range_pooled,.7-.9,0.7000000000000001,0.8,357,70,0.7407272207049364,0.5490196078431373,0.49715334829790964,0.5998421200738081,0.5636671309304775,64,0.5874541789046158
prob_range_pooled,.7-.9,0.8,0.9,145,43,0.8400455507306246,0.5586206896551724,0.4773198889120115,0.6368954917342594,0.5923167869258426,26,0.6230228081272994
prob_range_pooled,<.3,0.0,0.1,162,37,0.07464086605828898,0.16666666666666666,0.11714404789856393,0.23163213371087543,0.4582957065272215,2,0.1888922779651119
prob_range_pooled,<.3,0.1,0.2,173,41,0.1533621610096582,0.2658959537572254,0.20566558502696045,0.3362973920101169,0.5015653508728475,14,0.3105468961263085
prob_range_pooled,<.3,0.2,0.30000000000000004,342,63,0.2571462518033769,0.3567251461988304,0.30780420855659824,0.40882907095633486,0.4512503800007061,32,0.368490392875672
prob_range_pooled,>=.9,0.9,1.0,79,35,0.9400781596367677,0.7215189873417721,0.6141734225170346,0.8083196244545352,0.711882813155794,16,0.6867984701822458
prob_range_market,atd|.3-.5,0.30000000000000004,0.4,74,30,0.36201880214907844,0.14864864864864866,0.08507972301585125,0.24689700921986846,0.246242774566474,1,0.31452768801777603
prob_range_market,atd|.3-.5,0.4,0.5,36,23,0.45964512888122283,0.3333333333333333,0.20214424774586046,0.49666302907033155,,0,0.38066077050362135
prob_range_market,atd|.5-.7,0.5,0.6000000000000001,33,24,0.5480878768170339,0.24242424242424243,0.12831561346647294,0.4102494868549029,0.48729792147806006,1,0.44991645645205647
prob_range_market,atd|.5-.7,0.6000000000000001,0.7000000000000001,21,15,0.6449501344104099,0.7142857142857143,0.500432261771624,0.8618632425437179,0.5700173656056924,2,0.5569754994370191
prob_range_market,atd|.7-.9,0.7000000000000001,0.8,5,4,0.7324626808640818,1.0,0.5655085052479191,1.0,0.6404988994864271,1,0.7022846029057209
prob_range_market,atd|.7-.9,0.8,0.9,1,1,0.838333906523013,1.0,0.20654329147389294,1.0,,0,0.6875
prob_range_market,atd|<.3,0.0,0.1,122,33,0.07716876494166248,0.12295081967213115,0.07594305873968113,0.192979141868067,,0,0.11581299796865978
prob_range_market,atd|<.3,0.1,0.2,87,35,0.15148678268349516,0.13793103448275862,0.08069698827736069,0.22578814628653956,,0,0.16155134761148718
prob_range_market,atd|<.3,0.2,0.30000000000000004,166,39,0.2542104890021684,0.19879518072289157,0.14520087187123953,0.2660152259516731,0.2662320021733225,1,0.2412070020633377
prob_range_market,h2h|.3-.5,0.30000000000000004,0.4,41,41,0.35365584888025964,0.34146341463414637,0.2155861736664346,0.4945044564627312,0.38967624118326394,5,0.33355137339844243
prob_range_market,h2h|.3-.5,0.4,0.5,47,47,0.44580785461752864,0.5106382978723404,0.37242217589372884,0.6472467566339649,0.40040078282731284,6,0.40995009682059
prob_range_market,h2h|.5-.7,0.5,0.6000000000000001,43,43,0.5531433150114117,0.4883720930232558,0.34617209277756,0.6324793623392592,0.4475619988067089,2,0.5575015672928342
prob_range_market,h2h|.5-.7,0.6000000000000001,0.7000000000000001,41,41,0.648512385298317,0.6097560975609756,0.45726583898692563,0.7434406478467289,0.40090771558245086,1,0.6142402023345439
prob_range_market,h2h|.7-.9,0.7000000000000001,0.8,5,5,0.7405301052720141,0.6,0.23071993220883708,0.8823817688407467,0.6888888888888889,1,0.7169199463868707
prob_range_market,h2h|.7-.9,0.8,0.9,3,3,0.830613797486159,0.6666666666666666,0.2076549551264879,0.9385096847238394,,0,0.7430434006788688
prob_range_market,h2h|<.3,0.0,0.1,1,1,0.08048131220800364,0.0,0.0,0.7934567085261071,,0,0.047619047619047616
prob_range_market,h2h|<.3,0.1,0.2,3,3,0.16670373073944297,0.0,0.0,0.5615060804490177,,0,0.1747656508258423
prob_range_market,h2h|<.3,0.2,0.30000000000000004,7,7,0.2447526414639832,0.14285714285714285,0.02567895594897479,0.51313450331903,0.29457364341085274,1,0.17546848237750043
prob_range_market,player_passing_tds|.3-.5,0.30000000000000004,0.4,15,13,0.36519301846112157,0.4,0.19824228082594664,0.642535572434923,0.4748354848499391,2,0.44178194256194026
prob_range_market,player_passing_tds|.3-.5,0.4,0.5,32,23,0.4555777811997549,0.34375,0.20410233354328552,0.5168922649121406,0.3454375247311229,2,0.4587919518118023
prob_range_market,player_passing_tds|.5-.7,0.5,0.6000000000000001,40,30,0.5450828115330562,0.65,0.4950559699353738,0.7786566682895086,0.40847201210287454,1,0.5165269057575244
prob_range_market,player_passing_tds|.5-.7,0.6000000000000001,0.7000000000000001,37,27,0.6537245445131469,0.4864864864864865,0.33446153327211037,0.6410536277401908,0.5199646321519409,5,0.5881380666787719
prob_range_market,player_passing_tds|.7-.9,0.7000000000000001,0.8,21,16,0.738171741565487,0.5714285714285714,0.3654621629703244,0.7553030051347894,0.591513230093891,1,0.6555661597904456
prob_range_market,player_passing_tds|.7-.9,0.8,0.9,3,2,0.8324386679652672,0.6666666666666666,0.2076549551264879,0.9385096847238394,0.6591820368885325,2,0.6848739495798318
prob_range_market,player_passing_tds|<.3,0.1,0.2,1,1,0.1164443525307588,1.0,0.20654329147389294,1.0,,0,0.3846153846153846
prob_range_market,player_passing_tds|<.3,0.2,0.30000000000000004,6,5,0.27092455349960776,0.3333333333333333,0.09676933255921683,0.7000116786584712,0.39516483109118905,3,0.4124298077568098
prob_range_market,player_passing_yards|.3-.5,0.30000000000000004,0.4,16,11,0.3489041064324947,0.5,0.2799923761135083,0.7200076238864916,0.4985159393433237,5,0.5270165260021148
prob_range_market,player_passing_yards|.3-.5,0.4,0.5,28,17,0.4463795193509292,0.39285714285714285,0.23565451827580033,0.575912739650937,0.497328142116523,3,0.531789471178219
prob_range_market,player_passing_yards|.5-.7,0.5,0.6000000000000001,117,36,0.5675086193926507,0.5128205128205128,0.4232920424346017,0.6015338453391449,0.4971808729128365,29,0.5281228896914482
prob_range_market,player_passing_yards|.5-.7,0.6000000000000001,0.7000000000000001,148,34,0.6394937926639023,0.47297297297297297,0.3942401397812506,0.553073376409306,0.49629836303436364,44,0.5309180239667765
prob_range_market,player_passing_yards|.7-.9,0.7000000000000001,0.8,8,7,0.7359471795585686,0.625,0.30573785458380187,0.863158240538479,,0,0.5782912635461912
prob_range_market,player_passing_yards|.7-.9,0.8,0.9,6,5,0.8459509404523385,0.16666666666666666,0.03005258587173032,0.563509436563646,0.5515204825332999,1,0.6171469347730151
prob_range_market,player_passing_yards|<.3,0.0,0.1,1,1,0.01872995775057429,1.0,0.20654329147389294,1.0,,0,0.5260663507109005
prob_range_market,player_passing_yards|<.3,0.1,0.2,3,2,0.15209446821143724,1.0,0.43849391955098227,1.0,,0,0.5252856854042918
prob_range_market,player_passing_yards|<.3,0.2,0.30000000000000004,5,4,0.2620891974883617,0.0,0.0,0.43449149475208104,0.48987854251012153,1,0.527829529342043
prob_range_market,player_passing_yards|>=.9,0.9,1.0,2,2,0.9139522927310595,1.0,0.34237195288961925,1.0,,0,0.7555555555555555
prob_range_market,player_receiving_yards|.3-.5,0.30000000000000004,0.4,91,21,0.35493841097778905,0.4175824175824176,0.32161134602464436,0.5202302087361358,0.4806487854503859,15,0.5175662385675558
prob_range_market,player_receiving_yards|.3-.5,0.4,0.5,131,28,0.4491465121619701,0.5877862595419847,0.5021640639675548,0.668406442463695,0.48490744402181085,9,0.5219353823347687
prob_range_market,player_receiving_yards|.5-.7,0.5,0.6000000000000001,458,48,0.5672975690945944,0.5,0.45439845561268727,0.5456015443873127,0.4953311316560046,126,0.5266044631945549
prob_range_market,player_receiving_yards|.5-.7,0.6000000000000001,0.7000000000000001,475,48,0.6375394672941194,0.5136842105263157,0.46880631894683655,0.5583425336173515,0.49743367697007296,121,0.5320196662798573
prob_range_market,player_receiving_yards|.7-.9,0.7000000000000001,0.8,88,27,0.7477715367999364,0.45454545454545453,0.3545923104525652,0.5583011931449331,0.5158130186305251,19,0.5604047944727523
prob_range_market,player_receiving_yards|.7-.9,0.8,0.9,41,21,0.8446841561453796,0.4634146341463415,0.32055999118185885,0.6125378465402564,0.5722942457105031,9,0.5898337512615811
prob_range_market,player_receiving_yards|<.3,0.0,0.1,14,11,0.06815347969040296,0.42857142857142855,0.21380509930400526,0.6740973309713064,0.4582957065272215,2,0.4246264359932401
prob_range_market,player_receiving_yards|<.3,0.1,0.2,29,16,0.15424288515783827,0.4482758620689655,0.2841291114874579,0.6245233293193238,0.5082324898851394,5,0.4503822110727435
prob_range_market,player_receiving_yards|<.3,0.2,0.30000000000000004,57,20,0.25563647102625753,0.543859649122807,0.41590460831272247,0.6662760049518861,0.4794132590908132,14,0.5121235994457648
prob_range_market,player_receiving_yards|>=.9,0.9,1.0,36,20,0.9429709214164254,0.7222222222222222,0.5600719978365485,0.841518299741862,0.7015927045413849,11,0.6954717048977422
prob_range_market,player_receptions|.3-.5,0.30000000000000004,0.4,71,21,0.35296103254659095,0.4084507042253521,0.30168552002378446,0.5246142918455503,0.37647965975337266,11,0.48823339428057844
prob_range_market,player_receptions|.3-.5,0.4,0.5,149,42,0.4560959129782948,0.5704697986577181,0.49020049147177364,0.6471966569485517,0.42785724544396125,26,0.4885495397982799
prob_range_market,player_receptions|.5-.7,0.5,0.6000000000000001,227,45,0.5542298270318461,0.4977973568281938,0.43333324338998325,0.5623347817839889,0.4748524140275184,46,0.5105292588180382
prob_range_market,player_receptions|.5-.7,0.6000000000000001,0.7000000000000001,208,47,0.6492918489696147,0.6009615384615384,0.5331603678109946,0.6651009746259959,0.5486578033704266,39,0.5750624081031597
prob_range_market,player_receptions|.7-.9,0.7000000000000001,0.8,148,44,0.7399223635059389,0.6081081081081081,0.5276761046762952,0.6830698305614789,0.6047074524765571,28,0.6068850012491854
prob_range_market,player_receptions|.7-.9,0.8,0.9,61,29,0.8364393435146611,0.6229508196721312,0.49747627570942377,0.7338566957163277,0.6141098146545636,9,0.6392037339208044
prob_range_market,player_receptions|<.3,0.0,0.1,11,8,0.06374472572164079,0.36363636363636365,0.15166223614131383,0.6462032231083628,,0,0.45575342768896815
prob_range_market,player_receptions|<.3,0.1,0.2,28,17,0.1568316394047105,0.42857142857142855,0.2650829618073122,0.609295210143846,0.5239065239613909,2,0.4791096584382006
prob_range_market,player_receptions|<.3,0.2,0.30000000000000004,47,19,0.2614216312173923,0.574468085106383,0.43281668771211546,0.7048658399817417,0.4191641878674439,6,0.48619857281485696
prob_range_market,player_receptions|>=.9,0.9,1.0,16,10,0.9404710661464586,0.5625,0.33178195606776517,0.7690163666481448,0.7812536751734682,1,0.6424871761581736
prob_range_market,player_rushing_yards|.3-.5,0.30000000000000004,0.4,37,16,0.35652256408636396,0.32432432432432434,0.19633077820815478,0.48536631495176064,0.4974845596393544,6,0.5103175800516315
prob_range_market,player_rushing_yards|.3-.5,0.4,0.5,47,18,0.4418032161481836,0.5531914893617021,0.41245213738758246,0.685892525250887,0.49643400999601195,8,0.5233462526848721
prob_range_market,player_rushing_yards|.5-.7,0.5,0.6000000000000001,202,44,0.566663181534688,0.5198019801980198,0.45117890477942374,0.5876859310943744,0.4946799520728235,57,0.529783504578858
prob_range_market,player_rushing_yards|.5-.7,0.6000000000000001,0.7000000000000001,213,44,0.6336626009528064,0.5305164319248826,0.46354663638562343,0.5964049596180955,0.49920159480390414,75,0.5306821640792148
prob_range_market,player_rushing_yards|.7-.9,0.7000000000000001,0.8,47,22,0.7412042201284258,0.5531914893617021,0.41245213738758246,0.685892525250887,0.5161172825120828,10,0.5608598471585291
prob_range_market,player_rushing_yards|.7-.9,0.8,0.9,27,16,0.8438639898701342,0.6296296296296297,0.442289046234463,0.7846771293206314,0.570543072095188,5,0.6204274231018917
prob_range_market,player_rushing_yards|<.3,0.0,0.1,11,8,0.06938811370228422,0.09090909090909091,0.01623175226282597,0.3773646254862038,,0,0.3534098782505175
prob_range_market,player_rushing_yards|<.3,0.1,0.2,20,10,0.15600848810081075,0.2,0.0806563532712,0.41602172202575993,0.490419916410198,7,0.4830551394673989
prob_range_market,player_rushing_yards|<.3,0.2,0.30000000000000004,31,18,0.26107141404903894,0.5161290322580645,0.34840118286973176,0.6803001396872117,0.49617712069644737,6,0.5040742679660406
prob_range_market,player_rushing_yards|>=.9,0.9,1.0,22,19,0.940621630465341,0.8181818181818182,0.6148297802336213,0.9269323397589488,0.7228378963410004,4,0.7206032229102413
prob_range_market,spreads|.3-.5,0.30000000000000004,0.4,23,19,0.3649448383058747,0.391304347826087,0.22157377982382145,0.5921482039625402,0.4998715156725741,7,0.5220421555701632
prob_range_market,spreads|.3-.5,0.4,0.5,46,37,0.4517466649452429,0.5652173913043478,0.4224718277662822,0.6979095404080942,0.5008367581383776,8,0.5226192123737129
prob_range_market,spreads|.5-.7,0.5,0.6000000000000001,129,85,0.5565473565218666,0.4883720930232558,0.4037032622727371,0.5737134505642055,0.4993443027762127,24,0.5200499576706158
prob_range_market,spreads|.5-.7,0.6000000000000001,0.7000000000000001,94,53,0.6332813120941094,0.5319148936170213,0.4317808473355929,0.6295427614361362,0.5034522692111636,22,0.5249797460042588
prob_range_market,spreads|.7-.9,0.7000000000000001,0.8,24,20,0.7337992279394522,0.5,0.31427131627763083,0.6857286837223692,,0,0.5193971724827909
prob_range_market,spreads|.7-.9,0.8,0.9,3,3,0.8214099425002356,0.3333333333333333,0.0614903152761605,0.7923450448735121,,0,0.5793405081330777
prob_range_market,spreads|<.3,0.0,0.1,2,1,0.07970487963629792,0.0,0.0,0.6576280471103807,,0,0.5260557053009883
prob_range_market,spreads|<.3,0.1,0.2,2,2,0.14748273844898552,0.5,0.09452865480086614,0.9054713451991339,,0,0.5238095238095238
prob_range_market,spreads|<.3,0.2,0.30000000000000004,20,19,0.263491539373182,0.5,0.2992949144298199,0.7007050855701801,,0,0.5198372409503282
prob_range_market,spreads|>=.9,0.9,1.0,3,2,0.9167013087567817,0.6666666666666666,0.2076549551264879,0.9385096847238394,,0,0.5253069781371669
prob_range_market,totals|.3-.5,0.30000000000000004,0.4,28,24,0.3562781056645467,0.6785714285714286,0.4933850455563118,0.8206695245657927,0.49540793849899617,2,0.5211397778837433
prob_range_market,totals|.3-.5,0.4,0.5,68,50,0.4532502046252335,0.5441176470588235,0.4265639778429344,0.6569530930463552,0.5032180185988929,15,0.5200005155767983
prob_range_market,totals|.5-.7,0.5,0.6000000000000001,219,108,0.5609551182435562,0.3972602739726027,0.33475889285895316,0.46330394639547684,0.504962504691143,46,0.519990355773469
prob_range_market,totals|.5-.7,0.6000000000000001,0.7000000000000001,123,70,0.6313001532236248,0.4715447154471545,0.38552806231685766,0.5592849958596396,0.504647845803728,14,0.5232133776978777
prob_range_market,totals|.7-.9,0.7000000000000001,0.8,11,10,0.7204804543438016,0.2727272727272727,0.09745880573921467,0.5656502930102463,0.5650916281592396,4,0.5701229639996835
prob_range_market,totals|<.3,0.2,0.30000000000000004,3,3,0.2915583350032176,0.6666666666666666,0.2076549551264879,0.9385096847238394,,0,0.5253069781371669
prob_range_group,all_projection|.3-.5,0.30000000000000004,0.4,339,65,0.3559993778173836,0.3864306784660767,0.33614367661876526,0.43926280847522575,0.47600222579677737,49,0.4733003349763286
prob_range_group,all_projection|.3-.5,0.4,0.5,441,74,0.4487634806714228,0.5260770975056689,0.479449862924355,0.572253934562211,0.48945772765365714,56,0.5092136261771313
prob_range_group,all_projection|.5-.7,0.5,0.6000000000000001,421,71,0.550163009025136,0.4584323040380047,0.41142543374788376,0.5061909202061545,0.514946832489339,59,0.5275909458580014
prob_range_group,all_projection|.5-.7,0.6000000000000001,0.7000000000000001,339,64,0.6433690227772016,0.5811209439528023,0.5279780435053827,0.6324458957131951,0.5143820615360424,55,0.547451730474477
prob_range_group,all_projection|.7-.9,0.7000000000000001,0.8,189,38,0.7410851950206238,0.4708994708994709,0.4010255147136024,0.5419328511161772,0.5282723607016198,30,0.5519099634709954
prob_range_group,all_projection|.7-.9,0.8,0.9,77,20,0.8386098082702345,0.5584415584415584,0.44738036790961955,0.6639484528955104,0.4933682301558797,11,0.5635094114330521
prob_range_group,all_projection|<.3,0.0,0.1,127,21,0.07349728205442828,0.18110236220472442,0.12381720937688437,0.25711362607606036,0.4582957065272215,2,0.22489052489320638
prob_range_group,all_projection|<.3,0.1,0.2,128,22,0.154473329479302,0.3125,0.23865407613652956,0.397272672325261,0.5015653508728475,14,0.3728395577065632
prob_range_group,all_projection|<.3,0.2,0.30000000000000004,258,41,0.25736269795388894,0.4069767441860465,0.34882034180505767,0.46786272154316516,0.47372702084208484,29,0.41563311887698035
prob_range_group,all_projection|>=.9,0.9,1.0,33,16,0.9298814551846613,0.6060606060606061,0.4368314280651038,0.7531711776849179,0.5371807711567351,2,0.5629347126365638
prob_range_group,best_model|.3-.5,0.30000000000000004,0.4,69,39,0.3596656209068439,0.21739130434782608,0.13640646957336042,0.328185192334121,0.3030017221978207,8,0.31971304322617405
prob_range_group,best_model|.3-.5,0.4,0.5,129,52,0.46273767861846554,0.46511627906976744,0.38129883334069925,0.5509513051701287,0.4005945302252977,25,0.41560663193067887
prob_range_group,best_model|.5-.7,0.5,0.6000000000000001,1195,133,0.5674693111879066,0.4920502092050209,0.4637754222413762,0.5203759452120054,0.4913290370032559,320,0.5187799440495445
prob_range_group,best_model|.5-.7,0.6000000000000001,0.7000000000000001,1200,121,0.6360945338485582,0.5233333333333333,0.49504455958570615,0.5514731882641771,0.5051490244182513,325,0.5388505969228365
prob_range_group,best_model|.7-.9,0.7000000000000001,0.8,181,52,0.7412833130018461,0.6298342541436464,0.5574742702987874,0.6967974953643532,0.5870149072684416,49,0.6341903536658999
prob_range_group,best_model|.7-.9,0.8,0.9,66,37,0.8404110514520006,0.5757575757575758,0.4556043708792928,0.6875767704462209,0.6467151458244146,17,0.7153145406908927
prob_range_group,best_model|<.3,0.0,0.1,43,26,0.0773139892615987,0.09302325581395349,0.036771045103346514,0.2160298839853268,,0,0.06831147693561294
prob_range_group,best_model|<.3,0.1,0.2,48,29,0.15040880222184097,0.125,0.05856971750400844,0.24700727086054822,,0,0.13355569693614774
prob_range_group,best_model|<.3,0.2,0.30000000000000004,97,37,0.2572544502775676,0.21649484536082475,0.14618670657065763,0.3084034625658892,0.23397618520071214,3,0.22370283071066202
prob_range_group,best_model|>=.9,0.9,1.0,46,26,0.9450147278911907,0.8043478260869565,0.668284622588308,0.893495095558782,0.7368402477270882,14,0.7865911621360354
prob_range_group,going_picks_v1|.3-.5,0.30000000000000004,0.4,4,2,0.3757510434034289,0.5,0.15003570882017148,0.8499642911798285,,0,0.5246527117661175
prob_range_group,going_picks_v1|.3-.5,0.4,0.5,7,2,0.4359921332413231,0.8571428571428571,0.48686549668097007,0.9743210440510253,,0,0.5508143186695013
prob_range_group,going_picks_v1|.5-.7,0.5,0.6000000000000001,40,5,0.557116622142966,0.575,0.42194800436059987,0.7149083147518411,,0,0.5459191643311821
prob_range_group,going_picks_v1|.5-.7,0.6000000000000001,0.7000000000000001,36,4,0.6527131571090118,0.6388888888888888,0.4757478039083198,0.7752461320781867,,0,0.5662478686763912
prob_range_group,going_picks_v1|.7-.9,0.7000000000000001,0.8,29,2,0.7350104039835873,0.7586206896551724,0.578920477816713,0.8778173181493787,,0,0.5741131142975913
prob_range_group,going_picks_v1|.7-.9,0.8,0.9,14,2,0.8384484712069137,0.5,0.2679886791947528,0.7320113208052472,,0,0.5122161741657152
prob_range_group,going_picks_v2|.3-.5,0.30000000000000004,0.4,3,1,0.38206688769187097,1.0,0.43849391955098227,1.0,,0,0.5327034777429823
prob_range_group,going_picks_v2|.3-.5,0.4,0.5,26,1,0.4524178414262558,0.8076923076923077,0.6212336384535001,0.9149306422821174,,0,0.5550566672838966
prob_range_group,going_picks_v2|.5-.7,0.5,0.6000000000000001,39,4,0.5558496766167179,0.358974358974359,0.22741884696491105,0.515821368153105,,0,0.5480799949527296
prob_range_group,going_picks_v2|.5-.7,0.6000000000000001,0.7000000000000001,33,3,0.6544997409305187,0.6060606060606061,0.4368314280651038,0.7531711776849179,,0,0.5618215174344705
prob_range_group,going_picks_v2|.7-.9,0.7000000000000001,0.8,16,1,0.7391204480573853,0.75,0.5050123107060135,0.8981809801576265,,0,0.5580343522175846
prob_range_group,going_picks_v2|>=.9,0.9,1.0,2,1,0.9800000000000002,1.0,0.34237195288961925,1.0,,0,0.5348837209302326
